GID_2,tahun,hilang_hutan
IDN.1.2_1,2011.0,0.01820525799206534
IDN.1.1_1,2011.0,0.015883684621389543
IDN.1.3_1,2011.0,0.013214904246373045
IDN.1.4_1,2011.0,0.01055393155503389
IDN.1.5_1,2011.0,0.0070514740387148216
IDN.1.6_1,2011.0,0.021092280243781084
IDN.1.7_1,2011.0,0.011337114935541213
IDN.1.8_1,2011.0,0.0027002861927954507
IDN.1.9_1,2011.0,0.003237080872619126
IDN.1.10_1,2011.0,0.011979431155239912
IDN.1.11_1,2011.0,0.011007819942341164
IDN.1.13_1,2011.0,0.006171543833785172
IDN.1.14_1,2011.0,0.00735800853615878
IDN.1.15_1,2011.0,0.0023569071873059157
IDN.1.18_1,2011.0,0.03855435759830892
IDN.1.20_1,2011.0,0.007714637172235425
IDN.1.19_1,2011.0,0.014505904592637448
IDN.1.22_1,2011.0,0.009269815190120856
IDN.2.1_1,2011.0,0.002132025382989075
IDN.2.2_1,2011.0,8.731512240826528E-4
IDN.2.3_1,2011.0,9.915125584339826E-4
IDN.2.5_1,2011.0,8.671019858178212E-4
IDN.2.6_1,2011.0,0.0021602360249617764
IDN.2.7_1,2011.0,2.580273503476983E-4
IDN.2.8_1,2011.0,0.002186615816095939
IDN.2.9_1,2011.0,0.0017358989731471764
IDN.3.4_1,2011.0,0.032836795495790994
IDN.3.1_1,2011.0,0.025809715140427066
IDN.3.2_1,2011.0,0.022019541469884614
IDN.3.3_1,2011.0,0.031450565233652014
IDN.3.6_1,2011.0,0.038429368930650944
IDN.3.5_1,2011.0,0.015329998376358555
IDN.4.4_1,2011.0,0.006168445801161595
IDN.4.5_1,2011.0,0.008048533106040937
IDN.4.6_1,2011.0,0.001632841950950277
IDN.4.8_1,2011.0,4.098161773554273E-4
IDN.5.1_1,2011.0,0.015246074539028253
IDN.5.2_1,2011.0,0.018556179238598522
IDN.5.3_1,2011.0,0.026093317690848977
IDN.5.5_1,2011.0,0.011729973967492823
IDN.5.6_1,2011.0,0.004578165130056214
IDN.5.7_1,2011.0,0.005146344492714946
IDN.5.8_1,2011.0,0.027056269081815906
IDN.5.9_1,2011.0,0.003875797298861218
IDN.5.10_1,2011.0,0.01527630866685982
IDN.6.1_1,2011.0,0.007615577085465978
IDN.6.2_1,2011.0,0.0012014123993249258
IDN.6.3_1,2011.0,0.0011068025789274078
IDN.6.5_1,2011.0,0.003416820305952662
IDN.6.4_1,2011.0,0.006844129267881894
IDN.6.7_1,2011.0,0.002925241217612236
IDN.8.1_1,2011.0,0.020345080011209445
IDN.8.2_1,2011.0,0.027032178852745847
IDN.8.4_1,2011.0,0.006462519322858704
IDN.8.5_1,2011.0,0.01130668341309572
IDN.8.6_1,2011.0,0.0030074351067997844
IDN.8.7_1,2011.0,0.008573803643647597
IDN.8.9_1,2011.0,0.009191811494575968
IDN.8.10_1,2011.0,0.005524529366052697
IDN.8.11_1,2011.0,0.02440827179471152
IDN.9.2_1,2011.0,0.0018717648513847417
IDN.9.1_1,2011.0,0.0011237406804065196
IDN.9.4_1,2011.0,4.6160363374380477E-4
IDN.9.5_1,2011.0,0.002229655731480944
IDN.9.6_1,2011.0,0.0029812577760595068
IDN.9.7_1,2011.0,0.003807334280672506
IDN.9.9_1,2011.0,9.265727867472528E-4
IDN.9.11_1,2011.0,0.003467434768185727
IDN.9.12_1,2011.0,0.0028263900897467754
IDN.9.13_1,2011.0,0.0014452197540771386
IDN.9.20_1,2011.0,0.0019815524698574257
IDN.9.21_1,2011.0,0.005427139121840693
IDN.9.22_1,2011.0,0.0017033101455430056
IDN.9.23_1,2011.0,0.002677441578070456
IDN.9.24_1,2011.0,0.006163810582641589
IDN.9.25_1,2011.0,0.0063068002037866
IDN.9.26_1,2011.0,0.002581839390620234
IDN.10.1_1,2011.0,0.0011366608600439497
IDN.10.2_1,2011.0,0.0014678523610042202
IDN.10.3_1,2011.0,0.006642334970613918
IDN.10.4_1,2011.0,0.0038807185042564175
IDN.10.5_1,2011.0,0.0021649032752994726
IDN.10.6_1,2011.0,0.004481561767472519
IDN.10.7_1,2011.0,0.00242966816756923
IDN.10.8_1,2011.0,2.0742319523510904E-4
IDN.10.9_1,2011.0,0.005113319129171723
IDN.10.10_1,2011.0,0.008711490000658642
IDN.10.11_1,2011.0,0.0018350850250771385
IDN.10.12_1,2011.0,0.001229498267624319
IDN.10.13_1,2011.0,0.002242024637550195
IDN.10.14_1,2011.0,9.605059878046955E-4
IDN.10.19_1,2011.0,6.336244811201199E-4
IDN.10.20_1,2011.0,0.002245796986582323
IDN.10.21_1,2011.0,0.0023440237679965394
IDN.10.22_1,2011.0,0.0034078407449698363
IDN.10.23_1,2011.0,0.00631867526416145
IDN.10.24_1,2011.0,0.0022785090823850412
IDN.10.25_1,2011.0,4.881071643710271E-4
IDN.10.26_1,2011.0,0.006762587369057569
IDN.10.28_1,2011.0,0.0018240620178815226
IDN.10.29_1,2011.0,0.0019928715876961858
IDN.10.30_1,2011.0,0.001758343709180608
IDN.10.32_1,2011.0,0.002440437169598505
IDN.10.33_1,2011.0,7.775913455136788E-4
IDN.10.35_1,2011.0,7.133431078457166E-4
IDN.10.36_1,2011.0,8.673398349175468E-4
IDN.11.1_1,2011.0,0.002258988841397026
IDN.11.2_1,2011.0,0.005749029712255389
IDN.11.4_1,2011.0,0.0022432192997505155
IDN.11.5_1,2011.0,0.006071149042287545
IDN.11.6_1,2011.0,0.002055576019299238
IDN.11.7_1,2011.0,0.003034500307804115
IDN.11.8_1,2011.0,0.0026492264612982025
IDN.11.9_1,2011.0,0.0010747837530799777
IDN.11.10_1,2011.0,0.0019359762529983992
IDN.11.18_1,2011.0,0.0018296252927400471
IDN.11.19_1,2011.0,0.0016032457707215644
IDN.11.20_1,2011.0,0.005378304195607094
IDN.11.21_1,2011.0,9.873333589445219E-4
IDN.11.22_1,2011.0,0.004836178527168117
IDN.11.23_1,2011.0,7.894278739560321E-4
IDN.11.24_1,2011.0,0.003225508399586748
IDN.11.25_1,2011.0,0.002727548938659577
IDN.11.26_1,2011.0,0.0012390249986180416
IDN.11.27_1,2011.0,1.5256348159632186E-4
IDN.11.28_1,2011.0,9.483586976615882E-4
IDN.11.29_1,2011.0,0.004073989317967284
IDN.11.30_1,2011.0,0.0014900018815080494
IDN.11.31_1,2011.0,4.701415698907755E-4
IDN.11.32_1,2011.0,2.755826042645542E-4
IDN.11.33_1,2011.0,4.1156153846763144E-4
IDN.11.34_1,2011.0,9.177577625535798E-4
IDN.11.36_1,2011.0,0.003386549476303393
IDN.11.37_1,2011.0,0.004650481020547172
IDN.11.38_1,2011.0,0.0037824275987092286
IDN.12.1_1,2011.0,0.028950069217274863
IDN.12.2_1,2011.0,0.010488632446133487
IDN.12.3_1,2011.0,0.014758707913923634
IDN.12.4_1,2011.0,0.023209756635689333
IDN.12.6_1,2011.0,0.04913541573360686
IDN.12.7_1,2011.0,0.0457321505547162
IDN.12.8_1,2011.0,0.013946015442509363
IDN.12.9_1,2011.0,0.03691601989627712
IDN.12.10_1,2011.0,0.028027081474625154
IDN.12.11_1,2011.0,0.03384653453725999
IDN.12.12_1,2011.0,0.0213910609446496
IDN.12.14_1,2011.0,0.016951297383537595
IDN.13.1_1,2011.0,0.02057138013550681
IDN.13.3_1,2011.0,0.00903453051730885
IDN.13.5_1,2011.0,0.018171122465233305
IDN.13.6_1,2011.0,0.013054995156890804
IDN.13.7_1,2011.0,0.01571611603727744
IDN.13.8_1,2011.0,0.014002693871065498
IDN.13.9_1,2011.0,0.016156356577578846
IDN.13.10_1,2011.0,0.015817776557241363
IDN.13.11_1,2011.0,0.03640093967881148
IDN.13.12_1,2011.0,0.015491649939373353
IDN.13.13_1,2011.0,0.026725627417281135
IDN.14.1_1,2011.0,0.006046224311726057
IDN.14.2_1,2011.0,0.02455347458361824
IDN.14.3_1,2011.0,0.009963600879564907
IDN.14.4_1,2011.0,0.010994411646304382
IDN.14.5_1,2011.0,0.013362587827051787
IDN.14.6_1,2011.0,0.0061558347113298455
IDN.14.7_1,2011.0,0.012441051587235779
IDN.14.8_1,2011.0,0.02705013646089037
IDN.14.9_1,2011.0,0.01623839850516253
IDN.14.10_1,2011.0,0.0046135745567489495
IDN.14.12_1,2011.0,0.011131780467621954
IDN.14.13_1,2011.0,0.015681894773774286
IDN.14.14_1,2011.0,0.01100263344273814
IDN.34.2_1,2011.0,0.014353248718473044
IDN.34.5_1,2011.0,0.008434519020968988
IDN.34.6_1,2011.0,0.019660388899099004
IDN.34.7_1,2011.0,0.024206780808186387
IDN.34.10_1,2011.0,0.027009836386845135
IDN.34.11_1,2011.0,0.04627423961974827
IDN.16.2_1,2011.0,0.01387684385289765
IDN.16.3_1,2011.0,0.01156797255861471
IDN.16.4_1,2011.0,0.00263150268113929
IDN.16.5_1,2011.0,0.018788746193583228
IDN.16.6_1,2011.0,0.009939053046242426
IDN.17.2_1,2011.0,0.006536996527259184
IDN.17.3_1,2011.0,0.007599034049425618
IDN.17.4_1,2011.0,0.0044359323823535916
IDN.17.5_1,2011.0,0.0015431383660652444
IDN.17.6_1,2011.0,0.0138516279646587
IDN.17.7_1,2011.0,0.005978238195195872
IDN.17.9_1,2011.0,0.006924715761667627
IDN.17.10_1,2011.0,0.01204404905613848
IDN.17.11_1,2011.0,0.010470587412753533
IDN.17.12_1,2011.0,0.016073115235732557
IDN.17.13_1,2011.0,0.002890749077985216
IDN.17.14_1,2011.0,0.025146894638400676
IDN.19.3_1,2011.0,0.001946232070814644
IDN.19.2_1,2011.0,0.0016359628189781526
IDN.19.4_1,2011.0,9.57057510656348E-4
IDN.19.5_1,2011.0,0.0031437469426483745
IDN.19.6_1,2011.0,0.0059624132005175684
IDN.19.8_1,2011.0,0.0067948640787282395
IDN.19.7_1,2011.0,0.0090499972477433
IDN.19.9_1,2011.0,0.0033840328558066854
IDN.19.10_1,2011.0,0.0023020033099954936
IDN.18.1_1,2011.0,0.003359592065187949
IDN.18.2_1,2011.0,0.0033232210536850637
IDN.18.3_1,2011.0,0.0027463307816710737
IDN.18.4_1,2011.0,0.0020263383516484746
IDN.18.5_1,2011.0,0.0033670821925953737
IDN.18.6_1,2011.0,0.005672691481089081
IDN.18.7_1,2011.0,0.003341951247187378
IDN.20.1_1,2011.0,0.0018177776426907643
IDN.20.2_1,2011.0,0.0031991881039532192
IDN.20.4_1,2011.0,0.0035738386702475707
IDN.20.5_1,2011.0,0.0015225232391369986
IDN.20.6_1,2011.0,0.0012798782386108138
IDN.20.7_1,2011.0,8.574165739114897E-4
IDN.20.10_1,2011.0,0.0026981212587169003
IDN.20.9_1,2011.0,0.0026492687145194893
IDN.21.1_1,2011.0,0.00262470276199893
IDN.21.2_1,2011.0,0.004277780936317412
IDN.21.3_1,2011.0,0.004503304146836644
IDN.21.4_1,2011.0,0.004688166152576603
IDN.21.6_1,2011.0,0.005969697238544741
IDN.21.7_1,2011.0,0.002243451160830605
IDN.21.10_1,2011.0,0.005568955418934952
IDN.21.8_1,2011.0,0.003114208783049134
IDN.21.9_1,2011.0,0.0041385004584975835
IDN.21.11_1,2011.0,0.002191261528413009
IDN.21.12_1,2011.0,0.002987177966951844
IDN.21.13_1,2011.0,9.535039509711168E-4
IDN.21.14_1,2011.0,1.8589369330440243E-4
IDN.21.15_1,2011.0,0.004634443185956371
IDN.21.17_1,2011.0,0.0033810557349510484
IDN.21.16_1,2011.0,0.006166714982242831
IDN.21.18_1,2011.0,7.252088589431891E-4
IDN.21.19_1,2011.0,0.0013709425853635033
IDN.21.20_1,2011.0,0.0065038731441732466
IDN.21.21_1,2011.0,0.005048451987222331
IDN.23.1_1,2011.0,2.7236182031839816E-4
IDN.23.2_1,2011.0,0.003421260691439663
IDN.23.3_1,2011.0,9.984285930366326E-4
IDN.23.4_1,2011.0,6.741922089576303E-4
IDN.23.5_1,2011.0,8.910736293522029E-4
IDN.23.6_1,2011.0,5.594247817307601E-4
IDN.23.7_1,2011.0,0.0019148894589819958
IDN.23.8_1,2011.0,8.203034473477409E-4
IDN.23.9_1,2011.0,0.006635757363316614
IDN.23.10_1,2011.0,0.0025023086052234278
IDN.23.12_1,2011.0,5.01065153458898E-4
IDN.23.13_1,2011.0,0.001111530702886542
IDN.23.14_1,2011.0,6.334388839799022E-4
IDN.23.15_1,2011.0,0.0014678400530657486
IDN.23.16_1,2011.0,0.0017138303681314745
IDN.23.17_1,2011.0,0.0012174058740683248
IDN.23.18_1,2011.0,0.001244655329705743
IDN.23.19_1,2011.0,4.8335278585506027E-4
IDN.23.20_1,2011.0,3.4273922648782833E-4
IDN.23.21_1,2011.0,8.112606310493255E-4
IDN.23.23_1,2011.0,4.819102604006372E-4
IDN.23.22_1,2011.0,8.036919126946165E-4
IDN.23.24_1,2011.0,6.878062962107177E-4
IDN.23.25_1,2011.0,0.0016209613185423173
IDN.23.26_1,2011.0,5.71851920474794E-4
IDN.23.27_1,2011.0,7.206480455312801E-4
IDN.23.28_1,2011.0,9.823243079606484E-4
IDN.23.29_1,2011.0,5.755806600903977E-4
IDN.22.1_1,2011.0,0.0023090085764290065
IDN.22.2_1,2011.0,0.0016216975724137777
IDN.22.4_1,2011.0,0.0020675805607324187
IDN.22.5_1,2011.0,0.0012202400659918342
IDN.22.6_1,2011.0,7.203715155977646E-4
IDN.22.8_1,2011.0,0.008199618936680158
IDN.22.7_1,2011.0,9.087931628775336E-4
IDN.22.9_1,2011.0,6.840223332194435E-4
IDN.22.10_1,2011.0,0.0010226355416386847
IDN.22.11_1,2011.0,0.0012027259865334918
IDN.24.1_1,2011.0,0.03502613825092168
IDN.24.3_1,2011.0,0.025427850809325483
IDN.24.4_1,2011.0,0.02351701471047676
IDN.24.5_1,2011.0,0.016232046621348528
IDN.24.6_1,2011.0,0.03154833688894026
IDN.24.7_1,2011.0,0.022284994190868632
IDN.24.9_1,2011.0,0.06697601926914765
IDN.24.10_1,2011.0,0.032401369742565536
IDN.24.11_1,2011.0,0.013811951884436697
IDN.24.12_1,2011.0,0.035733840307158725
IDN.25.1_1,2011.0,0.004980129277249835
IDN.25.2_1,2011.0,0.003263414606280559
IDN.25.4_1,2011.0,0.015451363344862492
IDN.25.3_1,2011.0,0.017560724358209334
IDN.25.5_1,2011.0,0.009115036228962457
IDN.26.1_1,2011.0,0.0033922993075845382
IDN.26.2_1,2011.0,0.004795783583705046
IDN.26.3_1,2011.0,0.0038306716459127273
IDN.26.4_1,2011.0,0.007650769098908827
IDN.26.5_1,2011.0,0.006181770438018859
IDN.26.6_1,2011.0,0.003074349618189722
IDN.26.7_1,2011.0,7.334670443314577E-4
IDN.26.8_1,2011.0,0.009936945774027333
IDN.26.11_1,2011.0,0.008625637684929072
IDN.26.9_1,2011.0,0.009515279307273274
IDN.26.10_1,2011.0,0.006423056953911814
IDN.26.13_1,2011.0,0.004859330501116911
IDN.26.15_1,2011.0,0.004697588535603383
IDN.26.17_1,2011.0,0.009268915020737895
IDN.26.18_1,2011.0,0.006243944156847983
IDN.26.19_1,2011.0,0.0018674137154903148
IDN.26.20_1,2011.0,0.005993229917512753
IDN.26.21_1,2011.0,0.001445884032479538
IDN.26.22_1,2011.0,0.002300829145243885
IDN.26.23_1,2011.0,0.0012073166415720706
IDN.26.24_1,2011.0,0.007055336158103598
IDN.27.2_1,2011.0,0.008231872616699326
IDN.27.1_1,2011.0,0.011341389121886437
IDN.27.3_1,2011.0,0.00866791235912229
IDN.27.4_1,2011.0,0.004456020141031409
IDN.27.5_1,2011.0,0.006045058282275686
IDN.27.7_1,2011.0,0.008366622968042947
IDN.27.8_1,2011.0,0.006626720634477988
IDN.27.9_1,2011.0,0.004261124689314574
IDN.27.10_1,2011.0,0.004996753383020312
IDN.27.11_1,2011.0,0.005718630976068861
IDN.28.2_1,2011.0,0.012105636293589146
IDN.28.4_1,2011.0,0.00898061799562582
IDN.28.3_1,2011.0,0.007305852061016704
IDN.28.7_1,2011.0,0.008153066697236205
IDN.28.6_1,2011.0,0.006760846268393691
IDN.28.10_1,2011.0,0.009189953062299312
IDN.28.8_1,2011.0,0.011394663385263274
IDN.28.9_1,2011.0,0.006516206400953441
IDN.28.11_1,2011.0,0.016765914811986058
IDN.28.12_1,2011.0,0.011844180954200803
IDN.29.5_1,2011.0,0.0025507268121839357
IDN.29.2_1,2011.0,0.0030595794509928427
IDN.29.3_1,2011.0,0.006299403008030711
IDN.29.4_1,2011.0,0.0034993539047695247
IDN.29.6_1,2011.0,0.004213554368831579
IDN.29.7_1,2011.0,0.011172968609880027
IDN.29.13_1,2011.0,0.0041672892304731035
IDN.29.10_1,2011.0,0.0036212361454167523
IDN.29.11_1,2011.0,0.005290681254518865
IDN.29.12_1,2011.0,0.007635260622338231
IDN.29.14_1,2011.0,0.006254468165553618
IDN.30.1_1,2011.0,0.012217547809573749
IDN.30.4_1,2011.0,0.028438598678980454
IDN.30.5_1,2011.0,0.004173976678826867
IDN.30.7_1,2011.0,0.0045842336484474035
IDN.30.9_1,2011.0,0.005477107819424448
IDN.30.13_1,2011.0,0.00989211385136007
IDN.30.12_1,2011.0,0.0331142788381965
IDN.30.15_1,2011.0,0.019925862570939177
IDN.30.17_1,2011.0,0.015129174969117977
IDN.30.19_1,2011.0,0.003245496031706457
IDN.30.18_1,2011.0,0.017002122215000415
IDN.30.20_1,2011.0,0.005570833196717014
IDN.31.1_1,2011.0,0.02610040917235041
IDN.31.2_1,2011.0,0.012915305931345896
IDN.31.3_1,2011.0,0.015411386437179686
IDN.31.5_1,2011.0,0.023608701346727486
IDN.31.6_1,2011.0,0.02267955137909275
IDN.31.7_1,2011.0,0.014048873922892618
IDN.31.8_1,2011.0,0.011311147091435363
IDN.31.9_1,2011.0,0.016170801014271072
IDN.31.12_1,2011.0,0.03180958506784637
IDN.31.10_1,2011.0,0.014475505206475923
IDN.31.11_1,2011.0,0.02257522372071288
IDN.32.1_1,2011.0,0.023592823092735714
IDN.32.2_1,2011.0,0.009768727017700233
IDN.32.3_1,2011.0,0.005184848514786956
IDN.32.4_1,2011.0,0.006624158846072602
IDN.32.6_1,2011.0,0.007814134657540881
IDN.32.7_1,2011.0,0.0060040095832607195
IDN.32.13_1,2011.0,0.029667636644518394
IDN.32.11_1,2011.0,0.04083377188890535
IDN.32.12_1,2011.0,0.01391285792806483
IDN.32.15_1,2011.0,0.014280030164693753
IDN.32.16_1,2011.0,0.029564835505452906
IDN.32.20_1,2011.0,0.0031381248935454776
IDN.32.17_1,2011.0,0.0042955073435545265
IDN.32.18_1,2011.0,0.004726165325606127
IDN.32.19_1,2011.0,0.008532006743117054
IDN.32.22_1,2011.0,0.038133753017565025
IDN.32.21_1,2011.0,0.021465193407810248
IDN.32.24_1,2011.0,0.003841477818743097
IDN.32.26_1,2011.0,0.00806522801553356
IDN.32.27_1,2011.0,0.01380776573789129
IDN.32.29_1,2011.0,0.018368234623028563
IDN.32.30_1,2011.0,0.029859638413297574
IDN.32.31_1,2011.0,0.012087115655090554
IDN.32.32_1,2011.0,0.008261461549709352
IDN.32.34_1,2011.0,0.009467771939942722
IDN.33.1_1,2011.0,3.0614893380257174E-4
IDN.33.2_1,2011.0,9.958680714238308E-4
IDN.33.4_1,2011.0,2.580494216252297E-4
IDN.33.5_1,2011.0,0.0039006275790130396
IDN.1.12_1,2011.0,0.0024239785859786834
IDN.1.16_1,2011.0,0.02513514171357856
IDN.1.17_1,2011.0,0.003426627669737703
IDN.1.21_1,2011.0,0.012122292424725551
IDN.1.23_1,2011.0,0.028323258828390416
IDN.2.4_1,2011.0,4.7925739536448526E-4
IDN.3.7_1,2011.0,0.014818193868777895
IDN.4.1_1,2011.0,0.0036408050484050217
IDN.4.2_1,2011.0,3.052785809214952E-4
IDN.4.3_1,2011.0,3.2820201284363863E-4
IDN.4.7_1,2011.0,4.824216431375753E-4
IDN.5.4_1,2011.0,0.006452839851249128
IDN.6.6_1,2011.0,0.0016017959311983648
IDN.7.1_1,2011.0,5.549767422771949E-4
IDN.7.4_1,2011.0,1.07189088066765E-4
IDN.7.5_1,2011.0,7.38526983314214E-5
IDN.8.3_1,2011.0,0.005464698149950156
IDN.8.8_1,2011.0,0.0010395290993777697
IDN.9.3_1,2011.0,0.0021292077767019702
IDN.9.8_1,2011.0,9.310087803597462E-4
IDN.9.10_1,2011.0,8.579600545780081E-4
IDN.9.14_1,2011.0,7.328566609489685E-4
IDN.9.15_1,2011.0,9.110570595615304E-4
IDN.9.16_1,2011.0,6.641676851727251E-4
IDN.9.18_1,2011.0,0.0020135754466978945
IDN.9.19_1,2011.0,0.0028432496677398274
IDN.10.15_1,2011.0,0.0010766492259560918
IDN.10.16_1,2011.0,4.3574287752634746E-4
IDN.10.17_1,2011.0,0.0032525859929763952
IDN.10.27_1,2011.0,0.0029915735647864016
IDN.10.31_1,2011.0,4.254999624558858E-4
IDN.11.3_1,2011.0,0.0022875832420660392
IDN.11.11_1,2011.0,2.93689476933283E-4
IDN.11.12_1,2011.0,4.469764950261856E-4
IDN.11.13_1,2011.0,2.853565109962971E-4
IDN.11.14_1,2011.0,0.0014293176164447206
IDN.11.15_1,2011.0,4.919361061810325E-4
IDN.11.16_1,2011.0,2.5919902419190894E-4
IDN.11.35_1,2011.0,1.5678472043747236E-4
IDN.12.5_1,2011.0,0.015972422318765413
IDN.12.13_1,2011.0,0.019773105004371013
IDN.13.2_1,2011.0,0.021353575568886222
IDN.13.4_1,2011.0,0.010570155489551439
IDN.14.11_1,2011.0,0.015078678206551377
IDN.34.1_1,2011.0,0.011532669908602224
IDN.34.3_1,2011.0,0.003463650959685282
IDN.34.12_1,2011.0,0.008133754957650558
IDN.16.1_1,2011.0,0.015161687068371026
IDN.16.7_1,2011.0,0.021688492115666133
IDN.17.1_1,2011.0,7.33641617729562E-4
IDN.17.8_1,2011.0,5.288874851749345E-4
IDN.19.1_1,2011.0,0.002978975404485292
IDN.19.11_1,2011.0,0.008199106261047069
IDN.18.8_1,2011.0,0.002229691852204536
IDN.18.9_1,2011.0,0.002575531847106224
IDN.20.3_1,2011.0,0.0020538778490490316
IDN.20.8_1,2011.0,3.280827231637982E-4
IDN.21.5_1,2011.0,0.0025686016881277768
IDN.23.11_1,2011.0,0.00948079399352141
IDN.22.3_1,2011.0,0.0032294257677306757
IDN.24.2_1,2011.0,0.03662172323126995
IDN.24.8_1,2011.0,0.008963048361145639
IDN.26.12_1,2011.0,8.736255528964857E-4
IDN.26.14_1,2011.0,0.006509323866903978
IDN.26.16_1,2011.0,0.009363535990312342
IDN.27.6_1,2011.0,0.0035341478280381923
IDN.28.1_1,2011.0,0.01464636409673295
IDN.28.5_1,2011.0,0.014374603439252693
IDN.29.1_1,2011.0,0.008438378393311054
IDN.29.8_1,2011.0,0.001176599964471295
IDN.29.9_1,2011.0,0.009252715528285606
IDN.29.15_1,2011.0,0.003523148424395514
IDN.30.2_1,2011.0,0.00495927820019257
IDN.30.6_1,2011.0,0.005436847027216373
IDN.30.10_1,2011.0,0.0019089443957722592
IDN.30.8_1,2011.0,9.416213242149929E-4
IDN.30.11_1,2011.0,0.004652535416738854
IDN.30.14_1,2011.0,0.0051451107479268225
IDN.30.16_1,2011.0,0.01655301338590371
IDN.31.4_1,2011.0,0.006798358471175994
IDN.31.13_1,2011.0,0.004140752555078378
IDN.31.14_1,2011.0,0.004474892373388973
IDN.31.15_1,2011.0,0.006667073450183495
IDN.32.5_1,2011.0,0.0035552259531369443
IDN.32.8_1,2011.0,4.221527555607243E-4
IDN.32.9_1,2011.0,0.0018275790756391167
IDN.32.10_1,2011.0,0.012786835962487456
IDN.32.23_1,2011.0,0.022564491351275844
IDN.32.25_1,2011.0,0.006353782903518605
IDN.32.28_1,2011.0,0.001855382063184855
IDN.32.33_1,2011.0,0.001908365261501708
IDN.33.3_1,2011.0,3.0008296411360776E-4
IDN.35.4,2011.0,0.018694969833515027
IDN.35.8,2011.0,0.0014942530217675457
IDN.35.9,2011.0,0.008384894416558566
IDN.35.13,2011.0,0.03429919738601921
IDN.35.14,2011.0,0.012122890354752412
IDN.9.27_1,2011.0,0.0011551874455100265
IDN.30.3_1,2011.0,0.005485741904301593
IDN.32.14_1,2011.0,0.0053067705975554545
IDN.7.6_1,2011.0,0.0
IDN.7.2_1,2011.0,0.0
IDN.7.3_1,2011.0,0.0
IDN.9.17_1,2011.0,0.0
IDN.10.18_1,2011.0,0.0
IDN.11.17_1,2011.0,0.0
IDN.10.34_1,2011.0,0.0
IDN.1.2_1,2012.0,0.020135005006982294
IDN.1.1_1,2012.0,0.010207116151033325
IDN.1.3_1,2012.0,0.0023409964163628614
IDN.1.4_1,2012.0,0.010447336861426444
IDN.1.5_1,2012.0,0.007790424123080051
IDN.1.6_1,2012.0,0.03228863788144722
IDN.1.7_1,2012.0,0.019328435822459293
IDN.1.8_1,2012.0,0.0035728008556872135
IDN.1.9_1,2012.0,0.00665708497374489
IDN.1.10_1,2012.0,0.01660231365527698
IDN.1.11_1,2012.0,0.010664826580510347
IDN.1.13_1,2012.0,0.0073879348905044676
IDN.1.14_1,2012.0,0.008830562805550168
IDN.1.15_1,2012.0,0.0032938017701193327
IDN.1.18_1,2012.0,0.024225228422547054
IDN.1.20_1,2012.0,0.001975195554807915
IDN.1.19_1,2012.0,0.009045071276662738
IDN.1.22_1,2012.0,0.002580096264922722
IDN.2.1_1,2012.0,0.008441935355000738
IDN.2.2_1,2012.0,0.005318229365027226
IDN.2.3_1,2012.0,0.006320811722200582
IDN.2.5_1,2012.0,0.007529395454720286
IDN.2.6_1,2012.0,0.003945782286538022
IDN.2.7_1,2012.0,0.003078682166321353
IDN.2.8_1,2012.0,0.004596487100588785
IDN.2.9_1,2012.0,0.003931671474950792
IDN.3.4_1,2012.0,0.027928071706739787
IDN.3.1_1,2012.0,0.03786722437272933
IDN.3.2_1,2012.0,0.02910799334224185
IDN.3.3_1,2012.0,0.033882213695776646
IDN.3.6_1,2012.0,0.04191215139820352
IDN.3.5_1,2012.0,0.02574364128399573
IDN.4.4_1,2012.0,0.00991688570207374
IDN.4.5_1,2012.0,0.007627443825210842
IDN.4.6_1,2012.0,0.003235865189794596
IDN.4.8_1,2012.0,3.098610121467865E-4
IDN.5.1_1,2012.0,0.029680218754065138
IDN.5.2_1,2012.0,0.03266407464631287
IDN.5.3_1,2012.0,0.018890018449562437
IDN.5.5_1,2012.0,0.028318684293393303
IDN.5.6_1,2012.0,0.011812548284109149
IDN.5.7_1,2012.0,0.006745314148057
IDN.5.8_1,2012.0,0.016312653694684775
IDN.5.9_1,2012.0,0.021541057405621383
IDN.5.10_1,2012.0,0.027817288784635408
IDN.6.1_1,2012.0,0.007338815962362357
IDN.6.2_1,2012.0,0.0022442735591681703
IDN.6.3_1,2012.0,0.0011919412388449009
IDN.6.5_1,2012.0,0.004421080721084848
IDN.6.4_1,2012.0,0.0064911088332905995
IDN.6.7_1,2012.0,0.005683065619090856
IDN.8.1_1,2012.0,0.05953232279870399
IDN.8.2_1,2012.0,0.023191854822050616
IDN.8.4_1,2012.0,0.0045237042222177415
IDN.8.5_1,2012.0,0.015081258476733781
IDN.8.6_1,2012.0,0.036128005458899624
IDN.8.7_1,2012.0,0.053300178953550666
IDN.8.9_1,2012.0,0.04105080499078426
IDN.8.10_1,2012.0,0.032833259579471544
IDN.8.11_1,2012.0,0.07361550456683169
IDN.9.2_1,2012.0,0.002463614700454428
IDN.9.1_1,2012.0,8.38374550338336E-4
IDN.9.4_1,2012.0,4.896038541615399E-4
IDN.9.5_1,2012.0,0.0020895804442832328
IDN.9.6_1,2012.0,0.004666625685910208
IDN.9.7_1,2012.0,0.0023986720947491154
IDN.9.9_1,2012.0,0.0011441688964918396
IDN.9.11_1,2012.0,0.0029138326040763253
IDN.9.12_1,2012.0,6.590637875065023E-4
IDN.9.13_1,2012.0,0.001381912519573278
IDN.9.20_1,2012.0,0.0026982035412597655
IDN.9.21_1,2012.0,0.0011934032274927286
IDN.9.22_1,2012.0,0.0019107397948500814
IDN.9.23_1,2012.0,0.0032575858420442454
IDN.9.24_1,2012.0,0.0021164690935450195
IDN.9.25_1,2012.0,0.0034651175704821
IDN.9.26_1,2012.0,0.0037827499404849917
IDN.10.1_1,2012.0,0.0015241750277060445
IDN.10.2_1,2012.0,0.0020047688687870983
IDN.10.3_1,2012.0,0.004703746463078381
IDN.10.4_1,2012.0,0.0011446510883365176
IDN.10.5_1,2012.0,0.0012118436997943412
IDN.10.6_1,2012.0,0.0019135980900325735
IDN.10.7_1,2012.0,0.003934823854937171
IDN.10.8_1,2012.0,1.3487797022447754E-4
IDN.10.9_1,2012.0,0.0031215542311070527
IDN.10.10_1,2012.0,0.0034423668718350526
IDN.10.11_1,2012.0,8.339328127168692E-4
IDN.10.12_1,2012.0,0.0014048167980978818
IDN.10.13_1,2012.0,0.0016779010375489957
IDN.10.14_1,2012.0,5.6247336523182305E-5
IDN.10.19_1,2012.0,3.889602382002081E-4
IDN.10.20_1,2012.0,4.174793576518247E-4
IDN.10.21_1,2012.0,9.329919925721274E-4
IDN.10.22_1,2012.0,0.0012991871444734686
IDN.10.23_1,2012.0,0.0018596878096793638
IDN.10.24_1,2012.0,0.001921041354230089
IDN.10.25_1,2012.0,7.926690203097247E-4
IDN.10.26_1,2012.0,0.0026374667349362965
IDN.10.28_1,2012.0,0.0025664035972720856
IDN.10.29_1,2012.0,0.0010596406221745575
IDN.10.30_1,2012.0,0.0012787954248586239
IDN.10.32_1,2012.0,0.001761751175284314
IDN.10.33_1,2012.0,0.0010768351970264006
IDN.10.35_1,2012.0,6.859406046045844E-4
IDN.10.36_1,2012.0,0.0011508706148134927
IDN.11.1_1,2012.0,3.88841606320971E-4
IDN.11.2_1,2012.0,0.016413951356148017
IDN.11.4_1,2012.0,0.0030360558402650535
IDN.11.5_1,2012.0,0.0013962582856630755
IDN.11.6_1,2012.0,0.014120976125042092
IDN.11.7_1,2012.0,0.0030265652892310846
IDN.11.8_1,2012.0,0.01114670451678706
IDN.11.9_1,2012.0,9.702212298102329E-4
IDN.11.10_1,2012.0,0.0022874463209350783
IDN.11.18_1,2012.0,0.001087447093566649
IDN.11.19_1,2012.0,0.0015882729294720097
IDN.11.20_1,2012.0,0.0025389209098504286
IDN.11.21_1,2012.0,8.91181322706377E-4
IDN.11.22_1,2012.0,0.002916159810906168
IDN.11.23_1,2012.0,6.671042586954744E-4
IDN.11.24_1,2012.0,0.002116964513148029
IDN.11.25_1,2012.0,9.986560431106107E-4
IDN.11.26_1,2012.0,0.002715038954906745
IDN.11.27_1,2012.0,3.735949533328625E-5
IDN.11.28_1,2012.0,0.002790102545948745
IDN.11.29_1,2012.0,0.0012663180451657613
IDN.11.30_1,2012.0,0.0034157556452529807
IDN.11.31_1,2012.0,1.3033754196876838E-4
IDN.11.32_1,2012.0,3.2527691160556615E-4
IDN.11.33_1,2012.0,0.003708876286968493
IDN.11.34_1,2012.0,0.004017126990515903
IDN.11.36_1,2012.0,0.002958409253186773
IDN.11.37_1,2012.0,0.0015341304355235626
IDN.11.38_1,2012.0,0.0077098055536866635
IDN.12.1_1,2012.0,0.02436033664437957
IDN.12.2_1,2012.0,0.016552903966853473
IDN.12.3_1,2012.0,0.03524171422384918
IDN.12.4_1,2012.0,0.03100091088086238
IDN.12.6_1,2012.0,0.03354332429780959
IDN.12.7_1,2012.0,0.033244869467881716
IDN.12.8_1,2012.0,0.0215525600643099
IDN.12.9_1,2012.0,0.044219817446076566
IDN.12.10_1,2012.0,0.03366384374752425
IDN.12.11_1,2012.0,0.027015649824010526
IDN.12.12_1,2012.0,0.035665977883696076
IDN.12.14_1,2012.0,0.030346810030545537
IDN.13.1_1,2012.0,0.021465743329139052
IDN.13.3_1,2012.0,0.0241920524582925
IDN.13.5_1,2012.0,0.023576192139291047
IDN.13.6_1,2012.0,0.008574328689343484
IDN.13.7_1,2012.0,0.008937030007973417
IDN.13.8_1,2012.0,0.009562102545367067
IDN.13.9_1,2012.0,0.020768760827388252
IDN.13.10_1,2012.0,0.024235946838209645
IDN.13.11_1,2012.0,0.03958690180278376
IDN.13.12_1,2012.0,0.02348451006181941
IDN.13.13_1,2012.0,0.061426465764003145
IDN.14.1_1,2012.0,0.011756042677241315
IDN.14.2_1,2012.0,0.04029266126676713
IDN.14.3_1,2012.0,0.013558640704970126
IDN.14.4_1,2012.0,0.02721278243290715
IDN.14.5_1,2012.0,0.017565715205461057
IDN.14.6_1,2012.0,0.01318136667444206
IDN.14.7_1,2012.0,0.027095639227028772
IDN.14.8_1,2012.0,0.03000991857996862
IDN.14.9_1,2012.0,0.04035192736186208
IDN.14.10_1,2012.0,0.007701406797828639
IDN.14.12_1,2012.0,0.019854688650576352
IDN.14.13_1,2012.0,0.013174173281973477
IDN.14.14_1,2012.0,0.049613395450218846
IDN.34.2_1,2012.0,0.022474692804501498
IDN.34.5_1,2012.0,0.015301419449720542
IDN.34.6_1,2012.0,0.031246012992762327
IDN.34.7_1,2012.0,0.02902329977605963
IDN.34.10_1,2012.0,0.026534800332444135
IDN.34.11_1,2012.0,0.057353672686618805
IDN.16.2_1,2012.0,0.020332177587312775
IDN.16.3_1,2012.0,0.01679396418485984
IDN.16.4_1,2012.0,0.006769390498092212
IDN.16.5_1,2012.0,0.02063633977312943
IDN.16.6_1,2012.0,0.010119906021093307
IDN.17.2_1,2012.0,0.009768222582676067
IDN.17.3_1,2012.0,0.02650827972075636
IDN.17.4_1,2012.0,0.009639083176694872
IDN.17.5_1,2012.0,0.010472138979147021
IDN.17.6_1,2012.0,0.014771169372939855
IDN.17.7_1,2012.0,0.047958570669103785
IDN.17.9_1,2012.0,0.007985594676400006
IDN.17.10_1,2012.0,0.013241369680794634
IDN.17.11_1,2012.0,0.008227366445021875
IDN.17.12_1,2012.0,0.014530025460430702
IDN.17.13_1,2012.0,0.025938952557770765
IDN.17.14_1,2012.0,0.02154189703045571
IDN.19.3_1,2012.0,0.003621219726821651
IDN.19.2_1,2012.0,0.006753236230347399
IDN.19.4_1,2012.0,0.002104036259349496
IDN.19.5_1,2012.0,0.005324095123625358
IDN.19.6_1,2012.0,0.006479808327572283
IDN.19.8_1,2012.0,0.007426900412505041
IDN.19.7_1,2012.0,0.008899520455231211
IDN.19.9_1,2012.0,0.003515758308347402
IDN.19.10_1,2012.0,0.0031590380637512793
IDN.18.1_1,2012.0,0.007695480140337164
IDN.18.2_1,2012.0,0.004439002631028138
IDN.18.3_1,2012.0,0.005167396358359857
IDN.18.4_1,2012.0,0.0038830255917818163
IDN.18.5_1,2012.0,0.008290491492386505
IDN.18.6_1,2012.0,0.006468222016523065
IDN.18.7_1,2012.0,0.004011070863983763
IDN.20.1_1,2012.0,0.0025624585846316912
IDN.20.2_1,2012.0,0.003551470188310421
IDN.20.4_1,2012.0,0.008626172950968753
IDN.20.5_1,2012.0,0.0036676615831713025
IDN.20.6_1,2012.0,0.0028707173837081513
IDN.20.7_1,2012.0,0.006182875889600992
IDN.20.10_1,2012.0,0.002818031570584256
IDN.20.9_1,2012.0,0.0028275099390507917
IDN.21.1_1,2012.0,0.0017266405243975694
IDN.21.2_1,2012.0,0.003033565250183136
IDN.21.3_1,2012.0,0.005763111452603402
IDN.21.4_1,2012.0,0.005238143710086686
IDN.21.6_1,2012.0,0.0015936625818984925
IDN.21.7_1,2012.0,0.0011606897136879795
IDN.21.10_1,2012.0,0.0024310434306564627
IDN.21.8_1,2012.0,0.0024295957397927944
IDN.21.9_1,2012.0,0.0022006760371491387
IDN.21.11_1,2012.0,0.0018606448835622967
IDN.21.12_1,2012.0,0.0011625413438637383
IDN.21.13_1,2012.0,0.0021270914472518053
IDN.21.14_1,2012.0,4.249474835734883E-4
IDN.21.15_1,2012.0,0.005673532474620578
IDN.21.17_1,2012.0,0.0024289324198205394
IDN.21.16_1,2012.0,0.0075330428049732966
IDN.21.18_1,2012.0,6.892176085051947E-4
IDN.21.19_1,2012.0,0.0010319058663007274
IDN.21.20_1,2012.0,0.004912643536928536
IDN.21.21_1,2012.0,0.003162611972532756
IDN.23.1_1,2012.0,5.918754450307007E-4
IDN.23.2_1,2012.0,0.006439601941937891
IDN.23.3_1,2012.0,0.002939511975433363
IDN.23.4_1,2012.0,8.132303816095976E-4
IDN.23.5_1,2012.0,0.00149096965541215
IDN.23.6_1,2012.0,0.0014350049101601544
IDN.23.7_1,2012.0,0.0032934471632606608
IDN.23.8_1,2012.0,0.0020905416385897067
IDN.23.9_1,2012.0,0.008427464767385177
IDN.23.10_1,2012.0,0.0012007178416601695
IDN.23.12_1,2012.0,7.813542710881801E-4
IDN.23.13_1,2012.0,0.0021269578391111656
IDN.23.14_1,2012.0,0.0016258370824483845
IDN.23.15_1,2012.0,0.0037633526005581798
IDN.23.16_1,2012.0,0.003117929024541362
IDN.23.17_1,2012.0,0.001944435373066024
IDN.23.18_1,2012.0,0.004203297746604652
IDN.23.19_1,2012.0,0.0013124796200441157
IDN.23.20_1,2012.0,6.736233645579065E-4
IDN.23.21_1,2012.0,0.0021980697040080524
IDN.23.23_1,2012.0,0.0015838016612791384
IDN.23.22_1,2012.0,0.0013363092325440321
IDN.23.24_1,2012.0,0.0021648115931774477
IDN.23.25_1,2012.0,0.0031814020289032507
IDN.23.26_1,2012.0,0.0022294590240256504
IDN.23.27_1,2012.0,0.0021345637160107107
IDN.23.28_1,2012.0,0.002397876009415338
IDN.23.29_1,2012.0,0.0020957973213619136
IDN.22.1_1,2012.0,0.0028463740977337838
IDN.22.2_1,2012.0,0.0021676190950530405
IDN.22.4_1,2012.0,0.003629622793235898
IDN.22.5_1,2012.0,0.0034441754794820416
IDN.22.6_1,2012.0,0.0012203055543873382
IDN.22.8_1,2012.0,0.004782956314228297
IDN.22.7_1,2012.0,0.002423391677778241
IDN.22.9_1,2012.0,0.0016413000052941623
IDN.22.10_1,2012.0,0.002444702484002967
IDN.22.11_1,2012.0,0.0016650114652215211
IDN.24.1_1,2012.0,0.05054830255123968
IDN.24.3_1,2012.0,0.04052873955980276
IDN.24.4_1,2012.0,0.04990167576095668
IDN.24.5_1,2012.0,0.024777201962662046
IDN.24.6_1,2012.0,0.021966434887832335
IDN.24.7_1,2012.0,0.037857608584269904
IDN.24.9_1,2012.0,0.05059447432448758
IDN.24.10_1,2012.0,0.07242745910634206
IDN.24.11_1,2012.0,0.039678238483537
IDN.24.12_1,2012.0,0.04303779416491122
IDN.25.1_1,2012.0,0.005024029786820774
IDN.25.2_1,2012.0,0.00263999376133686
IDN.25.4_1,2012.0,0.01506603094957276
IDN.25.3_1,2012.0,0.018111018140692273
IDN.25.5_1,2012.0,0.007163412172154278
IDN.26.1_1,2012.0,0.005590792258257128
IDN.26.2_1,2012.0,0.0018239109586403925
IDN.26.3_1,2012.0,0.006195167752159303
IDN.26.4_1,2012.0,0.012311618874580672
IDN.26.5_1,2012.0,0.004593035758204322
IDN.26.6_1,2012.0,0.0025291624187515375
IDN.26.7_1,2012.0,8.61333020423947E-4
IDN.26.8_1,2012.0,0.008263644518124722
IDN.26.11_1,2012.0,0.009503700329712947
IDN.26.9_1,2012.0,0.016697735754914147
IDN.26.10_1,2012.0,0.005741306550336469
IDN.26.13_1,2012.0,0.002138004355936647
IDN.26.15_1,2012.0,0.0015119030414631426
IDN.26.17_1,2012.0,0.007864035537336176
IDN.26.18_1,2012.0,0.009258536582841268
IDN.26.19_1,2012.0,0.003571158628241137
IDN.26.20_1,2012.0,0.004982618930592943
IDN.26.21_1,2012.0,6.786269761032563E-4
IDN.26.22_1,2012.0,0.001223365627551904
IDN.26.23_1,2012.0,0.0012975058262621553
IDN.26.24_1,2012.0,0.007056504584272706
IDN.27.2_1,2012.0,0.008798423260955963
IDN.27.1_1,2012.0,0.008856784741385607
IDN.27.3_1,2012.0,0.021896796394857643
IDN.27.4_1,2012.0,0.010173267604129522
IDN.27.5_1,2012.0,0.011476551104266743
IDN.27.7_1,2012.0,0.010218744146477901
IDN.27.8_1,2012.0,0.006305280712833063
IDN.27.9_1,2012.0,0.004581825241501211
IDN.27.10_1,2012.0,0.006820152122745078
IDN.27.11_1,2012.0,0.0046585193996312255
IDN.28.2_1,2012.0,0.004051675288034796
IDN.28.4_1,2012.0,0.009365270468626088
IDN.28.3_1,2012.0,0.00936584648400212
IDN.28.7_1,2012.0,0.005320190191644677
IDN.28.6_1,2012.0,0.012401941978133308
IDN.28.10_1,2012.0,0.011943261233366611
IDN.28.8_1,2012.0,0.011656136933236225
IDN.28.9_1,2012.0,0.008660756595020481
IDN.28.11_1,2012.0,0.013776597795714163
IDN.28.12_1,2012.0,0.0032425424513620933
IDN.29.5_1,2012.0,0.0033052655577093725
IDN.29.2_1,2012.0,0.00455153054346587
IDN.29.3_1,2012.0,0.005032987200174908
IDN.29.4_1,2012.0,0.004322432872648263
IDN.29.6_1,2012.0,4.902025447975195E-4
IDN.29.7_1,2012.0,0.001241132006001522
IDN.29.13_1,2012.0,0.008052087382639168
IDN.29.10_1,2012.0,0.0038307539223834367
IDN.29.11_1,2012.0,0.005259729359271535
IDN.29.12_1,2012.0,0.004274010518319104
IDN.29.14_1,2012.0,0.0013105089418374465
IDN.30.1_1,2012.0,0.007167435423221249
IDN.30.4_1,2012.0,0.03268087738512478
IDN.30.5_1,2012.0,0.004159943289909215
IDN.30.7_1,2012.0,0.003379814660902548
IDN.30.9_1,2012.0,0.006777679228828843
IDN.30.13_1,2012.0,0.008480358238322473
IDN.30.12_1,2012.0,0.017088146608829423
IDN.30.15_1,2012.0,0.015119901742217254
IDN.30.17_1,2012.0,0.020608802369202723
IDN.30.19_1,2012.0,0.004032040817597026
IDN.30.18_1,2012.0,0.015153460326473954
IDN.30.20_1,2012.0,0.007899546121542146
IDN.31.1_1,2012.0,0.06520058943294847
IDN.31.2_1,2012.0,0.02583673567041615
IDN.31.3_1,2012.0,0.03711840610181725
IDN.31.5_1,2012.0,0.05813892209773402
IDN.31.6_1,2012.0,0.08608562484848499
IDN.31.7_1,2012.0,0.052068672859168844
IDN.31.8_1,2012.0,0.039290851775517215
IDN.31.9_1,2012.0,0.0471509167945677
IDN.31.12_1,2012.0,0.044393647268572804
IDN.31.10_1,2012.0,0.020053416429952016
IDN.31.11_1,2012.0,0.023203237053791924
IDN.32.1_1,2012.0,0.02589930982082998
IDN.32.2_1,2012.0,0.013288977074691382
IDN.32.3_1,2012.0,0.021777699278239436
IDN.32.4_1,2012.0,0.019045912670871176
IDN.32.6_1,2012.0,0.0076310510899764246
IDN.32.7_1,2012.0,0.01643957718371801
IDN.32.13_1,2012.0,0.03029498596064342
IDN.32.11_1,2012.0,0.03163024176817574
IDN.32.12_1,2012.0,0.021888517507803903
IDN.32.15_1,2012.0,0.01880623711794807
IDN.32.16_1,2012.0,0.01954818721126676
IDN.32.20_1,2012.0,0.010064115738213027
IDN.32.17_1,2012.0,0.006723587763502241
IDN.32.18_1,2012.0,0.006166647140432007
IDN.32.19_1,2012.0,0.012200449387708515
IDN.32.22_1,2012.0,0.020143846026678867
IDN.32.21_1,2012.0,0.011054827360047126
IDN.32.24_1,2012.0,0.011286085853548561
IDN.32.26_1,2012.0,0.022602581460825714
IDN.32.27_1,2012.0,0.01571099247150093
IDN.32.29_1,2012.0,0.01328707229528797
IDN.32.30_1,2012.0,0.019084069538920494
IDN.32.31_1,2012.0,0.015520471961426705
IDN.32.32_1,2012.0,0.005965983456057482
IDN.32.34_1,2012.0,0.008377172868655114
IDN.33.1_1,2012.0,5.546698330070123E-4
IDN.33.2_1,2012.0,5.680864476915413E-4
IDN.33.4_1,2012.0,5.613671208741271E-4
IDN.33.5_1,2012.0,7.283697463342526E-4
IDN.1.12_1,2012.0,4.751216475252714E-4
IDN.1.16_1,2012.0,0.028275032763245028
IDN.1.17_1,2012.0,0.003959293932153866
IDN.1.21_1,2012.0,0.004008696287282505
IDN.1.23_1,2012.0,0.056099156497967206
IDN.2.4_1,2012.0,0.0036627168130698865
IDN.3.7_1,2012.0,0.035122674058237505
IDN.4.1_1,2012.0,0.0020349320870913755
IDN.4.2_1,2012.0,0.0017833357102164011
IDN.4.3_1,2012.0,1.6410100642181931E-4
IDN.5.4_1,2012.0,0.01448375304755258
IDN.6.6_1,2012.0,0.0024644860244804803
IDN.7.4_1,2012.0,5.35945440333825E-5
IDN.7.5_1,2012.0,2.2155809499426423E-4
IDN.8.3_1,2012.0,0.024674474035898154
IDN.8.8_1,2012.0,7.383025431828759E-4
IDN.9.3_1,2012.0,0.0020035759048167793
IDN.9.8_1,2012.0,4.7816160924820804E-4
IDN.9.10_1,2012.0,3.967895060845923E-4
IDN.9.14_1,2012.0,8.242905732790855E-4
IDN.9.15_1,2012.0,5.074493749146332E-4
IDN.9.16_1,2012.0,4.727209163918664E-4
IDN.9.17_1,2012.0,1.3526347876411689E-5
IDN.9.18_1,2012.0,3.3006844577243913E-4
IDN.9.19_1,2012.0,0.005041675505521025
IDN.10.15_1,2012.0,5.501914882140349E-4
IDN.10.16_1,2012.0,4.3574287752634746E-4
IDN.10.17_1,2012.0,0.001370924674725588
IDN.10.18_1,2012.0,2.77974297733365E-4
IDN.10.27_1,2012.0,0.004646610374084858
IDN.11.3_1,2012.0,0.0015548878356433395
IDN.11.11_1,2012.0,0.0011724544608552238
IDN.11.12_1,2012.0,5.763792982638549E-4
IDN.11.13_1,2012.0,0.00199749557697408
IDN.11.14_1,2012.0,0.0013378833277456835
IDN.11.16_1,2012.0,0.0052907094937995535
IDN.11.35_1,2012.0,1.2542777634997788E-4
IDN.12.5_1,2012.0,0.011318923016393624
IDN.12.13_1,2012.0,0.030174201038675644
IDN.13.2_1,2012.0,0.01355461725483095
IDN.13.4_1,2012.0,0.010470945809128714
IDN.14.11_1,2012.0,0.019540027690075904
IDN.34.1_1,2012.0,0.035839983539521246
IDN.34.3_1,2012.0,0.020987394973183894
IDN.34.12_1,2012.0,0.07638615627804449
IDN.16.1_1,2012.0,0.028892311177319267
IDN.16.7_1,2012.0,0.028993224469045578
IDN.17.1_1,2012.0,0.00937401448029293
IDN.17.8_1,2012.0,0.002477787972998798
IDN.19.1_1,2012.0,0.007340051615033444
IDN.19.11_1,2012.0,0.010506194605320292
IDN.18.8_1,2012.0,0.011686895765070324
IDN.18.9_1,2012.0,0.004674657638633224
IDN.20.3_1,2012.0,8.861909500972977E-4
IDN.20.8_1,2012.0,0.0040521432808014995
IDN.21.5_1,2012.0,6.89137038278184E-4
IDN.23.11_1,2012.0,0.007432356382193279
IDN.22.3_1,2012.0,0.008236091075611175
IDN.24.2_1,2012.0,0.04729296078747333
IDN.24.8_1,2012.0,0.016302298499710297
IDN.26.12_1,2012.0,3.6863572349671325E-4
IDN.26.14_1,2012.0,0.00790335155731173
IDN.26.16_1,2012.0,0.0019010221889803017
IDN.27.6_1,2012.0,0.0024289142563845663
IDN.28.1_1,2012.0,0.018848734184826254
IDN.28.5_1,2012.0,0.01186773164936852
IDN.29.1_1,2012.0,0.004255455491417123
IDN.29.8_1,2012.0,0.0025492999230211392
IDN.29.9_1,2012.0,0.0034822254256486863
IDN.29.15_1,2012.0,0.002000384536335368
IDN.30.2_1,2012.0,0.0016617817885007957
IDN.30.6_1,2012.0,0.002570917142554143
IDN.30.10_1,2012.0,0.004702369972799014
IDN.30.8_1,2012.0,9.416213242149929E-4
IDN.30.11_1,2012.0,0.0058085004952429225
IDN.30.14_1,2012.0,0.0019649201227376644
IDN.30.16_1,2012.0,0.0113758211662676
IDN.31.4_1,2012.0,0.036603497973973595
IDN.31.13_1,2012.0,0.007193890513025221
IDN.31.14_1,2012.0,0.011391613581748134
IDN.31.15_1,2012.0,0.06201312699335083
IDN.32.5_1,2012.0,0.008597792553710707
IDN.32.8_1,2012.0,0.007787062839093165
IDN.32.9_1,2012.0,0.0026287801675104533
IDN.32.10_1,2012.0,0.023902687931774785
IDN.32.23_1,2012.0,0.00688566994758112
IDN.32.25_1,2012.0,0.005202525240968296
IDN.32.28_1,2012.0,0.007530668374103236
IDN.32.33_1,2012.0,0.005029724205083826
IDN.35.4,2012.0,0.023621795615922127
IDN.35.8,2012.0,0.002425712709327057
IDN.35.9,2012.0,0.013394123375722636
IDN.35.13,2012.0,0.053807115264740864
IDN.35.14,2012.0,0.012446463404892623
IDN.9.27_1,2012.0,3.113712791132147E-5
IDN.10.34_1,2012.0,0.001022240751727788
IDN.30.3_1,2012.0,0.0033832769453842433
IDN.32.14_1,2012.0,0.004620656971480307
IDN.7.6_1,2012.0,0.0
IDN.4.7_1,2012.0,0.0
IDN.7.1_1,2012.0,0.0
IDN.7.2_1,2012.0,0.0
IDN.7.3_1,2012.0,0.0
IDN.10.31_1,2012.0,0.0
IDN.11.15_1,2012.0,0.0
IDN.11.17_1,2012.0,0.0
IDN.33.3_1,2012.0,0.0
IDN.1.2_1,2013.0,0.03078008122139399
IDN.1.1_1,2013.0,0.0069340564526069294
IDN.1.3_1,2013.0,0.004463110459243979
IDN.1.4_1,2013.0,0.010530388118929278
IDN.1.5_1,2013.0,0.008740318592907532
IDN.1.6_1,2013.0,0.01573413870700977
IDN.1.7_1,2013.0,0.023346458133807594
IDN.1.8_1,2013.0,0.003330956378000906
IDN.1.9_1,2013.0,0.0016667588877486538
IDN.1.10_1,2013.0,0.012618906552457539
IDN.1.11_1,2013.0,0.006184124512008537
IDN.1.13_1,2013.0,0.004370270404013758
IDN.1.14_1,2013.0,0.008397792450548723
IDN.1.15_1,2013.0,0.0030295931482420286
IDN.1.18_1,2013.0,0.023260726340872822
IDN.1.20_1,2013.0,0.004036445738797654
IDN.1.19_1,2013.0,0.00922837021831094
IDN.1.22_1,2013.0,0.004126780532940318
IDN.2.1_1,2013.0,0.005960643207011112
IDN.2.2_1,2013.0,0.001855769881489704
IDN.2.3_1,2013.0,0.0032542365188684874
IDN.2.5_1,2013.0,0.0043677383114525525
IDN.2.6_1,2013.0,0.008556956417494257
IDN.2.7_1,2013.0,0.0010001259577858068
IDN.2.8_1,2013.0,0.009429602709278784
IDN.2.9_1,2013.0,0.002139756740102195
IDN.3.4_1,2013.0,0.016079182475858645
IDN.3.1_1,2013.0,0.017332416256884045
IDN.3.2_1,2013.0,0.009377518637519958
IDN.3.3_1,2013.0,0.01104913411672923
IDN.3.6_1,2013.0,0.020700027315211148
IDN.3.5_1,2013.0,0.013621387638804962
IDN.4.4_1,2013.0,0.005498979114512177
IDN.4.5_1,2013.0,0.0046530861358103645
IDN.4.6_1,2013.0,7.042921937519516E-4
IDN.4.8_1,2013.0,2.3989239650073794E-4
IDN.5.1_1,2013.0,0.00782831106505356
IDN.5.2_1,2013.0,0.011540815754577547
IDN.5.3_1,2013.0,0.011892485875048018
IDN.5.5_1,2013.0,0.012401779614355509
IDN.5.6_1,2013.0,0.0045058009219883
IDN.5.7_1,2013.0,0.004634683516939696
IDN.5.8_1,2013.0,0.012983005508242126
IDN.5.9_1,2013.0,0.007526802075947824
IDN.5.10_1,2013.0,0.008153388975944083
IDN.6.1_1,2013.0,0.009874350026766985
IDN.6.2_1,2013.0,0.0012078993305220983
IDN.6.3_1,2013.0,0.0054179147220222755
IDN.6.5_1,2013.0,0.003247092841672027
IDN.6.4_1,2013.0,0.006381560246774341
IDN.6.7_1,2013.0,0.01104115512522306
IDN.8.1_1,2013.0,0.016914676230221862
IDN.8.2_1,2013.0,0.014818997802609004
IDN.8.4_1,2013.0,0.004677894058930704
IDN.8.5_1,2013.0,0.011316392285282854
IDN.8.6_1,2013.0,0.0175253822198105
IDN.8.7_1,2013.0,0.013076655088415394
IDN.8.9_1,2013.0,0.016126561360219872
IDN.8.10_1,2013.0,0.011399118060481883
IDN.8.11_1,2013.0,0.04210450596845294
IDN.9.2_1,2013.0,0.002496855521956664
IDN.9.1_1,2013.0,6.81813964853441E-4
IDN.9.4_1,2013.0,4.389794556462748E-4
IDN.9.5_1,2013.0,0.0015054953688279805
IDN.9.6_1,2013.0,0.001312197955277883
IDN.9.7_1,2013.0,0.0022097996824431065
IDN.9.9_1,2013.0,7.018562888743675E-4
IDN.9.11_1,2013.0,0.0026130908189756596
IDN.9.12_1,2013.0,0.0014051482798117132
IDN.9.13_1,2013.0,0.0011648953196940427
IDN.9.20_1,2013.0,8.585103940881396E-4
IDN.9.21_1,2013.0,0.001373843715484004
IDN.9.22_1,2013.0,0.0023116262862935876
IDN.9.23_1,2013.0,0.0016169124945243883
IDN.9.24_1,2013.0,0.002842234034838132
IDN.9.25_1,2013.0,0.0018280418261932868
IDN.9.26_1,2013.0,8.785408776946269E-4
IDN.10.1_1,2013.0,5.20880751294361E-4
IDN.10.2_1,2013.0,0.0010049625478159908
IDN.10.3_1,2013.0,0.002148305670040252
IDN.10.4_1,2013.0,0.001627758553051462
IDN.10.5_1,2013.0,8.986853930070957E-4
IDN.10.6_1,2013.0,6.798351120351569E-4
IDN.10.7_1,2013.0,0.0013898209624790372
IDN.10.8_1,2013.0,1.5562842718208947E-4
IDN.10.9_1,2013.0,0.0017779329379086538
IDN.10.10_1,2013.0,0.0022231968577142596
IDN.10.11_1,2013.0,6.867681987080098E-4
IDN.10.12_1,2013.0,9.01924842155882E-4
IDN.10.13_1,2013.0,9.149069148747432E-4
IDN.10.14_1,2013.0,2.1511848997738645E-4
IDN.10.19_1,2013.0,6.788833726287E-5
IDN.10.20_1,2013.0,2.352934984800928E-4
IDN.10.21_1,2013.0,6.30412784388716E-4
IDN.10.22_1,2013.0,0.0011762247144925342
IDN.10.23_1,2013.0,0.003554757663493599
IDN.10.24_1,2013.0,8.071078434193519E-4
IDN.10.25_1,2013.0,1.2654630187396997E-4
IDN.10.26_1,2013.0,0.0014368073776131155
IDN.10.28_1,2013.0,0.0016784246977278115
IDN.10.29_1,2013.0,7.871910052682435E-4
IDN.10.30_1,2013.0,0.0012570120224008605
IDN.10.32_1,2013.0,0.001088058961567514
IDN.10.33_1,2013.0,0.001094940335379759
IDN.10.35_1,2013.0,6.746488130305559E-4
IDN.10.36_1,2013.0,1.7002433681683846E-4
IDN.11.1_1,2013.0,2.897251184352333E-4
IDN.11.2_1,2013.0,0.017681465806245463
IDN.11.4_1,2013.0,0.0028374831399394177
IDN.11.5_1,2013.0,7.76000452509251E-4
IDN.11.6_1,2013.0,0.0012972838463907491
IDN.11.7_1,2013.0,0.0014657403538489266
IDN.11.8_1,2013.0,0.0033967245893398714
IDN.11.9_1,2013.0,3.6048647618831543E-4
IDN.11.10_1,2013.0,0.0031723089869222696
IDN.11.18_1,2013.0,8.09921533229327E-4
IDN.11.19_1,2013.0,0.0011312813388552547
IDN.11.20_1,2013.0,6.847208310966387E-4
IDN.11.21_1,2013.0,3.649044077040069E-4
IDN.11.22_1,2013.0,0.002011273505624022
IDN.11.23_1,2013.0,5.060435089461744E-4
IDN.11.24_1,2013.0,7.803803935116653E-4
IDN.11.25_1,2013.0,0.001148919683584214
IDN.11.26_1,2013.0,0.0015161520378245603
IDN.11.27_1,2013.0,3.7359495333286246E-4
IDN.11.28_1,2013.0,0.0018699847527720748
IDN.11.29_1,2013.0,4.504839593896889E-4
IDN.11.30_1,2013.0,3.088005464670817E-4
IDN.11.31_1,2013.0,4.154509150254492E-4
IDN.11.32_1,2013.0,2.262236915737629E-4
IDN.11.33_1,2013.0,9.133050488252323E-4
IDN.11.34_1,2013.0,0.0029787617951554613
IDN.11.36_1,2013.0,0.0010357781107481676
IDN.11.37_1,2013.0,0.0019995330890336667
IDN.11.38_1,2013.0,0.003221657002132767
IDN.12.1_1,2013.0,0.021479682461630432
IDN.12.2_1,2013.0,0.004632164494866165
IDN.12.3_1,2013.0,0.017114211256254553
IDN.12.4_1,2013.0,0.019967612322614396
IDN.12.6_1,2013.0,0.03616554752035136
IDN.12.7_1,2013.0,0.025653204894084434
IDN.12.8_1,2013.0,0.012992572144370867
IDN.12.9_1,2013.0,0.027677971142206766
IDN.12.10_1,2013.0,0.020454007151724726
IDN.12.11_1,2013.0,0.020825042204461974
IDN.12.12_1,2013.0,0.0163763225802282
IDN.12.14_1,2013.0,0.0160334869736731
IDN.13.1_1,2013.0,0.011455019225338474
IDN.13.3_1,2013.0,0.007983720788970505
IDN.13.5_1,2013.0,0.01110324168539186
IDN.13.6_1,2013.0,0.0038324440934550986
IDN.13.7_1,2013.0,0.0043378346304621465
IDN.13.8_1,2013.0,0.002141161165055191
IDN.13.9_1,2013.0,0.015845601987596273
IDN.13.10_1,2013.0,0.011282203581296023
IDN.13.11_1,2013.0,0.027786390230707492
IDN.13.12_1,2013.0,0.010031463544440256
IDN.13.13_1,2013.0,0.028182825966328567
IDN.14.1_1,2013.0,0.0048538721988032685
IDN.14.2_1,2013.0,0.019975663082077547
IDN.14.3_1,2013.0,0.008999414270609551
IDN.14.4_1,2013.0,0.010120493359498394
IDN.14.5_1,2013.0,0.010669826935060835
IDN.14.6_1,2013.0,0.004696769145840634
IDN.14.7_1,2013.0,0.01499601450051364
IDN.14.8_1,2013.0,0.015552426603424423
IDN.14.9_1,2013.0,0.015184020852651357
IDN.14.10_1,2013.0,0.003331649766829815
IDN.14.12_1,2013.0,0.00645659249346095
IDN.14.13_1,2013.0,0.005440483120214399
IDN.14.14_1,2013.0,0.016539941683062834
IDN.34.2_1,2013.0,0.00988744176065127
IDN.34.5_1,2013.0,0.01251276728273564
IDN.34.6_1,2013.0,0.015729217614865294
IDN.34.7_1,2013.0,0.017074614958994132
IDN.34.10_1,2013.0,0.014457343273424513
IDN.34.11_1,2013.0,0.020782657435957762
IDN.16.2_1,2013.0,0.012804162867093622
IDN.16.3_1,2013.0,0.006447023377057413
IDN.16.4_1,2013.0,0.0021120025503427063
IDN.16.5_1,2013.0,0.011716978077317806
IDN.16.6_1,2013.0,1.6788502850195012E-4
IDN.17.2_1,2013.0,0.002687646341531922
IDN.17.3_1,2013.0,0.002745959850928348
IDN.17.4_1,2013.0,0.004110776547856656
IDN.17.5_1,2013.0,0.0010905174521714544
IDN.17.6_1,2013.0,0.003899927154025444
IDN.17.7_1,2013.0,0.004571869876103431
IDN.17.9_1,2013.0,0.0037989394245698175
IDN.17.10_1,2013.0,0.00314954788530356
IDN.17.11_1,2013.0,0.0031020218878480225
IDN.17.12_1,2013.0,0.002827048561123618
IDN.17.13_1,2013.0,0.0022440479773369964
IDN.17.14_1,2013.0,0.00437371767990243
IDN.19.3_1,2013.0,0.0017387197647011597
IDN.19.2_1,2013.0,0.001538907206791414
IDN.19.4_1,2013.0,0.0014365893283558
IDN.19.5_1,2013.0,0.0016640057790307259
IDN.19.6_1,2013.0,0.0030045961608837226
IDN.19.8_1,2013.0,0.004005604445508809
IDN.19.7_1,2013.0,0.0017593893440602827
IDN.19.9_1,2013.0,0.002146555473016619
IDN.19.10_1,2013.0,0.0014289381547446527
IDN.18.1_1,2013.0,0.003974734712323906
IDN.18.2_1,2013.0,0.004001985689612293
IDN.18.3_1,2013.0,0.002477847494410212
IDN.18.4_1,2013.0,0.0022038179370783098
IDN.18.5_1,2013.0,0.005530682342746712
IDN.18.6_1,2013.0,0.003977964331520447
IDN.18.7_1,2013.0,0.0033005871257369233
IDN.20.1_1,2013.0,0.0012618572266636673
IDN.20.2_1,2013.0,0.003738435067934465
IDN.20.4_1,2013.0,0.003370530315537003
IDN.20.5_1,2013.0,0.0032045662954172304
IDN.20.6_1,2013.0,7.178056354574048E-4
IDN.20.7_1,2013.0,5.277113463717858E-4
IDN.20.10_1,2013.0,0.0021801653364085017
IDN.20.9_1,2013.0,0.0019494253294650122
IDN.21.1_1,2013.0,0.0014473842356048396
IDN.21.2_1,2013.0,0.0020038047352921944
IDN.21.3_1,2013.0,0.001422411231147898
IDN.21.4_1,2013.0,0.0015086457157577552
IDN.21.6_1,2013.0,0.0024483346473381904
IDN.21.7_1,2013.0,7.504783242636187E-4
IDN.21.10_1,2013.0,0.0013678358125357442
IDN.21.8_1,2013.0,0.001036810819578875
IDN.21.9_1,2013.0,0.001076028738400525
IDN.21.11_1,2013.0,4.161131087185716E-4
IDN.21.12_1,2013.0,4.4817598536802994E-4
IDN.21.13_1,2013.0,0.004199902470529979
IDN.21.14_1,2013.0,2.974632385014418E-4
IDN.21.15_1,2013.0,0.003443780112825841
IDN.21.17_1,2013.0,0.0019419330399135903
IDN.21.16_1,2013.0,0.0031028971803763183
IDN.21.18_1,2013.0,0.0012260764960749931
IDN.21.19_1,2013.0,0.0012127972932044675
IDN.21.20_1,2013.0,0.002578849177204147
IDN.21.21_1,2013.0,0.002635389781479633
IDN.23.1_1,2013.0,1.8582418432854203E-4
IDN.23.2_1,2013.0,0.0016771756957195045
IDN.23.3_1,2013.0,0.0027553984336989292
IDN.23.4_1,2013.0,9.723215168654117E-4
IDN.23.5_1,2013.0,7.735961887508387E-4
IDN.23.6_1,2013.0,0.0011548767243624834
IDN.23.7_1,2013.0,0.0019724352918349944
IDN.23.8_1,2013.0,0.001817239962958703
IDN.23.9_1,2013.0,0.005496378692809684
IDN.23.10_1,2013.0,7.603709077212097E-4
IDN.23.12_1,2013.0,0.0014650379406964257
IDN.23.13_1,2013.0,5.081058275680746E-4
IDN.23.14_1,2013.0,0.002546746541482281
IDN.23.15_1,2013.0,0.002047560605734162
IDN.23.16_1,2013.0,0.0027700120127603467
IDN.23.17_1,2013.0,0.0026781251882623917
IDN.23.18_1,2013.0,0.0019020737697959195
IDN.23.19_1,2013.0,7.117003493921925E-4
IDN.23.20_1,2013.0,5.526826857389577E-4
IDN.23.21_1,2013.0,0.0018151236595296872
IDN.23.23_1,2013.0,0.0010687557668274798
IDN.23.22_1,2013.0,0.0013255571464005815
IDN.23.24_1,2013.0,0.0011142939763824876
IDN.23.25_1,2013.0,7.644118532383508E-4
IDN.23.26_1,2013.0,0.003436076720179001
IDN.23.27_1,2013.0,4.6135954492534356E-4
IDN.23.28_1,2013.0,0.0014901128871001854
IDN.23.29_1,2013.0,0.0016000621533914137
IDN.22.1_1,2013.0,0.001134866916191539
IDN.22.2_1,2013.0,7.978105489279297E-4
IDN.22.4_1,2013.0,0.0025504006988886028
IDN.22.5_1,2013.0,0.0013983283901187772
IDN.22.6_1,2013.0,5.196894308494435E-4
IDN.22.8_1,2013.0,0.0032033759979712695
IDN.22.7_1,2013.0,6.595467215228293E-4
IDN.22.9_1,2013.0,8.639592241728468E-4
IDN.22.10_1,2013.0,6.463877334714143E-4
IDN.22.11_1,2013.0,0.0018227563435122356
IDN.24.1_1,2013.0,0.01934474663109712
IDN.24.3_1,2013.0,0.013610312324784624
IDN.24.4_1,2013.0,0.016782448133291595
IDN.24.5_1,2013.0,0.016135804109093602
IDN.24.6_1,2013.0,0.018579443178671166
IDN.24.7_1,2013.0,0.018384905292631322
IDN.24.9_1,2013.0,0.03160587955098207
IDN.24.10_1,2013.0,0.02792641825335636
IDN.24.11_1,2013.0,0.019947783730950183
IDN.24.12_1,2013.0,0.019999916908839434
IDN.25.1_1,2013.0,0.004870399671885945
IDN.25.2_1,2013.0,0.0020704615704063064
IDN.25.4_1,2013.0,0.008562129384470736
IDN.25.3_1,2013.0,0.009028565647896744
IDN.25.5_1,2013.0,0.005990791256862248
IDN.26.1_1,2013.0,0.004589118363703933
IDN.26.2_1,2013.0,0.002248196907806892
IDN.26.3_1,2013.0,0.005275664147304114
IDN.26.4_1,2013.0,0.010141640395276458
IDN.26.5_1,2013.0,0.003544102081271882
IDN.26.6_1,2013.0,0.0015725690030217875
IDN.26.7_1,2013.0,8.516402703219895E-4
IDN.26.8_1,2013.0,0.00441667540727198
IDN.26.11_1,2013.0,0.006115832283041453
IDN.26.9_1,2013.0,0.007760484673839409
IDN.26.10_1,2013.0,0.004517872036629433
IDN.26.13_1,2013.0,0.0014692123813751388
IDN.26.15_1,2013.0,0.0018944726770120269
IDN.26.17_1,2013.0,0.0028784962443976813
IDN.26.18_1,2013.0,0.005981471620570054
IDN.26.19_1,2013.0,0.0021986354414925777
IDN.26.20_1,2013.0,0.003000899387223902
IDN.26.21_1,2013.0,0.0012521821452586338
IDN.26.22_1,2013.0,0.0017626936903406313
IDN.26.23_1,2013.0,6.985579433951702E-4
IDN.26.24_1,2013.0,0.0035001942745349285
IDN.27.2_1,2013.0,0.006282260150456832
IDN.27.1_1,2013.0,0.006675505986028992
IDN.27.3_1,2013.0,0.015617778087241952
IDN.27.4_1,2013.0,0.006356659086035332
IDN.27.5_1,2013.0,0.009310722748374273
IDN.27.7_1,2013.0,0.006217297516240004
IDN.27.8_1,2013.0,0.004500641175067709
IDN.27.9_1,2013.0,0.004163815828659195
IDN.27.10_1,2013.0,0.005879431696231774
IDN.27.11_1,2013.0,0.006375074098164727
IDN.28.2_1,2013.0,0.006384993409286869
IDN.28.4_1,2013.0,0.006156084645238519
IDN.28.3_1,2013.0,0.004992592730834075
IDN.28.7_1,2013.0,0.004922015551496159
IDN.28.6_1,2013.0,0.004465510273711377
IDN.28.10_1,2013.0,0.009612000727135538
IDN.28.8_1,2013.0,0.010614530544717041
IDN.28.9_1,2013.0,0.004582944404763749
IDN.28.11_1,2013.0,0.009328503761652212
IDN.28.12_1,2013.0,0.003977899007291649
IDN.29.5_1,2013.0,0.002430542348605408
IDN.29.2_1,2013.0,0.004370264647774528
IDN.29.3_1,2013.0,0.0029292920109782704
IDN.29.4_1,2013.0,0.0025045086252463004
IDN.29.6_1,2013.0,0.0020543430785422484
IDN.29.7_1,2013.0,7.378513941958142E-4
IDN.29.13_1,2013.0,0.001560532552378026
IDN.29.10_1,2013.0,0.0017566147144805512
IDN.29.11_1,2013.0,0.0014951637939048775
IDN.29.12_1,2013.0,0.002369107193081546
IDN.29.14_1,2013.0,0.0021997828666557137
IDN.30.1_1,2013.0,0.00404807390252159
IDN.30.4_1,2013.0,0.018914079985290214
IDN.30.5_1,2013.0,0.0023299815132048676
IDN.30.7_1,2013.0,0.0022589333891079324
IDN.30.9_1,2013.0,0.0026756620766626793
IDN.30.13_1,2013.0,0.005474924286017427
IDN.30.12_1,2013.0,0.01608474499100236
IDN.30.15_1,2013.0,0.00787397093161054
IDN.30.17_1,2013.0,0.00866086259277432
IDN.30.19_1,2013.0,0.002991884990656705
IDN.30.18_1,2013.0,0.011064643013566898
IDN.30.20_1,2013.0,0.002310392008902662
IDN.31.1_1,2013.0,0.012622646238644899
IDN.31.2_1,2013.0,0.008493281572174279
IDN.31.3_1,2013.0,0.013983070788675556
IDN.31.5_1,2013.0,0.022351644485216697
IDN.31.6_1,2013.0,0.024137666386060713
IDN.31.7_1,2013.0,0.015416335845661122
IDN.31.8_1,2013.0,0.009433089571909605
IDN.31.9_1,2013.0,0.011638866908280004
IDN.31.12_1,2013.0,0.018744169969688168
IDN.31.10_1,2013.0,0.00814200484530534
IDN.31.11_1,2013.0,0.002686906951366045
IDN.32.1_1,2013.0,0.00933888460771902
IDN.32.2_1,2013.0,0.008394403007902201
IDN.32.3_1,2013.0,0.005318068201684962
IDN.32.4_1,2013.0,0.005572950300250459
IDN.32.6_1,2013.0,0.006776476501437165
IDN.32.7_1,2013.0,0.0034891652142874543
IDN.32.13_1,2013.0,0.021422544620334282
IDN.32.11_1,2013.0,0.028423446118355865
IDN.32.12_1,2013.0,0.010740652461485433
IDN.32.15_1,2013.0,0.008807945947535003
IDN.32.16_1,2013.0,0.013291160454920287
IDN.32.20_1,2013.0,0.004119978520849346
IDN.32.17_1,2013.0,0.0038596980374100646
IDN.32.18_1,2013.0,0.004616670806668091
IDN.32.19_1,2013.0,0.006624318027945226
IDN.32.22_1,2013.0,0.0142818079279774
IDN.32.21_1,2013.0,0.010125137860782694
IDN.32.24_1,2013.0,0.008449325338470377
IDN.32.26_1,2013.0,0.012316788540837061
IDN.32.27_1,2013.0,0.009014877376415235
IDN.32.29_1,2013.0,0.00811335659579203
IDN.32.30_1,2013.0,0.008141624523831851
IDN.32.31_1,2013.0,0.011551473705119653
IDN.32.32_1,2013.0,0.005590692256981344
IDN.32.34_1,2013.0,0.005473855448401409
IDN.33.1_1,2013.0,6.122978676051435E-4
IDN.33.2_1,2013.0,5.753729675982614E-4
IDN.33.4_1,2013.0,5.160988432504594E-4
IDN.33.5_1,2013.0,3.597509676830772E-4
IDN.1.16_1,2013.0,0.009345371361614414
IDN.1.17_1,2013.0,0.0021513958447424686
IDN.1.21_1,2013.0,0.002172141314346592
IDN.1.23_1,2013.0,0.01759161634861591
IDN.2.4_1,2013.0,0.00392583852032882
IDN.3.7_1,2013.0,0.013762925189966878
IDN.4.2_1,2013.0,4.74378971333892E-5
IDN.4.3_1,2013.0,1.6410100642181931E-4
IDN.4.7_1,2013.0,6.030270539219691E-5
IDN.5.4_1,2013.0,0.0018079985875079662
IDN.6.6_1,2013.0,0.0010708635719809292
IDN.7.1_1,2013.0,7.928239175388498E-5
IDN.7.4_1,2013.0,1.6078363210014751E-4
IDN.7.5_1,2013.0,7.38526983314214E-5
IDN.8.3_1,2013.0,0.012599853001714978
IDN.8.8_1,2013.0,0.0016147682544229562
IDN.9.3_1,2013.0,0.001139596908802547
IDN.9.8_1,2013.0,4.7816160924820804E-4
IDN.9.10_1,2013.0,1.4879606478172212E-4
IDN.9.14_1,2013.0,4.1214528663954277E-4
IDN.9.15_1,2013.0,1.3839528406762723E-4
IDN.9.16_1,2013.0,8.844008340420099E-5
IDN.9.19_1,2013.0,4.2974211470617527E-4
IDN.10.17_1,2013.0,7.382226449137479E-4
IDN.10.27_1,2013.0,0.0012979967946387281
IDN.11.3_1,2013.0,6.01892065410325E-4
IDN.11.11_1,2013.0,8.810684307998489E-4
IDN.11.13_1,2013.0,5.707130219925941E-4
IDN.11.14_1,2013.0,5.359941061667703E-4
IDN.11.15_1,2013.0,9.83872212362065E-4
IDN.11.16_1,2013.0,0.0010367960967676358
IDN.11.35_1,2013.0,9.812878973262976E-5
IDN.12.5_1,2013.0,0.00456081879084749
IDN.12.13_1,2013.0,0.009365530204867197
IDN.13.2_1,2013.0,0.009424133783691085
IDN.13.4_1,2013.0,5.189429437496375E-4
IDN.14.11_1,2013.0,0.010020497303022485
IDN.34.1_1,2013.0,0.01309862327480693
IDN.34.3_1,2013.0,0.012761555572652855
IDN.34.12_1,2013.0,0.016620647316743866
IDN.16.1_1,2013.0,0.01536661216852797
IDN.16.7_1,2013.0,0.0074534675291663445
IDN.17.1_1,2013.0,5.632331575027859E-4
IDN.17.8_1,2013.0,0.0010178589337328928
IDN.19.1_1,2013.0,0.002615028183122835
IDN.19.11_1,2013.0,0.007033563579725222
IDN.18.8_1,2013.0,0.0020215710515893745
IDN.18.9_1,2013.0,0.002043147558460109
IDN.20.3_1,2013.0,0.0019064537198893983
IDN.21.5_1,2013.0,0.0010974599465200172
IDN.23.11_1,2013.0,0.0034831958414780336
IDN.22.3_1,2013.0,0.0036878511984032285
IDN.24.2_1,2013.0,0.02670176090868146
IDN.24.8_1,2013.0,0.013158246250370619
IDN.26.12_1,2013.0,9.316388575855596E-4
IDN.26.14_1,2013.0,0.0034859168310196306
IDN.26.16_1,2013.0,0.0036003668483099997
IDN.27.6_1,2013.0,0.003515003477722376
IDN.28.1_1,2013.0,0.008642443790911681
IDN.28.5_1,2013.0,0.00986365257341874
IDN.29.1_1,2013.0,0.0017662631626151636
IDN.29.8_1,2013.0,5.190882196196891E-4
IDN.29.9_1,2013.0,0.0022524842764350514
IDN.29.15_1,2013.0,4.0363055340082596E-4
IDN.30.2_1,2013.0,0.001278920298012867
IDN.30.6_1,2013.0,0.002786231453243052
IDN.30.10_1,2013.0,0.0014249087622195632
IDN.30.11_1,2013.0,9.140188992822864E-4
IDN.30.14_1,2013.0,0.00198147553188132
IDN.30.16_1,2013.0,0.002800999204492616
IDN.31.4_1,2013.0,0.006870201505977923
IDN.31.13_1,2013.0,0.005653569253163634
IDN.31.14_1,2013.0,0.003841011598941879
IDN.31.15_1,2013.0,0.022916098413046974
IDN.32.5_1,2013.0,0.0014360314622917539
IDN.32.8_1,2013.0,0.0025589906741489794
IDN.32.9_1,2013.0,3.9037155857201664E-4
IDN.32.10_1,2013.0,0.0027501471126488574
IDN.32.23_1,2013.0,0.0059121228444692685
IDN.32.25_1,2013.0,0.0012768586531200655
IDN.32.28_1,2013.0,0.001855382063184855
IDN.32.33_1,2013.0,0.00508929957916346
IDN.35.4,2013.0,0.011418619517429162
IDN.35.8,2013.0,0.0012093054418062612
IDN.35.9,2013.0,0.006533133818676229
IDN.35.13,2013.0,0.031139767015469638
IDN.35.14,2013.0,0.004981275052809492
IDN.9.27_1,2013.0,0.007637937476647156
IDN.30.3_1,2013.0,0.0021507974867085544
IDN.32.14_1,2013.0,0.004861150407424173
IDN.7.6_1,2013.0,0.0
IDN.1.12_1,2013.0,0.0
IDN.4.1_1,2013.0,0.0
IDN.7.2_1,2013.0,0.0
IDN.7.3_1,2013.0,0.0
IDN.9.17_1,2013.0,0.0
IDN.9.18_1,2013.0,0.0
IDN.10.15_1,2013.0,0.0
IDN.10.16_1,2013.0,0.0
IDN.10.18_1,2013.0,0.0
IDN.10.31_1,2013.0,0.0
IDN.11.12_1,2013.0,0.0
IDN.11.17_1,2013.0,0.0
IDN.20.8_1,2013.0,0.0
IDN.30.8_1,2013.0,0.0
IDN.33.3_1,2013.0,0.0
IDN.10.34_1,2013.0,0.0
IDN.1.2_1,2014.0,0.027001029096839893
IDN.1.1_1,2014.0,0.009647664242573652
IDN.1.3_1,2014.0,0.011354933939630935
IDN.1.4_1,2014.0,0.013433125695123975
IDN.1.5_1,2014.0,0.013191765552741966
IDN.1.6_1,2014.0,0.017408890351168736
IDN.1.7_1,2014.0,0.022496996043709805
IDN.1.8_1,2014.0,0.006495317321699094
IDN.1.9_1,2014.0,0.008625643939517227
IDN.1.10_1,2014.0,0.02788680319991741
IDN.1.11_1,2014.0,0.022531769834188222
IDN.1.13_1,2014.0,0.009712103469500813
IDN.1.14_1,2014.0,0.03203813738398966
IDN.1.15_1,2014.0,0.007109054415353608
IDN.1.18_1,2014.0,0.018033579950826994
IDN.1.20_1,2014.0,0.009120121643501483
IDN.1.19_1,2014.0,0.009391608807070384
IDN.1.22_1,2014.0,0.00661725543788312
IDN.2.1_1,2014.0,0.011765599798841153
IDN.2.2_1,2014.0,0.0051918622305915495
IDN.2.3_1,2014.0,0.00468583014793144
IDN.2.5_1,2014.0,0.011114776575946766
IDN.2.6_1,2014.0,0.01270162335671499
IDN.2.7_1,2014.0,0.0038440331048860753
IDN.2.8_1,2014.0,0.012710702765618902
IDN.2.9_1,2014.0,0.00808713385535487
IDN.3.4_1,2014.0,0.04288116086222806
IDN.3.1_1,2014.0,0.045278646775931485
IDN.3.2_1,2014.0,0.0296430090978023
IDN.3.3_1,2014.0,0.03588309300977179
IDN.3.6_1,2014.0,0.032714101703602325
IDN.3.5_1,2014.0,0.028235410270284256
IDN.4.4_1,2014.0,0.006796500246577241
IDN.4.5_1,2014.0,0.0062379288100308005
IDN.4.6_1,2014.0,0.0012042151095007858
IDN.4.8_1,2014.0,1.0011195762465436E-4
IDN.5.1_1,2014.0,0.015345587774066529
IDN.5.2_1,2014.0,0.019783015904258995
IDN.5.3_1,2014.0,0.01675445632967045
IDN.5.5_1,2014.0,0.017480573832327578
IDN.5.6_1,2014.0,0.010567046815567317
IDN.5.7_1,2014.0,0.009647768895958376
IDN.5.8_1,2014.0,0.016021569775184378
IDN.5.9_1,2014.0,0.015423072292995886
IDN.5.10_1,2014.0,0.016185470627569105
IDN.6.1_1,2014.0,0.016945400925476504
IDN.6.2_1,2014.0,0.0038652287452578655
IDN.6.3_1,2014.0,0.036075572170494036
IDN.6.5_1,2014.0,0.012636858297499791
IDN.6.4_1,2014.0,0.023456455376109478
IDN.6.7_1,2014.0,0.015612056415209165
IDN.8.1_1,2014.0,0.023852891816144937
IDN.8.2_1,2014.0,0.01746033635179829
IDN.8.4_1,2014.0,0.010481850681771411
IDN.8.5_1,2014.0,0.017720189862015637
IDN.8.6_1,2014.0,0.01922442232600814
IDN.8.7_1,2014.0,0.026746740725627872
IDN.8.9_1,2014.0,0.017538321403300274
IDN.8.10_1,2014.0,0.01974226112212883
IDN.8.11_1,2014.0,0.03135460872579863
IDN.9.2_1,2014.0,0.0029160163255445904
IDN.9.1_1,2014.0,0.0016226544644183298
IDN.9.4_1,2014.0,1.0435282146541054E-4
IDN.9.5_1,2014.0,0.002610185610954828
IDN.9.6_1,2014.0,0.0021213431682796232
IDN.9.7_1,2014.0,0.002816053084147729
IDN.9.9_1,2014.0,0.0015275261661351087
IDN.9.11_1,2014.0,0.0025374767427583473
IDN.9.12_1,2014.0,9.79238305361686E-4
IDN.9.13_1,2014.0,0.0014201289868021084
IDN.9.20_1,2014.0,0.0019570702964261666
IDN.9.21_1,2014.0,0.0016605667131326443
IDN.9.22_1,2014.0,0.003965324649233677
IDN.9.23_1,2014.0,0.004178729967410046
IDN.9.24_1,2014.0,0.0025064633391254972
IDN.9.25_1,2014.0,0.00331119682140609
IDN.9.26_1,2014.0,0.002152763535988237
IDN.10.1_1,2014.0,4.4215319165146817E-4
IDN.10.2_1,2014.0,9.760040629952677E-4
IDN.10.3_1,2014.0,0.00627029537276989
IDN.10.4_1,2014.0,0.007415302617503636
IDN.10.5_1,2014.0,9.98152095719329E-4
IDN.10.6_1,2014.0,0.001334086383802369
IDN.10.7_1,2014.0,0.0027924346558315075
IDN.10.8_1,2014.0,6.80859111232702E-4
IDN.10.9_1,2014.0,0.004301534835752064
IDN.10.10_1,2014.0,0.005820705902598127
IDN.10.11_1,2014.0,0.001335735290680411
IDN.10.12_1,2014.0,3.407484908806009E-4
IDN.10.13_1,2014.0,0.0025740406310929753
IDN.10.14_1,2014.0,1.6874200956954691E-4
IDN.10.19_1,2014.0,8.592089952668069E-4
IDN.10.20_1,2014.0,2.570286713244412E-4
IDN.10.21_1,2014.0,0.0032130579527972452
IDN.10.22_1,2014.0,0.0025371537716878784
IDN.10.23_1,2014.0,0.002709079330073682
IDN.10.24_1,2014.0,3.7909610827272584E-4
IDN.10.25_1,2014.0,2.8106039987638886E-4
IDN.10.26_1,2014.0,0.005699116270231664
IDN.10.28_1,2014.0,0.0028315634374479945
IDN.10.29_1,2014.0,0.0010785585357249961
IDN.10.30_1,2014.0,0.0017383625306671919
IDN.10.32_1,2014.0,0.0018200769721054054
IDN.10.33_1,2014.0,0.0013002499482963276
IDN.10.35_1,2014.0,0.0024535245785752284
IDN.10.36_1,2014.0,3.422842877509917E-4
IDN.11.1_1,2014.0,4.2696333243087014E-4
IDN.11.2_1,2014.0,0.012434446891291645
IDN.11.4_1,2014.0,0.004776828037760191
IDN.11.5_1,2014.0,0.004884249962064842
IDN.11.6_1,2014.0,0.0023251711544326824
IDN.11.7_1,2014.0,0.009146736601534625
IDN.11.8_1,2014.0,0.009121806886806413
IDN.11.9_1,2014.0,6.796045177651144E-4
IDN.11.10_1,2014.0,0.005435182833410692
IDN.11.18_1,2014.0,0.0015821066977501218
IDN.11.19_1,2014.0,0.002186376083774028
IDN.11.20_1,2014.0,0.004304171951906377
IDN.11.21_1,2014.0,3.289093122834307E-4
IDN.11.22_1,2014.0,0.004622719721172928
IDN.11.23_1,2014.0,8.90636575745267E-4
IDN.11.24_1,2014.0,0.0023647119269923833
IDN.11.25_1,2014.0,0.00372920469954674
IDN.11.26_1,2014.0,0.0031200414560483935
IDN.11.27_1,2014.0,1.7434431155533583E-4
IDN.11.28_1,2014.0,0.0030167319037627985
IDN.11.29_1,2014.0,9.685132436830255E-4
IDN.11.30_1,2014.0,6.461937361255598E-4
IDN.11.31_1,2014.0,2.443828911914407E-4
IDN.11.32_1,2014.0,1.7105127161248194E-4
IDN.11.33_1,2014.0,5.058903434747321E-4
IDN.11.34_1,2014.0,0.0022692960673194908
IDN.11.36_1,2014.0,0.002690418526912371
IDN.11.37_1,2014.0,0.002929358972143967
IDN.11.38_1,2014.0,0.009453513620508542
IDN.12.1_1,2014.0,0.032919117992994226
IDN.12.2_1,2014.0,0.009383446458209462
IDN.12.3_1,2014.0,0.017403104377446642
IDN.12.4_1,2014.0,0.032870091684697546
IDN.12.6_1,2014.0,0.04108915734987965
IDN.12.7_1,2014.0,0.037987873427472355
IDN.12.8_1,2014.0,0.0234365367124919
IDN.12.9_1,2014.0,0.06822843400588019
IDN.12.10_1,2014.0,0.05114499240504783
IDN.12.11_1,2014.0,0.02990016647575119
IDN.12.12_1,2014.0,0.02478083584200015
IDN.12.14_1,2014.0,0.02236676170165826
IDN.13.1_1,2014.0,0.023146052100865417
IDN.13.3_1,2014.0,0.02518666768176733
IDN.13.5_1,2014.0,0.02757864748049546
IDN.13.6_1,2014.0,0.01571096100685349
IDN.13.7_1,2014.0,0.013585909895738815
IDN.13.8_1,2014.0,0.004566087659314276
IDN.13.9_1,2014.0,0.027566289050025755
IDN.13.10_1,2014.0,0.012373836476530935
IDN.13.11_1,2014.0,0.04989496616844263
IDN.13.12_1,2014.0,0.02682412105947051
IDN.13.13_1,2014.0,0.046407655333983416
IDN.14.1_1,2014.0,0.00667565126293866
IDN.14.2_1,2014.0,0.025794166219510417
IDN.14.3_1,2014.0,0.014189443498853673
IDN.14.4_1,2014.0,0.023896516657272247
IDN.14.5_1,2014.0,0.01461315052541592
IDN.14.6_1,2014.0,0.014998897434126909
IDN.14.7_1,2014.0,0.023197829348892546
IDN.14.8_1,2014.0,0.026485488049345002
IDN.14.9_1,2014.0,0.032917774745237924
IDN.14.10_1,2014.0,0.0051496328087193245
IDN.14.12_1,2014.0,0.027757728920800563
IDN.14.13_1,2014.0,0.012347985539583476
IDN.14.14_1,2014.0,0.041239080046810796
IDN.34.2_1,2014.0,0.017284851083219754
IDN.34.5_1,2014.0,0.017640061739328815
IDN.34.6_1,2014.0,0.022787506759442227
IDN.34.7_1,2014.0,0.02398492437041628
IDN.34.10_1,2014.0,0.023604850833344276
IDN.34.11_1,2014.0,0.04817658330953064
IDN.16.2_1,2014.0,0.05660661838843015
IDN.16.3_1,2014.0,0.05668669262162644
IDN.16.4_1,2014.0,0.011068708500049212
IDN.16.5_1,2014.0,0.025943883325108434
IDN.16.6_1,2014.0,0.012951666588592987
IDN.17.2_1,2014.0,0.0072707559685705825
IDN.17.3_1,2014.0,0.006542318027226604
IDN.17.4_1,2014.0,0.006659242400138756
IDN.17.5_1,2014.0,0.0036454937634659997
IDN.17.6_1,2014.0,0.008145647279483028
IDN.17.7_1,2014.0,0.015594229202116696
IDN.17.9_1,2014.0,0.008047236396684424
IDN.17.10_1,2014.0,0.0037648260436167966
IDN.17.11_1,2014.0,0.007147150976979938
IDN.17.12_1,2014.0,0.010516039708260226
IDN.17.13_1,2014.0,0.009130648912580393
IDN.17.14_1,2014.0,0.01025128431976674
IDN.19.3_1,2014.0,0.004443329791464356
IDN.19.2_1,2014.0,0.004472964928732653
IDN.19.4_1,2014.0,0.0038912796773914395
IDN.19.5_1,2014.0,0.00776080608239305
IDN.19.6_1,2014.0,0.00874177857057388
IDN.19.8_1,2014.0,0.02001106074106125
IDN.19.7_1,2014.0,0.007115791426050464
IDN.19.9_1,2014.0,0.005166447489692393
IDN.19.10_1,2014.0,0.0069107571881473475
IDN.18.1_1,2014.0,0.008104054416216228
IDN.18.2_1,2014.0,0.011028473334196886
IDN.18.3_1,2014.0,0.006455743003831165
IDN.18.4_1,2014.0,0.004535623582125713
IDN.18.5_1,2014.0,0.011386442715419718
IDN.18.6_1,2014.0,0.014948451714308891
IDN.18.7_1,2014.0,0.007550717300325655
IDN.20.1_1,2014.0,0.005286360235125256
IDN.20.2_1,2014.0,0.01502649675406646
IDN.20.4_1,2014.0,0.015571381013743465
IDN.20.5_1,2014.0,0.008416619967215315
IDN.20.6_1,2014.0,0.0021162517017213537
IDN.20.7_1,2014.0,6.262328733976706E-4
IDN.20.10_1,2014.0,0.008215150150389452
IDN.20.9_1,2014.0,0.00891857795117745
IDN.21.1_1,2014.0,0.00446114166171859
IDN.21.2_1,2014.0,0.011701990102283778
IDN.21.3_1,2014.0,0.004406014166242031
IDN.21.4_1,2014.0,0.006538275618455517
IDN.21.6_1,2014.0,0.008737212512253482
IDN.21.7_1,2014.0,0.005160329033241776
IDN.21.10_1,2014.0,0.005097546739303467
IDN.21.8_1,2014.0,0.0065620422440864044
IDN.21.9_1,2014.0,0.0049265577240671194
IDN.21.11_1,2014.0,0.0017842705392748315
IDN.21.12_1,2014.0,0.004018153923514266
IDN.21.13_1,2014.0,0.008230254173525393
IDN.21.14_1,2014.0,0.0076293071447920205
IDN.21.15_1,2014.0,0.004135068829968122
IDN.21.17_1,2014.0,0.006341550631149898
IDN.21.16_1,2014.0,0.008529074359765255
IDN.21.18_1,2014.0,0.004813183260134521
IDN.21.19_1,2014.0,0.004724730120575133
IDN.21.20_1,2014.0,0.014601568914109301
IDN.21.21_1,2014.0,0.009603532797835792
IDN.23.1_1,2014.0,7.907169398627846E-4
IDN.23.2_1,2014.0,0.009740722106423252
IDN.23.3_1,2014.0,0.00412852571573933
IDN.23.4_1,2014.0,0.0018360389393715115
IDN.23.5_1,2014.0,0.0022545939510865
IDN.23.6_1,2014.0,0.002553039683552336
IDN.23.7_1,2014.0,0.0021854431699281267
IDN.23.8_1,2014.0,0.0035653465988653432
IDN.23.9_1,2014.0,0.00311638631999969
IDN.23.10_1,2014.0,0.0036984537557709913
IDN.23.12_1,2014.0,0.0019032485941958108
IDN.23.13_1,2014.0,9.08222903203667E-4
IDN.23.14_1,2014.0,0.003131354528082491
IDN.23.15_1,2014.0,0.001999458356676974
IDN.23.16_1,2014.0,0.004760503211805211
IDN.23.17_1,2014.0,0.0033732694829533404
IDN.23.18_1,2014.0,0.008184447823167067
IDN.23.19_1,2014.0,0.0021254489448507548
IDN.23.20_1,2014.0,0.0010856239607433898
IDN.23.21_1,2014.0,0.0032723359702092262
IDN.23.23_1,2014.0,0.0016379981213664482
IDN.23.22_1,2014.0,0.0024038693645584285
IDN.23.24_1,2014.0,0.001779287959356128
IDN.23.25_1,2014.0,0.004179579155263261
IDN.23.26_1,2014.0,0.003469316847682278
IDN.23.27_1,2014.0,0.001145938700220185
IDN.23.28_1,2014.0,0.0028713728364000183
IDN.23.29_1,2014.0,0.0024118899218483368
IDN.22.1_1,2014.0,0.002890336334008225
IDN.22.2_1,2014.0,0.002086307339890689
IDN.22.4_1,2014.0,0.0032360742137121173
IDN.22.5_1,2014.0,0.005334530626411291
IDN.22.6_1,2014.0,0.0018205097886278229
IDN.22.8_1,2014.0,0.005212278436349871
IDN.22.7_1,2014.0,0.004902042963085567
IDN.22.9_1,2014.0,0.0023460746738280347
IDN.22.10_1,2014.0,0.002803343994116722
IDN.22.11_1,2014.0,0.0043613588591196895
IDN.24.1_1,2014.0,0.06839912213759519
IDN.24.3_1,2014.0,0.034281880241143696
IDN.24.4_1,2014.0,0.02529641289491381
IDN.24.5_1,2014.0,0.015719641989688407
IDN.24.6_1,2014.0,0.1326394504964549
IDN.24.7_1,2014.0,0.023343690910200877
IDN.24.9_1,2014.0,0.03494915325958187
IDN.24.10_1,2014.0,0.03732599933442805
IDN.24.11_1,2014.0,0.020147036267682834
IDN.24.12_1,2014.0,0.04731896586146483
IDN.25.1_1,2014.0,0.011773570619126768
IDN.25.2_1,2014.0,0.005550439649135992
IDN.25.4_1,2014.0,0.013440333553816936
IDN.25.3_1,2014.0,0.019481939146214183
IDN.25.5_1,2014.0,0.014556900402739062
IDN.26.1_1,2014.0,0.00470797420662996
IDN.26.2_1,2014.0,0.003996349552144616
IDN.26.3_1,2014.0,0.006662690067423751
IDN.26.4_1,2014.0,0.005156095913002097
IDN.26.5_1,2014.0,0.013580712852330434
IDN.26.6_1,2014.0,0.0018675782057281584
IDN.26.7_1,2014.0,2.122124832928565E-4
IDN.26.8_1,2014.0,0.010166232640896226
IDN.26.11_1,2014.0,0.022565391824688384
IDN.26.9_1,2014.0,0.018039755265030273
IDN.26.10_1,2014.0,0.006260973619711329
IDN.26.13_1,2014.0,0.0025971145471912647
IDN.26.15_1,2014.0,0.002271285576742492
IDN.26.17_1,2014.0,0.008508529344874621
IDN.26.18_1,2014.0,0.01377017394349181
IDN.26.19_1,2014.0,0.001351584651973649
IDN.26.20_1,2014.0,0.004203567020914636
IDN.26.21_1,2014.0,7.377607398522973E-4
IDN.26.22_1,2014.0,0.0024450385213308774
IDN.26.23_1,2014.0,0.0012492081361321586
IDN.26.24_1,2014.0,0.009805985045155568
IDN.27.2_1,2014.0,0.011346839343516067
IDN.27.1_1,2014.0,0.016137932617687617
IDN.27.3_1,2014.0,0.011455837446198122
IDN.27.4_1,2014.0,0.013857938599239231
IDN.27.5_1,2014.0,0.012825586753832385
IDN.27.7_1,2014.0,0.019830436934162643
IDN.27.8_1,2014.0,0.007706987570032627
IDN.27.9_1,2014.0,0.006838264682425424
IDN.27.10_1,2014.0,0.014989284773693188
IDN.27.11_1,2014.0,0.01408931007564675
IDN.28.2_1,2014.0,0.013554771192115853
IDN.28.4_1,2014.0,0.014563894459196095
IDN.28.3_1,2014.0,0.015262857506582687
IDN.28.7_1,2014.0,0.021501413202472435
IDN.28.6_1,2014.0,0.014551144418888927
IDN.28.10_1,2014.0,0.012689328239609058
IDN.28.8_1,2014.0,0.03636213929724515
IDN.28.9_1,2014.0,0.008495778367585546
IDN.28.11_1,2014.0,0.04050350776110656
IDN.28.12_1,2014.0,0.020997083873795407
IDN.29.5_1,2014.0,0.009218154199179136
IDN.29.2_1,2014.0,0.01286533016080835
IDN.29.3_1,2014.0,0.01439972088344922
IDN.29.4_1,2014.0,0.011402239194110163
IDN.29.6_1,2014.0,0.0038417428646031434
IDN.29.7_1,2014.0,0.004760890925628901
IDN.29.13_1,2014.0,0.00559175278178177
IDN.29.10_1,2014.0,0.00900710795698656
IDN.29.11_1,2014.0,0.007500272068260713
IDN.29.12_1,2014.0,0.010118877758304683
IDN.29.14_1,2014.0,0.006375974736911656
IDN.30.1_1,2014.0,0.005825294830518905
IDN.30.4_1,2014.0,0.02707586124852421
IDN.30.5_1,2014.0,0.0038086172018097345
IDN.30.7_1,2014.0,0.0036899406691165643
IDN.30.9_1,2014.0,0.004029140430158236
IDN.30.13_1,2014.0,0.010116078167923955
IDN.30.12_1,2014.0,0.023512591809650644
IDN.30.15_1,2014.0,0.00844113365368473
IDN.30.17_1,2014.0,0.011963844681016586
IDN.30.19_1,2014.0,0.0029546290693737995
IDN.30.18_1,2014.0,0.0164998793494189
IDN.30.20_1,2014.0,0.002786587595411804
IDN.31.1_1,2014.0,0.022052407827466758
IDN.31.2_1,2014.0,0.021056354552310808
IDN.31.3_1,2014.0,0.022619839292686603
IDN.31.5_1,2014.0,0.029695776343303056
IDN.31.6_1,2014.0,0.03555065747718729
IDN.31.7_1,2014.0,0.023813825935273616
IDN.31.8_1,2014.0,0.023509840905012423
IDN.31.9_1,2014.0,0.026199625319376408
IDN.31.12_1,2014.0,0.026254538816557618
IDN.31.10_1,2014.0,0.028605254880081338
IDN.31.11_1,2014.0,0.0065180797632245395
IDN.32.1_1,2014.0,0.02078581891273834
IDN.32.2_1,2014.0,0.016675421828481075
IDN.32.3_1,2014.0,0.014350003711719544
IDN.32.4_1,2014.0,0.015746748544011587
IDN.32.6_1,2014.0,0.011830342929936736
IDN.32.7_1,2014.0,0.025924593597626132
IDN.32.13_1,2014.0,0.033354533476993665
IDN.32.11_1,2014.0,0.023381142604868753
IDN.32.12_1,2014.0,0.02818880402890745
IDN.32.15_1,2014.0,0.01576202402139637
IDN.32.16_1,2014.0,0.022307907563263764
IDN.32.20_1,2014.0,0.006686260720251607
IDN.32.17_1,2014.0,0.0047672318525143476
IDN.32.18_1,2014.0,0.010409595080224246
IDN.32.19_1,2014.0,0.016058549087547294
IDN.32.22_1,2014.0,0.018099607837352122
IDN.32.21_1,2014.0,0.015242516329382635
IDN.32.24_1,2014.0,0.011040081915718708
IDN.32.26_1,2014.0,0.017545493704564655
IDN.32.27_1,2014.0,0.023813137827019118
IDN.32.29_1,2014.0,0.021832949201277294
IDN.32.30_1,2014.0,0.016634948260578944
IDN.32.31_1,2014.0,0.02068482701555738
IDN.32.32_1,2014.0,0.008336532401175392
IDN.32.34_1,2014.0,0.013290388338892145
IDN.33.1_1,2014.0,6.314321759678042E-4
IDN.33.2_1,2014.0,7.8204278581584E-4
IDN.33.4_1,2014.0,6.02115317125536E-4
IDN.33.5_1,2014.0,2.5696497691648373E-4
IDN.1.12_1,2014.0,5.796640133190093E-4
IDN.1.16_1,2014.0,0.015528433030816873
IDN.1.17_1,2014.0,0.010886258765239293
IDN.1.21_1,2014.0,0.00960652099280791
IDN.1.23_1,2014.0,0.028979159352402667
IDN.2.4_1,2014.0,0.0035114218313959996
IDN.3.7_1,2014.0,0.03685146334292826
IDN.4.2_1,2014.0,3.9970543609868313E-4
IDN.5.4_1,2014.0,0.004143924856829263
IDN.6.6_1,2014.0,0.0012742376621218453
IDN.7.3_1,2014.0,6.830987179442535E-5
IDN.8.3_1,2014.0,0.010167262334320387
IDN.8.8_1,2014.0,0.003169269162013942
IDN.9.3_1,2014.0,0.00461303601446994
IDN.9.10_1,2014.0,9.919737652114807E-5
IDN.9.14_1,2014.0,2.35511592365453E-4
IDN.9.16_1,2014.0,8.844008340420099E-5
IDN.9.18_1,2014.0,2.0135754466978943E-4
IDN.9.19_1,2014.0,3.7602435036790334E-4
IDN.10.16_1,2014.0,2.1787143876317373E-4
IDN.10.17_1,2014.0,0.0018422360334874566
IDN.10.27_1,2014.0,0.0016688530216783647
IDN.11.3_1,2014.0,0.0014545724914082853
IDN.11.14_1,2014.0,9.826558613057455E-4
IDN.11.15_1,2014.0,4.919361061810325E-4
IDN.11.16_1,2014.0,0.004193941858101241
IDN.11.35_1,2014.0,1.5678472043747236E-4
IDN.12.5_1,2014.0,0.015323298113536863
IDN.12.13_1,2014.0,0.03752949997754029
IDN.13.2_1,2014.0,0.018800282502373488
IDN.13.4_1,2014.0,0.006592610455988042
IDN.14.11_1,2014.0,0.038232326579433915
IDN.34.1_1,2014.0,0.03286818753326996
IDN.34.3_1,2014.0,0.03392187985007004
IDN.34.12_1,2014.0,0.027267503058805403
IDN.16.1_1,2014.0,0.08420337836532989
IDN.16.7_1,2014.0,0.018729949512214378
IDN.17.1_1,2014.0,0.001079548661021057
IDN.17.8_1,2014.0,0.0032766076557960333
IDN.19.1_1,2014.0,0.004320252501061992
IDN.19.11_1,2014.0,0.0272746736218025
IDN.18.8_1,2014.0,0.005462258205618971
IDN.18.9_1,2014.0,0.0031654937469068555
IDN.20.3_1,2014.0,0.003364599076788399
IDN.20.8_1,2014.0,0.0011444297343301902
IDN.21.5_1,2014.0,0.0012225119081897484
IDN.23.11_1,2014.0,0.008621147207671041
IDN.22.3_1,2014.0,0.011086112084028392
IDN.24.2_1,2014.0,0.060331931778191045
IDN.24.8_1,2014.0,0.02490134678152419
IDN.26.12_1,2014.0,0.0014551289928113752
IDN.26.14_1,2014.0,0.010366067885532074
IDN.26.16_1,2014.0,0.0013623250347259304
IDN.27.6_1,2014.0,0.0061642792822158374
IDN.28.1_1,2014.0,0.01682444539163642
IDN.28.5_1,2014.0,0.03856958512219863
IDN.29.1_1,2014.0,0.010458442547440409
IDN.29.8_1,2014.0,0.002594672078513823
IDN.29.9_1,2014.0,0.009681840198007293
IDN.29.15_1,2014.0,0.0019263944414609723
IDN.30.2_1,2014.0,0.001489086818323262
IDN.30.6_1,2014.0,0.0022688343783040313
IDN.30.10_1,2014.0,0.002474574444640529
IDN.30.8_1,2014.0,4.7081066210749643E-4
IDN.30.11_1,2014.0,0.0022665279110307152
IDN.30.14_1,2014.0,6.596295830675413E-4
IDN.30.16_1,2014.0,0.008601382595767478
IDN.31.4_1,2014.0,0.01592052216362906
IDN.31.13_1,2014.0,0.010603271766323877
IDN.31.14_1,2014.0,0.013812822881249263
IDN.31.15_1,2014.0,0.03283823698748625
IDN.32.5_1,2014.0,0.006851903670884366
IDN.32.8_1,2014.0,0.008020902355653762
IDN.32.9_1,2014.0,0.003174326160238548
IDN.32.10_1,2014.0,0.0044689890580543925
IDN.32.23_1,2014.0,0.006694545909815473
IDN.32.25_1,2014.0,0.003817354802458117
IDN.32.28_1,2014.0,0.007417890248693959
IDN.32.33_1,2014.0,0.0069761786401774314
IDN.35.4,2014.0,0.02005886964806321
IDN.35.8,2014.0,0.003513032874563038
IDN.35.9,2014.0,0.013716433902848634
IDN.35.13,2014.0,0.0543709904385894
IDN.35.14,2014.0,0.01972159107204112
IDN.9.27_1,2014.0,2.740067256196289E-4
IDN.30.3_1,2014.0,0.006887385210246495
IDN.32.14_1,2014.0,0.005920382526029877
IDN.7.6_1,2014.0,0.0
IDN.4.1_1,2014.0,0.0
IDN.4.3_1,2014.0,0.0
IDN.4.7_1,2014.0,0.0
IDN.7.1_1,2014.0,0.0
IDN.7.2_1,2014.0,0.0
IDN.7.4_1,2014.0,0.0
IDN.7.5_1,2014.0,0.0
IDN.9.8_1,2014.0,0.0
IDN.9.15_1,2014.0,0.0
IDN.9.17_1,2014.0,0.0
IDN.10.15_1,2014.0,0.0
IDN.10.18_1,2014.0,0.0
IDN.10.31_1,2014.0,0.0
IDN.11.11_1,2014.0,0.0
IDN.11.12_1,2014.0,0.0
IDN.11.13_1,2014.0,0.0
IDN.11.17_1,2014.0,0.0
IDN.33.3_1,2014.0,0.0
IDN.10.34_1,2014.0,0.0
IDN.1.2_1,2015.0,0.011089570371805864
IDN.1.1_1,2015.0,0.006822815234808337
IDN.1.3_1,2015.0,0.003579009179041663
IDN.1.4_1,2015.0,0.0050558497310748745
IDN.1.5_1,2015.0,0.00717917800152204
IDN.1.6_1,2015.0,0.009643171484960935
IDN.1.7_1,2015.0,0.013751980000310918
IDN.1.8_1,2015.0,0.006610078795722599
IDN.1.9_1,2015.0,0.0029157609238971475
IDN.1.10_1,2015.0,0.01908327311374996
IDN.1.11_1,2015.0,0.016297566759809513
IDN.1.13_1,2015.0,0.007955724976116092
IDN.1.14_1,2015.0,0.01578293120335686
IDN.1.15_1,2015.0,0.0036232746419033388
IDN.1.18_1,2015.0,0.010387959012604007
IDN.1.20_1,2015.0,0.003247221754946696
IDN.1.19_1,2015.0,0.0026769021206346126
IDN.1.22_1,2015.0,0.0014051802566921086
IDN.2.1_1,2015.0,4.848805775953843E-4
IDN.2.2_1,2015.0,0.0011265706159720294
IDN.2.3_1,2015.0,3.111521029061283E-4
IDN.2.5_1,2015.0,0.0018774881896186995
IDN.2.6_1,2015.0,0.0024843055700403327
IDN.2.7_1,2015.0,7.494970764329403E-4
IDN.2.8_1,2015.0,1.5787616317584926E-4
IDN.2.9_1,2015.0,6.327286443196884E-5
IDN.3.4_1,2015.0,0.047969216693705935
IDN.3.1_1,2015.0,0.03256616582508104
IDN.3.2_1,2015.0,0.03333547844367403
IDN.3.3_1,2015.0,0.03672623716832196
IDN.3.6_1,2015.0,0.032134622001362155
IDN.3.5_1,2015.0,0.03154433756007186
IDN.4.4_1,2015.0,0.007522736116376407
IDN.4.5_1,2015.0,0.009414946802089565
IDN.4.6_1,2015.0,4.8458836186913697E-4
IDN.4.8_1,2015.0,4.9977582604320404E-5
IDN.5.1_1,2015.0,0.01948344195540146
IDN.5.2_1,2015.0,0.023111761464606334
IDN.5.3_1,2015.0,0.012673783914755972
IDN.5.5_1,2015.0,0.02554620079466362
IDN.5.6_1,2015.0,0.0079045506182679
IDN.5.7_1,2015.0,0.011863577129131601
IDN.5.8_1,2015.0,0.01222633010893583
IDN.5.9_1,2015.0,0.012950096111854362
IDN.5.10_1,2015.0,0.016000644051241072
IDN.6.1_1,2015.0,0.02331721458207473
IDN.6.2_1,2015.0,0.007359085795353941
IDN.6.3_1,2015.0,0.001968509015668094
IDN.6.5_1,2015.0,0.03347076751362253
IDN.6.4_1,2015.0,0.03164678145244839
IDN.6.7_1,2015.0,0.015460204103246984
IDN.7.6_1,2015.0,0.0028294820938167494
IDN.8.1_1,2015.0,0.018710857599210127
IDN.8.2_1,2015.0,0.013735175184546058
IDN.8.4_1,2015.0,0.006504636637230828
IDN.8.5_1,2015.0,0.012238782452128685
IDN.8.6_1,2015.0,0.01553372115233817
IDN.8.7_1,2015.0,0.019232933016944412
IDN.8.9_1,2015.0,0.016568897955190648
IDN.8.10_1,2015.0,0.01605321908720734
IDN.8.11_1,2015.0,0.026639311318131118
IDN.9.2_1,2015.0,8.285059697714099E-4
IDN.9.1_1,2015.0,0.0018585415415266645
IDN.9.4_1,2015.0,2.29633807677334E-4
IDN.9.5_1,2015.0,0.0036241292325096468
IDN.9.6_1,2015.0,9.442653243486597E-4
IDN.9.7_1,2015.0,0.004154902182868853
IDN.9.9_1,2015.0,9.191572529970559E-4
IDN.9.11_1,2015.0,0.002262202459329683
IDN.9.12_1,2015.0,3.125999581683859E-4
IDN.9.13_1,2015.0,0.0015307689303033563
IDN.9.20_1,2015.0,0.0010078549206668074
IDN.9.21_1,2015.0,0.0010432672659028061
IDN.9.22_1,2015.0,0.005026218350812028
IDN.9.23_1,2015.0,0.0030768045992916448
IDN.9.24_1,2015.0,0.003481388425329115
IDN.9.25_1,2015.0,0.0047648099650206095
IDN.9.26_1,2015.0,0.0017991075308253898
IDN.10.1_1,2015.0,2.4156200079512456E-4
IDN.10.2_1,2015.0,8.102244020581539E-4
IDN.10.3_1,2015.0,0.002975460794333825
IDN.10.4_1,2015.0,0.005754834076701549
IDN.10.5_1,2015.0,9.415019500559084E-4
IDN.10.6_1,2015.0,8.745146472286785E-4
IDN.10.7_1,2015.0,0.0022371434055457142
IDN.10.8_1,2015.0,3.561348034313279E-4
IDN.10.9_1,2015.0,0.0020237844531174284
IDN.10.10_1,2015.0,0.003451123362583821
IDN.10.11_1,2015.0,7.604947847457817E-4
IDN.10.12_1,2015.0,3.232399050569305E-4
IDN.10.13_1,2015.0,0.0033745299692831024
IDN.10.14_1,2015.0,1.828038437003425E-4
IDN.10.19_1,2015.0,4.396324481049124E-4
IDN.10.20_1,2015.0,4.10097600836763E-5
IDN.10.21_1,2015.0,0.0031425997603574665
IDN.10.22_1,2015.0,0.001185522933579432
IDN.10.23_1,2015.0,0.00290195876457731
IDN.10.24_1,2015.0,2.4457813436950057E-5
IDN.10.25_1,2015.0,5.423412937455858E-5
IDN.10.26_1,2015.0,0.0028265498968935137
IDN.10.28_1,2015.0,0.0018288308074707552
IDN.10.29_1,2015.0,3.3874146878285047E-4
IDN.10.30_1,2015.0,8.392094975634719E-4
IDN.10.32_1,2015.0,0.0013231567887540692
IDN.10.33_1,2015.0,5.876865935921439E-4
IDN.10.35_1,2015.0,5.056599033259287E-4
IDN.10.36_1,2015.0,1.8414400492619532E-4
IDN.11.1_1,2015.0,4.7270940376274907E-4
IDN.11.2_1,2015.0,0.0035489717416797226
IDN.11.4_1,2015.0,0.0019638910571819312
IDN.11.5_1,2015.0,0.0015433606306837642
IDN.11.6_1,2015.0,7.224454532830107E-4
IDN.11.7_1,2015.0,0.0012797760724194544
IDN.11.8_1,2015.0,0.0020430540601750367
IDN.11.9_1,2015.0,7.87764296218469E-4
IDN.11.10_1,2015.0,0.003588367385525235
IDN.11.18_1,2015.0,0.001976661644035211
IDN.11.19_1,2015.0,0.0018328933230491386
IDN.11.20_1,2015.0,8.642443340120714E-4
IDN.11.21_1,2015.0,1.1238835603794601E-4
IDN.11.22_1,2015.0,0.0038345632669174227
IDN.11.23_1,2015.0,6.662310855819987E-4
IDN.11.24_1,2015.0,6.891523201835823E-4
IDN.11.25_1,2015.0,5.007028922028919E-4
IDN.11.26_1,2015.0,0.002644729235418563
IDN.11.27_1,2015.0,6.226582555547708E-5
IDN.11.28_1,2015.0,0.001080903716224782
IDN.11.29_1,2015.0,7.717673740101075E-4
IDN.11.30_1,2015.0,2.638820646534604E-4
IDN.11.31_1,2015.0,5.213501678750735E-4
IDN.11.33_1,2015.0,5.8801161728308705E-5
IDN.11.34_1,2015.0,1.1838291720577318E-4
IDN.11.36_1,2015.0,0.0016366875490448143
IDN.11.37_1,2015.0,0.0022982377930774213
IDN.11.38_1,2015.0,0.003809326296230584
IDN.12.1_1,2015.0,0.018358144316536554
IDN.12.2_1,2015.0,0.006074791652256085
IDN.12.3_1,2015.0,0.03609149112318859
IDN.12.4_1,2015.0,0.03747242182437386
IDN.12.6_1,2015.0,0.041087328094901704
IDN.12.7_1,2015.0,0.031137589246925338
IDN.12.8_1,2015.0,0.020448260681941215
IDN.12.9_1,2015.0,0.02738028936480435
IDN.12.10_1,2015.0,0.021945067550337177
IDN.12.11_1,2015.0,0.02554455856415102
IDN.12.12_1,2015.0,0.029267497769301987
IDN.12.14_1,2015.0,0.02062233115305718
IDN.13.1_1,2015.0,0.015672608205246366
IDN.13.3_1,2015.0,0.02374763783828097
IDN.13.5_1,2015.0,0.03283300464609823
IDN.13.6_1,2015.0,0.015906078415936248
IDN.13.7_1,2015.0,0.009509895628516866
IDN.13.8_1,2015.0,0.01591452989954323
IDN.13.9_1,2015.0,0.03460836038384864
IDN.13.10_1,2015.0,0.013606443236186908
IDN.13.11_1,2015.0,0.053435619057509515
IDN.13.12_1,2015.0,0.028905538708517902
IDN.13.13_1,2015.0,0.020361621794543518
IDN.14.1_1,2015.0,0.016461495954086008
IDN.14.2_1,2015.0,0.035044860981152476
IDN.14.3_1,2015.0,0.014144788245320295
IDN.14.4_1,2015.0,0.016048582316084022
IDN.14.5_1,2015.0,0.01648114669712122
IDN.14.6_1,2015.0,0.016758120323016653
IDN.14.7_1,2015.0,0.024271002309976353
IDN.14.8_1,2015.0,0.028009920253015713
IDN.14.9_1,2015.0,0.030557208397125144
IDN.14.10_1,2015.0,0.004346092465637896
IDN.14.12_1,2015.0,0.040199519017389614
IDN.14.13_1,2015.0,0.012359376959225519
IDN.14.14_1,2015.0,0.03836698293215502
IDN.34.2_1,2015.0,0.014884817018007276
IDN.34.5_1,2015.0,0.013793651474143754
IDN.34.6_1,2015.0,0.02046611218327965
IDN.34.7_1,2015.0,0.019290143996679218
IDN.34.10_1,2015.0,0.03174494446932166
IDN.34.11_1,2015.0,0.04139285767237792
IDN.16.2_1,2015.0,0.02007650238374623
IDN.16.3_1,2015.0,0.017377981110213752
IDN.16.4_1,2015.0,0.00896153614421844
IDN.16.5_1,2015.0,0.007555192488696239
IDN.16.6_1,2015.0,0.003151809483391334
IDN.17.2_1,2015.0,0.009775722757089423
IDN.17.3_1,2015.0,0.005727353186834007
IDN.17.4_1,2015.0,0.015308225765784255
IDN.17.5_1,2015.0,0.005159065178097586
IDN.17.6_1,2015.0,0.012575812698535185
IDN.17.7_1,2015.0,0.014361530592566637
IDN.17.9_1,2015.0,0.0031621658524166657
IDN.17.10_1,2015.0,0.002879162352562418
IDN.17.11_1,2015.0,0.005195611490936297
IDN.17.12_1,2015.0,0.019059058979219126
IDN.17.13_1,2015.0,0.021488547068000373
IDN.17.14_1,2015.0,0.008060092184504417
IDN.19.3_1,2015.0,0.009444028866434945
IDN.19.2_1,2015.0,0.021031648938029605
IDN.19.4_1,2015.0,0.008818220038766204
IDN.19.5_1,2015.0,0.0021582580044015695
IDN.19.6_1,2015.0,0.030925329286790475
IDN.19.8_1,2015.0,0.015624980271223863
IDN.19.7_1,2015.0,0.010195706868614391
IDN.19.9_1,2015.0,0.009659629629350372
IDN.19.10_1,2015.0,0.03601078402225945
IDN.18.1_1,2015.0,0.017309800824980192
IDN.18.2_1,2015.0,0.02145337271821455
IDN.18.3_1,2015.0,0.023069904103166408
IDN.18.4_1,2015.0,0.030427456689556112
IDN.18.5_1,2015.0,0.032380639652759675
IDN.18.6_1,2015.0,0.013765198562532043
IDN.18.7_1,2015.0,0.017567911886028596
IDN.20.1_1,2015.0,0.002568438297642392
IDN.20.2_1,2015.0,0.008734143416387353
IDN.20.4_1,2015.0,0.0032736588770255082
IDN.20.5_1,2015.0,4.992668293987826E-4
IDN.20.6_1,2015.0,8.34232554881461E-4
IDN.20.7_1,2015.0,2.210233670815308E-4
IDN.20.10_1,2015.0,0.006387614422810921
IDN.20.9_1,2015.0,0.0026832833750803664
IDN.21.1_1,2015.0,0.0018519810149035555
IDN.21.2_1,2015.0,0.00510795889429988
IDN.21.3_1,2015.0,0.004080713036495478
IDN.21.4_1,2015.0,0.0025236163613966893
IDN.21.6_1,2015.0,0.008183811710798235
IDN.21.7_1,2015.0,0.0017397508988050273
IDN.21.10_1,2015.0,0.005073129316998109
IDN.21.8_1,2015.0,0.00261917709302405
IDN.21.9_1,2015.0,0.006595270629140865
IDN.21.11_1,2015.0,0.001514378854680703
IDN.21.12_1,2015.0,0.001450962619703332
IDN.21.13_1,2015.0,0.0024661929823209337
IDN.21.14_1,2015.0,2.1247374178674414E-4
IDN.21.15_1,2015.0,0.0033194955420012048
IDN.21.17_1,2015.0,0.007924921307960997
IDN.21.16_1,2015.0,0.008915161104874742
IDN.21.18_1,2015.0,0.003908442074212645
IDN.21.19_1,2015.0,0.004084143544110058
IDN.21.20_1,2015.0,0.01482404407595396
IDN.21.21_1,2015.0,0.003147143530714967
IDN.23.1_1,2015.0,0.0020082492524324575
IDN.23.2_1,2015.0,0.011369266589564157
IDN.23.3_1,2015.0,0.005070993760608763
IDN.23.4_1,2015.0,0.002273399856869561
IDN.23.5_1,2015.0,0.002303976172215916
IDN.23.6_1,2015.0,0.0026060598373427012
IDN.23.7_1,2015.0,0.0013231495770591774
IDN.23.8_1,2015.0,0.007135164360611536
IDN.23.9_1,2015.0,0.002692981348401652
IDN.23.10_1,2015.0,0.003947906936783691
IDN.23.12_1,2015.0,0.004640903060736926
IDN.23.13_1,2015.0,4.68538726760889E-4
IDN.23.14_1,2015.0,0.003534699778243535
IDN.23.15_1,2015.0,0.00986369151697563
IDN.23.16_1,2015.0,0.00700201755330202
IDN.23.17_1,2015.0,0.0029819413333073757
IDN.23.18_1,2015.0,0.008556336507148876
IDN.23.19_1,2015.0,0.0012611281986505524
IDN.23.20_1,2015.0,0.0013139859086953865
IDN.23.21_1,2015.0,0.003829554665487369
IDN.23.23_1,2015.0,0.0015812686567465162
IDN.23.22_1,2015.0,0.002538509180106391
IDN.23.24_1,2015.0,0.0014417499037821554
IDN.23.25_1,2015.0,0.0023269760937109124
IDN.23.26_1,2015.0,0.00421843165176835
IDN.23.27_1,2015.0,0.001295120266067891
IDN.23.28_1,2015.0,0.00275589490150426
IDN.23.29_1,2015.0,0.004163086786783029
IDN.22.1_1,2015.0,0.013092552243979462
IDN.22.2_1,2015.0,0.003612268244460244
IDN.22.4_1,2015.0,0.004865418665741061
IDN.22.5_1,2015.0,0.004811693844980809
IDN.22.6_1,2015.0,0.00953107473305683
IDN.22.8_1,2015.0,0.006467533212105952
IDN.22.7_1,2015.0,0.024835479576807467
IDN.22.9_1,2015.0,0.0026532324030133754
IDN.22.10_1,2015.0,0.002784580837889817
IDN.22.11_1,2015.0,0.003165033635581602
IDN.24.1_1,2015.0,0.013216281395109258
IDN.24.3_1,2015.0,0.01351565203790251
IDN.24.4_1,2015.0,0.016860810428208337
IDN.24.5_1,2015.0,0.012901117013242525
IDN.24.6_1,2015.0,0.02326535931940571
IDN.24.7_1,2015.0,0.020430709731130117
IDN.24.9_1,2015.0,0.009735696038172694
IDN.24.10_1,2015.0,0.014009876565542053
IDN.24.11_1,2015.0,0.009746190720071336
IDN.24.12_1,2015.0,0.012154545865713505
IDN.25.1_1,2015.0,0.014623853456718761
IDN.25.2_1,2015.0,0.00816032494294983
IDN.25.4_1,2015.0,0.012910152740685141
IDN.25.3_1,2015.0,0.017354327824422776
IDN.25.5_1,2015.0,0.014678211187806055
IDN.26.2_1,2015.0,0.0016547677205114295
IDN.26.3_1,2015.0,0.005522085845261007
IDN.26.4_1,2015.0,0.002256654890814069
IDN.26.5_1,2015.0,0.013470311136918696
IDN.26.6_1,2015.0,0.0011797128859268237
IDN.26.7_1,2015.0,1.2483087252520971E-5
IDN.26.8_1,2015.0,0.0034451432014975495
IDN.26.11_1,2015.0,0.023960263689348744
IDN.26.9_1,2015.0,0.030335490375310973
IDN.26.10_1,2015.0,0.005988408424698558
IDN.26.13_1,2015.0,0.002862164492506375
IDN.26.15_1,2015.0,7.067889968422691E-4
IDN.26.17_1,2015.0,0.010985608071131133
IDN.26.18_1,2015.0,0.00883980669711834
IDN.26.19_1,2015.0,0.0013547544514811514
IDN.26.20_1,2015.0,0.004259921536690816
IDN.26.21_1,2015.0,8.9970821933207E-5
IDN.26.22_1,2015.0,0.007669680547090014
IDN.26.23_1,2015.0,0.006263814733075345
IDN.26.24_1,2015.0,0.009143566354985302
IDN.27.2_1,2015.0,0.02621691272254345
IDN.27.1_1,2015.0,0.020747006901395606
IDN.27.3_1,2015.0,0.021887742945461988
IDN.27.4_1,2015.0,0.015435366107881758
IDN.27.5_1,2015.0,0.014372918933059912
IDN.27.7_1,2015.0,0.020491783990371205
IDN.27.8_1,2015.0,0.012706886853685925
IDN.27.9_1,2015.0,0.01036940688538585
IDN.27.10_1,2015.0,0.07448957697140501
IDN.27.11_1,2015.0,0.0263417719694233
IDN.28.2_1,2015.0,0.023199125477208895
IDN.28.4_1,2015.0,0.014901032474891338
IDN.28.3_1,2015.0,0.010760123285226053
IDN.28.7_1,2015.0,0.023830671463092642
IDN.28.6_1,2015.0,0.013216579297315198
IDN.28.10_1,2015.0,0.015018781896412394
IDN.28.8_1,2015.0,0.02818850495620595
IDN.28.9_1,2015.0,0.010904630585974462
IDN.28.11_1,2015.0,0.032625419590157044
IDN.28.12_1,2015.0,0.020455755464551136
IDN.29.5_1,2015.0,0.02002088533706893
IDN.29.2_1,2015.0,0.013021341422209325
IDN.29.3_1,2015.0,0.011864561539705139
IDN.29.4_1,2015.0,0.06441171769389205
IDN.29.6_1,2015.0,6.930449771275275E-4
IDN.29.7_1,2015.0,0.004842376660044957
IDN.29.13_1,2015.0,0.010450690886479331
IDN.29.10_1,2015.0,0.010590338624330004
IDN.29.11_1,2015.0,0.010093181727058474
IDN.29.12_1,2015.0,0.02141798239170573
IDN.29.14_1,2015.0,0.0055193717633044625
IDN.30.1_1,2015.0,0.005266360704560128
IDN.30.4_1,2015.0,0.029917223443840284
IDN.30.5_1,2015.0,0.002051089200956723
IDN.30.7_1,2015.0,0.003951837856016226
IDN.30.9_1,2015.0,0.0021884052587773433
IDN.30.13_1,2015.0,0.00584500912644191
IDN.30.12_1,2015.0,0.012048179940635319
IDN.30.15_1,2015.0,0.005161049178596205
IDN.30.17_1,2015.0,0.010288388213115498
IDN.30.19_1,2015.0,0.001429916589407774
IDN.30.18_1,2015.0,0.010595688651792489
IDN.30.20_1,2015.0,0.0012919210274843986
IDN.31.1_1,2015.0,0.03316609941672523
IDN.31.2_1,2015.0,0.013165469991575042
IDN.31.3_1,2015.0,0.01787372678047408
IDN.31.5_1,2015.0,0.024064671378787893
IDN.31.6_1,2015.0,0.029044283768480495
IDN.31.7_1,2015.0,0.017712261852822948
IDN.31.8_1,2015.0,0.016844470264422602
IDN.31.9_1,2015.0,0.04413533632719856
IDN.31.12_1,2015.0,0.01849266801061286
IDN.31.10_1,2015.0,0.01842684549251526
IDN.31.11_1,2015.0,0.010334116267179455
IDN.32.1_1,2015.0,0.013015345693663135
IDN.32.2_1,2015.0,0.008062495791883022
IDN.32.3_1,2015.0,0.006326343832846175
IDN.32.4_1,2015.0,0.008304384561996439
IDN.32.6_1,2015.0,0.007834441380436864
IDN.32.7_1,2015.0,0.006077344588308968
IDN.32.13_1,2015.0,0.016754705011139865
IDN.32.11_1,2015.0,0.018970600072784286
IDN.32.12_1,2015.0,0.018006568541628108
IDN.32.15_1,2015.0,0.006148629815790686
IDN.32.16_1,2015.0,0.013588909550513001
IDN.32.20_1,2015.0,0.0030819062295896872
IDN.32.17_1,2015.0,0.0024311892529932364
IDN.32.18_1,2015.0,0.005773311674365909
IDN.32.19_1,2015.0,0.007103209385700116
IDN.32.22_1,2015.0,0.016309169064001688
IDN.32.21_1,2015.0,0.009823929097046217
IDN.32.24_1,2015.0,0.008667972601863562
IDN.32.26_1,2015.0,0.003615849193115318
IDN.32.27_1,2015.0,0.020199434844993595
IDN.32.29_1,2015.0,0.01536319290035088
IDN.32.30_1,2015.0,0.007949732596879954
IDN.32.31_1,2015.0,0.008046873066052486
IDN.32.32_1,2015.0,0.006278626279718658
IDN.32.34_1,2015.0,0.01012736550169267
IDN.33.1_1,2015.0,1.9134308362660734E-5
IDN.33.2_1,2015.0,8.956128964482774E-4
IDN.33.5_1,2015.0,1.7130998461098912E-5
IDN.1.12_1,2015.0,5.968276853149961E-4
IDN.1.16_1,2015.0,0.013803265093831625
IDN.1.17_1,2015.0,0.004552137085837584
IDN.1.21_1,2015.0,0.006727814380534327
IDN.1.23_1,2015.0,0.013066362356968404
IDN.3.7_1,2015.0,0.04294425145164241
IDN.5.4_1,2015.0,0.0093331640919578
IDN.6.6_1,2015.0,0.0010708635719809292
IDN.7.3_1,2015.0,6.830987179442535E-5
IDN.8.3_1,2015.0,0.018945731347419992
IDN.8.8_1,2015.0,0.0016181837713366508
IDN.9.3_1,2015.0,7.57355256045477E-5
IDN.9.10_1,2015.0,4.959868826057404E-5
IDN.10.17_1,2015.0,0.002595216806387486
IDN.10.27_1,2015.0,0.0015721395350190084
IDN.11.3_1,2015.0,8.271098480556918E-4
IDN.11.11_1,2015.0,5.862272304276119E-4
IDN.11.14_1,2015.0,8.702021958942859E-4
IDN.11.35_1,2015.0,6.271388817498894E-5
IDN.12.5_1,2015.0,0.00446633515653089
IDN.12.13_1,2015.0,0.01586329978196796
IDN.13.2_1,2015.0,0.012459161440487272
IDN.13.4_1,2015.0,0.005384287425198445
IDN.14.11_1,2015.0,0.024467740149425495
IDN.34.1_1,2015.0,0.040637903055265
IDN.34.3_1,2015.0,0.07255385228364357
IDN.34.12_1,2015.0,0.02555928797911927
IDN.16.1_1,2015.0,0.028784829889482246
IDN.16.7_1,2015.0,0.007305554094682134
IDN.17.1_1,2015.0,0.0015901101126355665
IDN.17.8_1,2015.0,0.0010902067501011624
IDN.19.1_1,2015.0,0.0039932776958379445
IDN.19.11_1,2015.0,0.011631242318141976
IDN.18.8_1,2015.0,0.010176742025869783
IDN.18.9_1,2015.0,0.010020822280143405
IDN.20.3_1,2015.0,1.8656651580995743E-4
IDN.21.5_1,2015.0,8.144346816014903E-4
IDN.23.11_1,2015.0,0.008550723290800175
IDN.22.3_1,2015.0,0.014346143520799654
IDN.24.2_1,2015.0,0.015692324843605117
IDN.24.8_1,2015.0,0.0182757695382736
IDN.26.12_1,2015.0,4.076919246850267E-4
IDN.26.14_1,2015.0,0.014533882939251163
IDN.26.16_1,2015.0,0.0011352708622716086
IDN.27.6_1,2015.0,0.017754571242626534
IDN.28.1_1,2015.0,0.015767405877251943
IDN.28.5_1,2015.0,0.026573043595051863
IDN.29.1_1,2015.0,0.0040928563472512215
IDN.29.8_1,2015.0,0.0014149960357040412
IDN.29.9_1,2015.0,0.017542722158465866
IDN.29.15_1,2015.0,0.004675166245665677
IDN.30.6_1,2015.0,0.0019667516140539193
IDN.30.10_1,2015.0,0.0013800346847539047
IDN.30.11_1,2015.0,0.002285047248205716
IDN.30.14_1,2015.0,9.234814162945578E-4
IDN.30.16_1,2015.0,0.003735048166562063
IDN.31.4_1,2015.0,0.011182368366920131
IDN.31.13_1,2015.0,0.008054954377630659
IDN.31.14_1,2015.0,0.011852720776028685
IDN.31.15_1,2015.0,0.029179767582516173
IDN.32.5_1,2015.0,0.0015955905136575044
IDN.32.8_1,2015.0,6.34056883842186E-4
IDN.32.9_1,2015.0,0.0013456337254305986
IDN.32.10_1,2015.0,0.0015570685858379558
IDN.32.23_1,2015.0,0.0035402764272353753
IDN.32.25_1,2015.0,0.0044784126475620935
IDN.32.28_1,2015.0,9.276910315924275E-4
IDN.32.33_1,2015.0,0.008734140498264981
IDN.35.4,2015.0,0.014637762849068979
IDN.35.8,2015.0,0.00241903742262259
IDN.35.9,2015.0,0.014224141183597308
IDN.35.13,2015.0,0.0409304339353178
IDN.35.14,2015.0,0.013382184168317624
IDN.9.27_1,2015.0,8.25133889650019E-4
IDN.32.14_1,2015.0,0.00150131564056134
IDN.11.32_1,2015.0,0.0
IDN.26.1_1,2015.0,0.0
IDN.33.4_1,2015.0,0.0
IDN.2.4_1,2015.0,0.0
IDN.4.1_1,2015.0,0.0
IDN.4.2_1,2015.0,0.0
IDN.4.3_1,2015.0,0.0
IDN.4.7_1,2015.0,0.0
IDN.7.1_1,2015.0,0.0
IDN.7.2_1,2015.0,0.0
IDN.7.4_1,2015.0,0.0
IDN.7.5_1,2015.0,0.0
IDN.9.8_1,2015.0,0.0
IDN.9.14_1,2015.0,0.0
IDN.9.15_1,2015.0,0.0
IDN.9.16_1,2015.0,0.0
IDN.9.17_1,2015.0,0.0
IDN.9.18_1,2015.0,0.0
IDN.9.19_1,2015.0,0.0
IDN.10.15_1,2015.0,0.0
IDN.10.16_1,2015.0,0.0
IDN.10.18_1,2015.0,0.0
IDN.10.31_1,2015.0,0.0
IDN.11.12_1,2015.0,0.0
IDN.11.13_1,2015.0,0.0
IDN.11.15_1,2015.0,0.0
IDN.11.16_1,2015.0,0.0
IDN.11.17_1,2015.0,0.0
IDN.20.8_1,2015.0,0.0
IDN.30.2_1,2015.0,0.0
IDN.30.8_1,2015.0,0.0
IDN.33.3_1,2015.0,0.0
IDN.10.34_1,2015.0,0.0
IDN.30.3_1,2015.0,0.0
IDN.1.2_1,2016.0,0.01512971243376181
IDN.1.1_1,2016.0,0.007970643822671436
IDN.1.3_1,2016.0,0.007332914992602845
IDN.1.4_1,2016.0,0.010082630012183905
IDN.1.5_1,2016.0,0.00866184642805309
IDN.1.6_1,2016.0,0.008394269881197012
IDN.1.7_1,2016.0,0.02128418294077105
IDN.1.8_1,2016.0,0.012913648055495972
IDN.1.9_1,2016.0,0.007299622575534878
IDN.1.10_1,2016.0,0.022283740783255287
IDN.1.11_1,2016.0,0.028096327458431172
IDN.1.13_1,2016.0,0.020296054524276134
IDN.1.14_1,2016.0,0.01752941386201838
IDN.1.15_1,2016.0,0.008116917541739778
IDN.1.18_1,2016.0,0.015456188810797347
IDN.1.20_1,2016.0,0.005054355825640811
IDN.1.19_1,2016.0,0.0056181145878156724
IDN.1.22_1,2016.0,0.0044823812113328945
IDN.2.1_1,2016.0,0.001817616753211454
IDN.2.2_1,2016.0,9.705148174219476E-4
IDN.2.3_1,2016.0,8.017347618952994E-4
IDN.2.5_1,2016.0,1.3472520496194516E-4
IDN.2.6_1,2016.0,7.893476487796272E-4
IDN.2.7_1,2016.0,4.336146176101302E-4
IDN.2.8_1,2016.0,2.2102662844618898E-4
IDN.2.9_1,2016.0,3.932442542115913E-4
IDN.3.4_1,2016.0,0.05545874853543576
IDN.3.1_1,2016.0,0.03285068548391758
IDN.3.2_1,2016.0,0.07346862713574503
IDN.3.3_1,2016.0,0.0476752195342986
IDN.3.6_1,2016.0,0.03123704003534298
IDN.3.5_1,2016.0,0.028663897348836485
IDN.4.4_1,2016.0,0.007600199715156821
IDN.4.5_1,2016.0,0.002916045713962959
IDN.4.6_1,2016.0,0.0011587326581008973
IDN.4.8_1,2016.0,1.0995068172950488E-4
IDN.5.1_1,2016.0,0.02208955975509724
IDN.5.2_1,2016.0,0.030004482249862248
IDN.5.3_1,2016.0,0.01684461908593463
IDN.5.5_1,2016.0,0.017350779594099138
IDN.5.6_1,2016.0,0.011411736483258095
IDN.5.7_1,2016.0,0.012639823690951003
IDN.5.8_1,2016.0,0.015998668232258366
IDN.5.9_1,2016.0,0.022150824565744416
IDN.5.10_1,2016.0,0.020563615642196074
IDN.6.1_1,2016.0,0.01739827314182848
IDN.6.2_1,2016.0,0.00597548680786363
IDN.6.3_1,2016.0,0.023782065670286352
IDN.6.5_1,2016.0,0.03684825270325699
IDN.6.4_1,2016.0,0.030427818615030962
IDN.6.7_1,2016.0,0.005704650187232042
IDN.8.1_1,2016.0,0.048744129819220626
IDN.8.2_1,2016.0,0.017485096741965446
IDN.8.4_1,2016.0,0.0200962963205863
IDN.8.5_1,2016.0,0.02184707030287392
IDN.8.6_1,2016.0,0.08113392326550163
IDN.8.7_1,2016.0,0.035622517130873166
IDN.8.9_1,2016.0,0.035688408405407615
IDN.8.10_1,2016.0,0.06946122505230815
IDN.8.11_1,2016.0,0.02823172185275088
IDN.9.2_1,2016.0,0.002878672788183418
IDN.9.1_1,2016.0,0.001563513457086968
IDN.9.4_1,2016.0,4.896038541615398E-5
IDN.9.5_1,2016.0,0.0033879860433795005
IDN.9.6_1,2016.0,0.0023517854085977528
IDN.9.7_1,2016.0,0.0017161091102275707
IDN.9.9_1,2016.0,7.114854147888025E-4
IDN.9.11_1,2016.0,0.004141766656437534
IDN.9.12_1,2016.0,1.6216881731480361E-4
IDN.9.13_1,2016.0,9.131435504836894E-4
IDN.9.20_1,2016.0,0.001307165016941892
IDN.9.21_1,2016.0,0.0018991318027631204
IDN.9.22_1,2016.0,0.0018027416394269706
IDN.9.23_1,2016.0,0.002173115214605404
IDN.9.24_1,2016.0,0.0024900742874738734
IDN.9.25_1,2016.0,0.002597645571573335
IDN.9.26_1,2016.0,0.0029869558215900732
IDN.10.1_1,2016.0,5.118137182112948E-4
IDN.10.2_1,2016.0,8.538154225197622E-4
IDN.10.3_1,2016.0,0.005084390997128293
IDN.10.4_1,2016.0,0.003277012808004579
IDN.10.5_1,2016.0,8.557621501849057E-4
IDN.10.6_1,2016.0,0.0016114161268320128
IDN.10.7_1,2016.0,0.0019517504225270552
IDN.10.8_1,2016.0,2.075045695761193E-5
IDN.10.9_1,2016.0,0.001652807145438952
IDN.10.10_1,2016.0,0.0038127283588090116
IDN.10.11_1,2016.0,0.0011846270497602033
IDN.10.12_1,2016.0,2.966571019957433E-4
IDN.10.13_1,2016.0,0.001417603021948778
IDN.10.14_1,2016.0,8.437100478477346E-5
IDN.10.19_1,2016.0,2.4892390329719E-4
IDN.10.20_1,2016.0,4.946460562092757E-4
IDN.10.21_1,2016.0,0.0011731326399755724
IDN.10.22_1,2016.0,0.0020164969524435195
IDN.10.23_1,2016.0,0.0023008694324156477
IDN.10.24_1,2016.0,4.2264060748988403E-4
IDN.10.25_1,2016.0,1.5493946372300362E-4
IDN.10.26_1,2016.0,4.807954223153701E-4
IDN.10.28_1,2016.0,0.001757374658705109
IDN.10.29_1,2016.0,6.99962801366222E-4
IDN.10.30_1,2016.0,0.0012370308438874446
IDN.10.32_1,2016.0,0.0019616974687345456
IDN.10.33_1,2016.0,7.846740402240391E-4
IDN.10.35_1,2016.0,6.305026043812805E-4
IDN.10.36_1,2016.0,2.737254548200036E-4
IDN.11.1_1,2016.0,4.0764832453518793E-4
IDN.11.2_1,2016.0,0.0031475477850574757
IDN.11.4_1,2016.0,0.0020088850045926
IDN.11.5_1,2016.0,0.0011269362461283283
IDN.11.6_1,2016.0,0.001108095584433845
IDN.11.7_1,2016.0,2.9532511432700135E-4
IDN.11.8_1,2016.0,0.0013772715516826408
IDN.11.9_1,2016.0,6.139200216720792E-4
IDN.11.10_1,2016.0,0.0024860294451783775
IDN.11.18_1,2016.0,7.27185821964299E-4
IDN.11.19_1,2016.0,0.0022633518445569958
IDN.11.20_1,2016.0,0.001017864715431904
IDN.11.21_1,2016.0,0.0024706725281799205
IDN.11.22_1,2016.0,0.0016590760106515604
IDN.11.23_1,2016.0,4.8580176858832743E-4
IDN.11.24_1,2016.0,7.8112914657575E-4
IDN.11.25_1,2016.0,0.002674859451417724
IDN.11.26_1,2016.0,0.002127018783478469
IDN.11.27_1,2016.0,2.490633022219083E-5
IDN.11.28_1,2016.0,9.54651790557859E-4
IDN.11.29_1,2016.0,6.990682071981879E-4
IDN.11.30_1,2016.0,0.0014174774830131662
IDN.11.31_1,2016.0,3.245021449310659E-4
IDN.11.32_1,2016.0,2.850854526874699E-5
IDN.11.33_1,2016.0,5.470558160476012E-4
IDN.11.34_1,2016.0,7.916760870066468E-4
IDN.11.36_1,2016.0,0.0022266826363465993
IDN.11.37_1,2016.0,0.0011514107484878956
IDN.11.38_1,2016.0,0.0021660848646509676
IDN.12.1_1,2016.0,0.03177046763178097
IDN.12.2_1,2016.0,0.007072344574127726
IDN.12.3_1,2016.0,0.020460992418439513
IDN.12.4_1,2016.0,0.03181774127736906
IDN.12.6_1,2016.0,0.030789362544028927
IDN.12.7_1,2016.0,0.04633311738646
IDN.12.8_1,2016.0,0.024992458075586813
IDN.12.9_1,2016.0,0.024113584667285214
IDN.12.10_1,2016.0,0.022447801367805657
IDN.12.11_1,2016.0,0.03898655023326181
IDN.12.12_1,2016.0,0.04616462775175863
IDN.12.14_1,2016.0,0.028483350360326818
IDN.13.1_1,2016.0,0.026489236584546955
IDN.13.3_1,2016.0,0.022807574960791308
IDN.13.5_1,2016.0,0.018109899695132037
IDN.13.6_1,2016.0,0.018486618419175066
IDN.13.7_1,2016.0,0.009875497327699536
IDN.13.8_1,2016.0,0.02923300573613431
IDN.13.9_1,2016.0,0.03876813379311296
IDN.13.10_1,2016.0,0.022178301008010312
IDN.13.11_1,2016.0,0.027102373004467006
IDN.13.12_1,2016.0,0.01758122123232371
IDN.13.13_1,2016.0,0.017629961526344277
IDN.14.1_1,2016.0,0.0599112432648594
IDN.14.2_1,2016.0,0.06969982661203748
IDN.14.3_1,2016.0,0.021094372531142894
IDN.14.4_1,2016.0,0.023336365301566332
IDN.14.5_1,2016.0,0.05204666380293051
IDN.14.6_1,2016.0,0.03887295675529754
IDN.14.7_1,2016.0,0.04954584193857004
IDN.14.8_1,2016.0,0.033515905758213775
IDN.14.9_1,2016.0,0.02483819547918566
IDN.14.10_1,2016.0,0.005858541017395808
IDN.14.12_1,2016.0,0.08605573232370664
IDN.14.13_1,2016.0,0.05922956744913637
IDN.14.14_1,2016.0,0.042225572704962064
IDN.34.2_1,2016.0,0.017696021859064767
IDN.34.5_1,2016.0,0.02683777123058147
IDN.34.6_1,2016.0,0.04050141924470733
IDN.34.7_1,2016.0,0.043450357702478584
IDN.34.10_1,2016.0,0.03437015722720963
IDN.34.11_1,2016.0,0.0494019978180378
IDN.16.2_1,2016.0,0.022889795774859813
IDN.16.3_1,2016.0,0.02376229969458829
IDN.16.4_1,2016.0,0.009281981416970626
IDN.16.5_1,2016.0,0.020300617838118463
IDN.16.6_1,2016.0,0.0353700337653402
IDN.17.2_1,2016.0,0.0055469049055401455
IDN.17.3_1,2016.0,0.00622562091046459
IDN.17.4_1,2016.0,0.008317345823480055
IDN.17.5_1,2016.0,0.011242390871976224
IDN.17.6_1,2016.0,0.022836585238112394
IDN.17.7_1,2016.0,0.012615898433212364
IDN.17.9_1,2016.0,0.005109849525202716
IDN.17.10_1,2016.0,0.005149346542581603
IDN.17.11_1,2016.0,0.009901460347646256
IDN.17.12_1,2016.0,0.040464076311115135
IDN.17.13_1,2016.0,0.020850625118913547
IDN.17.14_1,2016.0,0.014602314646524037
IDN.19.3_1,2016.0,0.012200300327824277
IDN.19.2_1,2016.0,0.019375534741944887
IDN.19.4_1,2016.0,0.0036197339353015844
IDN.19.5_1,2016.0,0.0031602659377816295
IDN.19.6_1,2016.0,0.012308517667721883
IDN.19.8_1,2016.0,0.02592775753576119
IDN.19.7_1,2016.0,0.004523007610229526
IDN.19.9_1,2016.0,0.007715693365159951
IDN.19.10_1,2016.0,0.009406127216176948
IDN.18.1_1,2016.0,0.005266900705637557
IDN.18.2_1,2016.0,0.011164245541045337
IDN.18.3_1,2016.0,0.021932711026317706
IDN.18.4_1,2016.0,0.018974429508256344
IDN.18.5_1,2016.0,0.008230815441051099
IDN.18.6_1,2016.0,0.010719589227755951
IDN.18.7_1,2016.0,0.008365593823344198
IDN.20.1_1,2016.0,0.004859219506363944
IDN.20.2_1,2016.0,0.006160167222876619
IDN.20.4_1,2016.0,0.0035411146676321676
IDN.20.5_1,2016.0,9.0545001263847E-4
IDN.20.6_1,2016.0,0.0017420738646054036
IDN.20.7_1,2016.0,3.68372278469218E-4
IDN.20.10_1,2016.0,0.003832929521762716
IDN.20.9_1,2016.0,0.0015204883510135084
IDN.21.1_1,2016.0,0.005747849212907411
IDN.21.2_1,2016.0,0.007446561171519449
IDN.21.3_1,2016.0,0.0027507226229632497
IDN.21.4_1,2016.0,0.003246305005523329
IDN.21.6_1,2016.0,0.009127353912007743
IDN.21.7_1,2016.0,0.0027627433379785555
IDN.21.10_1,2016.0,0.002351952840150296
IDN.21.8_1,2016.0,0.0010428702157796656
IDN.21.9_1,2016.0,0.003410971615203597
IDN.21.11_1,2016.0,0.001921155835148373
IDN.21.12_1,2016.0,0.0018974267029118203
IDN.21.13_1,2016.0,0.003978247331653242
IDN.21.14_1,2016.0,8.286475929683021E-4
IDN.21.15_1,2016.0,0.00367049050307985
IDN.21.17_1,2016.0,0.0036115059640909166
IDN.21.16_1,2016.0,0.004452531431054276
IDN.21.18_1,2016.0,6.279392192141221E-4
IDN.21.19_1,2016.0,8.902992188871765E-4
IDN.21.20_1,2016.0,0.01019093181994802
IDN.21.21_1,2016.0,0.00940342914897313
IDN.23.1_1,2016.0,0.0010589633218089291
IDN.23.2_1,2016.0,0.004283188384963705
IDN.23.3_1,2016.0,0.00514346880165396
IDN.23.4_1,2016.0,0.001534599710519472
IDN.23.5_1,2016.0,9.586329956277642E-4
IDN.23.6_1,2016.0,0.0018338152494597395
IDN.23.7_1,2016.0,0.0020128548768696456
IDN.23.8_1,2016.0,0.0030002683435544166
IDN.23.9_1,2016.0,0.004653003570880497
IDN.23.10_1,2016.0,0.002061704054883758
IDN.23.12_1,2016.0,0.002018922798884004
IDN.23.13_1,2016.0,6.211649473248725E-4
IDN.23.14_1,2016.0,0.0036912159227138084
IDN.23.15_1,2016.0,0.00803085430544987
IDN.23.16_1,2016.0,0.010565825548242501
IDN.23.17_1,2016.0,0.002635562511201783
IDN.23.18_1,2016.0,0.004195498735461966
IDN.23.19_1,2016.0,0.0010086671145502976
IDN.23.20_1,2016.0,0.0011453346868561184
IDN.23.21_1,2016.0,0.003077866984242386
IDN.23.23_1,2016.0,0.001471188706368616
IDN.23.22_1,2016.0,0.0023751676609222116
IDN.23.24_1,2016.0,0.0017832321704057941
IDN.23.25_1,2016.0,0.0013883757843715617
IDN.23.26_1,2016.0,0.003198366563263495
IDN.23.27_1,2016.0,7.136286290920375E-4
IDN.23.28_1,2016.0,0.00258853847105845
IDN.23.29_1,2016.0,0.004056750134575289
IDN.22.1_1,2016.0,0.011041076637527998
IDN.22.2_1,2016.0,0.0016344430255780164
IDN.22.4_1,2016.0,0.003881949039401073
IDN.22.5_1,2016.0,0.005523503504690528
IDN.22.6_1,2016.0,0.0037090544226281753
IDN.22.8_1,2016.0,0.005407458803843819
IDN.22.7_1,2016.0,0.006204648624914434
IDN.22.9_1,2016.0,0.001552901397168655
IDN.22.10_1,2016.0,0.003060657883150696
IDN.22.11_1,2016.0,0.0025510494625593533
IDN.24.1_1,2016.0,0.01558990661493608
IDN.24.3_1,2016.0,0.025971724501180404
IDN.24.4_1,2016.0,0.030600601807541154
IDN.24.5_1,2016.0,0.016439970624959027
IDN.24.6_1,2016.0,0.01920785733200472
IDN.24.7_1,2016.0,0.023094759288251446
IDN.24.9_1,2016.0,0.02274872071906179
IDN.24.10_1,2016.0,0.02540247194415298
IDN.24.11_1,2016.0,0.017547429032777676
IDN.24.12_1,2016.0,0.019905104676347443
IDN.25.1_1,2016.0,0.013127465801264695
IDN.25.2_1,2016.0,0.014436040626987745
IDN.25.4_1,2016.0,0.010556938519505527
IDN.25.3_1,2016.0,0.015515325187273317
IDN.25.5_1,2016.0,0.011160742247230074
IDN.26.1_1,2016.0,0.0023262897073755544
IDN.26.2_1,2016.0,0.004180821703956138
IDN.26.3_1,2016.0,0.007910713451186822
IDN.26.4_1,2016.0,0.0021156181288767193
IDN.26.5_1,2016.0,0.008224853101479343
IDN.26.6_1,2016.0,0.001769990431258494
IDN.26.7_1,2016.0,3.475683117368584E-4
IDN.26.8_1,2016.0,0.01265192913401909
IDN.26.11_1,2016.0,0.022958669060190007
IDN.26.9_1,2016.0,0.02946176782878081
IDN.26.10_1,2016.0,0.008504280320839285
IDN.26.13_1,2016.0,0.003992294425390544
IDN.26.15_1,2016.0,0.002580997963773459
IDN.26.17_1,2016.0,0.005632447088201976
IDN.26.18_1,2016.0,0.007864163674736534
IDN.26.19_1,2016.0,0.004273068316367243
IDN.26.20_1,2016.0,0.009662928588517318
IDN.26.21_1,2016.0,5.758132603725248E-4
IDN.26.22_1,2016.0,0.008683339542909172
IDN.26.23_1,2016.0,0.010295227324634875
IDN.26.24_1,2016.0,0.005970531407800692
IDN.27.2_1,2016.0,0.0218870074785407
IDN.27.1_1,2016.0,0.03133968382108093
IDN.27.3_1,2016.0,0.016578751556296054
IDN.27.4_1,2016.0,0.014318359954612727
IDN.27.5_1,2016.0,0.011754830833578945
IDN.27.7_1,2016.0,0.012575663624218301
IDN.27.8_1,2016.0,0.008943566724288081
IDN.27.9_1,2016.0,0.007548590490176855
IDN.27.10_1,2016.0,0.047637886158932934
IDN.27.11_1,2016.0,0.019626097493745616
IDN.28.2_1,2016.0,0.014226593292753673
IDN.28.4_1,2016.0,0.0077703809421812335
IDN.28.3_1,2016.0,0.00977795187971395
IDN.28.7_1,2016.0,0.020770873558935952
IDN.28.6_1,2016.0,0.012756701876183402
IDN.28.10_1,2016.0,0.01386181171079657
IDN.28.8_1,2016.0,0.020228875980931222
IDN.28.9_1,2016.0,0.014353547707695233
IDN.28.11_1,2016.0,0.013596008063834361
IDN.28.12_1,2016.0,0.008494090421532359
IDN.29.5_1,2016.0,0.009457471439246053
IDN.29.2_1,2016.0,0.012687399782853473
IDN.29.3_1,2016.0,0.016001329527981126
IDN.29.4_1,2016.0,0.009989855593195821
IDN.29.6_1,2016.0,0.0018874289463177514
IDN.29.7_1,2016.0,0.010464313052280676
IDN.29.13_1,2016.0,0.011478568234360685
IDN.29.10_1,2016.0,0.00933078622972485
IDN.29.11_1,2016.0,0.00782207264464889
IDN.29.12_1,2016.0,0.012610041960900197
IDN.29.14_1,2016.0,0.006184904735727793
IDN.30.1_1,2016.0,0.01102593496920895
IDN.30.4_1,2016.0,0.03629450592258664
IDN.30.5_1,2016.0,0.004562305839105104
IDN.30.7_1,2016.0,0.01368370710291727
IDN.30.9_1,2016.0,0.0064128057396772575
IDN.30.13_1,2016.0,0.01702034719876537
IDN.30.12_1,2016.0,0.019513737713153675
IDN.30.15_1,2016.0,0.010183428202316793
IDN.30.17_1,2016.0,0.014795845801657602
IDN.30.19_1,2016.0,0.003925144609970576
IDN.30.18_1,2016.0,0.01682062806628366
IDN.30.20_1,2016.0,0.005337374923433101
IDN.31.1_1,2016.0,0.03853082388011908
IDN.31.2_1,2016.0,0.026735551034469923
IDN.31.3_1,2016.0,0.021056938140927853
IDN.31.5_1,2016.0,0.038341922106563724
IDN.31.6_1,2016.0,0.054326768952772594
IDN.31.7_1,2016.0,0.0327266820944159
IDN.31.8_1,2016.0,0.022051213226141196
IDN.31.9_1,2016.0,0.06706703903601294
IDN.31.12_1,2016.0,0.026304541406228968
IDN.31.10_1,2016.0,0.018648705367676904
IDN.31.11_1,2016.0,0.01033421954752148
IDN.32.1_1,2016.0,0.019302172826557776
IDN.32.2_1,2016.0,0.017034713846336817
IDN.32.3_1,2016.0,0.015236794234881439
IDN.32.4_1,2016.0,0.01150935453695042
IDN.32.6_1,2016.0,0.011053010807807122
IDN.32.7_1,2016.0,0.023354322870619358
IDN.32.13_1,2016.0,0.02828734637023774
IDN.32.11_1,2016.0,0.024326876495145693
IDN.32.12_1,2016.0,0.029087447534114325
IDN.32.15_1,2016.0,0.012439417903786448
IDN.32.16_1,2016.0,0.010235457037433669
IDN.32.20_1,2016.0,0.007578563725944639
IDN.32.17_1,2016.0,0.0022907190861732553
IDN.32.18_1,2016.0,0.019496399643405583
IDN.32.19_1,2016.0,0.006924767736556981
IDN.32.22_1,2016.0,0.020198686233777876
IDN.32.21_1,2016.0,0.01547772521265343
IDN.32.24_1,2016.0,0.010215259040615267
IDN.32.26_1,2016.0,0.007565230338531617
IDN.32.27_1,2016.0,0.035335649934417755
IDN.32.29_1,2016.0,0.026546591958580754
IDN.32.30_1,2016.0,0.013027065441419988
IDN.32.31_1,2016.0,0.012962048105588
IDN.32.32_1,2016.0,0.013137314928885053
IDN.32.34_1,2016.0,0.017819065200172495
IDN.33.1_1,2016.0,7.079694094184471E-4
IDN.33.2_1,2016.0,7.552556514825027E-4
IDN.33.4_1,2016.0,3.415697311604021E-4
IDN.33.5_1,2016.0,4.796679569107696E-4
IDN.1.12_1,2016.0,5.968276853149961E-4
IDN.1.16_1,2016.0,0.03997308054783475
IDN.1.17_1,2016.0,0.011811946351005758
IDN.1.21_1,2016.0,0.005377103487684823
IDN.1.23_1,2016.0,0.01297562916742817
IDN.2.4_1,2016.0,3.210711308814362E-4
IDN.3.7_1,2016.0,0.03295733678325967
IDN.4.1_1,2016.0,2.631562638103407E-4
IDN.4.2_1,2016.0,1.4919742410722091E-4
IDN.5.4_1,2016.0,0.014259537505484605
IDN.6.6_1,2016.0,0.005972839060303716
IDN.7.4_1,2016.0,5.35945440333825E-5
IDN.7.5_1,2016.0,7.38526983314214E-5
IDN.8.3_1,2016.0,0.020146431624964378
IDN.8.8_1,2016.0,0.007415417753526381
IDN.9.3_1,2016.0,0.0013632394608818585
IDN.9.10_1,2016.0,4.959868826057404E-5
IDN.9.14_1,2016.0,1.177557961827265E-4
IDN.9.15_1,2016.0,4.613176135587574E-5
IDN.9.16_1,2016.0,1.7688016680840197E-4
IDN.9.18_1,2016.0,2.0135754466978946E-4
IDN.9.19_1,2016.0,4.834598790444472E-4
IDN.10.16_1,2016.0,4.3574287752634746E-4
IDN.10.17_1,2016.0,0.001139011234941175
IDN.10.27_1,2016.0,0.007436758105753653
IDN.11.3_1,2016.0,6.01892065410325E-4
IDN.11.11_1,2016.0,0.001174757907733132
IDN.11.13_1,2016.0,4.0621338624178757E-4
IDN.11.16_1,2016.0,2.5919902419190894E-4
IDN.11.35_1,2016.0,1.2542777634997788E-4
IDN.12.5_1,2016.0,0.018855255039097102
IDN.12.13_1,2016.0,0.018722249289063506
IDN.13.2_1,2016.0,0.01566640339525919
IDN.13.4_1,2016.0,0.003677880921927578
IDN.14.11_1,2016.0,0.06219699256990641
IDN.34.1_1,2016.0,0.050237343599419115
IDN.34.3_1,2016.0,0.14630928586950503
IDN.34.12_1,2016.0,0.04962291224582962
IDN.16.1_1,2016.0,0.027386167901028633
IDN.16.7_1,2016.0,0.010138644192589877
IDN.17.1_1,2016.0,0.0023781939137622545
IDN.17.8_1,2016.0,0.002780151950372392
IDN.19.1_1,2016.0,0.013125721234914638
IDN.19.11_1,2016.0,0.04575556487106479
IDN.18.8_1,2016.0,0.011844629424483919
IDN.18.9_1,2016.0,0.004440939823306737
IDN.20.3_1,2016.0,5.020834175473854E-4
IDN.20.8_1,2016.0,1.640413615818991E-4
IDN.21.5_1,2016.0,0.0025673732798599017
IDN.23.11_1,2016.0,0.01186766912324288
IDN.22.3_1,2016.0,0.009059673798974842
IDN.24.2_1,2016.0,0.023007625645646238
IDN.24.8_1,2016.0,0.01228096726921047
IDN.26.12_1,2016.0,7.971119423813688E-4
IDN.26.14_1,2016.0,0.013460673741437246
IDN.26.16_1,2016.0,0.0013623250347259304
IDN.27.6_1,2016.0,0.022605245813961863
IDN.28.1_1,2016.0,0.007784626361718363
IDN.28.5_1,2016.0,0.01716152816565472
IDN.29.1_1,2016.0,0.006807215062659955
IDN.29.8_1,2016.0,0.00365822616404572
IDN.29.9_1,2016.0,0.003367920253411684
IDN.29.15_1,2016.0,0.0036995047437197908
IDN.30.2_1,2016.0,0.003670582715188522
IDN.30.6_1,2016.0,0.008653707101837244
IDN.30.10_1,2016.0,0.00822974615355887
IDN.30.8_1,2016.0,0.002354053310537482
IDN.30.11_1,2016.0,0.004570094496411432
IDN.30.14_1,2016.0,0.002186866076569802
IDN.30.16_1,2016.0,0.014484399070574552
IDN.31.4_1,2016.0,0.026018166356561845
IDN.31.13_1,2016.0,0.010716843234328538
IDN.31.14_1,2016.0,0.012318926207101032
IDN.31.15_1,2016.0,0.04518214018882153
IDN.32.5_1,2016.0,0.0028159982539859734
IDN.32.8_1,2016.0,0.004090329101182978
IDN.32.9_1,2016.0,0.0027516671857703784
IDN.32.10_1,2016.0,0.011671947892800886
IDN.32.23_1,2016.0,0.007837242123506604
IDN.32.25_1,2016.0,0.020638225924146145
IDN.32.28_1,2016.0,0.016349190180299487
IDN.32.33_1,2016.0,0.014380127999156169
IDN.35.4,2016.0,0.0167604038509482
IDN.35.8,2016.0,0.002312795046952492
IDN.35.9,2016.0,0.00990229270910833
IDN.35.13,2016.0,0.019410687954264733
IDN.35.14,2016.0,0.02519089918795643
IDN.30.3_1,2016.0,0.004398260028999516
IDN.32.14_1,2016.0,0.017937980986871885
IDN.7.6_1,2016.0,0.0
IDN.4.3_1,2016.0,0.0
IDN.4.7_1,2016.0,0.0
IDN.7.1_1,2016.0,0.0
IDN.7.2_1,2016.0,0.0
IDN.7.3_1,2016.0,0.0
IDN.9.8_1,2016.0,0.0
IDN.9.17_1,2016.0,0.0
IDN.10.15_1,2016.0,0.0
IDN.10.18_1,2016.0,0.0
IDN.10.31_1,2016.0,0.0
IDN.11.12_1,2016.0,0.0
IDN.11.14_1,2016.0,0.0
IDN.11.15_1,2016.0,0.0
IDN.11.17_1,2016.0,0.0
IDN.33.3_1,2016.0,0.0
IDN.9.27_1,2016.0,0.0
IDN.10.34_1,2016.0,0.0
IDN.1.2_1,2017.0,0.02136512350893352
IDN.1.1_1,2017.0,0.008233021077283376
IDN.1.3_1,2017.0,0.014257067119192593
IDN.1.4_1,2017.0,0.015539473076963536
IDN.1.5_1,2017.0,0.00881268664563593
IDN.1.6_1,2017.0,0.008958128644938477
IDN.1.7_1,2017.0,0.013372090052478794
IDN.1.8_1,2017.0,0.009585623783870246
IDN.1.9_1,2017.0,0.004421897035704438
IDN.1.10_1,2017.0,0.012004582674730724
IDN.1.11_1,2017.0,0.019615004219256132
IDN.1.13_1,2017.0,0.010753122422693431
IDN.1.14_1,2017.0,0.01229219149855632
IDN.1.15_1,2017.0,0.004980518624968033
IDN.1.18_1,2017.0,0.020740361760474068
IDN.1.20_1,2017.0,0.0107317929011502
IDN.1.19_1,2017.0,0.015407850479288429
IDN.1.22_1,2017.0,0.004133389650767327
IDN.2.1_1,2017.0,0.002709828349142218
IDN.2.2_1,2017.0,0.0021618676209872057
IDN.2.3_1,2017.0,0.0015392108089155117
IDN.2.5_1,2017.0,0.0010508565987031723
IDN.2.6_1,2017.0,7.545234878040554E-4
IDN.2.7_1,2017.0,5.867307585466451E-4
IDN.2.8_1,2017.0,5.80241333836886E-4
IDN.2.9_1,2017.0,0.0011868991515811905
IDN.3.4_1,2017.0,0.024267755084943773
IDN.3.1_1,2017.0,0.021538369332223087
IDN.3.2_1,2017.0,0.028489890959910787
IDN.3.3_1,2017.0,0.02527856340123544
IDN.3.6_1,2017.0,0.015075946133036693
IDN.3.5_1,2017.0,0.015163283951750475
IDN.4.4_1,2017.0,0.01318753977061692
IDN.4.5_1,2017.0,0.00650968356597996
IDN.4.6_1,2017.0,0.0015856038440078114
IDN.4.8_1,2017.0,2.040653294416408E-4
IDN.5.1_1,2017.0,0.023174089112992055
IDN.5.2_1,2017.0,0.03140919365870582
IDN.5.3_1,2017.0,0.02318581231503085
IDN.5.5_1,2017.0,0.019784858914368954
IDN.5.6_1,2017.0,0.013607830490201974
IDN.5.7_1,2017.0,0.014423791364520705
IDN.5.8_1,2017.0,0.018907347249752154
IDN.5.9_1,2017.0,0.0159111392938827
IDN.5.10_1,2017.0,0.018615046296263232
IDN.6.1_1,2017.0,0.008544457266357471
IDN.6.2_1,2017.0,0.007441922065026351
IDN.6.3_1,2017.0,0.001253860264239441
IDN.6.5_1,2017.0,0.02010886783614675
IDN.6.4_1,2017.0,0.025056616139003823
IDN.6.7_1,2017.0,0.004936828150126836
IDN.8.1_1,2017.0,0.03068388423935471
IDN.8.2_1,2017.0,0.02170027227274083
IDN.8.4_1,2017.0,0.027522281187237554
IDN.8.5_1,2017.0,0.024602271609058375
IDN.8.6_1,2017.0,0.01878165942574401
IDN.8.7_1,2017.0,0.02490998100469875
IDN.8.9_1,2017.0,0.02563853431667153
IDN.8.10_1,2017.0,0.022351713910960833
IDN.8.11_1,2017.0,0.021705486820356105
IDN.9.2_1,2017.0,0.005886934047717626
IDN.9.1_1,2017.0,0.0025846035649349946
IDN.9.4_1,2017.0,1.5507322073639358E-4
IDN.9.5_1,2017.0,0.005782510866936945
IDN.9.6_1,2017.0,0.002496670502781509
IDN.9.7_1,2017.0,0.003971395035597832
IDN.9.9_1,2017.0,5.620310505000061E-4
IDN.9.11_1,2017.0,0.004299477445661393
IDN.9.12_1,2017.0,9.62913490973091E-5
IDN.9.13_1,2017.0,0.0015161027543099618
IDN.9.20_1,2017.0,0.0016483464939452044
IDN.9.21_1,2017.0,0.0019656630938044116
IDN.9.22_1,2017.0,0.004752168353030627
IDN.9.23_1,2017.0,0.0032299401347567415
IDN.9.24_1,2017.0,0.006279874866610815
IDN.9.25_1,2017.0,0.0034527194342772695
IDN.9.26_1,2017.0,0.003832991604465962
IDN.10.1_1,2017.0,7.912339653495208E-4
IDN.10.2_1,2017.0,0.0013853527314860868
IDN.10.3_1,2017.0,0.011075859405614258
IDN.10.4_1,2017.0,0.006749928273229229
IDN.10.5_1,2017.0,0.0014210900633119603
IDN.10.6_1,2017.0,0.0015106583215944496
IDN.10.7_1,2017.0,0.0024481317309028544
IDN.10.8_1,2017.0,1.6600365566089544E-4
IDN.10.9_1,2017.0,0.002940256119868413
IDN.10.10_1,2017.0,0.003843794865117683
IDN.10.11_1,2017.0,0.00250170225212838
IDN.10.12_1,2017.0,4.6674050713996955E-4
IDN.10.13_1,2017.0,0.0033258374444018134
IDN.10.14_1,2017.0,7.016028064553416E-4
IDN.10.19_1,2017.0,5.242931981033149E-4
IDN.10.20_1,2017.0,2.806434581726248E-4
IDN.10.21_1,2017.0,0.0019941735632593278
IDN.10.22_1,2017.0,0.003490090879229168
IDN.10.23_1,2017.0,0.0031123726931267222
IDN.10.24_1,2017.0,4.6469845530205104E-4
IDN.10.25_1,2017.0,5.206830891391443E-4
IDN.10.26_1,2017.0,0.0011075405803355385
IDN.10.28_1,2017.0,0.003498323486602861
IDN.10.29_1,2017.0,7.569540053675426E-4
IDN.10.30_1,2017.0,4.884026889181251E-4
IDN.10.32_1,2017.0,0.0018397009692967166
IDN.10.33_1,2017.0,9.265935354828833E-4
IDN.10.35_1,2017.0,7.231851395612349E-4
IDN.10.36_1,2017.0,6.850392311056288E-4
IDN.11.1_1,2017.0,4.498363680968096E-4
IDN.11.2_1,2017.0,0.004045656848014497
IDN.11.4_1,2017.0,0.004465285715311882
IDN.11.5_1,2017.0,0.0029466516977820914
IDN.11.6_1,2017.0,0.0024626249539938137
IDN.11.7_1,2017.0,0.0013576002930395562
IDN.11.8_1,2017.0,0.005432674975410539
IDN.11.9_1,2017.0,0.0013806196216711389
IDN.11.10_1,2017.0,0.005861181799591664
IDN.11.18_1,2017.0,0.0012716645403403782
IDN.11.19_1,2017.0,0.004222383890041843
IDN.11.20_1,2017.0,0.0027139485438814445
IDN.11.21_1,2017.0,3.0876526805723663E-4
IDN.11.22_1,2017.0,0.003919446486475233
IDN.11.23_1,2017.0,0.0018541434167787829
IDN.11.24_1,2017.0,0.0032934352775605144
IDN.11.25_1,2017.0,0.003733676501046971
IDN.11.26_1,2017.0,0.0016717483728963933
IDN.11.27_1,2017.0,1.3698481622204957E-4
IDN.11.28_1,2017.0,0.0026612761731878926
IDN.11.29_1,2017.0,0.0013414714224101911
IDN.11.30_1,2017.0,0.0035886121893465364
IDN.11.31_1,2017.0,1.812586306693117E-4
IDN.11.32_1,2017.0,6.556965411811808E-4
IDN.11.33_1,2017.0,8.956460628545277E-4
IDN.11.34_1,2017.0,5.348702685713781E-4
IDN.11.36_1,2017.0,0.001017484170160189
IDN.11.37_1,2017.0,0.002289540508757438
IDN.11.38_1,2017.0,0.0034706380710648153
IDN.12.1_1,2017.0,0.0239278277928399
IDN.12.2_1,2017.0,0.005435637146223522
IDN.12.3_1,2017.0,0.0078509318615045
IDN.12.4_1,2017.0,0.017362675669587567
IDN.12.6_1,2017.0,0.023214642890108522
IDN.12.7_1,2017.0,0.030589928656771924
IDN.12.8_1,2017.0,0.014782715369710155
IDN.12.9_1,2017.0,0.01915526060208501
IDN.12.10_1,2017.0,0.015010199301860896
IDN.12.11_1,2017.0,0.03218540971557498
IDN.12.12_1,2017.0,0.029174729725914117
IDN.12.14_1,2017.0,0.01703029494735432
IDN.13.1_1,2017.0,0.017995270815396765
IDN.13.3_1,2017.0,0.011764237055349484
IDN.13.5_1,2017.0,0.006881265202705646
IDN.13.6_1,2017.0,0.011414872492285351
IDN.13.7_1,2017.0,0.013988579640730884
IDN.13.8_1,2017.0,0.00569400996313973
IDN.13.9_1,2017.0,0.022519742107165404
IDN.13.10_1,2017.0,0.012427988678531563
IDN.13.11_1,2017.0,0.0166611279773339
IDN.13.12_1,2017.0,0.011567640442008933
IDN.13.13_1,2017.0,0.007996941506144307
IDN.14.1_1,2017.0,0.004848778969491354
IDN.14.2_1,2017.0,0.017102478356846737
IDN.14.3_1,2017.0,0.007648983387452781
IDN.14.4_1,2017.0,0.016549444788998384
IDN.14.5_1,2017.0,0.00873579074649605
IDN.14.6_1,2017.0,0.009248268557715125
IDN.14.7_1,2017.0,0.01284829601275974
IDN.14.8_1,2017.0,0.01103701941324167
IDN.14.9_1,2017.0,0.01752039832427504
IDN.14.10_1,2017.0,0.0031135739060223913
IDN.14.12_1,2017.0,0.011120483941097624
IDN.14.13_1,2017.0,0.008718884216501065
IDN.14.14_1,2017.0,0.011035089868533325
IDN.34.2_1,2017.0,0.016429742375906095
IDN.34.5_1,2017.0,0.00922292970906241
IDN.34.6_1,2017.0,0.016860097538611188
IDN.34.7_1,2017.0,0.015343203427148205
IDN.34.10_1,2017.0,0.011905662260577743
IDN.34.11_1,2017.0,0.022171385267149967
IDN.16.2_1,2017.0,0.03247780838680112
IDN.16.3_1,2017.0,0.016029329722600454
IDN.16.4_1,2017.0,0.007388672278674782
IDN.16.5_1,2017.0,0.011164330073272187
IDN.16.6_1,2017.0,0.010260099496468614
IDN.17.2_1,2017.0,0.009226624622193008
IDN.17.3_1,2017.0,0.013800665762501965
IDN.17.4_1,2017.0,0.007028042294853572
IDN.17.5_1,2017.0,0.008569464892958442
IDN.17.6_1,2017.0,0.010379800015228563
IDN.17.7_1,2017.0,0.009749264916408805
IDN.17.9_1,2017.0,0.008834177559590836
IDN.17.10_1,2017.0,0.008630544205206026
IDN.17.11_1,2017.0,0.013119377048323243
IDN.17.12_1,2017.0,0.010554759062494014
IDN.17.13_1,2017.0,0.012118860588959002
IDN.17.14_1,2017.0,0.00972682526245135
IDN.19.3_1,2017.0,0.0037629166606962493
IDN.19.2_1,2017.0,0.0050577182973480786
IDN.19.4_1,2017.0,9.03941350705137E-4
IDN.19.5_1,2017.0,0.0021052079766690243
IDN.19.6_1,2017.0,0.0029108429487015273
IDN.19.8_1,2017.0,0.004733685722595104
IDN.19.7_1,2017.0,0.0031083650182300603
IDN.19.9_1,2017.0,0.004387517509262795
IDN.19.10_1,2017.0,0.0018151269337150896
IDN.18.1_1,2017.0,0.00387991084868346
IDN.18.2_1,2017.0,0.008493997754092783
IDN.18.3_1,2017.0,0.005305023841927434
IDN.18.4_1,2017.0,0.0035908570541470764
IDN.18.5_1,2017.0,0.0038325711505505576
IDN.18.6_1,2017.0,0.00613738452058113
IDN.18.7_1,2017.0,0.0032378748546489926
IDN.20.1_1,2017.0,0.00599756948088954
IDN.20.2_1,2017.0,0.014128710174704866
IDN.20.4_1,2017.0,0.005348360642842059
IDN.20.5_1,2017.0,0.002868668731630293
IDN.20.6_1,2017.0,0.002016206338522046
IDN.20.7_1,2017.0,8.400332546268638E-4
IDN.20.10_1,2017.0,0.005294271178098567
IDN.20.9_1,2017.0,0.0019053053425627474
IDN.21.1_1,2017.0,0.006138475254853058
IDN.21.2_1,2017.0,0.009014958489464904
IDN.21.3_1,2017.0,0.005708076851883534
IDN.21.4_1,2017.0,0.004854862205190636
IDN.21.6_1,2017.0,0.00946151163740143
IDN.21.7_1,2017.0,0.005099213735412715
IDN.21.10_1,2017.0,0.00246325487115352
IDN.21.8_1,2017.0,0.0023016943503325208
IDN.21.9_1,2017.0,0.0026781459330469937
IDN.21.11_1,2017.0,0.0026002588488371965
IDN.21.12_1,2017.0,0.004019295191620627
IDN.21.13_1,2017.0,0.0040460978616202814
IDN.21.14_1,2017.0,6.799159737175812E-4
IDN.21.15_1,2017.0,0.00647183324191295
IDN.21.17_1,2017.0,0.006927422689254545
IDN.21.16_1,2017.0,0.009563966360974526
IDN.21.18_1,2017.0,0.0017292969181294227
IDN.21.19_1,2017.0,0.0017487087637305327
IDN.21.20_1,2017.0,0.013352161302300528
IDN.21.21_1,2017.0,0.010082568805719132
IDN.23.1_1,2017.0,6.784626068705338E-4
IDN.23.2_1,2017.0,0.005271564200910858
IDN.23.3_1,2017.0,0.00148148701220327
IDN.23.4_1,2017.0,0.002411169942926001
IDN.23.5_1,2017.0,0.001043959244445988
IDN.23.6_1,2017.0,0.0027757293694104443
IDN.23.7_1,2017.0,0.0016697339872186693
IDN.23.8_1,2017.0,0.0037222504764629063
IDN.23.9_1,2017.0,0.0035735863308041533
IDN.23.10_1,2017.0,0.0014916150611371222
IDN.23.12_1,2017.0,0.0025634474699234946
IDN.23.13_1,2017.0,7.680467767743562E-4
IDN.23.14_1,2017.0,0.003385201324033098
IDN.23.15_1,2017.0,0.0010937839197193368
IDN.23.16_1,2017.0,0.005517641128652062
IDN.23.17_1,2017.0,0.0022792333640585956
IDN.23.18_1,2017.0,0.0033804129394953675
IDN.23.19_1,2017.0,0.0011778857815284351
IDN.23.20_1,2017.0,0.0014933741364594418
IDN.23.21_1,2017.0,0.003481485560417412
IDN.23.23_1,2017.0,0.002266158653179751
IDN.23.22_1,2017.0,0.002606753095283325
IDN.23.24_1,2017.0,0.0013526999317654271
IDN.23.25_1,2017.0,0.0017231856986381622
IDN.23.26_1,2017.0,0.005061159111755881
IDN.23.27_1,2017.0,0.0010412977341045558
IDN.23.28_1,2017.0,0.0026610884493026466
IDN.23.29_1,2017.0,0.004271508663343583
IDN.22.1_1,2017.0,0.002788091751613151
IDN.22.2_1,2017.0,0.0014205262301338908
IDN.22.4_1,2017.0,0.004171459084539678
IDN.22.5_1,2017.0,0.004307565260318058
IDN.22.6_1,2017.0,9.277840580547592E-4
IDN.22.8_1,2017.0,0.0036136738432016925
IDN.22.7_1,2017.0,0.0033310851822699744
IDN.22.9_1,2017.0,0.0015854625672375054
IDN.22.10_1,2017.0,0.0019409410476740148
IDN.22.11_1,2017.0,0.0015479759286561052
IDN.24.1_1,2017.0,0.014741511266244532
IDN.24.3_1,2017.0,0.02308173666109729
IDN.24.4_1,2017.0,0.020086122462338728
IDN.24.5_1,2017.0,0.017562267891869276
IDN.24.6_1,2017.0,0.011608052399370457
IDN.24.7_1,2017.0,0.03152438808091711
IDN.24.9_1,2017.0,0.013444969244458515
IDN.24.10_1,2017.0,0.02036950668644905
IDN.24.11_1,2017.0,0.018011337569853875
IDN.24.12_1,2017.0,0.025680853535682925
IDN.25.1_1,2017.0,0.013604564231537617
IDN.25.2_1,2017.0,0.009726397621174268
IDN.25.4_1,2017.0,0.010031756524892776
IDN.25.3_1,2017.0,0.015319507665982227
IDN.25.5_1,2017.0,0.014027401047792142
IDN.26.1_1,2017.0,0.007338643717802992
IDN.26.2_1,2017.0,0.0038347558860648795
IDN.26.3_1,2017.0,0.015024730538667758
IDN.26.4_1,2017.0,0.005522544704718247
IDN.26.5_1,2017.0,0.009833393076461496
IDN.26.6_1,2017.0,0.005169215127811048
IDN.26.7_1,2017.0,6.412880117961754E-4
IDN.26.8_1,2017.0,0.01194249693330504
IDN.26.11_1,2017.0,0.02213262485647677
IDN.26.9_1,2017.0,0.014174691041399822
IDN.26.10_1,2017.0,0.008809057157371111
IDN.26.13_1,2017.0,0.007064955737936022
IDN.26.15_1,2017.0,0.0022187841460785057
IDN.26.17_1,2017.0,0.006945574580529229
IDN.26.18_1,2017.0,0.007825089384677868
IDN.26.19_1,2017.0,0.005025918021930817
IDN.26.20_1,2017.0,0.008008425128641392
IDN.26.21_1,2017.0,0.0015971761440283978
IDN.26.22_1,2017.0,0.0037993024821190067
IDN.26.23_1,2017.0,0.0026589793994650146
IDN.26.24_1,2017.0,0.005988405170279484
IDN.27.2_1,2017.0,0.008233625903261946
IDN.27.1_1,2017.0,0.01673181158162718
IDN.27.3_1,2017.0,0.014327504405623399
IDN.27.4_1,2017.0,0.0105366242283986
IDN.27.5_1,2017.0,0.0067256701503525165
IDN.27.7_1,2017.0,0.015040016531678751
IDN.27.8_1,2017.0,0.005148192327756203
IDN.27.9_1,2017.0,0.007562407193388608
IDN.27.10_1,2017.0,0.009559741326376275
IDN.27.11_1,2017.0,0.014046238128458373
IDN.28.2_1,2017.0,0.01157432424713732
IDN.28.4_1,2017.0,0.009454772951902302
IDN.28.3_1,2017.0,0.01273472357969224
IDN.28.7_1,2017.0,0.013450716408139775
IDN.28.6_1,2017.0,0.00800001653322973
IDN.28.10_1,2017.0,0.006923017744090643
IDN.28.8_1,2017.0,0.01908101819131731
IDN.28.9_1,2017.0,0.005412613290059331
IDN.28.11_1,2017.0,0.020037454920049595
IDN.28.12_1,2017.0,0.006990901285121372
IDN.29.5_1,2017.0,0.006315334234629171
IDN.29.2_1,2017.0,0.01179458564899126
IDN.29.3_1,2017.0,0.013812694225297642
IDN.29.4_1,2017.0,0.007548220554868659
IDN.29.6_1,2017.0,0.003385082238354311
IDN.29.7_1,2017.0,0.003645849404399144
IDN.29.13_1,2017.0,0.005391487665559862
IDN.29.10_1,2017.0,0.0053956284445878374
IDN.29.11_1,2017.0,0.005701647522019904
IDN.29.12_1,2017.0,0.0068234965551789775
IDN.29.14_1,2017.0,0.001216901160277629
IDN.30.1_1,2017.0,0.009714707787750592
IDN.30.4_1,2017.0,0.04749791754601228
IDN.30.5_1,2017.0,0.00430645527700793
IDN.30.7_1,2017.0,0.03736601665662765
IDN.30.9_1,2017.0,0.00794817332579995
IDN.30.13_1,2017.0,0.014138542262276494
IDN.30.12_1,2017.0,0.021425135994083352
IDN.30.15_1,2017.0,0.017993596042583236
IDN.30.17_1,2017.0,0.020172707938923593
IDN.30.19_1,2017.0,0.006351421373233674
IDN.30.18_1,2017.0,0.01805386833577219
IDN.30.20_1,2017.0,0.003200082959953267
IDN.31.1_1,2017.0,0.021252726971407628
IDN.31.2_1,2017.0,0.016754395912671048
IDN.31.3_1,2017.0,0.017610216727874356
IDN.31.5_1,2017.0,0.02848879254749434
IDN.31.6_1,2017.0,0.017456571672452976
IDN.31.7_1,2017.0,0.01721076312748947
IDN.31.8_1,2017.0,0.036418890119397834
IDN.31.9_1,2017.0,0.02975850905011603
IDN.31.12_1,2017.0,0.02165686609201853
IDN.31.10_1,2017.0,0.018411700093266894
IDN.31.11_1,2017.0,0.011824784394826888
IDN.32.1_1,2017.0,0.019753096528501598
IDN.32.2_1,2017.0,0.0109044059369225
IDN.32.3_1,2017.0,0.01592118767840318
IDN.32.4_1,2017.0,0.006973988352092701
IDN.32.6_1,2017.0,0.011196019365413978
IDN.32.7_1,2017.0,0.006897777696093446
IDN.32.13_1,2017.0,0.020928050182146305
IDN.32.11_1,2017.0,0.03534520717681479
IDN.32.12_1,2017.0,0.02120581048112008
IDN.32.15_1,2017.0,0.009303163818591153
IDN.32.16_1,2017.0,0.011470305856486354
IDN.32.20_1,2017.0,0.007226767660331937
IDN.32.17_1,2017.0,0.0024936113480914577
IDN.32.18_1,2017.0,0.01009921666901971
IDN.32.19_1,2017.0,0.006185912341358323
IDN.32.22_1,2017.0,0.027495232998652103
IDN.32.21_1,2017.0,0.016748855537653855
IDN.32.24_1,2017.0,0.007413187613251183
IDN.32.26_1,2017.0,0.004781235687685018
IDN.32.27_1,2017.0,0.029031781975710838
IDN.32.29_1,2017.0,0.015580182102181891
IDN.32.30_1,2017.0,0.01418844226898071
IDN.32.31_1,2017.0,0.013643631677442222
IDN.32.32_1,2017.0,0.013833803854757375
IDN.32.34_1,2017.0,0.018370429984874523
IDN.33.1_1,2017.0,6.697007926931256E-4
IDN.33.2_1,2017.0,0.0011160694393814485
IDN.33.4_1,2017.0,0.0011451997208073918
IDN.33.5_1,2017.0,9.250739168993414E-4
IDN.1.12_1,2017.0,0.002188368179488319
IDN.1.16_1,2017.0,0.036736255557154505
IDN.1.17_1,2017.0,0.00462555865173819
IDN.1.21_1,2017.0,0.009184061868865223
IDN.1.23_1,2017.0,0.017330243479535087
IDN.2.4_1,2017.0,0.0012780197209719608
IDN.3.7_1,2017.0,0.015981951573164926
IDN.4.1_1,2017.0,6.68617137670295E-4
IDN.4.2_1,2017.0,8.26646510299186E-4
IDN.4.3_1,2017.0,4.92303019265458E-4
IDN.4.7_1,2017.0,1.8090811617659072E-4
IDN.5.4_1,2017.0,0.017470585160840064
IDN.6.6_1,2017.0,0.0017145815623089613
IDN.7.1_1,2017.0,7.928239175388498E-5
IDN.7.4_1,2017.0,2.742779606414281E-4
IDN.8.3_1,2017.0,0.012446759549710015
IDN.8.8_1,2017.0,0.011456745508182086
IDN.9.3_1,2017.0,0.0017404320785986255
IDN.9.8_1,2017.0,2.7377096058917006E-4
IDN.9.10_1,2017.0,6.200808555870981E-4
IDN.9.14_1,2017.0,1.177557961827265E-4
IDN.9.15_1,2017.0,8.665534780182149E-5
IDN.9.16_1,2017.0,8.844008340420099E-5
IDN.9.17_1,2017.0,4.927455297835686E-4
IDN.9.18_1,2017.0,6.040726340093683E-4
IDN.9.19_1,2017.0,0.001922253331712671
IDN.10.15_1,2017.0,0.0022007659528561394
IDN.10.16_1,2017.0,0.0010893571938158687
IDN.10.17_1,2017.0,0.0022772845634830355
IDN.10.27_1,2017.0,0.0033100736185969135
IDN.10.31_1,2017.0,2.0524115836107433E-4
IDN.11.3_1,2017.0,0.0012307315860367331
IDN.11.11_1,2017.0,2.93689476933283E-4
IDN.11.12_1,2017.0,8.108865617731685E-4
IDN.11.13_1,2017.0,5.707130219925941E-4
IDN.11.14_1,2017.0,0.00180801672021353
IDN.11.35_1,2017.0,3.135694408749447E-4
IDN.12.5_1,2017.0,0.012811187439302372
IDN.12.13_1,2017.0,0.019659769805153302
IDN.13.2_1,2017.0,0.016628986015733562
IDN.13.4_1,2017.0,0.004825660609279718
IDN.14.11_1,2017.0,0.013526467972819149
IDN.34.1_1,2017.0,0.019171399980786718
IDN.34.3_1,2017.0,0.014033080387043274
IDN.34.12_1,2017.0,0.03055583381036152
IDN.16.1_1,2017.0,0.02159317943099645
IDN.16.7_1,2017.0,0.02298026944349489
IDN.17.1_1,2017.0,0.004065458979695943
IDN.17.8_1,2017.0,0.004096882208274895
IDN.19.1_1,2017.0,0.004715523574986156
IDN.19.11_1,2017.0,0.004446385036659196
IDN.18.8_1,2017.0,0.0026466637018580695
IDN.18.9_1,2017.0,0.0036650560156677864
IDN.20.3_1,2017.0,0.0014870448760146606
IDN.21.5_1,2017.0,0.0036478811922832357
IDN.23.11_1,2017.0,0.0077413129207235245
IDN.22.3_1,2017.0,0.0044209361245175815
IDN.24.2_1,2017.0,0.026425218721761637
IDN.24.8_1,2017.0,0.033308947788887225
IDN.26.12_1,2017.0,6.989004423171885E-4
IDN.26.14_1,2017.0,0.013455305576435676
IDN.26.16_1,2017.0,0.0027558143676318656
IDN.27.6_1,2017.0,0.004929267167368678
IDN.28.1_1,2017.0,0.0143256846839504
IDN.28.5_1,2017.0,0.01777677624479551
IDN.29.1_1,2017.0,0.003683015680536705
IDN.29.8_1,2017.0,0.004777149659670382
IDN.29.9_1,2017.0,0.0024767721564126995
IDN.29.15_1,2017.0,0.0029521782657411263
IDN.30.2_1,2017.0,0.0016617817885007957
IDN.30.6_1,2017.0,0.016106153168816067
IDN.30.10_1,2017.0,0.005194559345967453
IDN.30.8_1,2017.0,0.002354053310537482
IDN.30.11_1,2017.0,0.0038084120803428597
IDN.30.14_1,2017.0,0.0026385183322701652
IDN.30.16_1,2017.0,0.006836412071513031
IDN.31.4_1,2017.0,0.018781671024615854
IDN.31.13_1,2017.0,0.011146124959277786
IDN.31.14_1,2017.0,0.019634782709182643
IDN.31.15_1,2017.0,0.03948560885354762
IDN.32.5_1,2017.0,0.003541209785487561
IDN.32.8_1,2017.0,0.003241884837556033
IDN.32.9_1,2017.0,3.6003252122132157E-4
IDN.32.10_1,2017.0,0.013502009022909134
IDN.32.23_1,2017.0,0.016310889704081573
IDN.32.25_1,2017.0,0.006089359765477015
IDN.32.28_1,2017.0,0.006493837221146993
IDN.32.33_1,2017.0,0.011838896468742938
IDN.33.3_1,2017.0,3.0008296411360776E-4
IDN.35.4,2017.0,0.012472213084078384
IDN.35.8,2017.0,0.002177199564532367
IDN.35.9,2017.0,0.009514802264287536
IDN.35.13,2017.0,0.02110932003599427
IDN.35.14,2017.0,0.018869153507300177
IDN.9.27_1,2017.0,0.004035371777307261
IDN.32.14_1,2017.0,0.03997496038931642
IDN.7.6_1,2017.0,0.0
IDN.7.2_1,2017.0,0.0
IDN.7.3_1,2017.0,0.0
IDN.7.5_1,2017.0,0.0
IDN.10.18_1,2017.0,0.0
IDN.11.15_1,2017.0,0.0
IDN.11.16_1,2017.0,0.0
IDN.11.17_1,2017.0,0.0
IDN.20.8_1,2017.0,0.0
IDN.10.34_1,2017.0,0.0
IDN.30.3_1,2017.0,0.0
IDN.1.2_1,2018.0,0.011393263494579739
IDN.1.1_1,2018.0,0.006892846871276556
IDN.1.3_1,2018.0,0.005822187965483039
IDN.1.4_1,2018.0,0.008542009557588234
IDN.1.5_1,2018.0,0.00800819620842797
IDN.1.6_1,2018.0,0.021769864298202754
IDN.1.7_1,2018.0,0.0189178874558335
IDN.1.8_1,2018.0,0.011173154723335592
IDN.1.9_1,2018.0,0.005657489041578067
IDN.1.10_1,2018.0,0.014722600439791253
IDN.1.11_1,2018.0,0.023244529661159714
IDN.1.13_1,2018.0,0.015769738984866295
IDN.1.14_1,2018.0,0.011964091700488372
IDN.1.15_1,2018.0,0.008354216158247487
IDN.1.18_1,2018.0,0.014482629837370082
IDN.1.20_1,2018.0,0.005183214353302352
IDN.1.19_1,2018.0,0.006945502059570087
IDN.1.22_1,2018.0,0.003085984407648666
IDN.2.1_1,2018.0,0.0023319700799700476
IDN.2.2_1,2018.0,7.792132458334815E-4
IDN.2.3_1,2018.0,0.0017295177257047678
IDN.2.5_1,2018.0,0.0015904970863429009
IDN.2.6_1,2018.0,0.0017528161024371132
IDN.2.7_1,2018.0,0.0027998839589198415
IDN.2.8_1,2018.0,0.0010651378475597297
IDN.2.9_1,2018.0,5.704082746211041E-4
IDN.3.4_1,2018.0,0.022190421677211726
IDN.3.1_1,2018.0,0.02408513498829957
IDN.3.2_1,2018.0,0.018548161927854776
IDN.3.3_1,2018.0,0.02194053099299118
IDN.3.6_1,2018.0,0.009734744701574812
IDN.3.5_1,2018.0,0.01821645493122279
IDN.4.4_1,2018.0,0.009805676628031319
IDN.4.5_1,2018.0,0.009221406911397908
IDN.4.6_1,2018.0,8.147339002271933E-4
IDN.4.8_1,2018.0,4.949936573547906E-4
IDN.5.1_1,2018.0,0.022470044074405466
IDN.5.2_1,2018.0,0.024786674142669624
IDN.5.3_1,2018.0,0.018593954009028277
IDN.5.5_1,2018.0,0.01702821221557445
IDN.5.6_1,2018.0,0.01246206386245998
IDN.5.7_1,2018.0,0.013147200256990076
IDN.5.8_1,2018.0,0.017135342654175875
IDN.5.9_1,2018.0,0.019084699020697506
IDN.5.10_1,2018.0,0.020020058493912342
IDN.6.1_1,2018.0,0.010130409629534445
IDN.6.2_1,2018.0,0.006327581880982086
IDN.6.3_1,2018.0,0.005263117158535925
IDN.6.5_1,2018.0,0.018820090111946495
IDN.6.4_1,2018.0,0.020968176754147312
IDN.6.7_1,2018.0,0.005550507925230843
IDN.8.1_1,2018.0,0.020661977920400438
IDN.8.2_1,2018.0,0.014843009138955976
IDN.8.4_1,2018.0,0.02303528716973345
IDN.8.5_1,2018.0,0.020325978616469207
IDN.8.6_1,2018.0,0.02231428537154324
IDN.8.7_1,2018.0,0.020724255863747015
IDN.8.9_1,2018.0,0.01629560101822358
IDN.8.10_1,2018.0,0.017678390410590605
IDN.8.11_1,2018.0,0.015560912865640947
IDN.9.2_1,2018.0,0.003400070624062564
IDN.9.1_1,2018.0,0.001842017753318058
IDN.9.4_1,2018.0,2.851542447342144E-4
IDN.9.5_1,2018.0,0.0058641297421097305
IDN.9.6_1,2018.0,0.0022755248667629836
IDN.9.7_1,2018.0,0.0029798552720834174
IDN.9.9_1,2018.0,6.955844444090268E-4
IDN.9.11_1,2018.0,0.0018623939699363588
IDN.9.12_1,2018.0,1.2296613435565094E-4
IDN.9.13_1,2018.0,0.0024358513595935534
IDN.9.20_1,2018.0,0.0028747105326199776
IDN.9.21_1,2018.0,0.0016771489802006865
IDN.9.22_1,2018.0,0.0030816693528972604
IDN.9.23_1,2018.0,0.0014606148683564723
IDN.9.24_1,2018.0,0.005999957313970017
IDN.9.25_1,2018.0,0.0031170504560663107
IDN.9.26_1,2018.0,0.0025911306572468516
IDN.10.1_1,2018.0,4.0250183801955147E-4
IDN.10.2_1,2018.0,0.0015845503166773366
IDN.10.3_1,2018.0,0.004698700636612102
IDN.10.4_1,2018.0,0.004479283492481914
IDN.10.5_1,2018.0,8.977607829711579E-4
IDN.10.6_1,2018.0,0.0016907511811034774
IDN.10.7_1,2018.0,0.0030439027176030185
IDN.10.8_1,2018.0,4.668852815462684E-4
IDN.10.9_1,2018.0,0.002421695520965208
IDN.10.10_1,2018.0,0.0032636583171623806
IDN.10.11_1,2018.0,9.075151197212989E-4
IDN.10.12_1,2018.0,6.376964331724185E-4
IDN.10.13_1,2018.0,0.0026743432896338647
IDN.10.14_1,2018.0,2.740127599840126E-4
IDN.10.19_1,2018.0,1.3107329952582872E-4
IDN.10.20_1,2018.0,1.8300605437340548E-4
IDN.10.21_1,2018.0,0.0015294583236927564
IDN.10.22_1,2018.0,0.0030468612862130868
IDN.10.23_1,2018.0,0.00228591354043542
IDN.10.24_1,2018.0,1.4674688062170032E-4
IDN.10.25_1,2018.0,3.4596411940894875E-4
IDN.10.26_1,2018.0,0.002629379217513968
IDN.10.28_1,2018.0,0.002153751907657764
IDN.10.29_1,2018.0,3.027657712570167E-4
IDN.10.30_1,2018.0,5.858011394756785E-4
IDN.10.32_1,2018.0,8.780080651897487E-4
IDN.10.33_1,2018.0,9.250441960149919E-4
IDN.10.35_1,2018.0,7.656978159755695E-4
IDN.10.36_1,2018.0,3.9068337232584264E-4
IDN.11.1_1,2018.0,5.870745820924464E-4
IDN.11.2_1,2018.0,0.006255711226433082
IDN.11.4_1,2018.0,0.004765458362508523
IDN.11.5_1,2018.0,0.003657431474838232
IDN.11.6_1,2018.0,0.0013614802570219725
IDN.11.7_1,2018.0,6.512140883609752E-4
IDN.11.8_1,2018.0,0.004838863901922937
IDN.11.9_1,2018.0,0.0010190954757183207
IDN.11.10_1,2018.0,0.0037519810131101876
IDN.11.18_1,2018.0,0.0010225023365897517
IDN.11.19_1,2018.0,0.003127340239623901
IDN.11.20_1,2018.0,6.377908766646907E-4
IDN.11.21_1,2018.0,1.2631306420523317E-4
IDN.11.22_1,2018.0,0.004006640521842338
IDN.11.23_1,2018.0,0.0010532452232866376
IDN.11.24_1,2018.0,0.0030005530290131326
IDN.11.25_1,2018.0,0.0018216897204699101
IDN.11.26_1,2018.0,0.002969455573488499
IDN.11.27_1,2018.0,8.717215577766792E-5
IDN.11.28_1,2018.0,0.0013854426042753138
IDN.11.29_1,2018.0,8.895694747706074E-4
IDN.11.30_1,2018.0,0.001471859569083077
IDN.11.31_1,2018.0,5.132040715020255E-4
IDN.11.32_1,2018.0,1.5679699897810844E-4
IDN.11.33_1,2018.0,4.612303486121458E-4
IDN.11.34_1,2018.0,2.318332128613058E-4
IDN.11.36_1,2018.0,6.549230730496271E-4
IDN.11.37_1,2018.0,0.0020721475777142487
IDN.11.38_1,2018.0,0.0031432136754861134
IDN.12.1_1,2018.0,0.019212276613024586
IDN.12.2_1,2018.0,0.008286760103085334
IDN.12.3_1,2018.0,0.0037750306083791955
IDN.12.4_1,2018.0,0.014673163176777143
IDN.12.6_1,2018.0,0.013677284316739513
IDN.12.7_1,2018.0,0.018580746041513305
IDN.12.8_1,2018.0,0.016926995012376437
IDN.12.9_1,2018.0,0.016465472286407733
IDN.12.10_1,2018.0,0.012536544181444415
IDN.12.11_1,2018.0,0.02036864534019892
IDN.12.12_1,2018.0,0.03239238352315528
IDN.12.14_1,2018.0,0.019508319470242595
IDN.13.1_1,2018.0,0.012223305873629041
IDN.13.3_1,2018.0,0.015217060947437118
IDN.13.5_1,2018.0,0.008639242884661526
IDN.13.6_1,2018.0,0.0074371671994896355
IDN.13.7_1,2018.0,0.007043962840214795
IDN.13.8_1,2018.0,0.001703343450274958
IDN.13.9_1,2018.0,0.02283084254932974
IDN.13.10_1,2018.0,0.00861820577944916
IDN.13.11_1,2018.0,0.02034663601282007
IDN.13.12_1,2018.0,0.014170830528344782
IDN.13.13_1,2018.0,0.008331970931523578
IDN.14.1_1,2018.0,0.006786092945996411
IDN.14.2_1,2018.0,0.015648938532633015
IDN.14.3_1,2018.0,0.010736866555613156
IDN.14.4_1,2018.0,0.013946626536709222
IDN.14.5_1,2018.0,0.009799826718448132
IDN.14.6_1,2018.0,0.00869680318228409
IDN.14.7_1,2018.0,0.008419902871825065
IDN.14.8_1,2018.0,0.007802210262502681
IDN.14.9_1,2018.0,0.013192684490392832
IDN.14.10_1,2018.0,0.004470553513612264
IDN.14.12_1,2018.0,0.026084349706591792
IDN.14.13_1,2018.0,0.007753085025563274
IDN.14.14_1,2018.0,0.014515958495965908
IDN.34.2_1,2018.0,0.016978990004195844
IDN.34.5_1,2018.0,0.01350750490284789
IDN.34.6_1,2018.0,0.01632394997089783
IDN.34.7_1,2018.0,0.013735242287240717
IDN.34.10_1,2018.0,0.011908169616449325
IDN.34.11_1,2018.0,0.02761881614950536
IDN.16.2_1,2018.0,0.029161184513384016
IDN.16.3_1,2018.0,0.019642547147547332
IDN.16.4_1,2018.0,0.005232181094669534
IDN.16.5_1,2018.0,0.009303949501596196
IDN.16.6_1,2018.0,0.0075250199566719005
IDN.17.2_1,2018.0,0.0052232007315962834
IDN.17.3_1,2018.0,0.009681184469238378
IDN.17.4_1,2018.0,0.007622985514335807
IDN.17.5_1,2018.0,0.004288381091797361
IDN.17.6_1,2018.0,0.013989420346109996
IDN.17.7_1,2018.0,0.0168117077628874
IDN.17.9_1,2018.0,0.00719939790955834
IDN.17.10_1,2018.0,0.00785802329532721
IDN.17.11_1,2018.0,0.008931973212588207
IDN.17.12_1,2018.0,0.019971627433385666
IDN.17.13_1,2018.0,0.014879553353465155
IDN.17.14_1,2018.0,0.011593639291567686
IDN.19.3_1,2018.0,0.003906390495829591
IDN.19.2_1,2018.0,0.006804958417054718
IDN.19.4_1,2018.0,0.0029720276603702324
IDN.19.5_1,2018.0,0.0024737018349145923
IDN.19.6_1,2018.0,0.0039095230039514015
IDN.19.8_1,2018.0,0.00994746989757031
IDN.19.7_1,2018.0,0.00536296877377315
IDN.19.9_1,2018.0,0.004449692546865736
IDN.19.10_1,2018.0,0.0038379497740490018
IDN.18.1_1,2018.0,0.006942475558471066
IDN.18.2_1,2018.0,0.007537601150872499
IDN.18.3_1,2018.0,0.005081938449334025
IDN.18.4_1,2018.0,0.004396616905094864
IDN.18.5_1,2018.0,0.007718571613754674
IDN.18.6_1,2018.0,0.0071804998332157186
IDN.18.7_1,2018.0,0.004479031629281956
IDN.20.1_1,2018.0,0.013593192003964506
IDN.20.2_1,2018.0,0.016468992952870045
IDN.20.4_1,2018.0,0.006884165211742133
IDN.20.5_1,2018.0,0.0023735168299048536
IDN.20.6_1,2018.0,9.60137202870203E-4
IDN.20.7_1,2018.0,0.0014222540675642905
IDN.20.10_1,2018.0,0.006442649705294649
IDN.20.9_1,2018.0,0.002900955186708454
IDN.21.1_1,2018.0,0.00215166521549704
IDN.21.2_1,2018.0,0.005187405883968136
IDN.21.3_1,2018.0,0.0021770568696968338
IDN.21.4_1,2018.0,0.00444294294649581
IDN.21.6_1,2018.0,0.002497446299355821
IDN.21.7_1,2018.0,0.002163613041228092
IDN.21.10_1,2018.0,0.0012166721239174117
IDN.21.8_1,2018.0,0.0029549737745383354
IDN.21.9_1,2018.0,0.003232805217097362
IDN.21.11_1,2018.0,0.0012849615598963591
IDN.21.12_1,2018.0,0.0016953081212752578
IDN.21.13_1,2018.0,0.0010789594297654084
IDN.21.14_1,2018.0,2.3372111596541855E-4
IDN.21.15_1,2018.0,0.0023849084259782377
IDN.21.17_1,2018.0,0.011099784732629004
IDN.21.16_1,2018.0,0.009760813678636317
IDN.21.18_1,2018.0,0.0022160054532043487
IDN.21.19_1,2018.0,0.0019595434949174874
IDN.21.20_1,2018.0,0.0068302924153781025
IDN.21.21_1,2018.0,0.002687726393376928
IDN.23.1_1,2018.0,5.419517906461675E-4
IDN.23.2_1,2018.0,0.005772878646306379
IDN.23.3_1,2018.0,0.002223994675329549
IDN.23.4_1,2018.0,0.0017783087597853025
IDN.23.5_1,2018.0,0.0020929923488452536
IDN.23.6_1,2018.0,0.002701852269824534
IDN.23.7_1,2018.0,0.0012348284372725863
IDN.23.8_1,2018.0,0.002899290892750305
IDN.23.9_1,2018.0,0.002615777200974612
IDN.23.10_1,2018.0,0.001957498220796481
IDN.23.12_1,2018.0,0.0016873213039609253
IDN.23.13_1,2018.0,6.150835445652804E-4
IDN.23.14_1,2018.0,0.0025731233772864903
IDN.23.15_1,2018.0,7.715819185593265E-4
IDN.23.16_1,2018.0,0.002242849231512815
IDN.23.17_1,2018.0,0.0018506333176679095
IDN.23.18_1,2018.0,0.003291297299928227
IDN.23.19_1,2018.0,9.290679479898924E-4
IDN.23.20_1,2018.0,0.0013712214903580453
IDN.23.21_1,2018.0,0.002598181742101493
IDN.23.23_1,2018.0,0.0017848484443382978
IDN.23.22_1,2018.0,0.0022889122330197764
IDN.23.24_1,2018.0,0.001214011436517287
IDN.23.25_1,2018.0,0.005774527229938142
IDN.23.26_1,2018.0,0.0035329995076339477
IDN.23.27_1,2018.0,0.001255283361757273
IDN.23.28_1,2018.0,0.001892703331822921
IDN.23.29_1,2018.0,0.0030815797918147254
IDN.22.1_1,2018.0,0.004871503135270326
IDN.22.2_1,2018.0,0.0028829318016815363
IDN.22.4_1,2018.0,0.004084449299352815
IDN.22.5_1,2018.0,0.00406225506429291
IDN.22.6_1,2018.0,8.620653620961449E-4
IDN.22.8_1,2018.0,0.0023996158589795293
IDN.22.7_1,2018.0,0.005807927352168398
IDN.22.9_1,2018.0,0.0011990570099815808
IDN.22.10_1,2018.0,0.0022365163764291674
IDN.22.11_1,2018.0,0.002528882159196097
IDN.24.1_1,2018.0,0.010817736237537857
IDN.24.3_1,2018.0,0.019058568729178074
IDN.24.4_1,2018.0,0.011433883236807553
IDN.24.5_1,2018.0,0.016296264300683115
IDN.24.6_1,2018.0,0.009250377445880293
IDN.24.7_1,2018.0,0.018444800560400317
IDN.24.9_1,2018.0,0.011427668548415463
IDN.24.10_1,2018.0,0.021987604943373457
IDN.24.11_1,2018.0,0.013894239525116422
IDN.24.12_1,2018.0,0.016849286754208295
IDN.25.1_1,2018.0,0.011261802487317068
IDN.25.2_1,2018.0,0.006670859840707604
IDN.25.4_1,2018.0,0.009659798519559087
IDN.25.3_1,2018.0,0.017629210240351856
IDN.25.5_1,2018.0,0.012946930572725682
IDN.26.1_1,2018.0,0.0015308399327643284
IDN.26.2_1,2018.0,0.004416302703439386
IDN.26.3_1,2018.0,0.008153557909226476
IDN.26.4_1,2018.0,0.003677961280089539
IDN.26.5_1,2018.0,0.009852878242935674
IDN.26.6_1,2018.0,0.0034400824237702144
IDN.26.7_1,2018.0,1.9003664593837807E-4
IDN.26.8_1,2018.0,0.009897279686192974
IDN.26.11_1,2018.0,0.014456144835972889
IDN.26.9_1,2018.0,0.012137017848660656
IDN.26.10_1,2018.0,0.006291789234546929
IDN.26.13_1,2018.0,0.005090556422045254
IDN.26.15_1,2018.0,0.001098615463587172
IDN.26.17_1,2018.0,0.007954253214178628
IDN.26.18_1,2018.0,0.01069007286310063
IDN.26.19_1,2018.0,0.0015208340876488853
IDN.26.20_1,2018.0,0.007944758521613969
IDN.26.21_1,2018.0,0.0012459723944114793
IDN.26.22_1,2018.0,0.002872992396105242
IDN.26.23_1,2018.0,0.0015640852095609459
IDN.26.24_1,2018.0,0.006877340641828496
IDN.27.2_1,2018.0,0.008976147450462331
IDN.27.1_1,2018.0,0.015379786781496313
IDN.27.3_1,2018.0,0.010033016399071502
IDN.27.4_1,2018.0,0.008897595033642233
IDN.27.5_1,2018.0,0.008005983008214432
IDN.27.7_1,2018.0,0.013141170445265962
IDN.27.8_1,2018.0,0.006047657719107176
IDN.27.9_1,2018.0,0.01184251721679247
IDN.27.10_1,2018.0,0.00908291379211778
IDN.27.11_1,2018.0,0.00859902376077509
IDN.28.2_1,2018.0,0.009804858696660914
IDN.28.4_1,2018.0,0.009172513684568551
IDN.28.3_1,2018.0,0.011029619560127166
IDN.28.7_1,2018.0,0.009996066471935591
IDN.28.6_1,2018.0,0.006321259629197235
IDN.28.10_1,2018.0,0.00741946310831134
IDN.28.8_1,2018.0,0.018060759199931067
IDN.28.9_1,2018.0,0.006109272335870321
IDN.28.11_1,2018.0,0.02099782251060553
IDN.28.12_1,2018.0,0.0018206813764351205
IDN.29.5_1,2018.0,0.010030243599359338
IDN.29.2_1,2018.0,0.00945407018067937
IDN.29.3_1,2018.0,0.018590070535868915
IDN.29.4_1,2018.0,0.01358504663657326
IDN.29.6_1,2018.0,0.0011804634101087526
IDN.29.7_1,2018.0,0.0038038776628022248
IDN.29.13_1,2018.0,0.0060365124824820855
IDN.29.10_1,2018.0,0.005139562849718429
IDN.29.11_1,2018.0,0.011327457393229176
IDN.29.12_1,2018.0,0.008993693102131257
IDN.29.14_1,2018.0,9.98299458634996E-4
IDN.30.1_1,2018.0,0.014039783322278317
IDN.30.4_1,2018.0,0.024871769048264974
IDN.30.5_1,2018.0,0.002495519159228356
IDN.30.7_1,2018.0,0.01298107562666063
IDN.30.9_1,2018.0,0.006578903575048425
IDN.30.13_1,2018.0,0.012754131014589254
IDN.30.12_1,2018.0,0.022990391150813548
IDN.30.15_1,2018.0,0.013208274760130114
IDN.30.17_1,2018.0,0.012729339729181555
IDN.30.19_1,2018.0,0.005133387258922185
IDN.30.18_1,2018.0,0.013561809873601297
IDN.30.20_1,2018.0,0.0026758616715114336
IDN.31.1_1,2018.0,0.017709176225094464
IDN.31.2_1,2018.0,0.027997641747704104
IDN.31.3_1,2018.0,0.02262722794032175
IDN.31.5_1,2018.0,0.021964836676089602
IDN.31.6_1,2018.0,0.021457611846844322
IDN.31.7_1,2018.0,0.021571431790232496
IDN.31.8_1,2018.0,0.023934565666269288
IDN.31.9_1,2018.0,0.02335464371262103
IDN.31.12_1,2018.0,0.016540615202083102
IDN.31.10_1,2018.0,0.01850391175551554
IDN.31.11_1,2018.0,0.018470530136389045
IDN.32.1_1,2018.0,0.014588057895311545
IDN.32.2_1,2018.0,0.025638540096989182
IDN.32.3_1,2018.0,0.012030501157896395
IDN.32.4_1,2018.0,0.01435980264944627
IDN.32.6_1,2018.0,0.01253321706811442
IDN.32.7_1,2018.0,0.010641173339820486
IDN.32.13_1,2018.0,0.0205863011601461
IDN.32.11_1,2018.0,0.0236158379189969
IDN.32.12_1,2018.0,0.021625658592102814
IDN.32.15_1,2018.0,0.018126113509987853
IDN.32.16_1,2018.0,0.011264945193821266
IDN.32.20_1,2018.0,0.007095575303321971
IDN.32.17_1,2018.0,0.0021829734777271776
IDN.32.18_1,2018.0,0.009597470166276684
IDN.32.19_1,2018.0,0.006478517748590853
IDN.32.22_1,2018.0,0.00948421947500391
IDN.32.21_1,2018.0,0.014039473304608998
IDN.32.24_1,2018.0,0.00958458315642782
IDN.32.26_1,2018.0,0.003739110314500121
IDN.32.27_1,2018.0,0.038166757265252135
IDN.32.29_1,2018.0,0.01679207115090687
IDN.32.30_1,2018.0,0.010812334499609085
IDN.32.31_1,2018.0,0.015259715368298333
IDN.32.32_1,2018.0,0.008435123981408199
IDN.32.34_1,2018.0,0.012138536617445336
IDN.33.1_1,2018.0,8.649457744956481E-4
IDN.33.2_1,2018.0,0.001066138430668134
IDN.33.4_1,2018.0,0.0023568513841770978
IDN.33.5_1,2018.0,4.111439630663739E-4
IDN.1.12_1,2018.0,3.9788512354333073E-4
IDN.1.16_1,2018.0,0.030156704177682046
IDN.1.17_1,2018.0,0.010744022476788706
IDN.1.21_1,2018.0,0.0047586979764754995
IDN.1.23_1,2018.0,0.034767255920570436
IDN.2.4_1,2018.0,9.942241652855402E-4
IDN.3.7_1,2018.0,0.013019423608544939
IDN.4.1_1,2018.0,6.0783376151845E-5
IDN.4.2_1,2018.0,7.631964523037379E-4
IDN.4.7_1,2018.0,1.2060541078439385E-4
IDN.5.4_1,2018.0,0.003988225719389308
IDN.6.6_1,2018.0,0.0014758119815535496
IDN.8.3_1,2018.0,0.015564342225531182
IDN.8.8_1,2018.0,0.009120531939214813
IDN.9.3_1,2018.0,0.002901116133745968
IDN.9.8_1,2018.0,7.172424138723121E-4
IDN.9.14_1,2018.0,1.7663369427408976E-4
IDN.9.15_1,2018.0,4.613176135587574E-5
IDN.9.16_1,2018.0,5.306405004252059E-4
IDN.9.18_1,2018.0,0.0014095028126885263
IDN.9.19_1,2018.0,6.983309363975348E-4
IDN.10.16_1,2018.0,4.306164907319199E-4
IDN.10.17_1,2018.0,0.001774137814350761
IDN.10.18_1,2018.0,5.5594859546673E-4
IDN.10.27_1,2018.0,0.0027814217027972744
IDN.11.3_1,2018.0,9.451279000969319E-4
IDN.11.12_1,2018.0,0.0012968534210936738
IDN.11.14_1,2018.0,6.053580493177639E-4
IDN.11.15_1,2018.0,4.919361061810325E-4
IDN.11.35_1,2018.0,1.7350842395080275E-4
IDN.12.5_1,2018.0,0.007165249352047821
IDN.12.13_1,2018.0,0.015460406970114759
IDN.13.2_1,2018.0,0.00847983646512533
IDN.13.4_1,2018.0,0.003795406235659113
IDN.14.11_1,2018.0,0.011209719881029269
IDN.34.1_1,2018.0,0.013155542833690526
IDN.34.3_1,2018.0,0.011179867459456275
IDN.34.12_1,2018.0,0.04720613686468511
IDN.16.1_1,2018.0,0.014200458262952263
IDN.16.7_1,2018.0,0.009457968480194947
IDN.17.1_1,2018.0,0.003133302571286618
IDN.17.8_1,2018.0,0.0040400018560957035
IDN.19.1_1,2018.0,0.004426804950349766
IDN.19.11_1,2018.0,0.00921316776390534
IDN.18.8_1,2018.0,4.3449781181059997E-4
IDN.18.9_1,2018.0,0.003427420882996245
IDN.20.3_1,2018.0,0.005936656278082145
IDN.20.8_1,2018.0,1.640413615818991E-4
IDN.21.5_1,2018.0,0.00122644281464695
IDN.23.11_1,2018.0,0.0076947938964561854
IDN.22.3_1,2018.0,0.006326666706242963
IDN.24.2_1,2018.0,0.020753421685157723
IDN.24.8_1,2018.0,0.009865415694284483
IDN.26.12_1,2018.0,5.824170352643238E-4
IDN.26.14_1,2018.0,0.010765148573148805
IDN.26.16_1,2018.0,0.00781912241336324
IDN.27.6_1,2018.0,0.007061645513335101
IDN.28.1_1,2018.0,0.010892811570113218
IDN.28.5_1,2018.0,0.024038962527614536
IDN.29.1_1,2018.0,0.007333612447147392
IDN.29.8_1,2018.0,0.007126504490689864
IDN.29.9_1,2018.0,0.0019729649056706164
IDN.29.15_1,2018.0,0.00347116971975257
IDN.30.2_1,2018.0,4.154454471251989E-4
IDN.30.6_1,2018.0,0.009587592753870038
IDN.30.10_1,2018.0,0.00526594733197381
IDN.30.8_1,2018.0,0.0028248639726449784
IDN.30.11_1,2018.0,0.004251681376596099
IDN.30.14_1,2018.0,0.0018324768495884167
IDN.30.16_1,2018.0,0.0035881449069492446
IDN.31.4_1,2018.0,0.01792209024351514
IDN.31.13_1,2018.0,0.010989651638933012
IDN.31.14_1,2018.0,0.01640997799714295
IDN.31.15_1,2018.0,0.03294592622885285
IDN.32.5_1,2018.0,0.0028107421911174545
IDN.32.8_1,2018.0,0.006484597425613165
IDN.32.9_1,2018.0,0.0016051855816647557
IDN.32.10_1,2018.0,0.015024026714174112
IDN.32.23_1,2018.0,0.005846776350467701
IDN.32.25_1,2018.0,0.006663463078648083
IDN.32.28_1,2018.0,0.005566146189554565
IDN.32.33_1,2018.0,0.012998174649604009
IDN.35.4,2018.0,0.014008907890393427
IDN.35.8,2018.0,0.0024595010409323398
IDN.35.9,2018.0,0.010123666458898657
IDN.35.13,2018.0,0.01889652599314967
IDN.35.14,2018.0,0.02032936398695145
IDN.9.27_1,2018.0,0.002817910075974593
IDN.30.3_1,2018.0,1.2083131947800867E-4
IDN.32.14_1,2018.0,0.008854048777727476
IDN.7.6_1,2018.0,0.0
IDN.4.3_1,2018.0,0.0
IDN.7.1_1,2018.0,0.0
IDN.7.2_1,2018.0,0.0
IDN.7.3_1,2018.0,0.0
IDN.7.4_1,2018.0,0.0
IDN.7.5_1,2018.0,0.0
IDN.9.10_1,2018.0,0.0
IDN.9.17_1,2018.0,0.0
IDN.10.15_1,2018.0,0.0
IDN.10.31_1,2018.0,0.0
IDN.11.11_1,2018.0,0.0
IDN.11.13_1,2018.0,0.0
IDN.11.16_1,2018.0,0.0
IDN.11.17_1,2018.0,0.0
IDN.33.3_1,2018.0,0.0
IDN.10.34_1,2018.0,0.0
IDN.1.2_1,2019.0,0.0077298604590556935
IDN.1.1_1,2019.0,0.005741793007107936
IDN.1.3_1,2019.0,0.006645012376036242
IDN.1.4_1,2019.0,0.0057813579771407225
IDN.1.5_1,2019.0,0.003380166004947207
IDN.1.6_1,2019.0,0.00908997115632515
IDN.1.7_1,2019.0,0.011726610465704447
IDN.1.8_1,2019.0,0.009501294399660952
IDN.1.9_1,2019.0,0.0022311984075356556
IDN.1.10_1,2019.0,0.008118777621132604
IDN.1.11_1,2019.0,0.01551516507749346
IDN.1.13_1,2019.0,0.010205645785877404
IDN.1.14_1,2019.0,0.009793896929792004
IDN.1.15_1,2019.0,0.004820883966723604
IDN.1.18_1,2019.0,0.008877051010507907
IDN.1.20_1,2019.0,0.005979114536240723
IDN.1.19_1,2019.0,0.004677750085935307
IDN.1.22_1,2019.0,0.0029204981251202884
IDN.2.1_1,2019.0,0.00269974298979401
IDN.2.2_1,2019.0,7.182372972292788E-4
IDN.2.3_1,2019.0,0.0012668020665790836
IDN.2.5_1,2019.0,0.001616702459543342
IDN.2.6_1,2019.0,0.014591323448764579
IDN.2.7_1,2019.0,7.030843206268538E-4
IDN.2.8_1,2019.0,0.012149158922479706
IDN.2.9_1,2019.0,0.0015031274030648369
IDN.3.4_1,2019.0,0.021536797834011842
IDN.3.1_1,2019.0,0.0350131156572274
IDN.3.2_1,2019.0,0.0180438291231202
IDN.3.3_1,2019.0,0.024166628058414123
IDN.3.6_1,2019.0,0.0129119947070815
IDN.3.5_1,2019.0,0.024189712283792485
IDN.4.4_1,2019.0,0.009195179661940334
IDN.4.5_1,2019.0,0.018434433658661084
IDN.4.6_1,2019.0,0.0016259290572513793
IDN.4.8_1,2019.0,6.966679024522246E-4
IDN.5.1_1,2019.0,0.01868384772077589
IDN.5.2_1,2019.0,0.02258986892352075
IDN.5.3_1,2019.0,0.013852756706261255
IDN.5.5_1,2019.0,0.015473029254497993
IDN.5.6_1,2019.0,0.011169586237539204
IDN.5.7_1,2019.0,0.008504297193110877
IDN.5.8_1,2019.0,0.012391153483623534
IDN.5.9_1,2019.0,0.013040395614162995
IDN.5.10_1,2019.0,0.013867184625604023
IDN.6.1_1,2019.0,0.019740847022813403
IDN.6.2_1,2019.0,0.011445443179465581
IDN.6.3_1,2019.0,0.03862715200862739
IDN.6.5_1,2019.0,0.023411172345962596
IDN.6.4_1,2019.0,0.02565961444395593
IDN.6.7_1,2019.0,0.011080370519641192
IDN.8.1_1,2019.0,0.019230113833823864
IDN.8.2_1,2019.0,0.019886005660516494
IDN.8.4_1,2019.0,0.02216066101903947
IDN.8.5_1,2019.0,0.020041451364847706
IDN.8.6_1,2019.0,0.017069506268956022
IDN.8.7_1,2019.0,0.021569147366747275
IDN.8.9_1,2019.0,0.014541693392477033
IDN.8.10_1,2019.0,0.013631944198266315
IDN.8.11_1,2019.0,0.01935351002508569
IDN.9.2_1,2019.0,0.001809187405729901
IDN.9.1_1,2019.0,0.0015124035646949848
IDN.9.4_1,2019.0,3.44386711012189E-4
IDN.9.5_1,2019.0,0.006098292016280894
IDN.9.6_1,2019.0,0.0036449359700282025
IDN.9.7_1,2019.0,0.006678699153353637
IDN.9.9_1,2019.0,8.717863806823646E-4
IDN.9.11_1,2019.0,0.00564248455840297
IDN.9.12_1,2019.0,0.0012266546481083148
IDN.9.13_1,2019.0,0.002608089242267058
IDN.9.20_1,2019.0,0.0015777436974011197
IDN.9.21_1,2019.0,8.766357041458934E-4
IDN.9.22_1,2019.0,0.006694014278129643
IDN.9.23_1,2019.0,0.0027466100535584077
IDN.9.24_1,2019.0,0.010841432163238232
IDN.9.25_1,2019.0,0.002852813625328076
IDN.9.26_1,2019.0,0.008246816418465341
IDN.10.1_1,2019.0,9.0369224134994E-4
IDN.10.2_1,2019.0,0.0025004355618109104
IDN.10.3_1,2019.0,0.004294989467287772
IDN.10.4_1,2019.0,0.002943720262914466
IDN.10.5_1,2019.0,6.772057274755303E-4
IDN.10.6_1,2019.0,0.002524112197874335
IDN.10.7_1,2019.0,0.00380064195157763
IDN.10.8_1,2019.0,9.02644877656119E-4
IDN.10.9_1,2019.0,0.0020499372485293476
IDN.10.10_1,2019.0,0.0029857349151362804
IDN.10.11_1,2019.0,0.0017047048719470669
IDN.10.12_1,2019.0,0.0021581513329894256
IDN.10.13_1,2019.0,0.004427865592545056
IDN.10.14_1,2019.0,2.5311301435432037E-4
IDN.10.19_1,2019.0,3.3944168631435E-4
IDN.10.20_1,2019.0,1.7504332595715834E-4
IDN.10.21_1,2019.0,0.003048655503771095
IDN.10.22_1,2019.0,0.0027187297416137878
IDN.10.23_1,2019.0,0.005417780465177749
IDN.10.24_1,2019.0,5.384555475883828E-4
IDN.10.25_1,2019.0,4.338730349964686E-4
IDN.10.26_1,2019.0,0.0022524484865390575
IDN.10.28_1,2019.0,0.002801474645992121
IDN.10.29_1,2019.0,2.670671143061894E-4
IDN.10.30_1,2019.0,0.0019381743158013518
IDN.10.32_1,2019.0,0.002487136820966296
IDN.10.33_1,2019.0,5.134068328172405E-4
IDN.10.35_1,2019.0,5.070892440315021E-4
IDN.10.36_1,2019.0,4.000572630984434E-4
IDN.11.1_1,2019.0,9.264027935600896E-4
IDN.11.2_1,2019.0,0.011359129756326558
IDN.11.4_1,2019.0,0.0048910536123815945
IDN.11.5_1,2019.0,0.004534653745862003
IDN.11.6_1,2019.0,0.002343168988039657
IDN.11.7_1,2019.0,6.52502681120698E-4
IDN.11.8_1,2019.0,0.00587548623948224
IDN.11.9_1,2019.0,0.0010552409725151724
IDN.11.10_1,2019.0,0.0031294783271282544
IDN.11.18_1,2019.0,9.473627631106673E-4
IDN.11.19_1,2019.0,0.006887016411620384
IDN.11.20_1,2019.0,8.65869763531822E-4
IDN.11.21_1,2019.0,2.8069569823385146E-4
IDN.11.22_1,2019.0,0.004131940582957807
IDN.11.23_1,2019.0,9.209991862820375E-4
IDN.11.24_1,2019.0,0.0015539621092014414
IDN.11.25_1,2019.0,9.176914383082903E-4
IDN.11.26_1,2019.0,0.0016620542365145994
IDN.11.27_1,2019.0,3.082036275142085E-4
IDN.11.28_1,2019.0,0.0012599188050591995
IDN.11.29_1,2019.0,0.0013426167206120297
IDN.11.30_1,2019.0,0.0019810777251199705
IDN.11.31_1,2019.0,0.0010304013275006432
IDN.11.32_1,2019.0,1.7105127161248194E-4
IDN.11.33_1,2019.0,4.242815996022022E-4
IDN.11.34_1,2019.0,3.70430206616104E-4
IDN.11.36_1,2019.0,6.827050574001841E-4
IDN.11.37_1,2019.0,0.0012830061450231404
IDN.11.38_1,2019.0,0.001655244975348522
IDN.12.1_1,2019.0,0.015316761714930217
IDN.12.2_1,2019.0,0.006234700972272804
IDN.12.3_1,2019.0,0.011812576186119835
IDN.12.4_1,2019.0,0.018707291444191452
IDN.12.6_1,2019.0,0.010990586750401935
IDN.12.7_1,2019.0,0.01961764618802259
IDN.12.8_1,2019.0,0.009203276896018058
IDN.12.9_1,2019.0,0.010884706782380139
IDN.12.10_1,2019.0,0.008603227801510658
IDN.12.11_1,2019.0,0.020479748204650212
IDN.12.12_1,2019.0,0.020990747269602362
IDN.12.14_1,2019.0,0.012767659839536637
IDN.13.1_1,2019.0,0.018652819546907586
IDN.13.3_1,2019.0,0.014437577134717343
IDN.13.5_1,2019.0,0.014748391160718079
IDN.13.6_1,2019.0,0.01272964672934558
IDN.13.7_1,2019.0,0.013937815032427754
IDN.13.8_1,2019.0,0.01833352809061753
IDN.13.9_1,2019.0,0.029597811956351614
IDN.13.10_1,2019.0,0.010410848313701808
IDN.13.11_1,2019.0,0.017273580771445626
IDN.13.12_1,2019.0,0.013403385255197504
IDN.13.13_1,2019.0,0.012596931406872175
IDN.14.1_1,2019.0,0.006843092718102147
IDN.14.2_1,2019.0,0.01955773375172168
IDN.14.3_1,2019.0,0.00966594915694057
IDN.14.4_1,2019.0,0.012628767583764335
IDN.14.5_1,2019.0,0.012108174286506098
IDN.14.6_1,2019.0,0.009160395508069205
IDN.14.7_1,2019.0,0.012078605266495743
IDN.14.8_1,2019.0,0.01184778749083409
IDN.14.9_1,2019.0,0.013940534999775527
IDN.14.10_1,2019.0,0.004556225706660918
IDN.14.12_1,2019.0,0.020029044221272146
IDN.14.13_1,2019.0,0.013058819549379047
IDN.14.14_1,2019.0,0.010570497960696097
IDN.34.2_1,2019.0,0.014467257063655451
IDN.34.5_1,2019.0,0.011738503773412633
IDN.34.6_1,2019.0,0.01213315621640005
IDN.34.7_1,2019.0,0.014247331561515105
IDN.34.10_1,2019.0,0.013476885285157973
IDN.34.11_1,2019.0,0.026082939406117847
IDN.16.2_1,2019.0,0.03354821171395355
IDN.16.3_1,2019.0,0.019589245907049795
IDN.16.4_1,2019.0,0.004360839426793198
IDN.16.5_1,2019.0,0.01242274397295722
IDN.16.6_1,2019.0,0.015006148402624339
IDN.17.2_1,2019.0,0.011668503053375122
IDN.17.3_1,2019.0,0.012136259507592213
IDN.17.4_1,2019.0,0.01080470324845825
IDN.17.5_1,2019.0,0.005047478270602168
IDN.17.6_1,2019.0,0.015864858260657085
IDN.17.7_1,2019.0,0.019680436274640584
IDN.17.9_1,2019.0,0.005883563342650976
IDN.17.10_1,2019.0,0.011835570624688286
IDN.17.11_1,2019.0,0.008445243077401368
IDN.17.12_1,2019.0,0.027716272072003577
IDN.17.13_1,2019.0,0.018299905705031618
IDN.17.14_1,2019.0,0.01373518858756413
IDN.19.3_1,2019.0,0.005416625267639186
IDN.19.2_1,2019.0,0.006942699344007163
IDN.19.4_1,2019.0,0.0015185635684414557
IDN.19.5_1,2019.0,0.0033437081406961023
IDN.19.6_1,2019.0,0.011135103969396834
IDN.19.8_1,2019.0,0.008264747339087901
IDN.19.7_1,2019.0,0.008030981852760032
IDN.19.9_1,2019.0,0.005915043955818908
IDN.19.10_1,2019.0,0.010672636520873548
IDN.18.1_1,2019.0,0.00885576570045359
IDN.18.2_1,2019.0,0.006634710432427133
IDN.18.3_1,2019.0,0.006719752145460799
IDN.18.4_1,2019.0,0.005651440455786057
IDN.18.5_1,2019.0,0.010418986096684369
IDN.18.6_1,2019.0,0.007570387627151699
IDN.18.7_1,2019.0,0.008653027841201009
IDN.20.1_1,2019.0,0.01147914759714602
IDN.20.2_1,2019.0,0.018789742086895406
IDN.20.4_1,2019.0,0.005519112810335251
IDN.20.5_1,2019.0,0.0033230363905288065
IDN.20.6_1,2019.0,0.0016438807478514792
IDN.20.7_1,2019.0,0.0019877657065633094
IDN.20.10_1,2019.0,0.007416912286610569
IDN.20.9_1,2019.0,0.005216880227731345
IDN.21.1_1,2019.0,0.003410774618228476
IDN.21.2_1,2019.0,0.004222512715956003
IDN.21.3_1,2019.0,0.00383063207966503
IDN.21.4_1,2019.0,0.0038174457525202293
IDN.21.6_1,2019.0,0.0041179202944654075
IDN.21.7_1,2019.0,0.002054814035103099
IDN.21.10_1,2019.0,0.0031768820792369805
IDN.21.8_1,2019.0,0.0028184707574773465
IDN.21.9_1,2019.0,0.004997230395315925
IDN.21.11_1,2019.0,0.0021539705175770275
IDN.21.12_1,2019.0,0.001427018814831875
IDN.21.13_1,2019.0,5.009454495339396E-4
IDN.21.14_1,2019.0,1.2748424507204648E-4
IDN.21.15_1,2019.0,0.003425731811830378
IDN.21.17_1,2019.0,0.017078441229451975
IDN.21.16_1,2019.0,0.010258610523939803
IDN.21.18_1,2019.0,0.004981566354056444
IDN.21.19_1,2019.0,0.007615820478289581
IDN.21.20_1,2019.0,0.0071996081764497235
IDN.21.21_1,2019.0,0.003930500158452182
IDN.23.1_1,2019.0,3.9924225513440043E-4
IDN.23.2_1,2019.0,0.008302346399377956
IDN.23.3_1,2019.0,0.0018104944474202926
IDN.23.4_1,2019.0,0.0024115138308163134
IDN.23.5_1,2019.0,0.0014761415927434156
IDN.23.6_1,2019.0,0.002847859290290969
IDN.23.7_1,2019.0,0.002999006915453122
IDN.23.8_1,2019.0,0.0033048386467250837
IDN.23.9_1,2019.0,0.0032402671584255815
IDN.23.10_1,2019.0,0.0025065753768601907
IDN.23.12_1,2019.0,0.0015363672046954239
IDN.23.13_1,2019.0,2.979721608768181E-4
IDN.23.14_1,2019.0,0.0021657661989369745
IDN.23.15_1,2019.0,6.490250178674395E-4
IDN.23.16_1,2019.0,0.0013987670737762418
IDN.23.17_1,2019.0,0.001449506517968111
IDN.23.18_1,2019.0,0.003975162345966745
IDN.23.19_1,2019.0,0.0010358492228759648
IDN.23.20_1,2019.0,9.798414079359055E-4
IDN.23.21_1,2019.0,0.0032910120415892826
IDN.23.23_1,2019.0,0.001613976385177464
IDN.23.22_1,2019.0,0.0024087060348877603
IDN.23.24_1,2019.0,0.0012315750222585903
IDN.23.25_1,2019.0,0.0015638029663710103
IDN.23.26_1,2019.0,0.0047427244563100915
IDN.23.27_1,2019.0,8.651620426504728E-4
IDN.23.28_1,2019.0,0.002833823194640142
IDN.23.29_1,2019.0,0.003815314439790968
IDN.22.1_1,2019.0,0.004636026426435193
IDN.22.2_1,2019.0,0.0012958126561612357
IDN.22.4_1,2019.0,0.0034749272307118073
IDN.22.5_1,2019.0,0.003986996822336551
IDN.22.6_1,2019.0,0.0010856528021072622
IDN.22.8_1,2019.0,0.002496594029456832
IDN.22.7_1,2019.0,0.002060241911365192
IDN.22.9_1,2019.0,0.001284267171758837
IDN.22.10_1,2019.0,0.00277820070702722
IDN.22.11_1,2019.0,0.0037738091647909703
IDN.24.1_1,2019.0,0.010177520549613437
IDN.24.3_1,2019.0,0.02049198711891671
IDN.24.4_1,2019.0,0.018817461262962725
IDN.24.5_1,2019.0,0.012983973232995964
IDN.24.6_1,2019.0,0.008275527215036627
IDN.24.7_1,2019.0,0.024076190151235518
IDN.24.9_1,2019.0,0.015231146401313149
IDN.24.10_1,2019.0,0.013035974261170044
IDN.24.11_1,2019.0,0.01281112865516236
IDN.24.12_1,2019.0,0.014609347761584852
IDN.25.1_1,2019.0,0.010881042490189454
IDN.25.2_1,2019.0,0.009303830913361982
IDN.25.4_1,2019.0,0.011011305618710271
IDN.25.3_1,2019.0,0.016247168047944086
IDN.25.5_1,2019.0,0.015468840961992095
IDN.26.1_1,2019.0,0.0016603859986845195
IDN.26.2_1,2019.0,0.0044816229137783405
IDN.26.3_1,2019.0,0.016007103497792906
IDN.26.4_1,2019.0,0.0034608200275536957
IDN.26.5_1,2019.0,0.011651169165477421
IDN.26.6_1,2019.0,0.00592180064236467
IDN.26.7_1,2019.0,7.49376861418004E-4
IDN.26.8_1,2019.0,0.009082386329398472
IDN.26.11_1,2019.0,0.020468304757482694
IDN.26.9_1,2019.0,0.01005457808053918
IDN.26.10_1,2019.0,0.008359227481898995
IDN.26.13_1,2019.0,0.00671720673219254
IDN.26.15_1,2019.0,0.004696437188439699
IDN.26.17_1,2019.0,0.015650987127655946
IDN.26.18_1,2019.0,0.008654328228057385
IDN.26.19_1,2019.0,5.920828319506684E-4
IDN.26.20_1,2019.0,0.022504189028526977
IDN.26.21_1,2019.0,0.0018684999168387358
IDN.26.22_1,2019.0,0.006739388689587652
IDN.26.23_1,2019.0,0.0021116579161908214
IDN.26.24_1,2019.0,0.00931862501629481
IDN.27.2_1,2019.0,0.012504397573198246
IDN.27.1_1,2019.0,0.014178881292390793
IDN.27.3_1,2019.0,0.012705091803903132
IDN.27.4_1,2019.0,0.009700107948519878
IDN.27.5_1,2019.0,0.009833617315850262
IDN.27.7_1,2019.0,0.012834837885527809
IDN.27.8_1,2019.0,0.006480457619189382
IDN.27.9_1,2019.0,0.015456234794904
IDN.27.10_1,2019.0,0.018416833884097712
IDN.27.11_1,2019.0,0.010060739745403731
IDN.28.2_1,2019.0,0.018230901831224732
IDN.28.4_1,2019.0,0.011016221142694557
IDN.28.3_1,2019.0,0.009673385750540183
IDN.28.7_1,2019.0,0.012475374640560661
IDN.28.6_1,2019.0,0.009677070796416953
IDN.28.10_1,2019.0,0.011554943671839898
IDN.28.8_1,2019.0,0.02298426607043966
IDN.28.9_1,2019.0,0.022718659250145185
IDN.28.11_1,2019.0,0.03375451137807189
IDN.28.12_1,2019.0,0.00447313538169035
IDN.29.5_1,2019.0,0.015219910399765547
IDN.29.2_1,2019.0,0.005210858435775605
IDN.29.3_1,2019.0,0.011027545674745341
IDN.29.4_1,2019.0,0.02205658324684107
IDN.29.6_1,2019.0,0.0010460305824076886
IDN.29.7_1,2019.0,0.005290239248681451
IDN.29.13_1,2019.0,0.004760759953822464
IDN.29.10_1,2019.0,0.007801440578699309
IDN.29.11_1,2019.0,0.011192194306525537
IDN.29.12_1,2019.0,0.020296156377749425
IDN.29.14_1,2019.0,0.006314487272553737
IDN.30.1_1,2019.0,0.006652806274530923
IDN.30.4_1,2019.0,0.03521371730090284
IDN.30.5_1,2019.0,0.004811781757216809
IDN.30.7_1,2019.0,0.003994550035724433
IDN.30.9_1,2019.0,0.005203265395841482
IDN.30.13_1,2019.0,0.010688071583646394
IDN.30.12_1,2019.0,0.021534865264618928
IDN.30.15_1,2019.0,0.007045884994774542
IDN.30.17_1,2019.0,0.010531678584178195
IDN.30.19_1,2019.0,0.0037094785192475716
IDN.30.18_1,2019.0,0.01269244329152752
IDN.30.20_1,2019.0,0.0013752841594811432
IDN.31.1_1,2019.0,0.02012789575209361
IDN.31.2_1,2019.0,0.013386057363433346
IDN.31.3_1,2019.0,0.015058431474837571
IDN.31.5_1,2019.0,0.017748097115016244
IDN.31.6_1,2019.0,0.013086622298142996
IDN.31.7_1,2019.0,0.018840520909671095
IDN.31.8_1,2019.0,0.022390678290640297
IDN.31.9_1,2019.0,0.022646675062674586
IDN.31.12_1,2019.0,0.014117672814684606
IDN.31.10_1,2019.0,0.015605576699591537
IDN.31.11_1,2019.0,0.013461640108815254
IDN.32.1_1,2019.0,0.016045485563752526
IDN.32.2_1,2019.0,0.01694559575486868
IDN.32.3_1,2019.0,0.008625989370463076
IDN.32.4_1,2019.0,0.0082620024744259
IDN.32.6_1,2019.0,0.006316098479175674
IDN.32.7_1,2019.0,0.008363627588563776
IDN.32.13_1,2019.0,0.019363554966893563
IDN.32.11_1,2019.0,0.0239349186292107
IDN.32.12_1,2019.0,0.02050997938421751
IDN.32.15_1,2019.0,0.01228053290958971
IDN.32.16_1,2019.0,0.008647378332488364
IDN.32.20_1,2019.0,0.0054985660062590695
IDN.32.17_1,2019.0,0.002982761684385382
IDN.32.18_1,2019.0,0.0054808028691489645
IDN.32.19_1,2019.0,0.004726872284822305
IDN.32.22_1,2019.0,0.0065603925839612465
IDN.32.21_1,2019.0,0.012588293178893161
IDN.32.24_1,2019.0,0.0056940753452874625
IDN.32.26_1,2019.0,0.002660954767371973
IDN.32.27_1,2019.0,0.01840041011841682
IDN.32.29_1,2019.0,0.013328939137516201
IDN.32.30_1,2019.0,0.008505623164981924
IDN.32.31_1,2019.0,0.007392662931335141
IDN.32.32_1,2019.0,0.008687083745239483
IDN.32.34_1,2019.0,0.007312035112754344
IDN.33.1_1,2019.0,4.4053931136149474E-4
IDN.33.2_1,2019.0,5.679029741687102E-4
IDN.33.4_1,2019.0,8.773680335257809E-4
IDN.33.5_1,2019.0,5.82453947677363E-4
IDN.1.12_1,2019.0,3.9788512354333073E-4
IDN.1.16_1,2019.0,0.005565374683843757
IDN.1.17_1,2019.0,0.007043863483107568
IDN.1.21_1,2019.0,0.006563721346862758
IDN.1.23_1,2019.0,0.015234596194067843
IDN.2.4_1,2019.0,0.0026174345069710056
IDN.3.7_1,2019.0,0.016366291534079255
IDN.4.1_1,2019.0,6.972210793888102E-4
IDN.4.2_1,2019.0,0.0018619000508947271
IDN.4.3_1,2019.0,3.829023483175784E-4
IDN.4.7_1,2019.0,2.4121082156878764E-4
IDN.5.4_1,2019.0,0.022738662182063024
IDN.6.6_1,2019.0,0.06255463054006918
IDN.7.5_1,2019.0,7.38526983314214E-5
IDN.8.3_1,2019.0,0.012121525248872098
IDN.8.8_1,2019.0,0.01024093166487168
IDN.9.3_1,2019.0,0.0021963302425318833
IDN.9.10_1,2019.0,7.439803239086105E-4
IDN.9.15_1,2019.0,4.613176135587575E-5
IDN.9.16_1,2019.0,2.6532025021260296E-4
IDN.9.18_1,2019.0,8.054301786791577E-4
IDN.9.19_1,2019.0,6.446131720592629E-4
IDN.10.17_1,2019.0,0.002931807539674591
IDN.10.18_1,2019.0,2.77974297733365E-4
IDN.10.27_1,2019.0,0.0011169316955546701
IDN.10.31_1,2019.0,3.954646709884115E-4
IDN.11.3_1,2019.0,0.007674123833981643
IDN.11.12_1,2019.0,1.4409482456596373E-4
IDN.11.14_1,2019.0,4.466617551389752E-4
IDN.11.35_1,2019.0,6.271388817498894E-5
IDN.12.5_1,2019.0,0.009266969278754485
IDN.12.13_1,2019.0,0.011226836254824523
IDN.13.2_1,2019.0,0.010925523300406125
IDN.13.4_1,2019.0,6.62415404668655E-4
IDN.14.11_1,2019.0,0.019047881091168336
IDN.34.1_1,2019.0,0.009024920980071814
IDN.34.3_1,2019.0,0.012286663243454309
IDN.34.12_1,2019.0,0.019992761101349454
IDN.16.1_1,2019.0,0.019619651144727964
IDN.16.7_1,2019.0,0.013760605941080065
IDN.17.1_1,2019.0,0.001657388257971852
IDN.17.8_1,2019.0,6.955369380508102E-4
IDN.19.1_1,2019.0,0.0034721977058872525
IDN.19.11_1,2019.0,0.013636493165724165
IDN.18.8_1,2019.0,0.001427635667377686
IDN.18.9_1,2019.0,0.0022747792284549114
IDN.20.3_1,2019.0,0.008388359785843588
IDN.20.8_1,2019.0,1.640413615818991E-4
IDN.21.5_1,2019.0,8.144346816014903E-4
IDN.23.11_1,2019.0,0.0072456090894352735
IDN.22.3_1,2019.0,0.010173878457236824
IDN.24.2_1,2019.0,0.011192857605119908
IDN.24.8_1,2019.0,0.016829654407013027
IDN.26.12_1,2019.0,2.3296681410572953E-4
IDN.26.14_1,2019.0,0.011727604050930325
IDN.26.16_1,2019.0,0.016745022616376372
IDN.27.6_1,2019.0,0.016340609832195745
IDN.28.1_1,2019.0,0.014113234572981963
IDN.28.5_1,2019.0,0.021494460885795146
IDN.29.1_1,2019.0,0.006834840518495745
IDN.29.8_1,2019.0,0.004934798674517843
IDN.29.9_1,2019.0,0.01754800517062808
IDN.29.15_1,2019.0,0.001947610239274419
IDN.30.2_1,2019.0,4.154454471251989E-4
IDN.30.6_1,2019.0,0.006367519032820974
IDN.30.10_1,2019.0,0.0036608010108356384
IDN.30.8_1,2019.0,4.7081066210749643E-4
IDN.30.11_1,2019.0,0.0028579519046839598
IDN.30.14_1,2019.0,0.001369960106637529
IDN.30.16_1,2019.0,0.002753452390555431
IDN.31.4_1,2019.0,0.018076235813773975
IDN.31.13_1,2019.0,0.007865844065321625
IDN.31.14_1,2019.0,0.01999494481498556
IDN.31.15_1,2019.0,0.024385779205303142
IDN.32.5_1,2019.0,0.003031621975949258
IDN.32.8_1,2019.0,0.004234771563624834
IDN.32.9_1,2019.0,0.0013271241292487524
IDN.32.10_1,2019.0,0.0144382723414065
IDN.32.23_1,2019.0,0.005533633638061959
IDN.32.25_1,2019.0,0.007133831160741296
IDN.32.28_1,2019.0,0.001688033877093672
IDN.32.33_1,2019.0,0.008843524791657096
IDN.35.4,2019.0,0.010649229068060217
IDN.35.8,2019.0,0.0018219950556359282
IDN.35.9,2019.0,0.00800080076194212
IDN.35.13,2019.0,0.02084921539107164
IDN.35.14,2019.0,0.01808023153377354
IDN.9.27_1,2019.0,7.84655623365301E-4
IDN.32.14_1,2019.0,0.003110499660479855
IDN.7.6_1,2019.0,0.0
IDN.7.1_1,2019.0,0.0
IDN.7.2_1,2019.0,0.0
IDN.7.3_1,2019.0,0.0
IDN.7.4_1,2019.0,0.0
IDN.9.8_1,2019.0,0.0
IDN.9.14_1,2019.0,0.0
IDN.9.17_1,2019.0,0.0
IDN.10.15_1,2019.0,0.0
IDN.10.16_1,2019.0,0.0
IDN.11.11_1,2019.0,0.0
IDN.11.13_1,2019.0,0.0
IDN.11.15_1,2019.0,0.0
IDN.11.16_1,2019.0,0.0
IDN.11.17_1,2019.0,0.0
IDN.33.3_1,2019.0,0.0
IDN.10.34_1,2019.0,0.0
IDN.30.3_1,2019.0,0.0
IDN.1.2_1,2020.0,0.007100743264922533
IDN.1.1_1,2020.0,0.0055788241094539654
IDN.1.3_1,2020.0,0.008674178207490323
IDN.1.4_1,2020.0,0.007634112657304552
IDN.1.5_1,2020.0,0.004336489273715949
IDN.1.6_1,2020.0,0.015136143285305603
IDN.1.7_1,2020.0,0.017341235838694895
IDN.1.8_1,2020.0,0.007324577150372358
IDN.1.9_1,2020.0,0.003948547145974503
IDN.1.10_1,2020.0,0.009010288141309856
IDN.1.11_1,2020.0,0.019402090862335495
IDN.1.13_1,2020.0,0.009757159463955261
IDN.1.14_1,2020.0,0.009436196485174714
IDN.1.15_1,2020.0,0.004353937617587775
IDN.1.18_1,2020.0,0.006687695343273947
IDN.1.20_1,2020.0,0.005970677292512142
IDN.1.19_1,2020.0,0.006230542977421604
IDN.1.22_1,2020.0,0.004944481257446023
IDN.2.1_1,2020.0,0.0011763641476637617
IDN.2.2_1,2020.0,0.0010288263987338318
IDN.2.3_1,2020.0,5.097191747182112E-4
IDN.2.5_1,2020.0,2.963954509162794E-4
IDN.2.6_1,2020.0,0.0017528161024371132
IDN.2.7_1,2020.0,4.5700480840745497E-4
IDN.2.8_1,2020.0,3.782836694135055E-4
IDN.2.9_1,2020.0,3.007161943970992E-4
IDN.3.4_1,2020.0,0.025573193281005623
IDN.3.1_1,2020.0,0.02470160353257782
IDN.3.2_1,2020.0,0.021062945205437354
IDN.3.3_1,2020.0,0.02716632141877359
IDN.3.6_1,2020.0,0.011103482762166397
IDN.3.5_1,2020.0,0.02011002966905869
IDN.4.4_1,2020.0,0.0070411578684733194
IDN.4.5_1,2020.0,0.004493052934717419
IDN.4.6_1,2020.0,9.653362272388866E-4
IDN.4.8_1,2020.0,2.2989687997987385E-4
IDN.5.1_1,2020.0,0.0156786304746312
IDN.5.2_1,2020.0,0.02386247779591741
IDN.5.3_1,2020.0,0.014299163130686986
IDN.5.5_1,2020.0,0.0092816231123977
IDN.5.6_1,2020.0,0.00827215418664943
IDN.5.7_1,2020.0,0.008852265775161723
IDN.5.8_1,2020.0,0.010202481767529732
IDN.5.9_1,2020.0,0.015258496668868417
IDN.5.10_1,2020.0,0.013356934998118797
IDN.6.1_1,2020.0,0.005719736933207776
IDN.6.2_1,2020.0,0.003915487114406938
IDN.6.3_1,2020.0,0.001421557624682988
IDN.6.5_1,2020.0,0.006294148438305443
IDN.6.4_1,2020.0,0.008551089593791458
IDN.6.7_1,2020.0,0.0018245981996412796
IDN.7.6_1,2020.0,0.00131487697300896
IDN.8.1_1,2020.0,0.01654078687125211
IDN.8.2_1,2020.0,0.015312391231143193
IDN.8.4_1,2020.0,0.021444375969893032
IDN.8.5_1,2020.0,0.023219643053287758
IDN.8.6_1,2020.0,0.04342046959008148
IDN.8.7_1,2020.0,0.019706972020990785
IDN.8.9_1,2020.0,0.01164993448978263
IDN.8.10_1,2020.0,0.022383746056226336
IDN.8.11_1,2020.0,0.013098568596804461
IDN.9.2_1,2020.0,0.0022245101848046294
IDN.9.1_1,2020.0,0.0011919282310029285
IDN.9.4_1,2020.0,1.4684915599655598E-4
IDN.9.5_1,2020.0,0.005098991628834645
IDN.9.6_1,2020.0,0.0012405218457923848
IDN.9.7_1,2020.0,0.0018101305318346972
IDN.9.9_1,2020.0,2.3810873046652478E-4
IDN.9.11_1,2020.0,0.0021423112229573145
IDN.9.12_1,2020.0,1.7213331440914083E-4
IDN.9.13_1,2020.0,0.00115337340301434
IDN.9.20_1,2020.0,0.0012743804776207267
IDN.9.21_1,2020.0,5.945060522530347E-4
IDN.9.22_1,2020.0,0.0057184545060577335
IDN.9.23_1,2020.0,0.002027369936840039
IDN.9.24_1,2020.0,0.003166411338899477
IDN.9.25_1,2020.0,0.0033320922774146334
IDN.9.26_1,2020.0,0.0020568398110930638
IDN.10.1_1,2020.0,9.003090200502884E-4
IDN.10.2_1,2020.0,0.001545028534698717
IDN.10.3_1,2020.0,0.00623393839099947
IDN.10.4_1,2020.0,0.005427634957727601
IDN.10.5_1,2020.0,3.5192080444771556E-4
IDN.10.6_1,2020.0,0.0012769742899781276
IDN.10.7_1,2020.0,0.002042984109460143
IDN.10.8_1,2020.0,1.2352624965354864E-4
IDN.10.9_1,2020.0,0.003041038669412818
IDN.10.10_1,2020.0,0.0038545691559085573
IDN.10.11_1,2020.0,0.0021187856976386614
IDN.10.12_1,2020.0,2.508497553640477E-4
IDN.10.13_1,2020.0,0.0030888408718824393
IDN.10.14_1,2020.0,1.828038437003425E-4
IDN.10.19_1,2020.0,4.2969324055793016E-4
IDN.10.20_1,2020.0,2.4014632008999444E-4
IDN.10.21_1,2020.0,0.002617089735444306
IDN.10.22_1,2020.0,0.003973294124394529
IDN.10.23_1,2020.0,0.0026086857563213483
IDN.10.24_1,2020.0,8.75637677539747E-4
IDN.10.25_1,2020.0,1.6270238812367572E-4
IDN.10.26_1,2020.0,0.0036942356781205503
IDN.10.28_1,2020.0,0.0017115791396339057
IDN.10.29_1,2020.0,2.392047479055437E-4
IDN.10.30_1,2020.0,2.79736499187824E-4
IDN.10.32_1,2020.0,0.0011342514320933823
IDN.10.33_1,2020.0,0.0010547460428984644
IDN.10.35_1,2020.0,4.670268659695786E-4
IDN.10.36_1,2020.0,2.600372210139882E-4
IDN.11.1_1,2020.0,3.9386470434956945E-4
IDN.11.2_1,2020.0,0.0027956656391626405
IDN.11.4_1,2020.0,0.002004522222228588
IDN.11.5_1,2020.0,0.004915143966226842
IDN.11.6_1,2020.0,0.006364158086416708
IDN.11.7_1,2020.0,4.906825587681374E-4
IDN.11.8_1,2020.0,0.005361451295574626
IDN.11.9_1,2020.0,0.0010284690925909969
IDN.11.10_1,2020.0,0.002215833660628211
IDN.11.18_1,2020.0,0.0011578113172680201
IDN.11.19_1,2020.0,0.0033775274587938132
IDN.11.20_1,2020.0,0.002883546551644358
IDN.11.21_1,2020.0,6.034957512027807E-4
IDN.11.22_1,2020.0,0.0018104344461601573
IDN.11.23_1,2020.0,0.0011639000705762012
IDN.11.24_1,2020.0,0.0027026391598751016
IDN.11.25_1,2020.0,0.003106707710582896
IDN.11.26_1,2020.0,9.886385266219778E-4
IDN.11.27_1,2020.0,6.226582555547709E-5
IDN.11.28_1,2020.0,0.0013484121733484968
IDN.11.29_1,2020.0,0.0020898147212922266
IDN.11.30_1,2020.0,0.001409807926957121
IDN.11.31_1,2020.0,3.014055658027769E-4
IDN.11.32_1,2020.0,1.9715615522131498E-4
IDN.11.33_1,2020.0,0.0010893590817811867
IDN.11.34_1,2020.0,0.0017202856169707564
IDN.11.36_1,2020.0,7.587024275377013E-4
IDN.11.37_1,2020.0,0.0018429232058393703
IDN.11.38_1,2020.0,0.0010314305564563828
IDN.12.1_1,2020.0,0.01903832572903637
IDN.12.2_1,2020.0,0.004062413226396228
IDN.12.3_1,2020.0,0.007103544563728411
IDN.12.4_1,2020.0,0.013687468608408818
IDN.12.6_1,2020.0,0.005831200661793199
IDN.12.7_1,2020.0,0.01628440269808453
IDN.12.8_1,2020.0,0.014427703064283958
IDN.12.9_1,2020.0,0.009126082772756663
IDN.12.10_1,2020.0,0.00938908548204678
IDN.12.11_1,2020.0,0.013485905209885369
IDN.12.12_1,2020.0,0.023224573367251086
IDN.12.14_1,2020.0,0.014531467709370229
IDN.13.1_1,2020.0,0.006963388295246545
IDN.13.3_1,2020.0,0.007629521734982986
IDN.13.5_1,2020.0,0.005164164102209606
IDN.13.6_1,2020.0,0.003609580420586619
IDN.13.7_1,2020.0,0.0037332095311161063
IDN.13.8_1,2020.0,0.009161942080394385
IDN.13.9_1,2020.0,0.014497030395748458
IDN.13.10_1,2020.0,0.007024729254630196
IDN.13.11_1,2020.0,0.007881594129882692
IDN.13.12_1,2020.0,0.00695915026430366
IDN.13.13_1,2020.0,0.004447518746684613
IDN.14.1_1,2020.0,0.008156732749384934
IDN.14.2_1,2020.0,0.008636307136966373
IDN.14.3_1,2020.0,0.010455952663443072
IDN.14.4_1,2020.0,0.012511410040075333
IDN.14.5_1,2020.0,0.014082872104698472
IDN.14.6_1,2020.0,0.006053251644632622
IDN.14.7_1,2020.0,0.009053620619086851
IDN.14.8_1,2020.0,0.006166099676321156
IDN.14.9_1,2020.0,0.012078943325653813
IDN.14.10_1,2020.0,0.003959572320036024
IDN.14.12_1,2020.0,0.010364867797666237
IDN.14.13_1,2020.0,0.0050242875315511994
IDN.14.14_1,2020.0,0.009815055669947191
IDN.34.2_1,2020.0,0.008486478678374761
IDN.34.5_1,2020.0,0.00733560181201405
IDN.34.6_1,2020.0,0.011399017206237295
IDN.34.7_1,2020.0,0.011249855768630829
IDN.34.10_1,2020.0,0.009159218474287344
IDN.34.11_1,2020.0,0.016253799556989603
IDN.16.2_1,2020.0,0.024010564229941907
IDN.16.3_1,2020.0,0.024992344988509104
IDN.16.4_1,2020.0,0.0033627051529786216
IDN.16.5_1,2020.0,0.011924522188954116
IDN.16.6_1,2020.0,0.018891524684944754
IDN.17.2_1,2020.0,0.003886149821974901
IDN.17.3_1,2020.0,0.008456417711385084
IDN.17.4_1,2020.0,0.0040061842065581485
IDN.17.5_1,2020.0,0.006809137683241654
IDN.17.6_1,2020.0,0.010247133656825056
IDN.17.7_1,2020.0,0.01633680642909185
IDN.17.9_1,2020.0,0.00588837328645394
IDN.17.10_1,2020.0,0.007160202335292712
IDN.17.11_1,2020.0,0.0046620320534586914
IDN.17.12_1,2020.0,0.010976683954863288
IDN.17.13_1,2020.0,0.012692053815358106
IDN.17.14_1,2020.0,0.01023731785919008
IDN.19.3_1,2020.0,0.00202108075388616
IDN.19.2_1,2020.0,0.003417049983573329
IDN.19.4_1,2020.0,0.001049985288985257
IDN.19.5_1,2020.0,0.002319645403321215
IDN.19.6_1,2020.0,0.0018467981738686133
IDN.19.8_1,2020.0,0.005018790212506808
IDN.19.7_1,2020.0,0.00392920149110117
IDN.19.9_1,2020.0,0.0028831052006056276
IDN.19.10_1,2020.0,0.001007144939567706
IDN.18.1_1,2020.0,0.0023933191118494087
IDN.18.2_1,2020.0,0.0033286868381490545
IDN.18.3_1,2020.0,0.005134954483860057
IDN.18.4_1,2020.0,0.0034029736801942365
IDN.18.5_1,2020.0,0.004458798261866912
IDN.18.6_1,2020.0,0.00541496153463589
IDN.18.7_1,2020.0,0.002804001189434971
IDN.20.1_1,2020.0,0.007535531459302299
IDN.20.2_1,2020.0,0.01623971363373272
IDN.20.4_1,2020.0,0.0019363799239922124
IDN.20.5_1,2020.0,0.0014546933023280183
IDN.20.6_1,2020.0,0.0022991670519900563
IDN.20.7_1,2020.0,0.004322234734038825
IDN.20.10_1,2020.0,0.005535269554557733
IDN.20.9_1,2020.0,0.0020267453863516143
IDN.21.1_1,2020.0,0.005259388394923115
IDN.21.2_1,2020.0,0.004287052624048761
IDN.21.3_1,2020.0,0.0024030718485853744
IDN.21.4_1,2020.0,0.0044404882818844865
IDN.21.6_1,2020.0,0.005509835638368023
IDN.21.7_1,2020.0,0.0031216704764582435
IDN.21.10_1,2020.0,0.0018722612186767116
IDN.21.8_1,2020.0,0.0014056441683630517
IDN.21.9_1,2020.0,0.0022347042140847444
IDN.21.11_1,2020.0,0.0010287129280471018
IDN.21.12_1,2020.0,8.260498553842122E-4
IDN.21.13_1,2020.0,5.857208333012217E-4
IDN.21.14_1,2020.0,3.6120536103746503E-4
IDN.21.15_1,2020.0,0.0023137191729999257
IDN.21.17_1,2020.0,0.01058186733560766
IDN.21.16_1,2020.0,0.006675896296355897
IDN.21.18_1,2020.0,0.0013475310691078005
IDN.21.19_1,2020.0,0.003102694839654184
IDN.21.20_1,2020.0,0.004933795575626706
IDN.21.21_1,2020.0,0.004225725157903207
IDN.23.1_1,2020.0,3.1360886530863415E-4
IDN.23.2_1,2020.0,0.009073824567822991
IDN.23.3_1,2020.0,8.179474795365472E-4
IDN.23.4_1,2020.0,0.0014388269330674443
IDN.23.5_1,2020.0,0.00113585806762613
IDN.23.6_1,2020.0,0.0021869973448763597
IDN.23.7_1,2020.0,0.003058520968326744
IDN.23.8_1,2020.0,0.002304596716971184
IDN.23.9_1,2020.0,0.003964997293073535
IDN.23.10_1,2020.0,0.0016536396761587956
IDN.23.12_1,2020.0,0.0022429770083657093
IDN.23.13_1,2020.0,3.8048752850424464E-4
IDN.23.14_1,2020.0,0.002741267745363351
IDN.23.15_1,2020.0,2.5247450690787525E-4
IDN.23.16_1,2020.0,0.0010182702363456368
IDN.23.17_1,2020.0,0.001628714972310293
IDN.23.18_1,2020.0,0.002530903263325908
IDN.23.19_1,2020.0,8.083552846618679E-4
IDN.23.20_1,2020.0,7.761711596185748E-4
IDN.23.21_1,2020.0,0.003123905257283025
IDN.23.23_1,2020.0,0.001620242497361077
IDN.23.22_1,2020.0,0.003086688729900274
IDN.23.24_1,2020.0,9.068786488795365E-4
IDN.23.25_1,2020.0,0.0017972143178073983
IDN.23.26_1,2020.0,0.00531691482455977
IDN.23.27_1,2020.0,8.470734074928356E-4
IDN.23.28_1,2020.0,0.0023719087912062527
IDN.23.29_1,2020.0,0.004108293356253963
IDN.22.1_1,2020.0,0.004208226563173995
IDN.22.2_1,2020.0,0.0010975517125706598
IDN.22.4_1,2020.0,0.0046959622156834335
IDN.22.5_1,2020.0,0.005479835287977471
IDN.22.6_1,2020.0,7.271891695196676E-4
IDN.22.8_1,2020.0,0.0016474671102123918
IDN.22.7_1,2020.0,0.0032097680313202563
IDN.22.9_1,2020.0,9.053785444214466E-4
IDN.22.10_1,2020.0,0.0026289834135691534
IDN.22.11_1,2020.0,0.0016474108953420908
IDN.24.1_1,2020.0,0.009946872017131968
IDN.24.3_1,2020.0,0.014843110707854873
IDN.24.4_1,2020.0,0.011004533632789155
IDN.24.5_1,2020.0,0.017653049965573122
IDN.24.6_1,2020.0,0.008717931211514913
IDN.24.7_1,2020.0,0.024686548283469112
IDN.24.9_1,2020.0,0.014023509438653124
IDN.24.10_1,2020.0,0.010906998314266461
IDN.24.11_1,2020.0,0.012141856557164241
IDN.24.12_1,2020.0,0.018514682484039147
IDN.25.1_1,2020.0,0.008154833846972187
IDN.25.2_1,2020.0,0.007107288497449114
IDN.25.4_1,2020.0,0.0065988587136229125
IDN.25.3_1,2020.0,0.01000311750274476
IDN.25.5_1,2020.0,0.00896917824685532
IDN.26.1_1,2020.0,8.429726750125562E-4
IDN.26.2_1,2020.0,0.0021576348674424814
IDN.26.3_1,2020.0,0.006062512479978928
IDN.26.4_1,2020.0,8.952115868253193E-4
IDN.26.5_1,2020.0,0.007686417981022598
IDN.26.6_1,2020.0,0.004870081281395072
IDN.26.7_1,2020.0,2.609210002193599E-4
IDN.26.8_1,2020.0,0.006525763495390515
IDN.26.11_1,2020.0,0.006210999163681719
IDN.26.9_1,2020.0,0.007876679594726923
IDN.26.10_1,2020.0,0.008628871838795455
IDN.26.13_1,2020.0,0.005308361404783182
IDN.26.15_1,2020.0,0.0011971247269119659
IDN.26.17_1,2020.0,0.0036305147933157
IDN.26.18_1,2020.0,0.004027876550005726
IDN.26.19_1,2020.0,4.93283306456261E-4
IDN.26.20_1,2020.0,0.007220604422032882
IDN.26.21_1,2020.0,0.001583486466024443
IDN.26.22_1,2020.0,0.0035132689457159695
IDN.26.23_1,2020.0,0.0016281785681794912
IDN.26.24_1,2020.0,0.004157970839114412
IDN.27.2_1,2020.0,0.0068118464510069495
IDN.27.1_1,2020.0,0.014009865251861417
IDN.27.3_1,2020.0,0.006363185986095724
IDN.27.4_1,2020.0,0.0043260607636064615
IDN.27.5_1,2020.0,0.0075046875437692435
IDN.27.7_1,2020.0,0.007325544616216268
IDN.27.8_1,2020.0,0.005890902483068435
IDN.27.9_1,2020.0,0.005542136646025326
IDN.27.10_1,2020.0,0.005896842874438195
IDN.27.11_1,2020.0,0.00587348904177149
IDN.28.2_1,2020.0,0.007847948968881049
IDN.28.4_1,2020.0,0.009140743130481988
IDN.28.3_1,2020.0,0.007522139087724435
IDN.28.7_1,2020.0,0.008041898250232377
IDN.28.6_1,2020.0,0.0049270668509871305
IDN.28.10_1,2020.0,0.005583279345279212
IDN.28.8_1,2020.0,0.013055985628749012
IDN.28.9_1,2020.0,0.005625669171360122
IDN.28.11_1,2020.0,0.01191077454206694
IDN.28.12_1,2020.0,0.0030881663346537486
IDN.29.5_1,2020.0,0.003163264429716541
IDN.29.2_1,2020.0,0.004681918964073098
IDN.29.3_1,2020.0,0.006334231089724127
IDN.29.4_1,2020.0,0.006695808594239884
IDN.29.6_1,2020.0,0.004054395976666759
IDN.29.7_1,2020.0,0.004068686990238669
IDN.29.13_1,2020.0,0.0028305803247816344
IDN.29.10_1,2020.0,0.0024867317022960423
IDN.29.11_1,2020.0,0.0033116324932776003
IDN.29.12_1,2020.0,0.004280135101185619
IDN.29.14_1,2020.0,0.0014977245049570815
IDN.30.1_1,2020.0,0.006468199170068613
IDN.30.4_1,2020.0,0.03576130994566731
IDN.30.5_1,2020.0,0.0037631102366267226
IDN.30.7_1,2020.0,0.004211597642813074
IDN.30.9_1,2020.0,0.006957608945008157
IDN.30.13_1,2020.0,0.008668193527433232
IDN.30.12_1,2020.0,0.023663780160423777
IDN.30.15_1,2020.0,0.006551359933060158
IDN.30.17_1,2020.0,0.01251859656494999
IDN.30.19_1,2020.0,0.003595728285869204
IDN.30.18_1,2020.0,0.013053585226926965
IDN.30.20_1,2020.0,0.002307783205340886
IDN.31.1_1,2020.0,0.015333044342904686
IDN.31.2_1,2020.0,0.015740189118492055
IDN.31.3_1,2020.0,0.014107280939716145
IDN.31.5_1,2020.0,0.020579134699694
IDN.31.6_1,2020.0,0.02152773866571556
IDN.31.7_1,2020.0,0.018044430136775442
IDN.31.8_1,2020.0,0.01965208961910489
IDN.31.9_1,2020.0,0.021686915406821505
IDN.31.12_1,2020.0,0.014510610670258857
IDN.31.10_1,2020.0,0.013374708826328812
IDN.31.11_1,2020.0,0.006665793603508742
IDN.32.1_1,2020.0,0.010470598060511153
IDN.32.2_1,2020.0,0.010443691891672041
IDN.32.3_1,2020.0,0.011078125858493786
IDN.32.4_1,2020.0,0.00920097166480582
IDN.32.6_1,2020.0,0.006481998251683457
IDN.32.7_1,2020.0,0.011003886755267558
IDN.32.13_1,2020.0,0.014629635858175246
IDN.32.11_1,2020.0,0.02220539450586816
IDN.32.12_1,2020.0,0.01680175224768855
IDN.32.15_1,2020.0,0.014479744709977666
IDN.32.16_1,2020.0,0.006364014769214292
IDN.32.20_1,2020.0,0.005532083657271524
IDN.32.17_1,2020.0,0.00396171684814071
IDN.32.18_1,2020.0,0.008630909773517194
IDN.32.19_1,2020.0,0.007994088638206913
IDN.32.22_1,2020.0,0.012760605149017331
IDN.32.21_1,2020.0,0.012333509812202133
IDN.32.24_1,2020.0,0.0051533613991021935
IDN.32.26_1,2020.0,0.003916732750957196
IDN.32.27_1,2020.0,0.018989528152750478
IDN.32.29_1,2020.0,0.013945641546588
IDN.32.30_1,2020.0,0.0067120765726394315
IDN.32.31_1,2020.0,0.011203659239707703
IDN.32.32_1,2020.0,0.010063666450926862
IDN.32.34_1,2020.0,0.006320735171475413
IDN.33.1_1,2020.0,4.985425284765408E-4
IDN.33.2_1,2020.0,7.144196874009569E-4
IDN.33.4_1,2020.0,4.128790746003675E-4
IDN.33.5_1,2020.0,4.959256103522831E-4
IDN.1.12_1,2020.0,0.0013925979324016576
IDN.1.16_1,2020.0,0.004274060861704302
IDN.1.17_1,2020.0,0.01088050021105101
IDN.1.21_1,2020.0,0.004868736834349375
IDN.1.23_1,2020.0,0.01588106591376391
IDN.2.4_1,2020.0,4.1191076791130603E-4
IDN.3.7_1,2020.0,0.018576801713904443
IDN.4.1_1,2020.0,0.002492118422225645
IDN.4.2_1,2020.0,8.776759201492986E-4
IDN.4.3_1,2020.0,5.4700335473939774E-5
IDN.4.7_1,2020.0,1.2060541078439382E-4
IDN.5.4_1,2020.0,0.01306072002835525
IDN.6.6_1,2020.0,0.0016827856131128888
IDN.7.4_1,2020.0,5.35945440333825E-5
IDN.7.5_1,2020.0,2.2155809499426423E-4
IDN.8.3_1,2020.0,0.01643980820223764
IDN.8.8_1,2020.0,0.01359221482499607
IDN.9.3_1,2020.0,0.0014223428710595251
IDN.9.10_1,2020.0,9.919737652114807E-5
IDN.9.14_1,2020.0,1.477719795234215E-5
IDN.9.15_1,2020.0,1.8452704542350296E-4
IDN.9.18_1,2020.0,6.040726340093683E-4
IDN.9.19_1,2020.0,9.132019937506225E-4
IDN.10.16_1,2020.0,3.870422029792851E-4
IDN.10.17_1,2020.0,0.001319903717973017
IDN.10.27_1,2020.0,9.751337263924562E-4
IDN.10.31_1,2020.0,6.382499436838287E-4
IDN.11.3_1,2020.0,0.0021066222289361372
IDN.11.11_1,2020.0,5.87378953866566E-4
IDN.11.12_1,2020.0,2.8818964913192747E-4
IDN.11.14_1,2020.0,0.0013641575486362113
IDN.11.16_1,2020.0,5.183980483838179E-4
IDN.11.35_1,2020.0,1.2542777634997788E-4
IDN.12.5_1,2020.0,0.003899793975189749
IDN.12.13_1,2020.0,0.013679696759235267
IDN.13.2_1,2020.0,0.007194767610989843
IDN.13.4_1,2020.0,0.0011676216234366844
IDN.14.11_1,2020.0,0.006785758908734716
IDN.34.1_1,2020.0,0.016626696400546464
IDN.34.3_1,2020.0,0.01805049101551467
IDN.34.12_1,2020.0,0.01808459276847071
IDN.16.1_1,2020.0,0.014127305141383701
IDN.16.7_1,2020.0,0.009066545706346919
IDN.17.1_1,2020.0,0.0017611825019281612
IDN.17.8_1,2020.0,0.0057269533536206604
IDN.19.1_1,2020.0,0.010627258863783729
IDN.19.11_1,2020.0,0.011566000424447265
IDN.18.8_1,2020.0,8.069245076482571E-4
IDN.18.9_1,2020.0,0.0020493132768848684
IDN.20.3_1,2020.0,0.00797132875050368
IDN.21.5_1,2020.0,0.0016915181848646335
IDN.23.11_1,2020.0,0.017900272711971334
IDN.22.3_1,2020.0,0.007578992638149307
IDN.24.2_1,2020.0,0.012159070284561983
IDN.24.8_1,2020.0,0.016349722367041592
IDN.26.12_1,2020.0,8.153838493700534E-4
IDN.26.14_1,2020.0,0.006588998736927282
IDN.26.16_1,2020.0,0.001725611710652845
IDN.27.6_1,2020.0,0.006032787823467731
IDN.28.1_1,2020.0,0.005968779186837182
IDN.28.5_1,2020.0,0.012033013537483971
IDN.29.1_1,2020.0,0.0020264974794609774
IDN.29.8_1,2020.0,0.004452623394959999
IDN.29.9_1,2020.0,0.001477802583921248
IDN.29.15_1,2020.0,0.002396854757974156
IDN.30.2_1,2020.0,4.154454471251989E-4
IDN.30.6_1,2020.0,0.009988013098822846
IDN.30.10_1,2020.0,0.005601961230963803
IDN.30.8_1,2020.0,0.0014124319863224892
IDN.30.11_1,2020.0,0.004261837142143681
IDN.30.14_1,2020.0,0.001055407332908066
IDN.30.16_1,2020.0,0.005360985248682952
IDN.31.4_1,2020.0,0.020224553857395168
IDN.31.13_1,2020.0,0.007813269556088876
IDN.31.14_1,2020.0,0.013003222878711477
IDN.31.15_1,2020.0,0.024136927157313907
IDN.32.5_1,2020.0,0.004501817846886384
IDN.32.8_1,2020.0,0.003866836465886124
IDN.32.9_1,2020.0,8.188756686765582E-4
IDN.32.10_1,2020.0,0.009134128314584477
IDN.32.23_1,2020.0,0.004675454902678538
IDN.32.25_1,2020.0,0.006327340589714446
IDN.32.28_1,2020.0,0.0024338247064130745
IDN.32.33_1,2020.0,0.0057338855937955615
IDN.35.4,2020.0,0.009467730461105377
IDN.35.8,2020.0,0.0018160752407708025
IDN.35.9,2020.0,0.006831399306693665
IDN.35.13,2020.0,0.012346351452645517
IDN.35.14,2020.0,0.009051619866315891
IDN.32.14_1,2020.0,0.006963699637845178
IDN.7.1_1,2020.0,0.0
IDN.7.2_1,2020.0,0.0
IDN.7.3_1,2020.0,0.0
IDN.9.8_1,2020.0,0.0
IDN.9.16_1,2020.0,0.0
IDN.9.17_1,2020.0,0.0
IDN.10.15_1,2020.0,0.0
IDN.10.18_1,2020.0,0.0
IDN.11.13_1,2020.0,0.0
IDN.11.15_1,2020.0,0.0
IDN.11.17_1,2020.0,0.0
IDN.20.8_1,2020.0,0.0
IDN.33.3_1,2020.0,0.0
IDN.9.27_1,2020.0,0.0
IDN.10.34_1,2020.0,0.0
IDN.30.3_1,2020.0,0.0
IDN.1.2_1,2021.0,0.014635980849840476
IDN.1.1_1,2021.0,0.008557541394469785
IDN.1.3_1,2021.0,0.005899615743857533
IDN.1.4_1,2021.0,0.009599118897724303
IDN.1.5_1,2021.0,0.0055601318358344505
IDN.1.6_1,2021.0,0.009654168955775736
IDN.1.7_1,2021.0,0.015331123291061724
IDN.1.8_1,2021.0,0.006353974757972371
IDN.1.9_1,2021.0,0.0033541628983892614
IDN.1.10_1,2021.0,0.00735846950050418
IDN.1.11_1,2021.0,0.017012147100012
IDN.1.13_1,2021.0,0.008956640470437729
IDN.1.14_1,2021.0,0.01050976519765631
IDN.1.15_1,2021.0,0.004156105582882054
IDN.1.18_1,2021.0,0.012458676224676089
IDN.1.20_1,2021.0,0.004376143364804339
IDN.1.19_1,2021.0,0.007618395189600321
IDN.1.22_1,2021.0,0.004813353776389647
IDN.2.1_1,2021.0,0.0014244835708517069
IDN.2.2_1,2021.0,9.900027610457627E-4
IDN.2.3_1,2021.0,8.595852426245635E-4
IDN.2.5_1,2021.0,1.8861528694672324E-4
IDN.2.6_1,2021.0,0.0011496980517634525
IDN.2.7_1,2021.0,0.0013358602091910223
IDN.2.8_1,2021.0,4.736284895275478E-4
IDN.2.9_1,2021.0,5.8927674172053E-4
IDN.3.4_1,2021.0,0.032555002667137435
IDN.3.1_1,2021.0,0.0273486723945372
IDN.3.2_1,2021.0,0.03293723639017813
IDN.3.3_1,2021.0,0.03492476020211146
IDN.3.6_1,2021.0,0.01076496091468367
IDN.3.5_1,2021.0,0.017956039811225656
IDN.4.4_1,2021.0,0.007419720532685496
IDN.4.5_1,2021.0,0.003122728495405918
IDN.4.6_1,2021.0,9.158212545146416E-4
IDN.4.8_1,2021.0,2.854405933526754E-4
IDN.5.1_1,2021.0,0.011604074068036995
IDN.5.2_1,2021.0,0.016506969833359746
IDN.5.3_1,2021.0,0.015291252416909653
IDN.5.5_1,2021.0,0.004995436178003177
IDN.5.6_1,2021.0,0.005233242949666452
IDN.5.7_1,2021.0,0.006038572820272786
IDN.5.8_1,2021.0,0.014834433240496653
IDN.5.9_1,2021.0,0.007365637881214958
IDN.5.10_1,2021.0,0.011072607426557914
IDN.6.1_1,2021.0,0.0025553888967924875
IDN.6.2_1,2021.0,0.002740042903376056
IDN.6.3_1,2021.0,6.578896448169906E-4
IDN.6.5_1,2021.0,0.005390061939927913
IDN.6.4_1,2021.0,0.006702577466107746
IDN.6.7_1,2021.0,0.0016342908282348555
IDN.7.6_1,2021.0,0.0014147410469083747
IDN.8.1_1,2021.0,0.019646361800462482
IDN.8.2_1,2021.0,0.02432738712216686
IDN.8.4_1,2021.0,0.018944477309593404
IDN.8.5_1,2021.0,0.023478739052261003
IDN.8.6_1,2021.0,0.023215941006953927
IDN.8.7_1,2021.0,0.014003922764265384
IDN.8.9_1,2021.0,0.02248388751865642
IDN.8.10_1,2021.0,0.012980937248939799
IDN.8.11_1,2021.0,0.017934099046064918
IDN.9.2_1,2021.0,0.0026996973232403867
IDN.9.1_1,2021.0,5.071295222831284E-4
IDN.9.4_1,2021.0,1.2227296253276103E-4
IDN.9.5_1,2021.0,0.0027878594409034545
IDN.9.6_1,2021.0,0.001217188078664828
IDN.9.7_1,2021.0,0.0020540777129336055
IDN.9.9_1,2021.0,2.0955339154785573E-4
IDN.9.11_1,2021.0,8.642681402793043E-4
IDN.9.12_1,2021.0,8.842768407895399E-5
IDN.9.13_1,2021.0,0.0011838452852221985
IDN.9.20_1,2021.0,5.917887182549312E-4
IDN.9.21_1,2021.0,8.163155410133633E-4
IDN.9.22_1,2021.0,0.0020804511819435406
IDN.9.23_1,2021.0,0.0017778177385735549
IDN.9.24_1,2021.0,0.003189253579638928
IDN.9.25_1,2021.0,0.00224277066292884
IDN.9.26_1,2021.0,0.0018362725973318607
IDN.10.1_1,2021.0,4.2384996442035305E-4
IDN.10.2_1,2021.0,0.0012190435121162552
IDN.10.3_1,2021.0,0.006133111965717934
IDN.10.4_1,2021.0,0.003101633286302802
IDN.10.5_1,2021.0,0.00119313812752883
IDN.10.6_1,2021.0,0.001056688051388629
IDN.10.7_1,2021.0,0.0018499589798666104
IDN.10.8_1,2021.0,6.225137087283579E-5
IDN.10.9_1,2021.0,0.002266169246720252
IDN.10.10_1,2021.0,0.0036775357559878227
IDN.10.11_1,2021.0,0.0017634745315283835
IDN.10.12_1,2021.0,2.9665710199574337E-4
IDN.10.13_1,2021.0,0.0033576157237980237
IDN.10.14_1,2021.0,8.089690458775337E-5
IDN.10.19_1,2021.0,3.0270211556032624E-4
IDN.10.20_1,2021.0,2.1786435044453037E-4
IDN.10.21_1,2021.0,0.0020897865009674617
IDN.10.22_1,2021.0,0.003463239012894109
IDN.10.23_1,2021.0,0.001576419777437761
IDN.10.24_1,2021.0,0.0010504391088685375
IDN.10.25_1,2021.0,1.8248189413086767E-4
IDN.10.26_1,2021.0,0.0015673683648893162
IDN.10.28_1,2021.0,0.0011560151524882918
IDN.10.29_1,2021.0,1.9804443390458975E-4
IDN.10.30_1,2021.0,1.9981178513415999E-4
IDN.10.32_1,2021.0,0.0011067466248968138
IDN.10.33_1,2021.0,9.441232048910249E-4
IDN.10.35_1,2021.0,6.61274267856978E-4
IDN.10.36_1,2021.0,4.681454404257864E-4
IDN.11.1_1,2021.0,4.61527030770512E-4
IDN.11.2_1,2021.0,0.004364446696410008
IDN.11.4_1,2021.0,0.0023856266857030877
IDN.11.5_1,2021.0,0.002401560902396949
IDN.11.6_1,2021.0,0.0028165988979963713
IDN.11.7_1,2021.0,7.30733825770186E-4
IDN.11.8_1,2021.0,0.00442194366057374
IDN.11.9_1,2021.0,0.0010145297287545078
IDN.11.10_1,2021.0,0.0029614776633417827
IDN.11.18_1,2021.0,4.299813783569599E-4
IDN.11.19_1,2021.0,0.003997556654127943
IDN.11.20_1,2021.0,0.001396174790252154
IDN.11.21_1,2021.0,5.333218266443178E-4
IDN.11.22_1,2021.0,9.81210532303601E-4
IDN.11.23_1,2021.0,0.001501976824239222
IDN.11.24_1,2021.0,0.0011524208159940843
IDN.11.25_1,2021.0,0.0014448640623727985
IDN.11.26_1,2021.0,8.324431157063256E-4
IDN.11.27_1,2021.0,1.979320713539989E-4
IDN.11.28_1,2021.0,0.0018862635798508583
IDN.11.29_1,2021.0,0.0010848973561936304
IDN.11.30_1,2021.0,0.002741283224371067
IDN.11.31_1,2021.0,2.9325946942972885E-4
IDN.11.32_1,2021.0,5.701709053749398E-5
IDN.11.33_1,2021.0,4.047122747797856E-4
IDN.11.34_1,2021.0,4.992586753400336E-4
IDN.11.36_1,2021.0,0.0010197786644034269
IDN.11.37_1,2021.0,0.0012889806308735792
IDN.11.38_1,2021.0,0.0016452924572656201
IDN.12.1_1,2021.0,0.015152951995676888
IDN.12.2_1,2021.0,0.003925026975414251
IDN.12.3_1,2021.0,0.0051185476453341535
IDN.12.4_1,2021.0,0.011108162151431454
IDN.12.6_1,2021.0,0.008681772816670777
IDN.12.7_1,2021.0,0.016967862674318365
IDN.12.8_1,2021.0,0.006934101084704906
IDN.12.9_1,2021.0,0.012556576595023922
IDN.12.10_1,2021.0,0.009699137497613882
IDN.12.11_1,2021.0,0.025808583476720336
IDN.12.12_1,2021.0,0.019837802544983508
IDN.12.14_1,2021.0,0.00921401668741436
IDN.13.1_1,2021.0,0.013834826953678752
IDN.13.3_1,2021.0,0.01010814991844446
IDN.13.5_1,2021.0,0.004497612914816085
IDN.13.6_1,2021.0,0.006616968396020339
IDN.13.7_1,2021.0,0.008098092574422427
IDN.13.8_1,2021.0,0.00239094312248154
IDN.13.9_1,2021.0,0.014800142079492101
IDN.13.10_1,2021.0,0.010074430277110082
IDN.13.11_1,2021.0,0.013170746030661068
IDN.13.12_1,2021.0,0.010269033380147067
IDN.13.13_1,2021.0,0.009848415210646604
IDN.14.1_1,2021.0,0.0027444120044652458
IDN.14.2_1,2021.0,0.011228412960080467
IDN.14.3_1,2021.0,0.005586656243373088
IDN.14.4_1,2021.0,0.008347982045685943
IDN.14.5_1,2021.0,0.0056503436795051825
IDN.14.6_1,2021.0,0.005461496506177424
IDN.14.7_1,2021.0,0.008356956920347328
IDN.14.8_1,2021.0,0.005658812879084584
IDN.14.9_1,2021.0,0.006271065931151121
IDN.14.10_1,2021.0,0.0020827789468275916
IDN.14.12_1,2021.0,0.003231888211220168
IDN.14.13_1,2021.0,0.004837520082148086
IDN.14.14_1,2021.0,0.008798419818102374
IDN.34.2_1,2021.0,0.007611803333607274
IDN.34.5_1,2021.0,0.005330977996603729
IDN.34.6_1,2021.0,0.007906317648665206
IDN.34.7_1,2021.0,0.009176949258269328
IDN.34.10_1,2021.0,0.00905379792430367
IDN.34.11_1,2021.0,0.008992775821792738
IDN.16.2_1,2021.0,0.014583784186774178
IDN.16.3_1,2021.0,0.017440079222110473
IDN.16.4_1,2021.0,0.002269937199844726
IDN.16.5_1,2021.0,0.006287269848404776
IDN.16.6_1,2021.0,0.0071640920837510716
IDN.17.2_1,2021.0,0.0029027275626661115
IDN.17.3_1,2021.0,0.005217172092039963
IDN.17.4_1,2021.0,0.006183161393324063
IDN.17.5_1,2021.0,0.002054535277563535
IDN.17.6_1,2021.0,0.011792827934006302
IDN.17.7_1,2021.0,0.015115710868493584
IDN.17.9_1,2021.0,0.004149263664885717
IDN.17.10_1,2021.0,0.011033671163106494
IDN.17.11_1,2021.0,0.004124676031529119
IDN.17.12_1,2021.0,0.00925946124979825
IDN.17.13_1,2021.0,0.010161810593869721
IDN.17.14_1,2021.0,0.010761961543122735
IDN.19.3_1,2021.0,0.001663555966135483
IDN.19.2_1,2021.0,0.0027548281030626933
IDN.19.4_1,2021.0,3.3798587339416717E-4
IDN.19.5_1,2021.0,0.0014258156645156218
IDN.19.6_1,2021.0,0.0015419698766399616
IDN.19.8_1,2021.0,0.0021052445505437586
IDN.19.7_1,2021.0,0.0017214596208688082
IDN.19.9_1,2021.0,0.002006405970218019
IDN.19.10_1,2021.0,0.0013662689676918348
IDN.18.1_1,2021.0,0.0017700215046655716
IDN.18.2_1,2021.0,0.0032661773507473833
IDN.18.3_1,2021.0,0.00687363511566539
IDN.18.4_1,2021.0,0.0024600587250136062
IDN.18.5_1,2021.0,0.0025850467865532515
IDN.18.6_1,2021.0,0.0033046761143644197
IDN.18.7_1,2021.0,0.002504294483370034
IDN.20.1_1,2021.0,0.006453276887781851
IDN.20.2_1,2021.0,0.007941770866396781
IDN.20.4_1,2021.0,0.0023343121865654144
IDN.20.5_1,2021.0,0.0010406121127475587
IDN.20.6_1,2021.0,0.0015015223781920646
IDN.20.7_1,2021.0,0.0012951776698021643
IDN.20.10_1,2021.0,0.0034479668295169918
IDN.20.9_1,2021.0,0.002978253227633528
IDN.21.1_1,2021.0,0.010276203590247099
IDN.21.2_1,2021.0,0.005276072860506784
IDN.21.3_1,2021.0,0.002506835390688393
IDN.21.4_1,2021.0,0.004451523215587644
IDN.21.6_1,2021.0,0.0097000625399145
IDN.21.7_1,2021.0,0.004952718613208732
IDN.21.10_1,2021.0,0.002471163930204137
IDN.21.8_1,2021.0,0.001754509893821609
IDN.21.9_1,2021.0,0.0020575650816973194
IDN.21.11_1,2021.0,0.0011118552965393757
IDN.21.12_1,2021.0,0.0010651226983047493
IDN.21.13_1,2021.0,0.0014950086037192071
IDN.21.14_1,2021.0,0.0036333009845533246
IDN.21.15_1,2021.0,0.003288555597437555
IDN.21.17_1,2021.0,0.01362737324208602
IDN.21.16_1,2021.0,0.010577430383631155
IDN.21.18_1,2021.0,0.0011672568730093668
IDN.21.19_1,2021.0,0.002272716588686792
IDN.21.20_1,2021.0,0.009571491744518568
IDN.21.21_1,2021.0,0.004369356483973427
IDN.23.1_1,2021.0,3.0267004289604815E-4
IDN.23.2_1,2021.0,0.004850715158484872
IDN.23.3_1,2021.0,9.648724259308803E-4
IDN.23.4_1,2021.0,0.0017540431705251281
IDN.23.5_1,2021.0,8.342145815919673E-4
IDN.23.6_1,2021.0,0.0013572974572585907
IDN.23.7_1,2021.0,0.0023993996207256423
IDN.23.8_1,2021.0,0.002488150496096181
IDN.23.9_1,2021.0,0.003722261347214001
IDN.23.10_1,2021.0,0.002174379028144383
IDN.23.12_1,2021.0,0.001694562800099142
IDN.23.13_1,2021.0,3.824391574161919E-4
IDN.23.14_1,2021.0,0.0025697992082160423
IDN.23.15_1,2021.0,2.6928491233470475E-4
IDN.23.16_1,2021.0,8.594165516787298E-4
IDN.23.17_1,2021.0,0.0011867831409499362
IDN.23.18_1,2021.0,0.0031979097122168073
IDN.23.19_1,2021.0,8.450890698047645E-4
IDN.23.20_1,2021.0,7.900148985772436E-4
IDN.23.21_1,2021.0,0.0026757712183598727
IDN.23.23_1,2021.0,0.0013535638454022837
IDN.23.22_1,2021.0,0.0021723192989017348
IDN.23.24_1,2021.0,0.0012663342532051145
IDN.23.25_1,2021.0,9.045648406057654E-4
IDN.23.26_1,2021.0,0.003770496107675034
IDN.23.27_1,2021.0,7.856616421553735E-4
IDN.23.28_1,2021.0,0.002266806555420507
IDN.23.29_1,2021.0,0.00317953638746844
IDN.22.1_1,2021.0,0.0024806387785211094
IDN.22.2_1,2021.0,0.0010866775859609363
IDN.22.4_1,2021.0,0.0035971269230728716
IDN.22.5_1,2021.0,0.0024571083270892905
IDN.22.6_1,2021.0,2.844013489755565E-4
IDN.22.8_1,2021.0,0.0010558266212463614
IDN.22.7_1,2021.0,0.0016593490313233429
IDN.22.9_1,2021.0,9.167423379073741E-4
IDN.22.10_1,2021.0,0.002593070512012678
IDN.22.11_1,2021.0,0.001628563185394787
IDN.24.1_1,2021.0,0.01031929149641683
IDN.24.3_1,2021.0,0.012064507607722836
IDN.24.4_1,2021.0,0.015836321036772207
IDN.24.5_1,2021.0,0.020673198439609002
IDN.24.6_1,2021.0,0.008050913624861208
IDN.24.7_1,2021.0,0.030706159441439337
IDN.24.9_1,2021.0,0.012726536419323874
IDN.24.10_1,2021.0,0.012459914626640473
IDN.24.11_1,2021.0,0.01745594010370798
IDN.24.12_1,2021.0,0.010147292228169654
IDN.25.1_1,2021.0,0.006417621777218306
IDN.25.2_1,2021.0,0.004204127338954943
IDN.25.4_1,2021.0,0.009142818667985742
IDN.25.3_1,2021.0,0.013711524214202523
IDN.25.5_1,2021.0,0.0063516294275623685
IDN.26.1_1,2021.0,0.0019392064511414048
IDN.26.2_1,2021.0,0.0019974854673199876
IDN.26.3_1,2021.0,0.006502283570612253
IDN.26.4_1,2021.0,0.0017515705305536859
IDN.26.5_1,2021.0,0.004456319464191642
IDN.26.6_1,2021.0,0.0033377005608003804
IDN.26.7_1,2021.0,3.529531729046125E-4
IDN.26.8_1,2021.0,0.008584484091552574
IDN.26.11_1,2021.0,0.006223824888835394
IDN.26.9_1,2021.0,0.005623080843067353
IDN.26.10_1,2021.0,0.0037357416479844646
IDN.26.13_1,2021.0,0.005191783984185895
IDN.26.15_1,2021.0,0.003261996784149209
IDN.26.17_1,2021.0,0.004307679265234508
IDN.26.18_1,2021.0,0.003896918957394434
IDN.26.19_1,2021.0,0.002364313272088938
IDN.26.20_1,2021.0,0.005155738403537406
IDN.26.21_1,2021.0,0.0015834864660244428
IDN.26.22_1,2021.0,0.001394350974228878
IDN.26.23_1,2021.0,5.414491373351101E-4
IDN.26.24_1,2021.0,0.00407112835357258
IDN.27.2_1,2021.0,0.006207342309394839
IDN.27.1_1,2021.0,0.010070139004014537
IDN.27.3_1,2021.0,0.004513494293052226
IDN.27.4_1,2021.0,0.004566764386791426
IDN.27.5_1,2021.0,0.006169623748725945
IDN.27.7_1,2021.0,0.007812871862973482
IDN.27.8_1,2021.0,0.0053455930025961005
IDN.27.9_1,2021.0,0.004739417951958747
IDN.27.10_1,2021.0,0.004958779253963914
IDN.27.11_1,2021.0,0.003916238167773535
IDN.28.2_1,2021.0,0.004529107803015451
IDN.28.4_1,2021.0,0.0042940371463837425
IDN.28.3_1,2021.0,0.004708346981999462
IDN.28.7_1,2021.0,0.004981023682126568
IDN.28.6_1,2021.0,0.0043536878684045125
IDN.28.10_1,2021.0,0.0035406360672266377
IDN.28.8_1,2021.0,0.011341624723459587
IDN.28.9_1,2021.0,0.004619023490486531
IDN.28.11_1,2021.0,0.008751508315268311
IDN.28.12_1,2021.0,0.0011248848504129471
IDN.29.5_1,2021.0,0.002413902321757005
IDN.29.2_1,2021.0,0.003425793307409287
IDN.29.3_1,2021.0,0.005570780214469837
IDN.29.4_1,2021.0,0.004953813519874496
IDN.29.6_1,2021.0,7.697406288287757E-4
IDN.29.7_1,2021.0,0.0026293631410981896
IDN.29.13_1,2021.0,0.003960403779830638
IDN.29.10_1,2021.0,0.0034334669816735485
IDN.29.11_1,2021.0,0.0041547687287604995
IDN.29.12_1,2021.0,0.006325587724850234
IDN.29.14_1,2021.0,7.020583616986321E-4
IDN.30.1_1,2021.0,0.007475241296096168
IDN.30.4_1,2021.0,0.03705096059526858
IDN.30.5_1,2021.0,0.003855296891836939
IDN.30.7_1,2021.0,0.0050878242179229136
IDN.30.9_1,2021.0,0.006695235455928613
IDN.30.13_1,2021.0,0.008801775852621773
IDN.30.12_1,2021.0,0.023695915906828006
IDN.30.15_1,2021.0,0.009561565252851786
IDN.30.17_1,2021.0,0.016902603615081835
IDN.30.19_1,2021.0,0.005466369610531166
IDN.30.18_1,2021.0,0.019166544403668044
IDN.30.20_1,2021.0,0.003762635873456191
IDN.31.1_1,2021.0,0.012598210823200274
IDN.31.2_1,2021.0,0.009991953218929858
IDN.31.3_1,2021.0,0.013333145492589975
IDN.31.5_1,2021.0,0.015007037567941053
IDN.31.6_1,2021.0,0.014984452627072594
IDN.31.7_1,2021.0,0.015135601518878054
IDN.31.8_1,2021.0,0.012975407847816575
IDN.31.9_1,2021.0,0.014346289459909694
IDN.31.12_1,2021.0,0.009143783422505623
IDN.31.10_1,2021.0,0.00990643936355599
IDN.31.11_1,2021.0,0.005805410976464913
IDN.32.1_1,2021.0,0.01734313182597694
IDN.32.2_1,2021.0,0.013314994772536106
IDN.32.3_1,2021.0,0.011806372653440554
IDN.32.4_1,2021.0,0.014958764597604032
IDN.32.6_1,2021.0,0.008673032116636026
IDN.32.7_1,2021.0,0.010015727409987431
IDN.32.13_1,2021.0,0.015876476857967642
IDN.32.11_1,2021.0,0.03184809514275201
IDN.32.12_1,2021.0,0.01975014901426851
IDN.32.15_1,2021.0,0.01515797555729146
IDN.32.16_1,2021.0,0.00876685384875415
IDN.32.20_1,2021.0,0.003648874473100898
IDN.32.17_1,2021.0,0.002523717941795449
IDN.32.18_1,2021.0,0.005228414312876043
IDN.32.19_1,2021.0,0.004786190762194136
IDN.32.22_1,2021.0,0.013828834764310622
IDN.32.21_1,2021.0,0.01518073067371768
IDN.32.24_1,2021.0,0.005410879287098608
IDN.32.26_1,2021.0,0.0048996295750459076
IDN.32.27_1,2021.0,0.019603853418093443
IDN.32.29_1,2021.0,0.01722706310734316
IDN.32.30_1,2021.0,0.007280797206866176
IDN.32.31_1,2021.0,0.015567895899135506
IDN.32.32_1,2021.0,0.00977056117631726
IDN.32.34_1,2021.0,0.009353196020701941
IDN.33.1_1,2021.0,4.161524477620252E-4
IDN.33.2_1,2021.0,8.595734544636014E-4
IDN.33.4_1,2021.0,1.7203294775015312E-4
IDN.33.5_1,2021.0,3.153447324564639E-4
IDN.1.12_1,2021.0,7.513007332788775E-4
IDN.1.16_1,2021.0,0.004095138741507069
IDN.1.17_1,2021.0,0.005140949251589504
IDN.1.21_1,2021.0,0.004102325841789224
IDN.1.23_1,2021.0,0.01513524930961065
IDN.2.4_1,2021.0,2.3962869768224263E-4
IDN.3.7_1,2021.0,0.01265322686351192
IDN.4.1_1,2021.0,2.4313350460738E-4
IDN.4.2_1,2021.0,6.126522109277457E-4
IDN.4.3_1,2021.0,1.6410100642181931E-4
IDN.4.7_1,2021.0,6.030270539219691E-5
IDN.5.4_1,2021.0,0.007721930563894403
IDN.6.6_1,2021.0,7.631027807057379E-4
IDN.7.1_1,2021.0,7.928239175388498E-5
IDN.8.3_1,2021.0,0.007128250170414679
IDN.8.8_1,2021.0,0.017503642758966414
IDN.9.3_1,2021.0,0.0010602973584636678
IDN.9.10_1,2021.0,1.355697479122357E-4
IDN.9.14_1,2021.0,1.177557961827265E-4
IDN.9.15_1,2021.0,4.3779946071066386E-5
IDN.9.18_1,2021.0,2.0135754466978946E-4
IDN.9.19_1,2021.0,0.0019144589894361378
IDN.10.16_1,2021.0,2.1787143876317373E-4
IDN.10.17_1,2021.0,0.0013471008395477347
IDN.10.27_1,2021.0,0.0011249305553535642
IDN.11.3_1,2021.0,3.511037048226896E-4
IDN.11.11_1,2021.0,7.509236821980412E-4
IDN.11.12_1,2021.0,4.3228447369789125E-4
IDN.11.14_1,2021.0,2.6799705308338514E-4
IDN.11.16_1,2021.0,5.183980483838179E-4
IDN.11.17_1,2021.0,3.6718028624192073E-4
IDN.12.5_1,2021.0,0.01402396782940438
IDN.12.13_1,2021.0,0.00831553832491958
IDN.13.2_1,2021.0,0.010405888266166619
IDN.13.4_1,2021.0,5.189429437496375E-4
IDN.14.11_1,2021.0,0.004625052159908253
IDN.34.1_1,2021.0,0.009800264022195969
IDN.34.3_1,2021.0,0.007018228485194765
IDN.34.12_1,2021.0,0.01344369281271461
IDN.16.1_1,2021.0,0.008223944590565574
IDN.16.7_1,2021.0,0.00792405138184018
IDN.17.1_1,2021.0,0.0028617555833668077
IDN.17.8_1,2021.0,3.8169710014983484E-4
IDN.19.1_1,2021.0,0.003855273017543538
IDN.19.11_1,2021.0,0.003792653762769978
IDN.18.8_1,2021.0,0.0014118136182081121
IDN.18.9_1,2021.0,0.0018126748580940208
IDN.20.3_1,2021.0,0.007205674402287522
IDN.21.5_1,2021.0,0.0062946096462478986
IDN.23.11_1,2021.0,0.006051551959323474
IDN.22.3_1,2021.0,0.0011192176557772487
IDN.24.2_1,2021.0,0.013332569248852693
IDN.24.8_1,2021.0,0.012099280051888468
IDN.26.12_1,2021.0,9.901089599493504E-4
IDN.26.14_1,2021.0,0.005375793446572419
IDN.26.16_1,2021.0,0.003499305481354841
IDN.27.6_1,2021.0,0.003745037960727684
IDN.28.1_1,2021.0,0.004442211565570256
IDN.28.5_1,2021.0,0.018673379832251917
IDN.29.1_1,2021.0,0.008443424138669189
IDN.29.8_1,2021.0,0.007859380154834403
IDN.29.9_1,2021.0,0.001823119469796899
IDN.29.15_1,2021.0,0.002221294031067883
IDN.30.2_1,2021.0,0.0016617817885007957
IDN.30.6_1,2021.0,0.013749907607665195
IDN.30.10_1,2021.0,0.007047910062541469
IDN.30.8_1,2021.0,7.145244166102005E-4
IDN.30.11_1,2021.0,0.005918421722346153
IDN.30.14_1,2021.0,0.0014201436906042361
IDN.30.16_1,2021.0,0.006006474236512936
IDN.31.4_1,2021.0,0.010174030243170713
IDN.31.13_1,2021.0,0.006853307709785289
IDN.31.14_1,2021.0,0.005713424031343508
IDN.31.15_1,2021.0,0.023069502980677538
IDN.32.5_1,2021.0,0.004595300679333612
IDN.32.8_1,2021.0,0.006464317538336229
IDN.32.9_1,2021.0,0.001588902703820575
IDN.32.10_1,2021.0,0.009217711217027726
IDN.32.23_1,2021.0,0.003973702951608605
IDN.32.25_1,2021.0,0.0055142394402365544
IDN.32.28_1,2021.0,0.0027830730947772824
IDN.32.33_1,2021.0,0.0074645013785350845
IDN.35.4,2021.0,0.006416676424244087
IDN.35.8,2021.0,0.001376978219482359
IDN.35.9,2021.0,0.00664379561472657
IDN.35.13,2021.0,0.0077709842411200925
IDN.35.14,2021.0,0.013841862056774202
IDN.30.3_1,2021.0,0.0011358144030932816
IDN.32.14_1,2021.0,0.004954872114078767
IDN.7.2_1,2021.0,0.0
IDN.7.3_1,2021.0,0.0
IDN.7.4_1,2021.0,0.0
IDN.7.5_1,2021.0,0.0
IDN.9.8_1,2021.0,0.0
IDN.9.16_1,2021.0,0.0
IDN.9.17_1,2021.0,0.0
IDN.10.15_1,2021.0,0.0
IDN.10.18_1,2021.0,0.0
IDN.10.31_1,2021.0,0.0
IDN.11.13_1,2021.0,0.0
IDN.11.15_1,2021.0,0.0
IDN.11.35_1,2021.0,0.0
IDN.20.8_1,2021.0,0.0
IDN.33.3_1,2021.0,0.0
IDN.9.27_1,2021.0,0.0
IDN.10.34_1,2021.0,0.0
IDN.1.2_1,2022.0,0.011196812395321994
IDN.1.1_1,2022.0,0.007765027322404375
IDN.1.3_1,2022.0,0.006344490110110429
IDN.1.4_1,2022.0,0.00938922096138851
IDN.1.5_1,2022.0,0.010645849850808728
IDN.1.6_1,2022.0,0.013575646675122358
IDN.1.7_1,2022.0,0.01118030199842515
IDN.1.8_1,2022.0,0.0029509854646632195
IDN.1.9_1,2022.0,0.004602197775627501
IDN.1.10_1,2022.0,0.005474329675357865
IDN.1.11_1,2022.0,0.009470887768364598
IDN.1.13_1,2022.0,0.005462807806629495
IDN.1.14_1,2022.0,0.011016692961907682
IDN.1.15_1,2022.0,0.002579346118813563
IDN.1.18_1,2022.0,0.011904738065132979
IDN.1.20_1,2022.0,0.005038243581386549
IDN.1.19_1,2022.0,0.015604036677943958
IDN.1.22_1,2022.0,0.005414245296869949
IDN.2.1_1,2022.0,0.0030303077777507985
IDN.2.2_1,2022.0,0.0018568356284066315
IDN.2.3_1,2022.0,0.0010192619760195647
IDN.2.5_1,2022.0,0.0010710389627406089
IDN.2.6_1,2022.0,0.0011567994492957259
IDN.2.7_1,2022.0,5.507493844910355E-4
IDN.2.8_1,2022.0,0.001484035933852983
IDN.2.9_1,2022.0,8.587420374842051E-4
IDN.3.4_1,2022.0,0.03389325552131328
IDN.3.1_1,2022.0,0.033966330624237005
IDN.3.2_1,2022.0,0.03418695459504583
IDN.3.3_1,2022.0,0.04169284871618635
IDN.3.6_1,2022.0,0.013623161268932149
IDN.3.5_1,2022.0,0.01661015288840416
IDN.4.4_1,2022.0,0.006262530480369358
IDN.4.5_1,2022.0,0.001722137696627807
IDN.4.6_1,2022.0,0.001131986343194449
IDN.4.8_1,2022.0,3.549388317506833E-4
IDN.5.1_1,2022.0,0.021616729183261463
IDN.5.2_1,2022.0,0.022011440817076722
IDN.5.3_1,2022.0,0.02574313052187812
IDN.5.5_1,2022.0,0.010144360411192078
IDN.5.6_1,2022.0,0.005395814595188893
IDN.5.7_1,2022.0,0.005882517852599823
IDN.5.8_1,2022.0,0.02378220885308295
IDN.5.9_1,2022.0,0.009232206643303889
IDN.5.10_1,2022.0,0.014312613181868895
IDN.6.1_1,2022.0,0.0032478314681185917
IDN.6.2_1,2022.0,0.003227238038840676
IDN.6.5_1,2022.0,0.007114650098245526
IDN.6.4_1,2022.0,0.005877755873151258
IDN.6.7_1,2022.0,0.0029218331279057324
IDN.8.1_1,2022.0,0.022519987385102004
IDN.8.2_1,2022.0,0.024204625523859116
IDN.8.4_1,2022.0,0.019434303303688186
IDN.8.5_1,2022.0,0.025803038848609128
IDN.8.6_1,2022.0,0.020540181410908173
IDN.8.7_1,2022.0,0.02075566103095318
IDN.8.9_1,2022.0,0.013364279811439653
IDN.8.10_1,2022.0,0.01230570504376837
IDN.8.11_1,2022.0,0.02283806037425638
IDN.9.2_1,2022.0,0.0014146428972955883
IDN.9.1_1,2022.0,0.0011784507277713277
IDN.9.4_1,2022.0,1.3142503457787215E-4
IDN.9.5_1,2022.0,0.003735448884910603
IDN.9.6_1,2022.0,0.0017221853015349348
IDN.9.7_1,2022.0,0.0017729615270742317
IDN.9.9_1,2022.0,3.857184346184563E-4
IDN.9.11_1,2022.0,5.942125046134036E-4
IDN.9.12_1,2022.0,1.8184725354946184E-4
IDN.9.13_1,2022.0,0.0020279839500966794
IDN.9.20_1,2022.0,0.0011919124888796501
IDN.9.21_1,2022.0,8.545356443775095E-4
IDN.9.22_1,2022.0,0.0022719119087698794
IDN.9.23_1,2022.0,0.001464680413545811
IDN.9.24_1,2022.0,0.0016304685283462243
IDN.9.25_1,2022.0,0.003270896667249305
IDN.9.26_1,2022.0,0.002022786171836556
IDN.10.1_1,2022.0,6.729227165007041E-4
IDN.10.2_1,2022.0,0.0013505133609125507
IDN.10.3_1,2022.0,0.005571448407190266
IDN.10.4_1,2022.0,0.0031607812010460454
IDN.10.5_1,2022.0,8.263524386571913E-4
IDN.10.6_1,2022.0,0.0016833435276210696
IDN.10.7_1,2022.0,0.0024678795709995234
IDN.10.8_1,2022.0,4.150091391522386E-5
IDN.10.9_1,2022.0,9.769297677250806E-4
IDN.10.10_1,2022.0,0.004772439744873933
IDN.10.11_1,2022.0,0.0012290649920295444
IDN.10.12_1,2022.0,2.2249282649680751E-4
IDN.10.13_1,2022.0,0.0017597517919243446
IDN.10.14_1,2022.0,2.6717484848511595E-4
IDN.10.19_1,2022.0,6.336244811201199E-4
IDN.10.20_1,2022.0,1.307186102667182E-4
IDN.10.21_1,2022.0,0.003918038368209183
IDN.10.22_1,2022.0,0.004199232158281757
IDN.10.23_1,2022.0,0.0010094367552631932
IDN.10.24_1,2022.0,3.546382948357758E-4
IDN.10.25_1,2022.0,2.2494757190258085E-4
IDN.10.26_1,2022.0,0.0020549033850566266
IDN.10.28_1,2022.0,0.0010921663585435643
IDN.10.29_1,2022.0,4.518927550604729E-4
IDN.10.30_1,2022.0,5.394918198622319E-4
IDN.10.32_1,2022.0,0.0012520734430630797
IDN.10.33_1,2022.0,4.5152178778546764E-4
IDN.10.35_1,2022.0,5.519297038806274E-4
IDN.10.36_1,2022.0,3.011803650326419E-4
IDN.11.1_1,2022.0,1.982329757714754E-4
IDN.11.2_1,2022.0,0.005745862214603765
IDN.11.4_1,2022.0,0.0025603142542984757
IDN.11.5_1,2022.0,0.0024942596596006527
IDN.11.6_1,2022.0,0.0022762170470217104
IDN.11.7_1,2022.0,3.2523403048688356E-4
IDN.11.8_1,2022.0,0.002253617242262113
IDN.11.9_1,2022.0,6.979712725968159E-4
IDN.11.10_1,2022.0,0.001771348281783037
IDN.11.18_1,2022.0,2.718617733916622E-4
IDN.11.19_1,2022.0,0.003513520102393759
IDN.11.20_1,2022.0,5.026727248845721E-4
IDN.11.21_1,2022.0,3.3683483788062176E-4
IDN.11.22_1,2022.0,8.423372326966621E-4
IDN.11.23_1,2022.0,5.350566701257551E-4
IDN.11.24_1,2022.0,0.0011704507897772444
IDN.11.25_1,2022.0,0.0015511040669590336
IDN.11.26_1,2022.0,3.6107934950166436E-4
IDN.11.27_1,2022.0,8.717215577766792E-5
IDN.11.28_1,2022.0,6.631151605574734E-4
IDN.11.29_1,2022.0,5.657500427032612E-4
IDN.11.30_1,2022.0,8.520607671036142E-4
IDN.11.31_1,2022.0,2.117985056992486E-4
IDN.11.32_1,2022.0,1.4254272634373493E-5
IDN.11.33_1,2022.0,3.529933448919705E-4
IDN.11.34_1,2022.0,4.3407069642116834E-4
IDN.11.36_1,2022.0,7.24533067320833E-4
IDN.11.37_1,2022.0,0.0010485516494693529
IDN.11.38_1,2022.0,0.0017657313754174903
IDN.12.1_1,2022.0,0.01617469868707668
IDN.12.2_1,2022.0,0.003205147031252406
IDN.12.3_1,2022.0,0.00899384021308837
IDN.12.4_1,2022.0,0.01735606955646351
IDN.12.6_1,2022.0,0.009288772933324852
IDN.12.7_1,2022.0,0.02244818541931239
IDN.12.8_1,2022.0,0.012278582575783646
IDN.12.9_1,2022.0,0.015141260733450655
IDN.12.10_1,2022.0,0.018211875529259854
IDN.12.11_1,2022.0,0.021469239267439964
IDN.12.12_1,2022.0,0.02718965620331238
IDN.12.14_1,2022.0,0.009780298069770413
IDN.13.1_1,2022.0,0.007678061611307938
IDN.13.3_1,2022.0,0.006760828286023326
IDN.13.5_1,2022.0,0.005805998438216512
IDN.13.6_1,2022.0,0.004998107938510798
IDN.13.7_1,2022.0,0.005393159366766548
IDN.13.8_1,2022.0,0.0010647983994917353
IDN.13.9_1,2022.0,0.012785881893794157
IDN.13.10_1,2022.0,0.0060311683618044865
IDN.13.11_1,2022.0,0.008103738541832262
IDN.13.12_1,2022.0,0.008534322850103897
IDN.13.13_1,2022.0,0.005632147654501186
IDN.14.1_1,2022.0,0.0027858607785992526
IDN.14.2_1,2022.0,0.004999151070917489
IDN.14.3_1,2022.0,0.008550699979185998
IDN.14.4_1,2022.0,0.006528723876651754
IDN.14.5_1,2022.0,0.009651001527555889
IDN.14.6_1,2022.0,0.004835694844770404
IDN.14.7_1,2022.0,0.008469062268625496
IDN.14.8_1,2022.0,0.008324564442108905
IDN.14.9_1,2022.0,0.013887882052975087
IDN.14.10_1,2022.0,0.003606540506370524
IDN.14.12_1,2022.0,0.005089632065713997
IDN.14.13_1,2022.0,0.0066445455742297896
IDN.14.14_1,2022.0,0.013770599524634358
IDN.34.2_1,2022.0,0.007591145817535546
IDN.34.5_1,2022.0,0.004069341233356199
IDN.34.6_1,2022.0,0.008478641860691171
IDN.34.7_1,2022.0,0.006449468634393954
IDN.34.10_1,2022.0,0.006964478542334901
IDN.34.11_1,2022.0,0.010561656437470956
IDN.16.2_1,2022.0,0.008687824169371578
IDN.16.3_1,2022.0,0.008400058830702542
IDN.16.4_1,2022.0,0.002430223391411766
IDN.16.5_1,2022.0,0.0059432707810945055
IDN.16.6_1,2022.0,0.0032196019167662158
IDN.17.2_1,2022.0,0.0027865739469292083
IDN.17.3_1,2022.0,0.009630299933920502
IDN.17.4_1,2022.0,0.003355729248838185
IDN.17.5_1,2022.0,0.003668210805841893
IDN.17.6_1,2022.0,0.005387282406996131
IDN.17.7_1,2022.0,0.014235365341155602
IDN.17.9_1,2022.0,0.0033732880286253502
IDN.17.10_1,2022.0,0.006780659732985602
IDN.17.11_1,2022.0,0.0025764308390439083
IDN.17.12_1,2022.0,0.0067204418280094585
IDN.17.13_1,2022.0,0.00527420590471718
IDN.17.14_1,2022.0,0.009524181259418743
IDN.19.3_1,2022.0,0.002216890020674815
IDN.19.2_1,2022.0,0.004287729109178775
IDN.19.4_1,2022.0,4.815622296664942E-4
IDN.19.5_1,2022.0,0.0015300409732097004
IDN.19.6_1,2022.0,0.002325475949333456
IDN.19.8_1,2022.0,0.0019132388400363493
IDN.19.7_1,2022.0,0.002648431733809296
IDN.19.9_1,2022.0,0.001858205086051544
IDN.19.10_1,2022.0,0.0018697674716969777
IDN.18.1_1,2022.0,0.0014647134519478859
IDN.18.2_1,2022.0,0.003736340852797144
IDN.18.3_1,2022.0,0.006532010775884743
IDN.18.4_1,2022.0,0.0026162361764937294
IDN.18.5_1,2022.0,0.0026509020442604296
IDN.18.6_1,2022.0,0.0038270334101337153
IDN.18.7_1,2022.0,0.002318272502402625
IDN.20.1_1,2022.0,0.007324569756204345
IDN.20.2_1,2022.0,0.011206189503204811
IDN.20.4_1,2022.0,0.003209427533430403
IDN.20.5_1,2022.0,0.001193163100766582
IDN.20.6_1,2022.0,7.54417571689515E-4
IDN.20.7_1,2022.0,0.0020614401622571533
IDN.20.10_1,2022.0,0.003205593441256366
IDN.20.9_1,2022.0,0.005073336158568291
IDN.21.1_1,2022.0,0.004545599918911624
IDN.21.2_1,2022.0,0.004452977920475216
IDN.21.3_1,2022.0,0.002799432908549546
IDN.21.4_1,2022.0,0.005428612415468042
IDN.21.6_1,2022.0,0.0027699813823832344
IDN.21.7_1,2022.0,0.00242494981939365
IDN.21.10_1,2022.0,0.0018723187391061706
IDN.21.8_1,2022.0,0.0015847233909082117
IDN.21.9_1,2022.0,0.003745105841273643
IDN.21.11_1,2022.0,9.758795375154928E-4
IDN.21.12_1,2022.0,8.51477308793939E-4
IDN.21.13_1,2022.0,4.392906249759163E-4
IDN.21.14_1,2022.0,1.0623687089337207E-4
IDN.21.15_1,2022.0,0.0023562273711725526
IDN.21.17_1,2022.0,0.009206150941867847
IDN.21.16_1,2022.0,0.008170627791332869
IDN.21.18_1,2022.0,0.0011376245007406296
IDN.21.19_1,2022.0,7.395820214924859E-4
IDN.21.20_1,2022.0,0.01379922877219563
IDN.21.21_1,2022.0,0.004193699154672466
IDN.23.1_1,2022.0,3.844595877204004E-4
IDN.23.2_1,2022.0,0.004392177361917894
IDN.23.3_1,2022.0,8.057264573377271E-4
IDN.23.4_1,2022.0,0.0010577776576080648
IDN.23.5_1,2022.0,0.0015561260550101697
IDN.23.6_1,2022.0,0.002608521007345962
IDN.23.7_1,2022.0,0.0033784715345127067
IDN.23.8_1,2022.0,0.0023839709253410976
IDN.23.9_1,2022.0,0.003223200256250531
IDN.23.10_1,2022.0,0.0013567850774154197
IDN.23.12_1,2022.0,0.0019920333423358375
IDN.23.13_1,2022.0,9.960241051170256E-4
IDN.23.14_1,2022.0,0.0027135153913230943
IDN.23.15_1,2022.0,2.559818023300174E-4
IDN.23.16_1,2022.0,3.787293934120695E-4
IDN.23.17_1,2022.0,0.0019136163546745336
IDN.23.18_1,2022.0,0.0037654421614351386
IDN.23.19_1,2022.0,9.197115449393702E-4
IDN.23.20_1,2022.0,9.949909989665079E-4
IDN.23.21_1,2022.0,0.0035333807961215537
IDN.23.23_1,2022.0,0.0014496409532474158
IDN.23.22_1,2022.0,0.0023412579155602602
IDN.23.24_1,2022.0,0.0014298754592086038
IDN.23.25_1,2022.0,0.0011339060926615343
IDN.23.26_1,2022.0,0.003925805344596066
IDN.23.27_1,2022.0,8.034757144466275E-4
IDN.23.28_1,2022.0,0.0021798664548162905
IDN.23.29_1,2022.0,0.0025839943543480674
IDN.22.1_1,2022.0,0.0016558619970799431
IDN.22.2_1,2022.0,0.0015317318663541834
IDN.22.4_1,2022.0,0.003868290119548942
IDN.22.5_1,2022.0,0.0030630506294740943
IDN.22.6_1,2022.0,4.5332766281825997E-4
IDN.22.8_1,2022.0,0.003368572901804436
IDN.22.7_1,2022.0,0.0020072596608802533
IDN.22.9_1,2022.0,0.0015815059674669223
IDN.22.10_1,2022.0,0.002317221743113773
IDN.22.11_1,2022.0,0.0017761964476450088
IDN.24.1_1,2022.0,0.008395282839270006
IDN.24.3_1,2022.0,0.011395414933915618
IDN.24.4_1,2022.0,0.0166457973577825
IDN.24.5_1,2022.0,0.014668940385974404
IDN.24.6_1,2022.0,0.009368793747922034
IDN.24.7_1,2022.0,0.028098375807834933
IDN.24.9_1,2022.0,0.012288414700048215
IDN.24.10_1,2022.0,0.01254210581495466
IDN.24.11_1,2022.0,0.017129355850359868
IDN.24.12_1,2022.0,0.00916216523482099
IDN.25.1_1,2022.0,0.009582445482002678
IDN.25.2_1,2022.0,0.0034607967051641037
IDN.25.4_1,2022.0,0.009596808305383942
IDN.25.3_1,2022.0,0.008084044964770236
IDN.25.5_1,2022.0,0.018971214032730558
IDN.26.1_1,2022.0,0.00183152675043655
IDN.26.2_1,2022.0,0.0026198656222129165
IDN.26.3_1,2022.0,0.019524074144882466
IDN.26.4_1,2022.0,0.001724023506349323
IDN.26.5_1,2022.0,0.005876175587259014
IDN.26.6_1,2022.0,0.0017297373638516659
IDN.26.7_1,2022.0,4.4860788855726337E-4
IDN.26.8_1,2022.0,0.0046117312842991415
IDN.26.11_1,2022.0,0.008088509816256504
IDN.26.9_1,2022.0,0.006800221289410977
IDN.26.10_1,2022.0,0.005435592160829034
IDN.26.13_1,2022.0,0.006461258030387122
IDN.26.15_1,2022.0,0.0013884325716296817
IDN.26.17_1,2022.0,0.006644705788392741
IDN.26.18_1,2022.0,0.005525279781769992
IDN.26.19_1,2022.0,5.464555770680275E-4
IDN.26.20_1,2022.0,0.024511072448428612
IDN.26.21_1,2022.0,0.0010760510303211557
IDN.26.22_1,2022.0,0.0012542387832968182
IDN.26.23_1,2022.0,5.605421123669943E-4
IDN.26.24_1,2022.0,0.006170237545461252
IDN.27.2_1,2022.0,0.005188073385356097
IDN.27.1_1,2022.0,0.008813524606366103
IDN.27.3_1,2022.0,0.006602235575457414
IDN.27.4_1,2022.0,0.006060695009477748
IDN.27.5_1,2022.0,0.007236302059002432
IDN.27.7_1,2022.0,0.009650372885419426
IDN.27.8_1,2022.0,0.005157164830802817
IDN.27.9_1,2022.0,0.006049608129349695
IDN.27.10_1,2022.0,0.0038716651752400866
IDN.27.11_1,2022.0,0.004708427817139053
IDN.28.2_1,2022.0,0.005345520677562235
IDN.28.4_1,2022.0,0.004904322243794871
IDN.28.3_1,2022.0,0.004073286037613106
IDN.28.7_1,2022.0,0.004006781732559985
IDN.28.6_1,2022.0,0.006181255582313506
IDN.28.10_1,2022.0,0.00422771078804868
IDN.28.8_1,2022.0,0.008223768657396045
IDN.28.9_1,2022.0,0.006761455799697186
IDN.28.11_1,2022.0,0.010871536045578016
IDN.28.12_1,2022.0,8.255166240905677E-4
IDN.29.5_1,2022.0,0.0025611385143763
IDN.29.2_1,2022.0,0.004193720459008828
IDN.29.3_1,2022.0,0.004360361637583904
IDN.29.4_1,2022.0,0.004313897452626734
IDN.29.6_1,2022.0,9.973086256225396E-4
IDN.29.7_1,2022.0,0.0031119054404008537
IDN.29.13_1,2022.0,0.0025039302073076738
IDN.29.10_1,2022.0,0.0029505530945844053
IDN.29.11_1,2022.0,0.005036071625108882
IDN.29.12_1,2022.0,0.005000465073163479
IDN.29.14_1,2022.0,0.001609136119480237
IDN.30.1_1,2022.0,0.007976569854074689
IDN.30.4_1,2022.0,0.03222020997741267
IDN.30.5_1,2022.0,0.003462669924308477
IDN.30.7_1,2022.0,0.004961968368293476
IDN.30.9_1,2022.0,0.010112430425999736
IDN.30.13_1,2022.0,0.010719565637182838
IDN.30.12_1,2022.0,0.018502537069152482
IDN.30.15_1,2022.0,0.0141255176599106
IDN.30.17_1,2022.0,0.01563441950016059
IDN.30.19_1,2022.0,0.0051300267313048415
IDN.30.18_1,2022.0,0.018387908699794446
IDN.30.20_1,2022.0,0.0031992528860927015
IDN.31.1_1,2022.0,0.006753019538808216
IDN.31.2_1,2022.0,0.014140474644284539
IDN.31.3_1,2022.0,0.019218589308114084
IDN.31.5_1,2022.0,0.01571644710961176
IDN.31.6_1,2022.0,0.019240659689759652
IDN.31.7_1,2022.0,0.021441849269725054
IDN.31.8_1,2022.0,0.011570745737437285
IDN.31.9_1,2022.0,0.013317412376848045
IDN.31.12_1,2022.0,0.009526811308094709
IDN.31.10_1,2022.0,0.011925235693871591
IDN.31.11_1,2022.0,0.006877483877881233
IDN.32.1_1,2022.0,0.00686175071747589
IDN.32.2_1,2022.0,0.011500335111365997
IDN.32.3_1,2022.0,0.015947527024383755
IDN.32.4_1,2022.0,0.011971091463230632
IDN.32.6_1,2022.0,0.010239188119988665
IDN.32.7_1,2022.0,0.014179071781438965
IDN.32.13_1,2022.0,0.01488980757788915
IDN.32.11_1,2022.0,0.02249449355170828
IDN.32.12_1,2022.0,0.009457635806673916
IDN.32.15_1,2022.0,0.012346345643561414
IDN.32.16_1,2022.0,0.011041584150003926
IDN.32.20_1,2022.0,0.008644165057440291
IDN.32.17_1,2022.0,0.006000293212043037
IDN.32.18_1,2022.0,0.009159319361468419
IDN.32.19_1,2022.0,0.00885822595419362
IDN.32.22_1,2022.0,0.013123829575842669
IDN.32.21_1,2022.0,0.012967790029990907
IDN.32.24_1,2022.0,0.00812478507047627
IDN.32.26_1,2022.0,0.004347040486253116
IDN.32.27_1,2022.0,0.013195217905504103
IDN.32.29_1,2022.0,0.01607114173154805
IDN.32.30_1,2022.0,0.008500676861793496
IDN.32.31_1,2022.0,0.01592913852840802
IDN.32.32_1,2022.0,0.006687611605884271
IDN.32.34_1,2022.0,0.00570382568630612
IDN.33.1_1,2022.0,1.9134308362660734E-4
IDN.33.2_1,2022.0,5.079595532094708E-4
IDN.33.4_1,2022.0,6.881317910006125E-5
IDN.33.5_1,2022.0,3.0835797229978044E-4
IDN.1.12_1,2022.0,3.9788512354333073E-4
IDN.1.16_1,2022.0,0.002997692801395165
IDN.1.17_1,2022.0,0.0030313029247120865
IDN.1.21_1,2022.0,0.00861488426775737
IDN.1.23_1,2022.0,0.021151115122815634
IDN.2.4_1,2022.0,7.987623256074755E-5
IDN.3.7_1,2022.0,0.010228330520517756
IDN.4.1_1,2022.0,5.470503853666049E-4
IDN.4.2_1,2022.0,6.071152954894637E-4
IDN.4.3_1,2022.0,1.0940067094787955E-4
IDN.4.7_1,2022.0,1.2060541078439382E-4
IDN.5.4_1,2022.0,0.007526483127615754
IDN.6.6_1,2022.0,0.0020757355512907648
IDN.8.3_1,2022.0,0.00709039346921905
IDN.8.8_1,2022.0,0.01843574834251023
IDN.9.3_1,2022.0,0.002503430373806794
IDN.9.10_1,2022.0,3.967895060845923E-4
IDN.9.14_1,2022.0,1.177557961827265E-4
IDN.9.17_1,2022.0,4.927455297835686E-4
IDN.9.19_1,2022.0,2.4457382116366153E-4
IDN.10.16_1,2022.0,6.536143162895212E-4
IDN.10.17_1,2022.0,8.333071552253575E-4
IDN.10.27_1,2022.0,0.0027814217027972744
IDN.11.3_1,2022.0,1.0031534423505416E-4
IDN.11.12_1,2022.0,5.763792982638549E-4
IDN.11.14_1,2022.0,6.197212900712527E-4
IDN.12.5_1,2022.0,0.011098220786615919
IDN.12.13_1,2022.0,0.025370412602321306
IDN.13.2_1,2022.0,0.006283051375824905
IDN.13.4_1,2022.0,0.0011676216234366844
IDN.14.11_1,2022.0,0.004046689219484874
IDN.34.1_1,2022.0,0.02085213198980209
IDN.34.3_1,2022.0,0.007528333755004275
IDN.34.12_1,2022.0,0.00918146094977629
IDN.16.1_1,2022.0,0.007167801416657193
IDN.16.7_1,2022.0,0.005759584790554581
IDN.17.1_1,2022.0,0.0022876782511223174
IDN.17.8_1,2022.0,8.671758955038078E-4
IDN.19.1_1,2022.0,0.0023397890852035743
IDN.19.11_1,2022.0,0.0028723306129213454
IDN.18.8_1,2022.0,8.354041961534898E-4
IDN.18.9_1,2022.0,0.0011171076457249587
IDN.20.3_1,2022.0,0.006188155257727921
IDN.20.8_1,2022.0,3.280827231637982E-4
IDN.21.5_1,2022.0,0.0027572851980734617
IDN.23.11_1,2022.0,0.0037549784649444796
IDN.22.3_1,2022.0,0.0017156324391069213
IDN.24.2_1,2022.0,0.012994611450662191
IDN.24.8_1,2022.0,0.01119835170153145
IDN.26.12_1,2022.0,3.4945022115859427E-4
IDN.26.14_1,2022.0,0.0071347150895869045
IDN.26.16_1,2022.0,0.007296452612458586
IDN.27.6_1,2022.0,0.004023739397430568
IDN.28.1_1,2022.0,0.008147394947428622
IDN.28.5_1,2022.0,0.0107433227275043
IDN.29.1_1,2022.0,0.007613020596354119
IDN.29.8_1,2022.0,0.005482340618768538
IDN.29.9_1,2022.0,0.002802397815138279
IDN.29.15_1,2022.0,0.0023997719301735044
IDN.30.6_1,2022.0,0.01042056990805758
IDN.30.10_1,2022.0,0.006588734781943064
IDN.30.8_1,2022.0,4.7081066210749643E-4
IDN.30.11_1,2022.0,0.002699044043762987
IDN.30.14_1,2022.0,0.002128922144567006
IDN.30.16_1,2022.0,0.006634420089545405
IDN.31.4_1,2022.0,0.01996401720471641
IDN.31.13_1,2022.0,0.008292493774789887
IDN.31.14_1,2022.0,0.005145367158586094
IDN.31.15_1,2022.0,0.022111776459323124
IDN.32.5_1,2022.0,0.0036613483653394193
IDN.32.8_1,2022.0,0.009815051566786841
IDN.32.9_1,2022.0,0.0014333107599761852
IDN.32.10_1,2022.0,0.005844062614378822
IDN.32.23_1,2022.0,0.00633947734948837
IDN.32.25_1,2022.0,0.01553587637201284
IDN.32.28_1,2022.0,0.01506861275629739
IDN.32.33_1,2022.0,0.0036350744643343694
IDN.35.4,2022.0,0.005399442609292557
IDN.35.8,2022.0,0.0013008580872669396
IDN.35.9,2022.0,0.006619647473700403
IDN.35.13,2022.0,0.0068188983666053905
IDN.35.14,2022.0,0.007092358312837949
IDN.32.14_1,2022.0,0.0023943243549117248
IDN.6.3_1,2022.0,0.0
IDN.7.6_1,2022.0,0.0
IDN.7.1_1,2022.0,0.0
IDN.7.2_1,2022.0,0.0
IDN.7.3_1,2022.0,0.0
IDN.7.4_1,2022.0,0.0
IDN.7.5_1,2022.0,0.0
IDN.9.8_1,2022.0,0.0
IDN.9.15_1,2022.0,0.0
IDN.9.16_1,2022.0,0.0
IDN.9.18_1,2022.0,0.0
IDN.10.15_1,2022.0,0.0
IDN.10.18_1,2022.0,0.0
IDN.10.31_1,2022.0,0.0
IDN.11.11_1,2022.0,0.0
IDN.11.13_1,2022.0,0.0
IDN.11.15_1,2022.0,0.0
IDN.11.16_1,2022.0,0.0
IDN.11.17_1,2022.0,0.0
IDN.11.35_1,2022.0,0.0
IDN.30.2_1,2022.0,0.0
IDN.33.3_1,2022.0,0.0
IDN.9.27_1,2022.0,0.0
IDN.10.34_1,2022.0,0.0
IDN.30.3_1,2022.0,0.0
IDN.1.2_1,2023.0,0.012877436037258896
IDN.1.1_1,2023.0,0.00783612720325404
IDN.1.3_1,2023.0,0.010431032205783931
IDN.1.4_1,2023.0,0.00894151318263823
IDN.1.5_1,2023.0,0.009681715544942522
IDN.1.6_1,2023.0,0.0102440698999245
IDN.1.7_1,2023.0,0.0251670048752483
IDN.1.8_1,2023.0,0.006018194279747827
IDN.1.9_1,2023.0,0.001984107905175648
IDN.1.10_1,2023.0,0.013264758289528852
IDN.1.11_1,2023.0,0.02079703745281185
IDN.1.13_1,2023.0,0.009635258638923231
IDN.1.14_1,2023.0,0.01944437538863367
IDN.1.15_1,2023.0,0.002958004262733093
IDN.1.18_1,2023.0,0.013004718048947083
IDN.1.20_1,2023.0,0.004860128372269066
IDN.1.19_1,2023.0,0.011472900813753278
IDN.1.22_1,2023.0,0.004780458883752291
IDN.2.1_1,2023.0,0.006778830223648234
IDN.2.2_1,2023.0,0.003276638896093254
IDN.2.3_1,2023.0,0.0033273139045864497
IDN.2.5_1,2023.0,0.001508922295573786
IDN.2.6_1,2023.0,0.005603093696521868
IDN.2.7_1,2023.0,0.0013206496921892256
IDN.2.8_1,2023.0,0.004641559197369968
IDN.2.9_1,2023.0,0.001910341580032734
IDN.3.4_1,2023.0,0.05020552858587921
IDN.3.1_1,2023.0,0.04897222216690823
IDN.3.2_1,2023.0,0.058889544860539426
IDN.3.3_1,2023.0,0.05930125105934154
IDN.3.6_1,2023.0,0.027454460183520466
IDN.3.5_1,2023.0,0.029122898088152556
IDN.4.4_1,2023.0,0.0086413816490818
IDN.4.5_1,2023.0,0.01433123992643166
IDN.4.6_1,2023.0,0.0017914544563749782
IDN.4.8_1,2023.0,0.00423774622191034
IDN.5.1_1,2023.0,0.034305554595377236
IDN.5.2_1,2023.0,0.0520987525118383
IDN.5.3_1,2023.0,0.026405603519342954
IDN.5.5_1,2023.0,0.020059624324097046
IDN.5.6_1,2023.0,0.008797648306424202
IDN.5.7_1,2023.0,0.007086250709780001
IDN.5.8_1,2023.0,0.02009413595924756
IDN.5.9_1,2023.0,0.013176723569136673
IDN.5.10_1,2023.0,0.027898588981970562
IDN.6.1_1,2023.0,0.01359082327427481
IDN.6.2_1,2023.0,0.007532616320754644
IDN.6.3_1,2023.0,0.0035293844474887973
IDN.6.5_1,2023.0,0.019193709772284386
IDN.6.4_1,2023.0,0.020244335957795515
IDN.6.7_1,2023.0,0.01457447647448452
IDN.8.1_1,2023.0,0.03379647194368693
IDN.8.2_1,2023.0,0.027308696231876435
IDN.8.4_1,2023.0,0.009526734180419274
IDN.8.5_1,2023.0,0.027955680317863114
IDN.8.6_1,2023.0,0.03395076946712048
IDN.8.7_1,2023.0,0.03362465203004857
IDN.8.9_1,2023.0,0.017499402711709494
IDN.8.10_1,2023.0,0.016238234400261613
IDN.8.11_1,2023.0,0.024138488161781508
IDN.9.2_1,2023.0,0.0035839649365138893
IDN.9.1_1,2023.0,0.0024683831774789324
IDN.9.4_1,2023.0,0.0012450018006541742
IDN.9.5_1,2023.0,0.0062489839718862334
IDN.9.6_1,2023.0,0.0020665854592905038
IDN.9.7_1,2023.0,0.00436368425337699
IDN.9.9_1,2023.0,0.0010088815220541658
IDN.9.11_1,2023.0,0.0029549185048081085
IDN.9.12_1,2023.0,0.001166501465455652
IDN.9.13_1,2023.0,0.002980757829379785
IDN.9.20_1,2023.0,0.0022847849437182925
IDN.9.21_1,2023.0,0.001563239783250703
IDN.9.22_1,2023.0,0.005432926845243303
IDN.9.23_1,2023.0,0.0027056293580498725
IDN.9.24_1,2023.0,0.007647112876725167
IDN.9.25_1,2023.0,0.007427651347017747
IDN.9.26_1,2023.0,0.0011222789045246789
IDN.10.1_1,2023.0,0.0014844898418611312
IDN.10.2_1,2023.0,0.0026691696013726603
IDN.10.3_1,2023.0,0.014865815706053933
IDN.10.4_1,2023.0,0.009158776721881643
IDN.10.5_1,2023.0,0.004658256484903623
IDN.10.6_1,2023.0,0.002011955266826764
IDN.10.7_1,2023.0,0.003047855621406152
IDN.10.8_1,2023.0,0.0010848420271780525
IDN.10.9_1,2023.0,0.00454447201906133
IDN.10.10_1,2023.0,0.005106556974487775
IDN.10.11_1,2023.0,0.001557107420838182
IDN.10.12_1,2023.0,0.001988533272318918
IDN.10.13_1,2023.0,0.015591977301319136
IDN.10.14_1,2023.0,0.0034357196615101473
IDN.10.19_1,2023.0,3.1681224056005997E-4
IDN.10.20_1,2023.0,8.225190880782676E-4
IDN.10.21_1,2023.0,0.002060646845557585
IDN.10.22_1,2023.0,0.00828480010566948
IDN.10.23_1,2023.0,0.013207599779780506
IDN.10.24_1,2023.0,4.28011735146626E-4
IDN.10.25_1,2023.0,2.169365174982343E-4
IDN.10.26_1,2023.0,0.004221721536665753
IDN.10.28_1,2023.0,0.004097601378316442
IDN.10.29_1,2023.0,9.483494654719783E-4
IDN.10.30_1,2023.0,5.59472998375648E-4
IDN.10.32_1,2023.0,0.003652989520902544
IDN.10.33_1,2023.0,0.0015706760857062709
IDN.10.35_1,2023.0,0.0012544710798227977
IDN.10.36_1,2023.0,6.401308422578132E-4
IDN.11.1_1,2023.0,0.0037092887995827254
IDN.11.2_1,2023.0,0.010601560953580003
IDN.11.4_1,2023.0,0.00468527571087903
IDN.11.5_1,2023.0,0.007177740456406753
IDN.11.6_1,2023.0,0.004248357592178821
IDN.11.7_1,2023.0,0.0010895390886814277
IDN.11.8_1,2023.0,0.00893083722687892
IDN.11.9_1,2023.0,0.002592583317618403
IDN.11.10_1,2023.0,0.005743695448599555
IDN.11.18_1,2023.0,0.0013603527806306484
IDN.11.19_1,2023.0,0.005448066646803835
IDN.11.20_1,2023.0,0.0016941817300753644
IDN.11.21_1,2023.0,1.9648698876369598E-4
IDN.11.22_1,2023.0,0.0043807907670030686
IDN.11.23_1,2023.0,0.0010424496284291193
IDN.11.24_1,2023.0,0.004643377151860149
IDN.11.25_1,2023.0,0.0021316883325449357
IDN.11.26_1,2023.0,7.506148015847192E-4
IDN.11.27_1,2023.0,2.977527360092108E-4
IDN.11.28_1,2023.0,0.0029650609302715163
IDN.11.29_1,2023.0,0.0019580508900712244
IDN.11.30_1,2023.0,0.0031412662706155744
IDN.11.31_1,2023.0,0.0013479393586696524
IDN.11.32_1,2023.0,2.1381408951560242E-4
IDN.11.33_1,2023.0,0.0014632263731504016
IDN.11.34_1,2023.0,9.72364784656831E-4
IDN.11.36_1,2023.0,7.551676661359562E-4
IDN.11.37_1,2023.0,0.003396289526953527
IDN.11.38_1,2023.0,0.003707111245649433
IDN.12.1_1,2023.0,0.01850359838850911
IDN.12.2_1,2023.0,0.005317741938991995
IDN.12.3_1,2023.0,0.034304966771315025
IDN.12.4_1,2023.0,0.023652161414991626
IDN.12.6_1,2023.0,0.012258936079474642
IDN.12.7_1,2023.0,0.027768013257957008
IDN.12.8_1,2023.0,0.0220300285643923
IDN.12.9_1,2023.0,0.018981013543665572
IDN.12.10_1,2023.0,0.02299457031392487
IDN.12.11_1,2023.0,0.03303602760358961
IDN.12.12_1,2023.0,0.04204376708645216
IDN.12.14_1,2023.0,0.017679780202868832
IDN.13.1_1,2023.0,0.013737969777070175
IDN.13.3_1,2023.0,0.01801411319487126
IDN.13.5_1,2023.0,0.01903257841772765
IDN.13.6_1,2023.0,0.006893514559433782
IDN.13.7_1,2023.0,0.00736135080095475
IDN.13.8_1,2023.0,0.009506409894321312
IDN.13.9_1,2023.0,0.04147599412466317
IDN.13.10_1,2023.0,0.012432081639168386
IDN.13.11_1,2023.0,0.02062802000518543
IDN.13.12_1,2023.0,0.030975217136095072
IDN.13.13_1,2023.0,0.01184782468177829
IDN.14.1_1,2023.0,0.01490411468615592
IDN.14.2_1,2023.0,0.01936906843706567
IDN.14.3_1,2023.0,0.01462600777429818
IDN.14.4_1,2023.0,0.009729176693273733
IDN.14.5_1,2023.0,0.016539825009798406
IDN.14.6_1,2023.0,0.012348999845539776
IDN.14.7_1,2023.0,0.015296957703225013
IDN.14.8_1,2023.0,0.017307926028692914
IDN.14.9_1,2023.0,0.01600829842771399
IDN.14.10_1,2023.0,0.004027355656230621
IDN.14.12_1,2023.0,0.02232466872663543
IDN.14.13_1,2023.0,0.017989596130445713
IDN.14.14_1,2023.0,0.01872390562976279
IDN.34.2_1,2023.0,0.013031306045219331
IDN.34.5_1,2023.0,0.008307270498527558
IDN.34.6_1,2023.0,0.019581318503291555
IDN.34.7_1,2023.0,0.01464764788190203
IDN.34.10_1,2023.0,0.023508049784183246
IDN.34.11_1,2023.0,0.020606199023193397
IDN.16.2_1,2023.0,0.011917961173426648
IDN.16.3_1,2023.0,0.01441495215065309
IDN.16.4_1,2023.0,0.003529918860358829
IDN.16.5_1,2023.0,0.004211846843928551
IDN.16.6_1,2023.0,0.004856495907675248
IDN.17.2_1,2023.0,0.013217883595753441
IDN.17.3_1,2023.0,0.02336271652010573
IDN.17.4_1,2023.0,0.012912353978041457
IDN.17.5_1,2023.0,0.010342955062896533
IDN.17.6_1,2023.0,0.017260997764214876
IDN.17.7_1,2023.0,0.044807178992608256
IDN.17.9_1,2023.0,0.011483053694748308
IDN.17.10_1,2023.0,0.019438701234014866
IDN.17.11_1,2023.0,0.017224201442621573
IDN.17.12_1,2023.0,0.037854820397403406
IDN.17.13_1,2023.0,0.020238556433278168
IDN.17.14_1,2023.0,0.031560193419622816
IDN.19.3_1,2023.0,0.008569066930854827
IDN.19.2_1,2023.0,0.006207159733596691
IDN.19.4_1,2023.0,0.001826982174746183
IDN.19.5_1,2023.0,0.002465451180493112
IDN.19.6_1,2023.0,0.006007487470590752
IDN.19.8_1,2023.0,0.020954717039896553
IDN.19.7_1,2023.0,0.013372223005181745
IDN.19.9_1,2023.0,0.009090598901179714
IDN.19.10_1,2023.0,0.0066030864453588585
IDN.18.1_1,2023.0,0.005503879533636876
IDN.18.2_1,2023.0,0.0064080683538858966
IDN.18.3_1,2023.0,0.010657363069507134
IDN.18.4_1,2023.0,0.004218763386396375
IDN.18.5_1,2023.0,0.006554899868099272
IDN.18.6_1,2023.0,0.0068082697186660135
IDN.18.7_1,2023.0,0.004378718639097759
IDN.20.1_1,2023.0,0.009238381038721346
IDN.20.2_1,2023.0,0.022627096881733626
IDN.20.4_1,2023.0,0.01977956188853577
IDN.20.5_1,2023.0,0.003902378385054825
IDN.20.6_1,2023.0,0.0017187644255719516
IDN.20.7_1,2023.0,0.001153270074423238
IDN.20.10_1,2023.0,0.0076515229500173886
IDN.20.9_1,2023.0,0.014000720494356968
IDN.21.1_1,2023.0,0.006287452437100059
IDN.21.2_1,2023.0,0.004267320128784086
IDN.21.3_1,2023.0,0.0036522826617389503
IDN.21.4_1,2023.0,0.004532991543768872
IDN.21.6_1,2023.0,0.0066821169377606834
IDN.21.7_1,2023.0,0.003571800925683861
IDN.21.10_1,2023.0,0.0031751564663532105
IDN.21.8_1,2023.0,0.0030047817644902526
IDN.21.9_1,2023.0,0.0076680570601163935
IDN.21.11_1,2023.0,0.0019205940623882897
IDN.21.12_1,2023.0,0.0017826836074982687
IDN.21.13_1,2023.0,7.090304824172684E-4
IDN.21.14_1,2023.0,8.498949671469765E-5
IDN.21.15_1,2023.0,0.004386102214989721
IDN.21.17_1,2023.0,0.010188813244130613
IDN.21.16_1,2023.0,0.019293883248057923
IDN.21.18_1,2023.0,0.005071502087630303
IDN.21.19_1,2023.0,0.002739454957636081
IDN.21.20_1,2023.0,0.009388785911631212
IDN.21.21_1,2023.0,0.006227335641992141
IDN.23.1_1,2023.0,2.7164289668970485E-4
IDN.23.2_1,2023.0,0.007137113970147825
IDN.23.3_1,2023.0,2.562762402244507E-4
IDN.23.4_1,2023.0,7.376610177134287E-4
IDN.23.5_1,2023.0,0.001075850882337129
IDN.23.6_1,2023.0,0.002335171538929283
IDN.23.7_1,2023.0,0.00255930109556785
IDN.23.8_1,2023.0,0.0025167187183315694
IDN.23.9_1,2023.0,0.001984477635319125
IDN.23.10_1,2023.0,0.0018212996499460047
IDN.23.12_1,2023.0,0.0015212517673414173
IDN.23.13_1,2023.0,5.575084198699358E-4
IDN.23.14_1,2023.0,0.0037490513700276272
IDN.23.15_1,2023.0,3.1487975282255517E-4
IDN.23.16_1,2023.0,7.837718977239572E-4
IDN.23.17_1,2023.0,0.001826452310330416
IDN.23.18_1,2023.0,0.0024811392056958634
IDN.23.19_1,2023.0,5.62187595100068E-4
IDN.23.20_1,2023.0,9.454539700416538E-4
IDN.23.21_1,2023.0,0.0024408306203882266
IDN.23.23_1,2023.0,0.0012656759658033964
IDN.23.22_1,2023.0,0.0020833846916395423
IDN.23.24_1,2023.0,7.682765639088098E-4
IDN.23.25_1,2023.0,0.0015994900696358614
IDN.23.26_1,2023.0,0.003375298433719426
IDN.23.27_1,2023.0,7.676633237300993E-4
IDN.23.28_1,2023.0,0.001781018720555574
IDN.23.29_1,2023.0,0.0026457581122912304
IDN.22.1_1,2023.0,0.0037431951299603645
IDN.22.2_1,2023.0,0.0010595994159637169
IDN.22.4_1,2023.0,0.0027412054896912715
IDN.22.5_1,2023.0,0.004160818779417914
IDN.22.6_1,2023.0,0.001997474503377646
IDN.22.8_1,2023.0,0.0053978533074418526
IDN.22.7_1,2023.0,0.0012034448537104937
IDN.22.9_1,2023.0,0.0013115427147073558
IDN.22.10_1,2023.0,0.002604302482839919
IDN.22.11_1,2023.0,0.002769146138644354
IDN.24.1_1,2023.0,0.01088495430914009
IDN.24.3_1,2023.0,0.019119862351700597
IDN.24.4_1,2023.0,0.014049447120327494
IDN.24.5_1,2023.0,0.03291920527294425
IDN.24.6_1,2023.0,0.006518465454917515
IDN.24.7_1,2023.0,0.024582443019831143
IDN.24.9_1,2023.0,0.01140670429737137
IDN.24.10_1,2023.0,0.016346263351840626
IDN.24.11_1,2023.0,0.028944371523238917
IDN.24.12_1,2023.0,0.011021927044776872
IDN.25.1_1,2023.0,0.02731820801153531
IDN.25.2_1,2023.0,0.004357106654359143
IDN.25.4_1,2023.0,0.012295986675598232
IDN.25.3_1,2023.0,0.01723031535044467
IDN.25.5_1,2023.0,0.027446016606882038
IDN.26.1_1,2023.0,0.005492247839020014
IDN.26.2_1,2023.0,0.015817929005990855
IDN.26.3_1,2023.0,0.022971479796241777
IDN.26.4_1,2023.0,0.006568964775493422
IDN.26.5_1,2023.0,0.022508333803566816
IDN.26.6_1,2023.0,0.007383997634916341
IDN.26.7_1,2023.0,8.587384964067561E-4
IDN.26.8_1,2023.0,0.005312386308130697
IDN.26.11_1,2023.0,0.021281982261995114
IDN.26.9_1,2023.0,0.01045517396552365
IDN.26.10_1,2023.0,0.010930636513369476
IDN.26.13_1,2023.0,0.01754630094628209
IDN.26.15_1,2023.0,0.013631535933038383
IDN.26.17_1,2023.0,0.025894089398107552
IDN.26.18_1,2023.0,0.01749371691188421
IDN.26.19_1,2023.0,0.0015280219428701232
IDN.26.20_1,2023.0,0.03628848073709535
IDN.26.21_1,2023.0,0.003814127761813154
IDN.26.22_1,2023.0,0.00872525393940024
IDN.26.23_1,2023.0,0.0029623316014518583
IDN.26.24_1,2023.0,0.015938375056463408
IDN.27.2_1,2023.0,0.011768425066981756
IDN.27.1_1,2023.0,0.014921446750908304
IDN.27.3_1,2023.0,0.009053733266402011
IDN.27.4_1,2023.0,0.010239479645620005
IDN.27.5_1,2023.0,0.011304521899738025
IDN.27.7_1,2023.0,0.01682747450050786
IDN.27.8_1,2023.0,0.009436549688555444
IDN.27.9_1,2023.0,0.009704256066505438
IDN.27.10_1,2023.0,0.01252853646250832
IDN.27.11_1,2023.0,0.00725887900233838
IDN.28.2_1,2023.0,0.0277572309447314
IDN.28.4_1,2023.0,0.015656148629746416
IDN.28.3_1,2023.0,0.011231504431753832
IDN.28.7_1,2023.0,0.01469892881314459
IDN.28.6_1,2023.0,0.009193849582178988
IDN.28.10_1,2023.0,0.011203740685311965
IDN.28.8_1,2023.0,0.03432656877990261
IDN.28.9_1,2023.0,0.008556488287425524
IDN.28.11_1,2023.0,0.0321705123747198
IDN.28.12_1,2023.0,0.006803313143304736
IDN.29.5_1,2023.0,0.010754984543997537
IDN.29.2_1,2023.0,0.004005978460699286
IDN.29.3_1,2023.0,0.006609957063080072
IDN.29.4_1,2023.0,0.014256700040239094
IDN.29.6_1,2023.0,0.0010473563499392572
IDN.29.7_1,2023.0,0.00253088512083234
IDN.29.13_1,2023.0,0.0052917952892587855
IDN.29.10_1,2023.0,0.0043611097662502735
IDN.29.11_1,2023.0,0.0077942049240169505
IDN.29.12_1,2023.0,0.016045261220571684
IDN.29.14_1,2023.0,0.0017255034400859713
IDN.30.1_1,2023.0,0.01089986138091609
IDN.30.4_1,2023.0,0.02493896215265312
IDN.30.5_1,2023.0,0.0030683199029586604
IDN.30.7_1,2023.0,0.012822776670442659
IDN.30.9_1,2023.0,0.010263745438757197
IDN.30.13_1,2023.0,0.007019816553674651
IDN.30.12_1,2023.0,0.02098010080037741
IDN.30.15_1,2023.0,0.011639388172814314
IDN.30.17_1,2023.0,0.020034242458611934
IDN.30.19_1,2023.0,0.003152936463483485
IDN.30.18_1,2023.0,0.0174941830957976
IDN.30.20_1,2023.0,0.002691425556397028
IDN.31.1_1,2023.0,0.011458374387215926
IDN.31.2_1,2023.0,0.02118897733502214
IDN.31.3_1,2023.0,0.025816311621470613
IDN.31.5_1,2023.0,0.028157877279138127
IDN.31.6_1,2023.0,0.030689059128313725
IDN.31.7_1,2023.0,0.037166413545131664
IDN.31.8_1,2023.0,0.02550440307073265
IDN.31.9_1,2023.0,0.018951063356844062
IDN.31.12_1,2023.0,0.021371378469379875
IDN.31.10_1,2023.0,0.03425419218359337
IDN.31.11_1,2023.0,0.02251299157684548
IDN.32.1_1,2023.0,0.012833563974769193
IDN.32.2_1,2023.0,0.017628934140790514
IDN.32.3_1,2023.0,0.008596115983250129
IDN.32.4_1,2023.0,0.015169815021575786
IDN.32.6_1,2023.0,0.008842054816983115
IDN.32.7_1,2023.0,0.017923516618627473
IDN.32.13_1,2023.0,0.022236635935881717
IDN.32.11_1,2023.0,0.025443527207149354
IDN.32.12_1,2023.0,0.021751758478290927
IDN.32.15_1,2023.0,0.014931485680338193
IDN.32.16_1,2023.0,0.011210782959780776
IDN.32.20_1,2023.0,0.007118786972998187
IDN.32.17_1,2023.0,0.0030242400621243054
IDN.32.18_1,2023.0,0.008188974632115771
IDN.32.19_1,2023.0,0.007404566699430129
IDN.32.22_1,2023.0,0.01475816582227936
IDN.32.21_1,2023.0,0.020511094882188302
IDN.32.24_1,2023.0,0.006446751985331874
IDN.32.26_1,2023.0,0.004029974955552515
IDN.32.27_1,2023.0,0.02299788184526544
IDN.32.29_1,2023.0,0.02495020188504279
IDN.32.30_1,2023.0,0.012759349150265383
IDN.32.31_1,2023.0,0.02007595569993695
IDN.32.32_1,2023.0,0.01319554922651537
IDN.32.34_1,2023.0,0.006257172816277549
IDN.33.1_1,2023.0,8.596181827554562E-4
IDN.33.2_1,2023.0,0.001531820442116672
IDN.33.4_1,2023.0,2.2364283207519908E-4
IDN.33.5_1,2023.0,0.0013638290186618394
IDN.1.12_1,2023.0,7.957702470866615E-4
IDN.1.16_1,2023.0,0.025385162957911437
IDN.1.17_1,2023.0,0.00828828704319549
IDN.1.21_1,2023.0,0.004814039156458852
IDN.1.23_1,2023.0,0.020152062697348944
IDN.2.4_1,2023.0,8.786385581682231E-4
IDN.3.7_1,2023.0,0.025727080119700797
IDN.4.1_1,2023.0,7.2940051382214E-4
IDN.4.2_1,2023.0,0.003330978398397824
IDN.4.3_1,2023.0,7.111043611612171E-4
IDN.4.7_1,2023.0,3.0151352696098456E-4
IDN.5.4_1,2023.0,0.024963688501585757
IDN.6.6_1,2023.0,0.005418509681866529
IDN.7.3_1,2023.0,6.830987179442536E-4
IDN.7.4_1,2023.0,2.1437817613353E-4
IDN.7.5_1,2023.0,8.123796816456355E-4
IDN.8.3_1,2023.0,0.011161774541201779
IDN.8.8_1,2023.0,0.008493178606744542
IDN.9.3_1,2023.0,0.0035868938930436176
IDN.9.8_1,2023.0,2.3908080462410402E-4
IDN.9.10_1,2023.0,0.0034719081782401827
IDN.9.14_1,2023.0,2.579082830119716E-4
IDN.9.15_1,2023.0,5.441738751312715E-4
IDN.9.18_1,2023.0,0.0022149329913676843
IDN.9.19_1,2023.0,0.0019348928056746174
IDN.10.16_1,2023.0,4.3574287752634746E-4
IDN.10.17_1,2023.0,0.006036179761588765
IDN.10.27_1,2023.0,0.007323319730423884
IDN.10.31_1,2023.0,2.127499812279429E-4
IDN.11.3_1,2023.0,9.028380981154875E-4
IDN.11.11_1,2023.0,2.994480941280532E-4
IDN.11.12_1,2023.0,0.0010086637719617462
IDN.11.14_1,2023.0,7.81920813702112E-4
IDN.11.35_1,2023.0,4.389972172249226E-4
IDN.12.5_1,2023.0,0.008394257847280543
IDN.12.13_1,2023.0,0.025890787023119696
IDN.13.2_1,2023.0,0.019359258640719416
IDN.13.4_1,2023.0,0.0023036996561748616
IDN.14.11_1,2023.0,0.012131292496599921
IDN.34.1_1,2023.0,0.027061374708345992
IDN.34.3_1,2023.0,0.025026994577930693
IDN.34.12_1,2023.0,0.020320089092079028
IDN.16.1_1,2023.0,0.010943618656872583
IDN.16.7_1,2023.0,0.008687722965806804
IDN.17.1_1,2023.0,0.0036018151820659495
IDN.17.8_1,2023.0,5.583255621799546E-4
IDN.19.1_1,2023.0,0.003998669506524796
IDN.19.11_1,2023.0,0.030429344153988878
IDN.18.8_1,2023.0,0.0026478807825634208
IDN.18.9_1,2023.0,0.0025066658717680314
IDN.20.3_1,2023.0,0.004972546371381865
IDN.20.8_1,2023.0,4.921240847456973E-4
IDN.21.5_1,2023.0,0.002188040806739931
IDN.23.11_1,2023.0,0.006654285687732915
IDN.22.3_1,2023.0,0.007501818860611626
IDN.24.2_1,2023.0,0.012937064403931239
IDN.24.8_1,2023.0,0.014358983535096447
IDN.26.12_1,2023.0,0.0022714264375308627
IDN.26.14_1,2023.0,0.012297900948597135
IDN.26.16_1,2023.0,0.10020123232539074
IDN.27.6_1,2023.0,0.045618266289650614
IDN.28.1_1,2023.0,0.021966272542760606
IDN.28.5_1,2023.0,0.03638025139056778
IDN.29.1_1,2023.0,0.02399592505604876
IDN.29.8_1,2023.0,0.010214118122946236
IDN.29.9_1,2023.0,0.007730967888651391
IDN.29.15_1,2023.0,0.0031107663543966414
IDN.30.2_1,2023.0,0.0012398195500481425
IDN.30.6_1,2023.0,0.005744071625751594
IDN.30.10_1,2023.0,0.004071167892055895
IDN.30.8_1,2023.0,5.262001517672019E-4
IDN.30.11_1,2023.0,0.006849765162856663
IDN.30.14_1,2023.0,0.001194576241021924
IDN.30.16_1,2023.0,0.007404350566266157
IDN.31.4_1,2023.0,0.02968353460124316
IDN.31.13_1,2023.0,0.010957080447355775
IDN.31.14_1,2023.0,0.009834838653834369
IDN.31.15_1,2023.0,0.026637402481940537
IDN.32.5_1,2023.0,0.003391411993734774
IDN.32.8_1,2023.0,0.0027878636877029794
IDN.32.9_1,2023.0,8.238857849363061E-4
IDN.32.10_1,2023.0,0.0037814522798921787
IDN.32.23_1,2023.0,0.0053725805532881836
IDN.32.25_1,2023.0,0.015383833067638925
IDN.32.28_1,2023.0,0.02189350834558129
IDN.32.33_1,2023.0,0.006635329368803789
IDN.35.4,2023.0,0.010364270641454424
IDN.35.8,2023.0,0.0019214098789595217
IDN.35.9,2023.0,0.008911605888606393
IDN.35.13,2023.0,0.011342258551051419
IDN.35.14,2023.0,0.010570160990959893
IDN.9.27_1,2023.0,5.29331174492465E-5
IDN.30.3_1,2023.0,9.424842919284678E-4
IDN.32.14_1,2023.0,4.509251923947487E-4
IDN.7.6_1,2023.0,0.0
IDN.7.1_1,2023.0,0.0
IDN.7.2_1,2023.0,0.0
IDN.9.16_1,2023.0,0.0
IDN.9.17_1,2023.0,0.0
IDN.10.15_1,2023.0,0.0
IDN.10.18_1,2023.0,0.0
IDN.11.13_1,2023.0,0.0
IDN.11.15_1,2023.0,0.0
IDN.11.16_1,2023.0,0.0
IDN.11.17_1,2023.0,0.0
IDN.33.3_1,2023.0,0.0
IDN.10.34_1,2023.0,0.0
IDN.1.2_1,2024.0,0.021638872520272315
IDN.1.1_1,2024.0,0.008708821233411403
IDN.1.3_1,2024.0,0.008869813467333293
IDN.1.4_1,2024.0,0.0098269436659123
IDN.1.5_1,2024.0,0.010078863180547622
IDN.1.6_1,2024.0,0.013577045197422505
IDN.1.7_1,2024.0,0.02525293150365767
IDN.1.8_1,2024.0,0.009173299457452563
IDN.1.9_1,2024.0,0.0032435440980289948
IDN.1.10_1,2024.0,0.015457554846686615
IDN.1.11_1,2024.0,0.02490168795097074
IDN.1.13_1,2024.0,0.011960735814720083
IDN.1.14_1,2024.0,0.022087490564237502
IDN.1.15_1,2024.0,0.003595123952661379
IDN.1.18_1,2024.0,0.019030042847745274
IDN.1.20_1,2024.0,0.007326997077191583
IDN.1.19_1,2024.0,0.010769856365441756
IDN.1.22_1,2024.0,0.007877530248016297
IDN.2.1_1,2024.0,0.003970008687117298
IDN.2.2_1,2024.0,7.95884572605417E-4
IDN.2.3_1,2024.0,3.5230590017288124E-4
IDN.2.5_1,2024.0,0.001528047991337011
IDN.2.6_1,2024.0,9.689765889229033E-4
IDN.2.7_1,2024.0,7.616746806790917E-4
IDN.2.8_1,2024.0,0.0024944433781784185
IDN.2.9_1,2024.0,4.163762691652143E-4
IDN.3.4_1,2024.0,0.025136656945297473
IDN.3.1_1,2024.0,0.029404198817803553
IDN.3.2_1,2024.0,0.0317517312922409
IDN.3.3_1,2024.0,0.03205394949347915
IDN.3.6_1,2024.0,0.02090185468355043
IDN.3.5_1,2024.0,0.02900891151616875
IDN.4.4_1,2024.0,0.00798628868550617
IDN.4.5_1,2024.0,0.013613409033590677
IDN.4.6_1,2024.0,9.233650869241524E-4
IDN.4.8_1,2024.0,7.587968972975954E-4
IDN.5.1_1,2024.0,0.0161541248806745
IDN.5.2_1,2024.0,0.023703708945375213
IDN.5.3_1,2024.0,0.020070071381050776
IDN.5.5_1,2024.0,0.011449868241507519
IDN.5.6_1,2024.0,0.006696608046150962
IDN.5.7_1,2024.0,0.008124218822874263
IDN.5.8_1,2024.0,0.018866422869887173
IDN.5.9_1,2024.0,0.013563998337910247
IDN.5.10_1,2024.0,0.01873983043042732
IDN.6.1_1,2024.0,0.00855345332580826
IDN.6.2_1,2024.0,0.0036995152789023344
IDN.6.3_1,2024.0,1.5737752287778994E-4
IDN.6.5_1,2024.0,0.007602840364450356
IDN.6.4_1,2024.0,0.006196024068983629
IDN.6.7_1,2024.0,0.006627347985960318
IDN.8.1_1,2024.0,0.03639440148039249
IDN.8.2_1,2024.0,0.026158757129952012
IDN.8.4_1,2024.0,0.00889589309206973
IDN.8.5_1,2024.0,0.025294923682272135
IDN.8.6_1,2024.0,0.032648685522336914
IDN.8.7_1,2024.0,0.03040880017640134
IDN.8.9_1,2024.0,0.0244268026815344
IDN.8.10_1,2024.0,0.01449280511494649
IDN.8.11_1,2024.0,0.02406900410967208
IDN.9.2_1,2024.0,0.0033482793507465373
IDN.9.1_1,2024.0,0.002956896513791471
IDN.9.4_1,2024.0,7.180856527702583E-4
IDN.9.5_1,2024.0,0.004807305137913371
IDN.9.6_1,2024.0,0.0015096266053656624
IDN.9.7_1,2024.0,0.003447721466208855
IDN.9.9_1,2024.0,4.949592079235973E-4
IDN.9.11_1,2024.0,0.001895482949995706
IDN.9.12_1,2024.0,2.325370550158195E-4
IDN.9.13_1,2024.0,0.0025110392517726397
IDN.9.20_1,2024.0,0.0013246522836785055
IDN.9.21_1,2024.0,7.358308789026214E-4
IDN.9.22_1,2024.0,0.004696817738911196
IDN.9.23_1,2024.0,0.002668135996859303
IDN.9.24_1,2024.0,0.005550636563802896
IDN.9.25_1,2024.0,0.002544947281211718
IDN.9.26_1,2024.0,0.0014114552399037302
IDN.10.1_1,2024.0,0.00114559256427503
IDN.10.2_1,2024.0,0.0016381750758641233
IDN.10.3_1,2024.0,0.003458553626458007
IDN.10.4_1,2024.0,0.007792400346432116
IDN.10.5_1,2024.0,9.490055161167881E-4
IDN.10.6_1,2024.0,0.0015183403326132425
IDN.10.7_1,2024.0,0.001973733237769799
IDN.10.8_1,2024.0,5.2608511463122E-4
IDN.10.9_1,2024.0,0.002414819221516044
IDN.10.10_1,2024.0,0.005329885560280254
IDN.10.11_1,2024.0,0.0010424160158960865
IDN.10.12_1,2024.0,0.001212978538807301
IDN.10.13_1,2024.0,0.0019053562408203766
IDN.10.14_1,2024.0,3.303703854023384E-4
IDN.10.19_1,2024.0,6.109062924413033E-4
IDN.10.20_1,2024.0,1.9650510040094892E-4
IDN.10.21_1,2024.0,0.0026859290581390917
IDN.10.22_1,2024.0,0.0022054593580926657
IDN.10.23_1,2024.0,0.00243633199425955
IDN.10.24_1,2024.0,4.40240641865101E-4
IDN.10.25_1,2024.0,5.560593382344446E-4
IDN.10.26_1,2024.0,0.005409613100280535
IDN.10.28_1,2024.0,0.002717907285571281
IDN.10.29_1,2024.0,0.001537654345735636
IDN.10.30_1,2024.0,6.79360069456144E-4
IDN.10.32_1,2024.0,0.0012770423460500356
IDN.10.33_1,2024.0,8.804674861816619E-4
IDN.10.35_1,2024.0,9.112046998029226E-4
IDN.10.36_1,2024.0,9.37271413359167E-4
IDN.11.1_1,2024.0,5.18455475094628E-4
IDN.11.2_1,2024.0,0.003830342168665386
IDN.11.4_1,2024.0,0.011402902907247998
IDN.11.5_1,2024.0,0.005214254858555192
IDN.11.6_1,2024.0,0.0029499069896783783
IDN.11.7_1,2024.0,9.501676086166697E-4
IDN.11.8_1,2024.0,0.004123402409398012
IDN.11.9_1,2024.0,9.32968885264578E-4
IDN.11.10_1,2024.0,0.0018429355834991442
IDN.11.18_1,2024.0,0.002258473913707875
IDN.11.19_1,2024.0,0.005455723698098124
IDN.11.20_1,2024.0,0.00173374537625823
IDN.11.21_1,2024.0,2.8069569823385146E-4
IDN.11.22_1,2024.0,0.0036357433668985696
IDN.11.23_1,2024.0,0.0010525704986080427
IDN.11.24_1,2024.0,0.0016454297835100315
IDN.11.25_1,2024.0,0.0029303631905520447
IDN.11.26_1,2024.0,0.001249536056605043
IDN.11.27_1,2024.0,4.3586077888833956E-4
IDN.11.28_1,2024.0,0.0014323027422880421
IDN.11.29_1,2024.0,0.001198909065286142
IDN.11.30_1,2024.0,0.0015024032396922394
IDN.11.31_1,2024.0,7.820252518126103E-4
IDN.11.32_1,2024.0,1.995598168812289E-4
IDN.11.33_1,2024.0,5.940687892519302E-4
IDN.11.34_1,2024.0,3.107551576651546E-4
IDN.11.36_1,2024.0,0.0024240091412650647
IDN.11.37_1,2024.0,0.0028860880238042283
IDN.11.38_1,2024.0,0.0061695188868700354
IDN.12.1_1,2024.0,0.021659580324938497
IDN.12.2_1,2024.0,0.0060619968631667725
IDN.12.3_1,2024.0,0.023228173332549864
IDN.12.4_1,2024.0,0.019089723954071422
IDN.12.6_1,2024.0,0.011930267678787628
IDN.12.7_1,2024.0,0.023499041439295536
IDN.12.8_1,2024.0,0.020744893481469108
IDN.12.9_1,2024.0,0.015062515214301042
IDN.12.10_1,2024.0,0.019628708008643834
IDN.12.11_1,2024.0,0.028124707672306893
IDN.12.12_1,2024.0,0.03054346488063287
IDN.12.14_1,2024.0,0.014111790531384562
IDN.13.1_1,2024.0,0.010077951238889936
IDN.13.3_1,2024.0,0.009529172845002858
IDN.13.5_1,2024.0,0.01553336888808866
IDN.13.6_1,2024.0,0.006590757226927963
IDN.13.7_1,2024.0,0.005986018291621322
IDN.13.8_1,2024.0,0.006163974110682505
IDN.13.9_1,2024.0,0.020121577460152373
IDN.13.10_1,2024.0,0.0065749595361534645
IDN.13.11_1,2024.0,0.014130968402781677
IDN.13.12_1,2024.0,0.01634767113293231
IDN.13.13_1,2024.0,0.01063537635037589
IDN.14.1_1,2024.0,0.008212585619974913
IDN.14.2_1,2024.0,0.012147803026772552
IDN.14.3_1,2024.0,0.013077476403337599
IDN.14.4_1,2024.0,0.014875752141300214
IDN.14.5_1,2024.0,0.014123039629796583
IDN.14.6_1,2024.0,0.010889458527820325
IDN.14.7_1,2024.0,0.013021618723091273
IDN.14.8_1,2024.0,0.015473517038948855
IDN.14.9_1,2024.0,0.01670850498604317
IDN.14.10_1,2024.0,0.00410428508893271
IDN.14.12_1,2024.0,0.010618073042783548
IDN.14.13_1,2024.0,0.013163271917199177
IDN.14.14_1,2024.0,0.015153212420414583
IDN.34.2_1,2024.0,0.01165887963807265
IDN.34.5_1,2024.0,0.008054141783305437
IDN.34.6_1,2024.0,0.016100464909507218
IDN.34.7_1,2024.0,0.013570104657084844
IDN.34.10_1,2024.0,0.010132820295088999
IDN.34.11_1,2024.0,0.011975655735024838
IDN.16.2_1,2024.0,0.008896727171332098
IDN.16.3_1,2024.0,0.008539162068098556
IDN.16.4_1,2024.0,0.002256209278600285
IDN.16.5_1,2024.0,0.0034177673879140008
IDN.16.6_1,2024.0,0.006731680900417588
IDN.17.2_1,2024.0,0.004676107216487178
IDN.17.3_1,2024.0,0.009172158610435941
IDN.17.4_1,2024.0,0.009299067458427344
IDN.17.5_1,2024.0,0.005688158516479504
IDN.17.6_1,2024.0,0.01266797432124857
IDN.17.7_1,2024.0,0.030285282803726367
IDN.17.9_1,2024.0,0.0065256622097288365
IDN.17.10_1,2024.0,0.006078724489999267
IDN.17.11_1,2024.0,0.004500060102446241
IDN.17.12_1,2024.0,0.021153862350820733
IDN.17.13_1,2024.0,0.01580154265365439
IDN.17.14_1,2024.0,0.019578870812965624
IDN.19.3_1,2024.0,0.0034630317487526043
IDN.19.2_1,2024.0,0.0027266046982969204
IDN.19.4_1,2024.0,6.879599207946982E-4
IDN.19.5_1,2024.0,0.0015711881275753505
IDN.19.6_1,2024.0,0.0021362510712563862
IDN.19.8_1,2024.0,0.004748079837674791
IDN.19.7_1,2024.0,0.004671539054550003
IDN.19.9_1,2024.0,0.0018091774602193953
IDN.19.10_1,2024.0,0.00117391087391287
IDN.18.1_1,2024.0,0.0019418504646171737
IDN.18.2_1,2024.0,0.003301160299283224
IDN.18.3_1,2024.0,0.005024966509983469
IDN.18.4_1,2024.0,0.0027649229002372887
IDN.18.5_1,2024.0,0.004525835335000386
IDN.18.6_1,2024.0,0.005255378104306974
IDN.18.7_1,2024.0,0.0024464446613414975
IDN.20.1_1,2024.0,0.008374298730534486
IDN.20.2_1,2024.0,0.012348425686373366
IDN.20.4_1,2024.0,0.007475840351338323
IDN.20.5_1,2024.0,0.003004063126043522
IDN.20.6_1,2024.0,8.694733476410151E-4
IDN.20.7_1,2024.0,8.591982437550662E-4
IDN.20.10_1,2024.0,0.004859976311389513
IDN.20.9_1,2024.0,0.003726355600357548
IDN.21.1_1,2024.0,0.003358549413850981
IDN.21.2_1,2024.0,0.0034389172336944216
IDN.21.3_1,2024.0,0.003002557224697993
IDN.21.4_1,2024.0,0.0033898918282379634
IDN.21.6_1,2024.0,0.005549458786888063
IDN.21.7_1,2024.0,0.002273977500678624
IDN.21.10_1,2024.0,0.002080916576539345
IDN.21.8_1,2024.0,0.001980151441958588
IDN.21.9_1,2024.0,0.0028230385524798756
IDN.21.11_1,2024.0,0.0018602168662212812
IDN.21.12_1,2024.0,0.001442403108905623
IDN.21.13_1,2024.0,3.7763580041789296E-4
IDN.21.14_1,2024.0,8.498949671469766E-4
IDN.21.15_1,2024.0,0.0017371318580121234
IDN.21.17_1,2024.0,0.012632961010376977
IDN.21.16_1,2024.0,0.00948608126907053
IDN.21.18_1,2024.0,0.002190548744266757
IDN.21.19_1,2024.0,0.00309982476899024
IDN.21.20_1,2024.0,0.008421405482464697
IDN.21.21_1,2024.0,0.0037148397607775297
IDN.23.1_1,2024.0,1.0866450767297525E-4
IDN.23.2_1,2024.0,0.005060033236846292
IDN.23.3_1,2024.0,0.001017185672408723
IDN.23.4_1,2024.0,4.657961474282633E-4
IDN.23.5_1,2024.0,5.753556242067227E-4
IDN.23.6_1,2024.0,0.0025087302235960343
IDN.23.7_1,2024.0,0.002407715350312779
IDN.23.8_1,2024.0,0.0019132297799221328
IDN.23.9_1,2024.0,0.0017345547226140184
IDN.23.10_1,2024.0,9.89198675652048E-4
IDN.23.12_1,2024.0,9.450837609206662E-4
IDN.23.13_1,2024.0,4.5266326836462426E-4
IDN.23.14_1,2024.0,0.0021437324346002856
IDN.23.15_1,2024.0,8.709014487920546E-5
IDN.23.16_1,2024.0,0.0017140714638050165
IDN.23.17_1,2024.0,9.491887399177594E-4
IDN.23.18_1,2024.0,0.0012405775610225668
IDN.23.19_1,2024.0,6.197431430244487E-4
IDN.23.20_1,2024.0,8.154832814703799E-4
IDN.23.21_1,2024.0,0.0027804478736842
IDN.23.23_1,2024.0,0.0011655017846074402
IDN.23.22_1,2024.0,0.001709015797537935
IDN.23.24_1,2024.0,0.001233322739804979
IDN.23.25_1,2024.0,7.503139727750463E-4
IDN.23.26_1,2024.0,0.0021894704992907396
IDN.23.27_1,2024.0,5.239273644370503E-4
IDN.23.28_1,2024.0,0.0016734337757658409
IDN.23.29_1,2024.0,0.0023403070088541364
IDN.22.1_1,2024.0,0.0023924781422416295
IDN.22.2_1,2024.0,4.745569520383266E-4
IDN.22.4_1,2024.0,0.0028283918332359308
IDN.22.5_1,2024.0,0.0019819224928271555
IDN.22.6_1,2024.0,2.5283087002305203E-4
IDN.22.8_1,2024.0,0.004659874221833556
IDN.22.7_1,2024.0,8.596774531684759E-4
IDN.22.9_1,2024.0,8.83010648337827E-4
IDN.22.10_1,2024.0,0.002075339723058251
IDN.22.11_1,2024.0,0.0025385108141318742
IDN.24.1_1,2024.0,0.011181841406536287
IDN.24.3_1,2024.0,0.014552030619412997
IDN.24.4_1,2024.0,0.015823172060176964
IDN.24.5_1,2024.0,0.02470957287890826
IDN.24.6_1,2024.0,0.0061508677754445054
IDN.24.7_1,2024.0,0.02677218680786289
IDN.24.9_1,2024.0,0.016841712823855937
IDN.24.10_1,2024.0,0.014750093975207946
IDN.24.11_1,2024.0,0.01701828277290412
IDN.24.12_1,2024.0,0.014141066853772977
IDN.25.1_1,2024.0,0.006957429030145871
IDN.25.2_1,2024.0,0.004772978224267048
IDN.25.4_1,2024.0,0.008082222403301873
IDN.25.3_1,2024.0,0.009922743455310449
IDN.25.5_1,2024.0,0.006773544925046103
IDN.26.1_1,2024.0,0.002858759996330338
IDN.26.2_1,2024.0,0.0028964753772512952
IDN.26.3_1,2024.0,0.0054093135692952175
IDN.26.4_1,2024.0,0.0010836052184602417
IDN.26.5_1,2024.0,0.003379940087274764
IDN.26.6_1,2024.0,0.0027188528394068894
IDN.26.7_1,2024.0,2.995940940605033E-4
IDN.26.8_1,2024.0,0.002993996309737256
IDN.26.11_1,2024.0,0.00627079404442448
IDN.26.9_1,2024.0,0.006491717770142629
IDN.26.10_1,2024.0,0.004610092219977293
IDN.26.13_1,2024.0,0.0038124973222647346
IDN.26.15_1,2024.0,0.001399715773833784
IDN.26.17_1,2024.0,0.0016746937554822324
IDN.26.18_1,2024.0,0.005237288529315183
IDN.26.19_1,2024.0,3.3023953460557185E-4
IDN.26.20_1,2024.0,0.005267333483688208
IDN.26.21_1,2024.0,0.0019248816319168784
IDN.26.22_1,2024.0,0.0011608691272308907
IDN.26.23_1,2024.0,0.001304037633509905
IDN.26.24_1,2024.0,0.005307149555518053
IDN.27.2_1,2024.0,0.006090753440912778
IDN.27.1_1,2024.0,0.011466860336109915
IDN.27.3_1,2024.0,0.008404672926246581
IDN.27.4_1,2024.0,0.0073439611064677396
IDN.27.5_1,2024.0,0.009270936967926148
IDN.27.7_1,2024.0,0.00687214371568644
IDN.27.8_1,2024.0,0.007676464236230928
IDN.27.9_1,2024.0,0.004952407412911044
IDN.27.10_1,2024.0,0.004903255647208652
IDN.27.11_1,2024.0,0.007185872925524412
IDN.28.2_1,2024.0,0.005973705970159602
IDN.28.4_1,2024.0,0.007120215574005299
IDN.28.3_1,2024.0,0.008575904486018929
IDN.28.7_1,2024.0,0.005854024489381412
IDN.28.6_1,2024.0,0.0055289914880169815
IDN.28.10_1,2024.0,0.006440474333302731
IDN.28.8_1,2024.0,0.012993574268547468
IDN.28.9_1,2024.0,0.006831362676216669
IDN.28.11_1,2024.0,0.011364233492808688
IDN.28.12_1,2024.0,0.0027289980631225357
IDN.29.5_1,2024.0,0.003828842132828431
IDN.29.2_1,2024.0,0.0035720795852799206
IDN.29.3_1,2024.0,0.004480964301304106
IDN.29.4_1,2024.0,0.004494680053026356
IDN.29.6_1,2024.0,3.5185870287832773E-4
IDN.29.7_1,2024.0,0.0026490587451513596
IDN.29.13_1,2024.0,0.001586873031881101
IDN.29.10_1,2024.0,0.003459475903654224
IDN.29.11_1,2024.0,0.004143863968513219
IDN.29.12_1,2024.0,0.003041981526203377
IDN.29.14_1,2024.0,0.05939523866772262
IDN.30.1_1,2024.0,0.005762121573403477
IDN.30.4_1,2024.0,0.023139313763679198
IDN.30.5_1,2024.0,0.004736255656636654
IDN.30.7_1,2024.0,0.01188719246454459
IDN.30.9_1,2024.0,0.0061470319132323785
IDN.30.13_1,2024.0,0.006751681331836381
IDN.30.12_1,2024.0,0.01377447924560636
IDN.30.15_1,2024.0,0.011955509876993863
IDN.30.17_1,2024.0,0.02118655343171328
IDN.30.19_1,2024.0,0.003595293109630987
IDN.30.18_1,2024.0,0.021887714928957826
IDN.30.20_1,2024.0,0.002407362423113669
IDN.31.1_1,2024.0,0.013727312730235055
IDN.31.2_1,2024.0,0.014127608133374318
IDN.31.3_1,2024.0,0.01430822642378344
IDN.31.5_1,2024.0,0.021748954249694277
IDN.31.6_1,2024.0,0.028748147233639075
IDN.31.7_1,2024.0,0.03022281970384152
IDN.31.8_1,2024.0,0.02022731799042387
IDN.31.9_1,2024.0,0.021248643163425843
IDN.31.12_1,2024.0,0.012388035951801608
IDN.31.10_1,2024.0,0.009073837893066254
IDN.31.11_1,2024.0,0.017114619903898336
IDN.32.1_1,2024.0,0.023123010964447174
IDN.32.2_1,2024.0,0.030473602418133527
IDN.32.3_1,2024.0,0.008337291394429968
IDN.32.4_1,2024.0,0.01900710643048975
IDN.32.6_1,2024.0,0.007717646956023001
IDN.32.7_1,2024.0,0.011070872330919669
IDN.32.13_1,2024.0,0.03269181031733238
IDN.32.11_1,2024.0,0.02281587089004279
IDN.32.12_1,2024.0,0.02544548473858833
IDN.32.15_1,2024.0,0.018410876519533877
IDN.32.16_1,2024.0,0.008217970499445604
IDN.32.20_1,2024.0,0.008833711552016257
IDN.32.17_1,2024.0,0.0023364516565007854
IDN.32.18_1,2024.0,0.005967820294197469
IDN.32.19_1,2024.0,0.00761710836944494
IDN.32.22_1,2024.0,0.014528292592038123
IDN.32.21_1,2024.0,0.016212053884181097
IDN.32.24_1,2024.0,0.006209170016166056
IDN.32.26_1,2024.0,0.003977351938345927
IDN.32.27_1,2024.0,0.021137172115882234
IDN.32.29_1,2024.0,0.024351281103589684
IDN.32.30_1,2024.0,0.008359328193859
IDN.32.31_1,2024.0,0.014195854490614862
IDN.32.32_1,2024.0,0.009277676843116306
IDN.32.34_1,2024.0,0.010265602257589363
IDN.33.1_1,2024.0,0.001125922733261664
IDN.33.2_1,2024.0,0.0011736801255504076
IDN.33.4_1,2024.0,2.75252716400245E-4
IDN.33.5_1,2024.0,6.380793073863431E-4
IDN.1.16_1,2024.0,0.010920654658529906
IDN.1.17_1,2024.0,0.014365865133509197
IDN.1.21_1,2024.0,0.0048407444933112834
IDN.1.23_1,2024.0,0.02455011999251528
IDN.2.4_1,2024.0,0.0023063870601756245
IDN.3.7_1,2024.0,0.015395074079861255
IDN.4.1_1,2024.0,0.001154884146885055
IDN.4.2_1,2024.0,3.434384035366821E-4
IDN.4.3_1,2024.0,1.0940067094787955E-4
IDN.5.4_1,2024.0,0.012191308342706758
IDN.6.6_1,2024.0,0.0027536491850938183
IDN.7.3_1,2024.0,2.0492961538327606E-4
IDN.7.4_1,2024.0,1.07189088066765E-4
IDN.7.5_1,2024.0,2.954107933256856E-4
IDN.8.3_1,2024.0,0.005465174334870855
IDN.8.8_1,2024.0,0.004975416541568767
IDN.9.3_1,2024.0,9.845618328591201E-4
IDN.9.10_1,2024.0,1.9839475304229615E-4
IDN.9.15_1,2024.0,9.226352271175148E-5
IDN.9.16_1,2024.0,1.7688016680840197E-4
IDN.9.18_1,2024.0,6.040726340093683E-4
IDN.9.19_1,2024.0,8.057664650740786E-4
IDN.10.17_1,2024.0,0.0030147693019974696
IDN.10.27_1,2024.0,0.004821130951515275
IDN.11.3_1,2024.0,0.0013040994750557042
IDN.11.11_1,2024.0,3.0059981756700723E-4
IDN.11.14_1,2024.0,5.359941061667703E-4
IDN.11.35_1,2024.0,8.500806057915658E-4
IDN.12.5_1,2024.0,0.007659665621696899
IDN.12.13_1,2024.0,0.027441285110588215
IDN.13.2_1,2024.0,0.01180465845217025
IDN.13.4_1,2024.0,0.0014270930953115032
IDN.14.11_1,2024.0,0.007683339057759241
IDN.34.1_1,2024.0,0.013375000225094547
IDN.34.3_1,2024.0,0.015895748471553367
IDN.34.12_1,2024.0,0.016635029234592678
IDN.16.1_1,2024.0,0.005187407497135017
IDN.16.7_1,2024.0,0.005073430802808388
IDN.17.1_1,2024.0,0.0023071535037196634
IDN.17.8_1,2024.0,8.9711292296654E-4
IDN.19.1_1,2024.0,0.004450554592660896
IDN.19.11_1,2024.0,0.005941324290456913
IDN.18.8_1,2024.0,6.603879907238979E-4
IDN.18.9_1,2024.0,0.0013310997979707325
IDN.20.3_1,2024.0,0.007036849996314396
IDN.21.5_1,2024.0,0.002068885204756003
IDN.23.11_1,2024.0,0.003923396952358528
IDN.22.3_1,2024.0,0.002589740900585004
IDN.24.2_1,2024.0,0.020076973086551247
IDN.24.8_1,2024.0,0.017708685193298875
IDN.26.12_1,2024.0,6.37689553905095E-4
IDN.26.14_1,2024.0,0.0034205099785004993
IDN.26.16_1,2024.0,0.0056750186985789
IDN.27.6_1,2024.0,0.005442738794786572
IDN.28.1_1,2024.0,0.010716037043816837
IDN.28.5_1,2024.0,0.022463429573126973
IDN.29.1_1,2024.0,0.002067620304129778
IDN.29.8_1,2024.0,0.005078605336842113
IDN.29.9_1,2024.0,0.0015721763920917143
IDN.29.15_1,2024.0,0.0010820056884857884
IDN.30.2_1,2024.0,8.374076855778518E-4
IDN.30.6_1,2024.0,0.006060294434285753
IDN.30.10_1,2024.0,0.004894638574087704
IDN.30.8_1,2024.0,4.7081066210749643E-4
IDN.30.11_1,2024.0,0.0038084120803428597
IDN.30.14_1,2024.0,7.915554996810496E-4
IDN.30.16_1,2024.0,0.005432305469588729
IDN.31.4_1,2024.0,0.030936455997884443
IDN.31.13_1,2024.0,0.004853831349265231
IDN.31.14_1,2024.0,0.009866787604396314
IDN.31.15_1,2024.0,0.015931982480509782
IDN.32.5_1,2024.0,0.002896716362323942
IDN.32.8_1,2024.0,0.005493780075797113
IDN.32.9_1,2024.0,0.0015767949228595183
IDN.32.10_1,2024.0,0.024632016161158624
IDN.32.23_1,2024.0,0.0035194580751640794
IDN.32.25_1,2024.0,0.007453172950529988
IDN.32.28_1,2024.0,0.006493837221146993
IDN.32.33_1,2024.0,0.0014942675793744183
IDN.35.4,2024.0,0.008045216245089873
IDN.35.8,2024.0,0.0016186530752506573
IDN.35.9,2024.0,0.005338204885936342
IDN.35.13,2024.0,0.011375678730976271
IDN.35.14,2024.0,0.00925966583345662
IDN.9.27_1,2024.0,8.438161663968119E-4
IDN.32.14_1,2024.0,0.0018991908103214122
IDN.7.6_1,2024.0,0.0
IDN.1.12_1,2024.0,0.0
IDN.4.7_1,2024.0,0.0
IDN.7.1_1,2024.0,0.0
IDN.7.2_1,2024.0,0.0
IDN.9.8_1,2024.0,0.0
IDN.9.14_1,2024.0,0.0
IDN.9.17_1,2024.0,0.0
IDN.10.15_1,2024.0,0.0
IDN.10.16_1,2024.0,0.0
IDN.10.18_1,2024.0,0.0
IDN.10.31_1,2024.0,0.0
IDN.11.12_1,2024.0,0.0
IDN.11.13_1,2024.0,0.0
IDN.11.15_1,2024.0,0.0
IDN.11.16_1,2024.0,0.0
IDN.11.17_1,2024.0,0.0
IDN.20.8_1,2024.0,0.0
IDN.33.3_1,2024.0,0.0
IDN.10.34_1,2024.0,0.0
IDN.30.3_1,2024.0,0.0
IDN.1.2_1,2025.0,0.02410149175690689
IDN.1.1_1,2025.0,0.009649348781790544
IDN.1.3_1,2025.0,0.013029463912303571
IDN.1.4_1,2025.0,0.014589934793539717
IDN.1.5_1,2025.0,0.012158398741105728
IDN.1.6_1,2025.0,0.01607266586257285
IDN.1.7_1,2025.0,0.015049871118182404
IDN.1.8_1,2025.0,0.016939070904705936
IDN.1.9_1,2025.0,0.004195758543198292
IDN.1.10_1,2025.0,0.024013801374587234
IDN.1.11_1,2025.0,0.03130415846255749
IDN.1.13_1,2025.0,0.0293391026480644
IDN.1.14_1,2025.0,0.04078094428777738
IDN.1.15_1,2025.0,0.008521508830738588
IDN.1.18_1,2025.0,0.025120461211517193
IDN.1.20_1,2025.0,0.009270441259961732
IDN.1.19_1,2025.0,0.015775623615582355
IDN.1.22_1,2025.0,0.01054617146936405
IDN.2.1_1,2025.0,0.004589817664536277
IDN.2.2_1,2025.0,0.0014067859303441518
IDN.2.3_1,2025.0,0.0016938021087911214
IDN.2.5_1,2025.0,0.001711168603257835
IDN.2.6_1,2025.0,0.0016599516731689219
IDN.2.7_1,2025.0,8.202650407313295E-4
IDN.2.8_1,2025.0,8.52531281149586E-4
IDN.2.9_1,2025.0,7.127382019239846E-4
IDN.3.4_1,2025.0,0.03493267297117057
IDN.3.1_1,2025.0,0.037733626016871975
IDN.3.2_1,2025.0,0.031071335509568816
IDN.3.3_1,2025.0,0.029186672721006078
IDN.3.6_1,2025.0,0.020154433632986364
IDN.3.5_1,2025.0,0.027089065411153464
IDN.4.4_1,2025.0,0.008190131020465516
IDN.4.5_1,2025.0,0.0052198925040032405
IDN.4.6_1,2025.0,0.0011192304083929123
IDN.4.8_1,2025.0,4.710436158087202E-4
IDN.5.1_1,2025.0,0.02177066074568204
IDN.5.2_1,2025.0,0.028711799154983238
IDN.5.3_1,2025.0,0.027558122525370363
IDN.5.5_1,2025.0,0.017072699505314846
IDN.5.6_1,2025.0,0.011514114765448547
IDN.5.7_1,2025.0,0.017812363623628955
IDN.5.8_1,2025.0,0.02118161142304064
IDN.5.9_1,2025.0,0.018956382755968722
IDN.5.10_1,2025.0,0.022158312424449843
IDN.6.1_1,2025.0,0.0040826022835555005
IDN.6.2_1,2025.0,0.004434789489771759
IDN.6.3_1,2025.0,0.0020226881628883165
IDN.6.5_1,2025.0,0.006063454284218082
IDN.6.4_1,2025.0,0.010220273755090959
IDN.6.7_1,2025.0,0.009680969527634833
IDN.8.1_1,2025.0,0.022117634834735708
IDN.8.2_1,2025.0,0.02779037112953488
IDN.8.4_1,2025.0,0.016164571766333884
IDN.8.5_1,2025.0,0.025701923599344582
IDN.8.6_1,2025.0,0.019948578627139158
IDN.8.7_1,2025.0,0.027188156688851065
IDN.8.9_1,2025.0,0.024230985565249573
IDN.8.10_1,2025.0,0.019363858005427382
IDN.8.11_1,2025.0,0.021018031200344234
IDN.9.2_1,2025.0,0.002279367466208785
IDN.9.1_1,2025.0,0.0012361455190024948
IDN.9.4_1,2025.0,2.5296199131679564E-4
IDN.9.5_1,2025.0,0.0030304891554875308
IDN.9.6_1,2025.0,0.002124848910664359
IDN.9.7_1,2025.0,0.0023181931192242803
IDN.9.9_1,2025.0,1.9689902300896233E-4
IDN.9.11_1,2025.0,0.001991283306408073
IDN.9.12_1,2025.0,5.442889708783043E-4
IDN.9.13_1,2025.0,0.0014548213513102242
IDN.9.20_1,2025.0,0.001725355840546067
IDN.9.21_1,2025.0,0.0011048874325511233
IDN.9.22_1,2025.0,0.0027108909340476436
IDN.9.23_1,2025.0,0.002029610503966608
IDN.9.24_1,2025.0,0.0034745720697558265
IDN.9.25_1,2025.0,0.005133275616158176
IDN.9.26_1,2025.0,0.0019267764166948401
IDN.10.1_1,2025.0,6.286701819012612E-4
IDN.10.2_1,2025.0,8.732139840551071E-4
IDN.10.3_1,2025.0,0.0039060103091640946
IDN.10.4_1,2025.0,0.00792800388788374
IDN.10.5_1,2025.0,0.0017006779134097715
IDN.10.6_1,2025.0,0.001569187929356683
IDN.10.7_1,2025.0,0.0016304477269001815
IDN.10.8_1,2025.0,4.046339106734326E-4
IDN.10.9_1,2025.0,0.0030370386060213366
IDN.10.10_1,2025.0,0.0032074264178757294
IDN.10.11_1,2025.0,0.0017905028037744541
IDN.10.12_1,2025.0,4.5272200486919025E-4
IDN.10.13_1,2025.0,0.0015798062991646664
IDN.10.14_1,2025.0,5.961666226981607E-4
IDN.10.19_1,2025.0,6.339794528182265E-4
IDN.10.20_1,2025.0,3.311538126756861E-4
IDN.10.21_1,2025.0,0.0030657657116912535
IDN.10.22_1,2025.0,0.0025150813637619725
IDN.10.23_1,2025.0,0.0012098800891591202
IDN.10.24_1,2025.0,5.503008023313762E-4
IDN.10.25_1,2025.0,4.243377534266933E-4
IDN.10.26_1,2025.0,0.002345192841423815
IDN.10.28_1,2025.0,0.0018397687454968523
IDN.10.29_1,2025.0,2.080970490548227E-4
IDN.10.32_1,2025.0,0.0016614073964054854
IDN.10.33_1,2025.0,3.596680907604828E-4
IDN.10.35_1,2025.0,2.804979038922745E-4
IDN.10.36_1,2025.0,7.601087998870426E-4
IDN.11.1_1,2025.0,3.964659515429508E-4
IDN.11.2_1,2025.0,0.0047147611993992936
IDN.11.4_1,2025.0,0.0038650946606991455
IDN.11.5_1,2025.0,0.006217598343317817
IDN.11.6_1,2025.0,0.0020706941995290973
IDN.11.7_1,2025.0,0.0012100564220512934
IDN.11.8_1,2025.0,0.0024129124605827873
IDN.11.9_1,2025.0,9.7987155862011E-4
IDN.11.10_1,2025.0,0.002250321344062113
IDN.11.18_1,2025.0,7.424891521821794E-4
IDN.11.19_1,2025.0,0.0037042638620729163
IDN.11.20_1,2025.0,0.0020027366699735516
IDN.11.21_1,2025.0,1.2631306420523317E-4
IDN.11.22_1,2025.0,0.0024833978540777265
IDN.11.23_1,2025.0,9.196894266118239E-4
IDN.11.24_1,2025.0,0.0024817570059701083
IDN.11.25_1,2025.0,0.004250627864539522
IDN.11.26_1,2025.0,0.0012652209514250245
IDN.11.27_1,2025.0,2.241569719997175E-4
IDN.11.28_1,2025.0,0.0010151382950071407
IDN.11.29_1,2025.0,6.831158393868703E-4
IDN.11.30_1,2025.0,0.0023988666997519044
IDN.11.31_1,2025.0,4.6432749326373737E-4
IDN.11.32_1,2025.0,2.708311800530964E-4
IDN.11.33_1,2025.0,5.963518771478789E-4
IDN.11.34_1,2025.0,1.27783913572114E-4
IDN.11.36_1,2025.0,0.0010547541982733248
IDN.11.37_1,2025.0,0.0014435141353788703
IDN.11.38_1,2025.0,0.0022219669087515837
IDN.12.1_1,2025.0,0.019974581984389173
IDN.12.2_1,2025.0,0.006182122026652036
IDN.12.3_1,2025.0,0.012333450119132706
IDN.12.4_1,2025.0,0.01355184636627972
IDN.12.6_1,2025.0,0.012495181142594673
IDN.12.7_1,2025.0,0.021882512070638044
IDN.12.8_1,2025.0,0.017266112294930795
IDN.12.9_1,2025.0,0.02375519633438928
IDN.12.10_1,2025.0,0.025076577913402544
IDN.12.11_1,2025.0,0.0267297978799898
IDN.12.12_1,2025.0,0.03130760236458191
IDN.12.14_1,2025.0,0.012176168550029448
IDN.13.1_1,2025.0,0.010891637763687088
IDN.13.3_1,2025.0,0.009921855161500953
IDN.13.5_1,2025.0,0.009807917912724194
IDN.13.6_1,2025.0,0.011156564170303316
IDN.13.7_1,2025.0,0.007673705964402538
IDN.13.8_1,2025.0,0.004552602856999598
IDN.13.9_1,2025.0,0.019851573650697334
IDN.13.10_1,2025.0,0.007038344180686356
IDN.13.11_1,2025.0,0.014323179884968423
IDN.13.12_1,2025.0,0.018475498715350352
IDN.13.13_1,2025.0,0.013259347951279797
IDN.14.1_1,2025.0,0.008443001834173002
IDN.14.2_1,2025.0,0.010074118368281279
IDN.14.3_1,2025.0,0.010486674846704373
IDN.14.4_1,2025.0,0.011936646913333647
IDN.14.5_1,2025.0,0.013639134505744716
IDN.14.6_1,2025.0,0.008852501163229323
IDN.14.7_1,2025.0,0.010730516319074035
IDN.14.8_1,2025.0,0.015564962008287477
IDN.14.9_1,2025.0,0.015247133135581518
IDN.14.10_1,2025.0,0.003866591087893007
IDN.14.12_1,2025.0,0.009002524456858847
IDN.14.13_1,2025.0,0.013371545235990616
IDN.14.14_1,2025.0,0.012717485781956141
IDN.34.2_1,2025.0,0.01568984641472046
IDN.34.5_1,2025.0,0.008225959809440839
IDN.34.6_1,2025.0,0.01572324598102687
IDN.34.7_1,2025.0,0.01751229312706484
IDN.34.10_1,2025.0,0.012888374637061165
IDN.34.11_1,2025.0,0.008780772889075274
IDN.16.2_1,2025.0,0.010301785921772635
IDN.16.3_1,2025.0,0.012634950724086554
IDN.16.4_1,2025.0,0.003570975513710259
IDN.16.5_1,2025.0,0.01097853833776601
IDN.16.6_1,2025.0,0.004254882950518229
IDN.17.2_1,2025.0,0.005783854013251483
IDN.17.3_1,2025.0,0.010298513702254099
IDN.17.4_1,2025.0,0.00556839375714958
IDN.17.5_1,2025.0,0.006675420300328844
IDN.17.6_1,2025.0,0.010653477775509209
IDN.17.7_1,2025.0,0.034558159298044185
IDN.17.9_1,2025.0,0.008709061759478014
IDN.17.10_1,2025.0,0.008400530073929801
IDN.17.11_1,2025.0,0.006395161411921447
IDN.17.12_1,2025.0,0.01746442276153993
IDN.17.13_1,2025.0,0.0171754607601996
IDN.17.14_1,2025.0,0.021527322388081
IDN.19.3_1,2025.0,0.0019899193327968605
IDN.19.2_1,2025.0,0.003055654593575273
IDN.19.4_1,2025.0,5.7288219373442E-4
IDN.19.5_1,2025.0,0.0015971339154345417
IDN.19.6_1,2025.0,0.001610984610045446
IDN.19.8_1,2025.0,0.0016406345026938477
IDN.19.7_1,2025.0,0.0025630008089999896
IDN.19.9_1,2025.0,0.0020392961664409295
IDN.19.10_1,2025.0,0.0015612024154022625
IDN.18.1_1,2025.0,0.002517439759274202
IDN.18.2_1,2025.0,0.003647967697464455
IDN.18.3_1,2025.0,0.00984429506786597
IDN.18.4_1,2025.0,0.004073797901794087
IDN.18.5_1,2025.0,0.003965204607535925
IDN.18.6_1,2025.0,0.006786043842615476
IDN.18.7_1,2025.0,0.0036561453870936596
IDN.20.1_1,2025.0,0.0048930126924873986
IDN.20.2_1,2025.0,0.007214781059475098
IDN.20.4_1,2025.0,0.0026438896420770282
IDN.20.5_1,2025.0,9.027288507899689E-4
IDN.20.6_1,2025.0,0.0012884418715271287
IDN.20.7_1,2025.0,0.002234791822713256
IDN.20.10_1,2025.0,0.002706116053073065
IDN.20.9_1,2025.0,0.00132445822956752
IDN.21.1_1,2025.0,0.005885140097841117
IDN.21.2_1,2025.0,0.004075596102740845
IDN.21.3_1,2025.0,0.0014401902055499432
IDN.21.4_1,2025.0,0.01287723689329067
IDN.21.6_1,2025.0,0.004835136875798198
IDN.21.7_1,2025.0,0.0013029581119130059
IDN.21.10_1,2025.0,0.0017283451041702179
IDN.21.8_1,2025.0,0.0015478363537510564
IDN.21.9_1,2025.0,0.002664968039997875
IDN.21.11_1,2025.0,9.19836016926267E-4
IDN.21.12_1,2025.0,5.407100034317933E-4
IDN.21.13_1,2025.0,0.003182930317807955
IDN.21.14_1,2025.0,1.9122636760806973E-4
IDN.21.15_1,2025.0,0.0016489667062466753
IDN.21.17_1,2025.0,0.006105035922295824
IDN.21.16_1,2025.0,0.006344652040415633
IDN.21.18_1,2025.0,0.0010947656618798378
IDN.21.19_1,2025.0,0.0016740429407106907
IDN.21.20_1,2025.0,0.011068955082878602
IDN.21.21_1,2025.0,0.005878993985528366
IDN.23.1_1,2025.0,5.894694472866735E-4
IDN.23.2_1,2025.0,0.005310002199817483
IDN.23.3_1,2025.0,7.934789934411139E-4
IDN.23.4_1,2025.0,0.0011555707764156781
IDN.23.5_1,2025.0,9.635645195757514E-4
IDN.23.6_1,2025.0,0.0020699279717178803
IDN.23.7_1,2025.0,0.0011646859962875925
IDN.23.8_1,2025.0,0.002179595988378223
IDN.23.9_1,2025.0,0.001960163731969241
IDN.23.10_1,2025.0,0.001364159346885749
IDN.23.12_1,2025.0,0.0016181107309717988
IDN.23.13_1,2025.0,7.429518399723962E-4
IDN.23.14_1,2025.0,0.0023611534698555568
IDN.23.15_1,2025.0,9.389552862813428E-5
IDN.23.16_1,2025.0,0.005971884877989454
IDN.23.17_1,2025.0,0.002623218844141024
IDN.23.18_1,2025.0,0.006777897755218583
IDN.23.19_1,2025.0,8.835970565994598E-4
IDN.23.20_1,2025.0,0.0011818388000042232
IDN.23.21_1,2025.0,0.003397081635425322
IDN.23.23_1,2025.0,0.0017340014523805332
IDN.23.22_1,2025.0,0.0023488445026581877
IDN.23.24_1,2025.0,9.972080504876406E-4
IDN.23.25_1,2025.0,0.0013196559904813945
IDN.23.26_1,2025.0,0.003712536771957788
IDN.23.27_1,2025.0,8.757652270298743E-4
IDN.23.28_1,2025.0,0.002022539422868346
IDN.23.29_1,2025.0,0.0034037322696457055
IDN.22.1_1,2025.0,0.002702725719479067
IDN.22.2_1,2025.0,3.341576248557238E-4
IDN.22.4_1,2025.0,0.00215895559911027
IDN.22.5_1,2025.0,0.003161886162998125
IDN.22.6_1,2025.0,1.975266717820688E-4
IDN.22.8_1,2025.0,0.009695384554310958
IDN.22.7_1,2025.0,0.0012889557087044667
IDN.22.9_1,2025.0,0.0014644966925874145
IDN.22.10_1,2025.0,0.002235479460073087
IDN.22.11_1,2025.0,0.0014212506028378588
IDN.24.1_1,2025.0,0.012040436500922149
IDN.24.3_1,2025.0,0.01924096630752896
IDN.24.4_1,2025.0,0.013327055586977202
IDN.24.5_1,2025.0,0.02300979497119761
IDN.24.6_1,2025.0,0.005730047099108243
IDN.24.7_1,2025.0,0.0395371744898611
IDN.24.9_1,2025.0,0.011543650388774435
IDN.24.10_1,2025.0,0.015256661044243435
IDN.24.11_1,2025.0,0.022314926108682003
IDN.24.12_1,2025.0,0.013688546171525099
IDN.25.1_1,2025.0,0.0078712790255283
IDN.25.2_1,2025.0,0.006143110027031587
IDN.25.4_1,2025.0,0.011172869473579776
IDN.25.3_1,2025.0,0.01483784522706363
IDN.25.5_1,2025.0,0.010280549896219184
IDN.26.1_1,2025.0,0.002947100111800296
IDN.26.2_1,2025.0,0.0039708779525350546
IDN.26.3_1,2025.0,0.008227592330601547
IDN.26.4_1,2025.0,0.0010261433265666374
IDN.26.5_1,2025.0,0.004813668453724628
IDN.26.6_1,2025.0,0.002473080221296853
IDN.26.7_1,2025.0,5.367727518584016E-4
IDN.26.8_1,2025.0,0.004469034643213331
IDN.26.11_1,2025.0,0.008324948684273662
IDN.26.9_1,2025.0,0.011002485050214622
IDN.26.10_1,2025.0,0.007056420351443897
IDN.26.13_1,2025.0,0.004800484849051256
IDN.26.15_1,2025.0,0.0016575254307258816
IDN.26.17_1,2025.0,0.0028283139402492624
IDN.26.18_1,2025.0,0.01061755750972125
IDN.26.19_1,2025.0,6.14762524201531E-4
IDN.26.20_1,2025.0,0.010657630064394385
IDN.26.21_1,2025.0,0.007252424466672377
IDN.26.22_1,2025.0,0.0014093355152415186
IDN.26.23_1,2025.0,0.0013481273324322167
IDN.26.24_1,2025.0,0.009803553455560396
IDN.27.2_1,2025.0,0.006707394638435628
IDN.27.1_1,2025.0,0.013351503711552668
IDN.27.3_1,2025.0,0.009675917129124224
IDN.27.4_1,2025.0,0.009000737776506163
IDN.27.5_1,2025.0,0.010677074071616726
IDN.27.7_1,2025.0,0.011851860941012699
IDN.27.8_1,2025.0,0.00986143135469901
IDN.27.9_1,2025.0,0.005675972423217518
IDN.27.10_1,2025.0,0.004805958314815152
IDN.27.11_1,2025.0,0.011432642420276492
IDN.28.2_1,2025.0,0.007924944783711273
IDN.28.4_1,2025.0,0.008365410518677816
IDN.28.3_1,2025.0,0.010526609243437436
IDN.28.7_1,2025.0,0.010645387449504313
IDN.28.6_1,2025.0,0.004434099485703832
IDN.28.10_1,2025.0,0.01147500406861365
IDN.28.8_1,2025.0,0.02264016984978652
IDN.28.9_1,2025.0,0.00910496209832427
IDN.28.11_1,2025.0,0.01448488331614256
IDN.28.12_1,2025.0,0.003141434374924387
IDN.29.5_1,2025.0,0.004107282132648475
IDN.29.2_1,2025.0,0.0041646104860360526
IDN.29.3_1,2025.0,0.00631130516457411
IDN.29.4_1,2025.0,0.0031647654399256453
IDN.29.6_1,2025.0,4.732990087700188E-4
IDN.29.7_1,2025.0,0.001949864801263826
IDN.29.13_1,2025.0,0.003240090266146952
IDN.29.10_1,2025.0,0.003640065658195483
IDN.29.11_1,2025.0,0.004624003866673774
IDN.29.12_1,2025.0,0.005297882719849017
IDN.29.14_1,2025.0,3.623171780374117E-4
IDN.30.1_1,2025.0,0.017621463186885223
IDN.30.4_1,2025.0,0.02453645260963556
IDN.30.5_1,2025.0,0.003982455643238763
IDN.30.7_1,2025.0,0.02848250419802096
IDN.30.9_1,2025.0,0.009280298713297929
IDN.30.13_1,2025.0,0.01418636766621596
IDN.30.12_1,2025.0,0.025188557640477817
IDN.30.15_1,2025.0,0.01872972069557967
IDN.30.17_1,2025.0,0.029025065074389497
IDN.30.19_1,2025.0,0.011908355994229318
IDN.30.18_1,2025.0,0.018117378870768436
IDN.30.20_1,2025.0,0.010633661190768232
IDN.31.1_1,2025.0,0.014677894832197598
IDN.31.2_1,2025.0,0.023222504954298888
IDN.31.3_1,2025.0,0.01877148422758531
IDN.31.5_1,2025.0,0.024770983899974567
IDN.31.6_1,2025.0,0.02543350458786561
IDN.31.7_1,2025.0,0.028543809272390874
IDN.31.8_1,2025.0,0.02450104020600422
IDN.31.9_1,2025.0,0.02407551597363384
IDN.31.12_1,2025.0,0.01887977055391158
IDN.31.10_1,2025.0,0.013523052843655221
IDN.31.11_1,2025.0,0.019437406271655168
IDN.32.1_1,2025.0,0.016608416496686332
IDN.32.2_1,2025.0,0.016699602480336764
IDN.32.3_1,2025.0,0.011355948359574205
IDN.32.4_1,2025.0,0.014111862156371642
IDN.32.6_1,2025.0,0.012813542147364864
IDN.32.7_1,2025.0,0.01793990574407733
IDN.32.13_1,2025.0,0.024480859851151508
IDN.32.11_1,2025.0,0.02827539517879275
IDN.32.12_1,2025.0,0.02236632471061563
IDN.32.15_1,2025.0,0.01476236342922325
IDN.32.16_1,2025.0,0.012482163543432487
IDN.32.20_1,2025.0,0.022721996292724957
IDN.32.17_1,2025.0,0.009830620958312525
IDN.32.18_1,2025.0,0.009464547306272317
IDN.32.19_1,2025.0,0.013117195386085653
IDN.32.22_1,2025.0,0.03788028051787545
IDN.32.21_1,2025.0,0.043247822314103714
IDN.32.24_1,2025.0,0.008838090479388468
IDN.32.26_1,2025.0,0.008431345151462162
IDN.32.27_1,2025.0,0.01720811617091738
IDN.32.29_1,2025.0,0.020703824738303567
IDN.32.30_1,2025.0,0.014003240169712775
IDN.32.31_1,2025.0,0.02462611821574965
IDN.32.32_1,2025.0,0.020489707668555263
IDN.32.34_1,2025.0,0.021144131123155364
IDN.33.1_1,2025.0,2.247343276320349E-4
IDN.33.2_1,2025.0,1.5941228083694538E-4
IDN.33.4_1,2025.0,1.2042306342510719E-4
IDN.33.5_1,2025.0,7.195019353661544E-4
IDN.1.12_1,2025.0,1.9894256177166537E-4
IDN.1.16_1,2025.0,0.0039008438377129387
IDN.1.17_1,2025.0,0.014706483613746128
IDN.1.21_1,2025.0,0.005975238682970014
IDN.1.23_1,2025.0,0.01629374020660339
IDN.2.4_1,2025.0,0.0019931469324864183
IDN.3.7_1,2025.0,0.012921672404612972
IDN.4.1_1,2025.0,6.0783376151845E-4
IDN.4.2_1,2025.0,0.0010303152106100463
IDN.4.3_1,2025.0,1.175520934890941E-4
IDN.5.4_1,2025.0,0.013698230036801215
IDN.6.6_1,2025.0,0.0016545892053352398
IDN.7.1_1,2025.0,6.715684948564375E-5
IDN.7.5_1,2025.0,7.38526983314214E-5
IDN.8.3_1,2025.0,0.00685515811839338
IDN.8.8_1,2025.0,0.007159694696859099
IDN.9.3_1,2025.0,0.0012117684096727632
IDN.9.8_1,2025.0,2.4189351997262287E-4
IDN.9.15_1,2025.0,3.690540908470059E-4
IDN.9.16_1,2025.0,1.7688016680840197E-4
IDN.9.18_1,2025.0,2.0135754466978943E-4
IDN.9.19_1,2025.0,0.0013412588452618715
IDN.10.17_1,2025.0,9.408306591254035E-4
IDN.10.27_1,2025.0,0.0015132388401362426
IDN.11.3_1,2025.0,1.4457211375051924E-4
IDN.11.11_1,2025.0,5.770134429159795E-4
IDN.11.12_1,2025.0,4.3228447369789125E-4
IDN.11.14_1,2025.0,5.016624575364803E-4
IDN.11.16_1,2025.0,2.5919902419190894E-4
IDN.11.35_1,2025.0,4.7035416131241707E-4
IDN.12.5_1,2025.0,0.008406879706826654
IDN.12.13_1,2025.0,0.03122687080823892
IDN.13.2_1,2025.0,0.01029318431440258
IDN.13.4_1,2025.0,3.892072078122281E-4
IDN.14.11_1,2025.0,0.0073422065221247475
IDN.34.1_1,2025.0,0.009792199765572846
IDN.34.3_1,2025.0,0.0074219713795971864
IDN.34.12_1,2025.0,0.009753225800068053
IDN.16.1_1,2025.0,0.008808446864876855
IDN.16.7_1,2025.0,0.00996909157046816
IDN.17.1_1,2025.0,0.00247579148643759
IDN.17.8_1,2025.0,0.001427497259514611
IDN.19.1_1,2025.0,0.002063522975724912
IDN.19.11_1,2025.0,0.0037746559989921265
IDN.18.8_1,2025.0,0.0011793512034859145
IDN.18.9_1,2025.0,0.0013929655967514917
IDN.20.3_1,2025.0,0.004615875091156947
IDN.20.8_1,2025.0,1.640413615818991E-4
IDN.21.5_1,2025.0,0.001933760295289692
IDN.23.11_1,2025.0,0.0050585953836193125
IDN.22.3_1,2025.0,0.0025254953797972245
IDN.24.2_1,2025.0,0.01692142797554683
IDN.24.8_1,2025.0,0.020521083193663373
IDN.26.12_1,2025.0,0.0011648340705286476
IDN.26.14_1,2025.0,0.009220670995197045
IDN.26.16_1,2025.0,0.005471115147629725
IDN.27.6_1,2025.0,0.0072855336522916455
IDN.28.1_1,2025.0,0.012365531773317074
IDN.28.5_1,2025.0,0.02134958595584456
IDN.29.1_1,2025.0,0.0023163755502858346
IDN.29.8_1,2025.0,0.010481736938394609
IDN.29.9_1,2025.0,0.0030005107712213186
IDN.29.15_1,2025.0,0.0031640710464029267
IDN.30.2_1,2025.0,0.0033235635770015913
IDN.30.6_1,2025.0,0.02686736959826207
IDN.30.10_1,2025.0,0.006776042716472526
IDN.30.8_1,2025.0,0.001814928944516349
IDN.30.11_1,2025.0,0.003969112135183994
IDN.30.14_1,2025.0,0.00860053505012926
IDN.30.16_1,2025.0,0.014547521564939438
IDN.31.4_1,2025.0,0.040785396508576426
IDN.31.13_1,2025.0,0.011620216747790867
IDN.31.14_1,2025.0,0.008657712425683289
IDN.31.15_1,2025.0,0.03243387631919322
IDN.32.5_1,2025.0,0.004834326395497208
IDN.32.8_1,2025.0,0.007148039452244381
IDN.32.9_1,2025.0,0.0011512133805731627
IDN.32.10_1,2025.0,0.00962416678294127
IDN.32.23_1,2025.0,0.014168623447189471
IDN.32.25_1,2025.0,0.004958442344314519
IDN.32.28_1,2025.0,0.009047716061060264
IDN.32.33_1,2025.0,0.006417537427496276
IDN.35.4,2025.0,0.0066635007216890715
IDN.35.8,2025.0,0.001632837205443567
IDN.35.9,2025.0,0.008031374660319588
IDN.35.13,2025.0,0.01750169224415632
IDN.35.14,2025.0,0.005892529351251433
IDN.9.27_1,2025.0,0.0011147091792253086
IDN.30.3_1,2025.0,0.0027791203479941994
IDN.32.14_1,2025.0,0.0075277982118605695
IDN.7.6_1,2025.0,0.0
IDN.10.30_1,2025.0,0.0
IDN.4.7_1,2025.0,0.0
IDN.7.2_1,2025.0,0.0
IDN.7.3_1,2025.0,0.0
IDN.7.4_1,2025.0,0.0
IDN.9.10_1,2025.0,0.0
IDN.9.14_1,2025.0,0.0
IDN.9.17_1,2025.0,0.0
IDN.10.15_1,2025.0,0.0
IDN.10.16_1,2025.0,0.0
IDN.10.18_1,2025.0,0.0
IDN.10.31_1,2025.0,0.0
IDN.11.13_1,2025.0,0.0
IDN.11.15_1,2025.0,0.0
IDN.11.17_1,2025.0,0.0
IDN.33.3_1,2025.0,0.0
IDN.10.34_1,2025.0,0.0
