GID_2,tahun,hutan,semak_savana,lahan_basah,pertanian,perkotaan
IDN.1.10_1,2011.0,0.6069473836008651,0.2581303674630307,0.047023026383810014,0.06830470656415301,9.621672804506351E-4
IDN.1.10_1,2012.0,0.5897795933867769,0.278330486030234,0.04720643334065166,0.06513482299340657,9.621672804506351E-4
IDN.1.10_1,2013.0,0.5731158126825192,0.2977748600488045,0.048369449219918106,0.06134027690494652,9.621672804506351E-4
IDN.1.10_1,2014.0,0.56072613331564,0.31174165943377985,0.047534947566288614,0.060597658540479854,9.621672804506351E-4
IDN.1.10_1,2015.0,0.5505934383823651,0.32646168601699993,0.047019430168969985,0.05646650674299277,9.621672804506351E-4
IDN.1.10_1,2016.0,0.5412218823199829,0.33559589189993994,0.04737797278852121,0.056345314302883684,9.621672804506351E-4
IDN.1.10_1,2017.0,0.5475042898347774,0.32973891660072135,0.04845647761904689,0.05474967377836136,9.621672804506351E-4
IDN.1.10_1,2018.0,0.5489746022721247,0.3283457429716929,0.047576304036948985,0.05555270855214056,9.621672804506351E-4
IDN.1.10_1,2019.0,0.5442878352818526,0.33220771808840355,0.04775971099379064,0.05619409346886032,9.621672804506351E-4
IDN.1.10_1,2020.0,0.5409219580023246,0.3324508222115897,0.04829968265202148,0.05879703377007568,0.0010080190196610466
IDN.1.10_1,2021.0,0.5373802258171186,0.329250370814703,0.0490378057479381,0.06476872832269126,0.0010080190196610466
IDN.1.10_1,2022.0,0.545007258060601,0.3155241582025258,0.049659231672295676,0.07031804744234507,0.0010080190196610466
IDN.1.10_1,2023.0,0.5562292464689218,0.3064985580077548,0.049702566061118066,0.06803247310076256,0.0010080190196610466
IDN.1.11_1,2011.0,0.38079518708050425,0.3550690755740518,0.01611229473588729,0.21673867400669983,0.006088498658658569
IDN.1.11_1,2012.0,0.3424630217742563,0.39064260926812366,0.01556229615767681,0.2203896135216141,0.006088498658658569
IDN.1.11_1,2013.0,0.31836206967920444,0.4201348432378067,0.01624763470015898,0.21458835234031937,0.006088498658658567
IDN.1.11_1,2014.0,0.30192618284789086,0.4399689869911655,0.016282189584653876,0.21107203289624984,0.006088498658658567
IDN.1.11_1,2015.0,0.2939227676734733,0.44491033547393605,0.016862063740083907,0.21364493200426593,0.006088498658658567
IDN.1.11_1,2016.0,0.2826110822553826,0.4559934547289615,0.016884740383033687,0.21358698058339426,0.006088498658658567
IDN.1.11_1,2017.0,0.29137902424924983,0.44954248972982,0.01766474491116334,0.2101228534127806,0.006088498658658567
IDN.1.11_1,2018.0,0.2850824763901949,0.4554934887439259,0.017655746243326127,0.21066097374944598,0.006088498658658567
IDN.1.11_1,2019.0,0.27250557827419203,0.470591813587916,0.01623719624546781,0.2094663106073775,0.006088498658658567
IDN.1.11_1,2020.0,0.2772442767572686,0.4701919127892303,0.01629442777291249,0.20507028139554204,0.006088498658658567
IDN.1.11_1,2021.0,0.2696314037669861,0.47128579085152206,0.016767397754436426,0.21111630634200898,0.006088498658658569
IDN.1.11_1,2022.0,0.27321935260703983,0.46390904290528795,0.018665396774661468,0.21309889283990383,0.006088498658658569
IDN.1.11_1,2023.0,0.29006017949102786,0.4454013027911344,0.01832776675740922,0.21537627569614576,0.006088498658658567
IDN.1.12_1,2011.0,0.0,0.008616832651167413,0.016902248661905313,0.015328019619865114,0.738197424892704
IDN.1.12_1,2012.0,0.0,0.008616832651167413,0.02535337299285797,0.011102457454388785,0.7424229870581803
IDN.1.12_1,2013.0,0.0,0.008616832651167413,0.029197806021840356,0.011102457454388785,0.7424229870581803
IDN.1.12_1,2014.0,0.0,0.008616832651167413,0.03330737236316635,0.005899216199645383,0.7476262283129238
IDN.1.12_1,2015.0,0.0,0.008616832651167413,0.029197806021840356,0.0016736540341690555,0.7518517904784001
IDN.1.12_1,2016.0,0.0,0.008616832651167413,0.029197806021840356,0.0016736540341690555,0.7518517904784001
IDN.1.12_1,2017.0,0.0,0.008616832651167413,0.03330737236316635,0.0016736540341690555,0.7518517904784001
IDN.1.12_1,2018.0,0.0,0.008616832651167413,0.03330737236316635,0.001309095729696588,0.7522163487828726
IDN.1.12_1,2019.0,0.0,0.012842394816643742,0.029081810197690024,3.645583044724675E-4,0.7531608862080967
IDN.1.12_1,2020.0,0.0,0.012842394816643742,0.029081810197690024,3.645583044724675E-4,0.7531608862080967
IDN.1.12_1,2021.0,0.0,0.012842394816643742,0.029081810197690024,3.645583044724675E-4,0.7531608862080967
IDN.1.12_1,2022.0,0.0,0.008616832651167413,0.03330737236316635,0.0,0.7535254445125692
IDN.1.12_1,2023.0,0.0,0.012842394816643742,0.029081810197690024,0.0,0.7535254445125692
IDN.1.14_1,2011.0,0.48658312604448656,0.29384751997970315,0.02075021096580975,0.17032910666321027,0.008157344643674609
IDN.1.14_1,2012.0,0.47302395358200544,0.309784952760205,0.019880425130578177,0.16892266793154223,0.008157344643674609
IDN.1.14_1,2013.0,0.45470936357268443,0.33320739731618393,0.02002272363754694,0.16363170057746712,0.008157344643674609
IDN.1.14_1,2014.0,0.43761092940780577,0.3471394139287073,0.020725943003380966,0.16609489876398847,0.008157344643674609
IDN.1.14_1,2015.0,0.4370257405865117,0.35481470859141,0.02191783088539454,0.15753161729423246,0.008157344643674609
IDN.1.14_1,2016.0,0.4313685476176023,0.35561941216376447,0.02150748170250787,0.16293509974684095,0.008157344643674609
IDN.1.14_1,2017.0,0.439197171679287,0.35365646493003644,0.022302257472050474,0.15599335940300807,0.008438632390008216
IDN.1.14_1,2018.0,0.4425913771517126,0.35331671345603344,0.02238443761754794,0.15285672525908803,0.008438632390008216
IDN.1.14_1,2019.0,0.4394591553645977,0.3630680219955985,0.021384487256561998,0.14723758886762373,0.008438632390008216
IDN.1.14_1,2020.0,0.4388458377686703,0.36580092549183973,0.022697163406118832,0.14367240456899544,0.008438632390008216
IDN.1.14_1,2021.0,0.44011880270698,0.35376622230556676,0.022210701068341887,0.15505352740349346,0.008438632390008216
IDN.1.14_1,2022.0,0.44337015812783614,0.33317430464014464,0.02278596208682415,0.1719594725027439,0.008438632390008216
IDN.1.14_1,2023.0,0.4600433514056105,0.322012696556707,0.021561533073371972,0.1678206818194353,0.008438632390008216
IDN.1.15_1,2013.0,0.9015231808242192,0.09103284375442125,4.566856086723697E-5,0.007124295495288967,2.740113652034218E-4
IDN.1.15_1,2015.0,0.9098846465880209,0.08367608632969825,4.566856086723697E-5,0.006119587156209754,2.740113652034218E-4
IDN.1.15_1,2016.0,0.9062311617186427,0.08659887422520142,4.566856086723697E-5,0.0068502841300855455,2.740113652034218E-4
IDN.1.15_1,2017.0,0.9110870729317961,0.08247365998592325,4.566856086723697E-5,0.006119587156209754,2.740113652034218E-4
IDN.1.15_1,2018.0,0.9088799382489424,0.08445245186444128,4.566856086723697E-5,0.006347929960545938,2.740113652034218E-4
IDN.1.15_1,2019.0,0.9131727829704623,0.08043361850812443,1.370056826017109E-4,0.005982581473608043,2.740113652034218E-4
IDN.1.15_1,2020.0,0.9170087629909147,0.07614095287899972,1.8267424346894788E-4,0.006393598521413176,2.740113652034218E-4
IDN.1.15_1,2021.0,0.9198860614179458,0.07285263740416309,4.566856086723697E-5,0.006941621251820019,2.740113652034218E-4
IDN.1.16_1,2011.0,0.08347380721513639,0.3682504164491187,0.20935332289102715,0.10214067278287461,0.0507197732527784
IDN.1.16_1,2012.0,0.06638323263966585,0.3815568981377888,0.21442530021630493,0.10085278834439718,0.05198776758409786
IDN.1.16_1,2013.0,0.061470376171651624,0.3983192859451531,0.21188931155366603,0.09153924566768605,0.05198776758409786
IDN.1.16_1,2014.0,0.053638646478207895,0.4077173615772856,0.2103229656149773,0.09027125133636658,0.053255761915417324
IDN.1.16_1,2015.0,0.0599786181348052,0.41025335023992454,0.20525098828969945,0.08646726834240821,0.053255761915417324
IDN.1.16_1,2016.0,0.04732353745555805,0.4137241739389872,0.20808532855970766,0.09028119638994557,0.05579175057805624
IDN.1.16_1,2017.0,0.02576763382312722,0.43750776957310866,0.2093533228910271,0.08298152706297705,0.05959573357201462
IDN.1.16_1,2018.0,0.016120931851520352,0.44224658760349084,0.20935332289102715,0.08535342234156286,0.06213172223465354
IDN.1.16_1,2019.0,0.012302031277193507,0.44235598319285957,0.20681733422838822,0.08906292732652099,0.06466771089729247
IDN.1.16_1,2020.0,0.012953432286616445,0.42666268864523516,0.2103229656149773,0.1005991894781333,0.06466771089729247
IDN.1.16_1,2021.0,0.021675244275378532,0.41932323910395075,0.2077869769523384,0.09794883269933617,0.06847169389125084
IDN.1.16_1,2022.0,0.048760597697720086,0.3846547823276399,0.20905497128365783,0.10426394172198604,0.06847169389125084
IDN.1.16_1,2023.0,0.047398125357400366,0.3811043981999453,0.21159095994629676,0.10664080952736132,0.06847169389125084
IDN.1.17_1,2011.0,0.0020071522467383775,0.21874425770704056,0.048772386108244865,0.5080074066744878,0.1718518099707408
IDN.1.17_1,2012.0,0.0020071522467383775,0.2567034644578568,0.04646840148698883,0.474154381104499,0.1718518099707408
IDN.1.17_1,2013.0,0.0024736031209803945,0.29852149207740253,0.04156359986995914,0.43677470422774106,0.1718518099707408
IDN.1.17_1,2014.0,0.0020071522467383775,0.3325229338346502,0.044404709740342344,0.4003986034743522,0.1718518099707408
IDN.1.17_1,2015.0,0.0020071522467383775,0.32756866015520086,0.04029852855951488,0.409459058334629,0.1718518099707408
IDN.1.17_1,2016.0,0.0020071522467383775,0.3059210991278782,0.04234808543118435,0.4290570624902822,0.1718518099707408
IDN.1.17_1,2017.0,0.0020071522467383775,0.3624181944110703,0.04054588887161292,0.37436216376666137,0.1718518099707408
IDN.1.17_1,2018.0,0.0020071522467383775,0.3697117898992182,0.03367633963277594,0.3739381175173505,0.1718518099707408
IDN.1.17_1,2019.0,0.001780994247105884,0.37518198651532914,0.031541973511244284,0.37082844502240375,0.1718518099707408
IDN.1.17_1,2020.0,0.0035125164317921604,0.3655066645935515,0.030071946513633083,0.3802422717571062,0.1718518099707408
IDN.1.17_1,2021.0,0.00359025824416583,0.2614457150126506,0.03325936082095353,0.4810380652183131,0.1718518099707408
IDN.1.17_1,2022.0,0.007491483737826338,0.1954429163074052,0.04046814705923925,0.5359308521916123,0.1718518099707408
IDN.1.17_1,2023.0,0.008989780485391605,0.2495300154070137,0.04344353824190425,0.47737006516177355,0.1718518099707408
IDN.1.18_1,2011.0,0.6761932517637964,0.29480495371398824,0.009868874121951659,0.01759076623788812,2.908648753002397E-4
IDN.1.18_1,2012.0,0.6471777694827426,0.32429608561465056,0.009532098222216775,0.017451892518014378,2.908648753002397E-4
IDN.1.18_1,2013.0,0.6161809841099378,0.3552312760726857,0.00792122010400986,0.019124365550990757,2.908648753002397E-4
IDN.1.18_1,2014.0,0.6061547007613532,0.36656816232997613,0.007635202976631289,0.01809977976966354,2.908648753002397E-4
IDN.1.18_1,2015.0,0.6077755595370459,0.36499264425543304,0.009480483964933104,0.016209158080211984,2.908648753002397E-4
IDN.1.18_1,2016.0,0.6280861975206334,0.3435570435923753,0.010314581769102908,0.01650002295551222,2.908648753002397E-4
IDN.1.18_1,2017.0,0.6332054193259178,0.3352591249586874,0.011311792032754809,0.01868150952026402,2.908648753002397E-4
IDN.1.18_1,2018.0,0.6302243395157329,0.3408502892822284,0.010367621834598835,0.01701559520506402,2.908648753002397E-4
IDN.1.18_1,2019.0,0.630578510275657,0.3422224871057036,0.008932118126499418,0.01672473032976378,2.908648753002397E-4
IDN.1.18_1,2020.0,0.6384965936015999,0.335202662953482,0.008906453578678808,0.01585213570386306,2.908648753002397E-4
IDN.1.18_1,2021.0,0.6445440165530631,0.3284506055835222,0.00939949805847696,0.016063725642561862,2.908648753002397E-4
IDN.1.18_1,2022.0,0.6511783021646907,0.3219443575493552,0.009228401073006232,0.016106785050571996,2.908648753002397E-4
IDN.1.18_1,2023.0,0.6768505493496462,0.29708881330838,0.009836365694712221,0.014682117484885725,2.908648753002397E-4
IDN.1.19_1,2011.0,0.6771907925764565,0.185645136694469,0.017208627339297768,0.09988073128587019,0.0011300735911193784
IDN.1.19_1,2012.0,0.6608870320268306,0.19783054147592247,0.017635813334868366,0.10451211420711548,0.0011300735911193784
IDN.1.19_1,2013.0,0.6481886000923043,0.21269015078756728,0.01860127388277732,0.10235093682999707,0.0011300735911193784
IDN.1.19_1,2014.0,0.6376846721019267,0.2181466187168059,0.01848311605421524,0.10760239587720064,0.0011300735911193784
IDN.1.19_1,2015.0,0.6420625711345473,0.21273862579415684,0.019442517226300506,0.10785991934970773,0.0011300735911193784
IDN.1.19_1,2016.0,0.6508183691997886,0.20037749911381617,0.01961924902115832,0.1112077244923,0.0011300735911193784
IDN.1.19_1,2017.0,0.6570696252579021,0.1966570423580666,0.019335468253415204,0.10923741745362804,0.0011300735911193784
IDN.1.19_1,2018.0,0.6578421956754235,0.198152698290549,0.018608343154571633,0.10769631620246793,0.0011300735911193784
IDN.1.19_1,2019.0,0.6595741672650299,0.19539063281091404,0.018734580150898645,0.10846888661998923,0.0011300735911193784
IDN.1.19_1,2020.0,0.6510758926722957,0.2066590520510481,0.018934539553080623,0.10544929766784716,0.0011300735911193784
IDN.1.19_1,2021.0,0.6496660778973157,0.2073488109989789,0.01961621933324647,0.10591183002238934,0.0011300735911193784
IDN.1.19_1,2022.0,0.6465757962272306,0.2107976057386328,0.01948998233691946,0.10581084042532772,0.0011300735911193784
IDN.1.19_1,2023.0,0.6512152583162407,0.20732861307956657,0.018974935391905267,0.1051554179403979,0.0011300735911193784
IDN.1.1_1,2011.0,0.8293168106458163,0.145570367179041,0.010230653515717798,0.011825134775924874,0.0018397860694697027
IDN.1.1_1,2012.0,0.8234361947246065,0.14975704001611995,0.010400717774240207,0.013349013601533252,0.0018397860694697027
IDN.1.1_1,2013.0,0.8090539119159902,0.16504066339490514,0.008698013804064327,0.014150377001540364,0.0018397860694697027
IDN.1.1_1,2014.0,0.8038319084868762,0.1719777391039056,0.008125464133705547,0.01300785439201254,0.0018397860694697027
IDN.1.1_1,2015.0,0.8025940468233282,0.17524915702239122,0.0083279952052186,0.010771767065561828,0.0018397860694697027
IDN.1.1_1,2016.0,0.8135740137690206,0.16464127006049645,0.008468169381940102,0.010259512905042812,0.0018397860694697027
IDN.1.1_1,2017.0,0.8185517430813477,0.15888536792886976,0.008994853237121623,0.010511001869160801,0.0018397860694697027
IDN.1.1_1,2018.0,0.8238520791386295,0.1507805176446821,0.00890827506914658,0.013402094264041762,0.0018397860694697027
IDN.1.1_1,2019.0,0.8261232100092606,0.1474704487583505,0.008895906759435857,0.014453400589453021,0.0018397860694697027
IDN.1.1_1,2020.0,0.8376746959328357,0.1366110728323377,0.008729449924579073,0.013927747426747392,0.0018397860694697027
IDN.1.1_1,2021.0,0.8368583874919282,0.13567262733303678,0.009170070958023501,0.015241880333511464,0.0018397860694697027
IDN.1.1_1,2022.0,0.8338564956558887,0.14182586141412035,0.008950018114420262,0.012310590932070662,0.001839786069469703
IDN.1.1_1,2023.0,0.8492385501661216,0.12526160263403763,0.008949502768182313,0.01349331054815833,0.0018397860694697027
IDN.1.20_1,2011.0,0.7267231340132033,0.1127695327022457,0.003962208244477601,0.14190152526149752,0.002970589750497368
IDN.1.20_1,2012.0,0.7156053253391338,0.12431293012108444,0.003574026683134578,0.14178044411514457,0.002970589750497368
IDN.1.20_1,2013.0,0.7084254430536338,0.13240075693763795,0.004081976858078787,0.14049777148345405,0.002970589750497368
IDN.1.20_1,2014.0,0.7015595842290002,0.13661398707089614,0.004096414718348519,0.14305228835163278,0.003054263713424224
IDN.1.20_1,2015.0,0.7088031243529624,0.13267638881551466,0.004096414718348519,0.13983002044597895,0.003054263713424224
IDN.1.20_1,2016.0,0.712847694027615,0.1262453064649129,0.004431110570055944,0.1419330260475406,0.003054263713424224
IDN.1.20_1,2017.0,0.7211228848944872,0.12182403989049538,0.0046821324588365125,0.13786056505191233,0.003054263713424224
IDN.1.20_1,2018.0,0.7239077512606056,0.12065719827415067,0.0045147845329828,0.13632621426506536,0.00313793767635108
IDN.1.20_1,2019.0,0.7232104682362154,0.12606975520936045,0.004303138626756046,0.13182914892423175,0.0032216116392779362
IDN.1.20_1,2020.0,0.7183147210720243,0.12619903968541213,0.004240793321045839,0.13657428295515436,0.0033052856022047924
IDN.1.20_1,2021.0,0.720818377296071,0.11888462279285314,0.004448829762205161,0.14117700718250734,0.0033052856022047924
IDN.1.20_1,2022.0,0.7243093862826547,0.11024192275547874,0.004754978026561069,0.1461797257659695,0.0033052856022047924
IDN.1.20_1,2023.0,0.7312625285352824,0.10730217752464853,0.004817323332271276,0.14210398343846176,0.0033052856022047924
IDN.1.21_1,2011.0,0.6625287644213457,0.16735022933266538,0.11623174339788044,0.0,0.01368951644463925
IDN.1.21_1,2012.0,0.6584273884253532,0.17450415616536993,0.11317919256116843,0.0,0.01368951644463925
IDN.1.21_1,2013.0,0.6620591412156978,0.18416274009486386,0.09988885584132996,0.0,0.01368951644463925
IDN.1.21_1,2014.0,0.6592335749283824,0.1997307493620951,0.08714641286141418,0.0,0.01368951644463925
IDN.1.21_1,2015.0,0.6587169894021696,0.19533977238928626,0.0920539753604358,0.0,0.01368951644463925
IDN.1.21_1,2016.0,0.6744180585776678,0.18222945789827957,0.08946322067594432,0.0,0.01368951644463925
IDN.1.21_1,2017.0,0.6935317230475413,0.17169424398490943,0.08088477011944083,0.0,0.01368951644463925
IDN.1.21_1,2018.0,0.7152361422019065,0.162278298711667,0.06859629623831813,0.0,0.01368951644463925
IDN.1.21_1,2019.0,0.7265462344045959,0.15930401840922961,0.06026048433806609,0.0,0.01368951644463925
IDN.1.21_1,2020.0,0.6985253831342652,0.1932499491241527,0.053983187489237805,0.0,0.01368951644463925
IDN.1.21_1,2021.0,0.6963338081745745,0.19331256555157242,0.056112146021508734,0.0,0.01368951644463925
IDN.1.21_1,2022.0,0.6705671482913541,0.19865061598910472,0.07654075546719682,0.0,0.01368951644463925
IDN.1.21_1,2023.0,0.6910740282713167,0.18079710712105315,0.0722437031355176,0.001995898624004007,0.01368951644463925
IDN.1.2_1,2011.0,0.6895164354485614,0.29267246629059696,0.005629250868607671,0.008853500333632787,0.0013265503341359257
IDN.1.2_1,2012.0,0.663461154768485,0.317467125112469,0.006010248061095571,0.009733124999349389,0.0013265503341359257
IDN.1.2_1,2013.0,0.6343284022303254,0.34752357029762565,0.005617453141335732,0.009202227272112149,0.0013265503341359257
IDN.1.2_1,2014.0,0.6080899097855553,0.3750778563251953,0.005889147860568904,0.007614738970079228,0.0013265503341359257
IDN.1.2_1,2015.0,0.600791627499947,0.3814128888782477,0.0061445339568085185,0.008322602606395547,0.0013265503341359257
IDN.1.2_1,2016.0,0.6101947631276606,0.37206353700721495,0.006444682018285781,0.007968670788237387,0.0013265503341359257
IDN.1.2_1,2017.0,0.6206170141964826,0.3610215582646377,0.006445029010264367,0.008588051470014168,0.0013265503341359257
IDN.1.2_1,2018.0,0.6179600966164464,0.36665046214126673,0.005513355547759803,0.0065477386359259525,0.0013265503341359257
IDN.1.2_1,2019.0,0.6168930962822932,0.3681737569272612,0.006030373595853583,0.005574426135991014,0.0013265503341359257
IDN.1.2_1,2020.0,0.6136497622584459,0.3719212702959946,0.005968609023665198,0.005132011363293314,0.0013265503341359257
IDN.1.2_1,2021.0,0.6119429087157792,0.37269159248845646,0.006369037766953938,0.00566811397020935,0.0013265503341359257
IDN.1.2_1,2022.0,0.6120306976863615,0.37207568172646555,0.006418657619891798,0.006146615908680039,0.0013265503341359257
IDN.1.2_1,2023.0,0.6301533947439737,0.35529410866609007,0.006719152673347647,0.004517835561195332,0.0013265503341359257
IDN.1.3_1,2011.0,0.5005562695252619,0.25993452373556575,0.018455790424910665,0.19249813541410268,0.021153017606862355
IDN.1.3_1,2012.0,0.4962505116907271,0.26915217673822917,0.017476232196604758,0.18852214315385518,0.021238649196926807
IDN.1.3_1,2013.0,0.489005071740803,0.28079941622762306,0.016716293811052385,0.18482554494432776,0.021324280786991258
IDN.1.3_1,2014.0,0.48282079188736404,0.28383749071904696,0.016369401918752073,0.18808223184803385,0.021561026947757682
IDN.1.3_1,2015.0,0.48206018188149746,0.29070480843205887,0.01688688537086706,0.18128207616644504,0.021732290127886588
IDN.1.3_1,2016.0,0.4830303374254042,0.2821366122732569,0.016739464711893356,0.18880657435693202,0.02190355330801549
IDN.1.3_1,2017.0,0.49108306499303367,0.2701367721188917,0.016121909832957953,0.19329031157473814,0.021989184898079942
IDN.1.3_1,2018.0,0.4958250402216617,0.26584108858907024,0.015305219530853061,0.19349683482136418,0.022153060254752305
IDN.1.3_1,2019.0,0.4919753125804895,0.2687132728628791,0.014403569258997948,0.19494820632041737,0.022562077026118985
IDN.1.3_1,2020.0,0.49172244753218153,0.2586994139776949,0.014289393805578681,0.20507221093713543,0.02281897179631234
IDN.1.3_1,2021.0,0.4940220754881085,0.2408081204268954,0.015202461622775722,0.21975080871481095,0.02281897179631234
IDN.1.3_1,2022.0,0.5007644718226736,0.2157580259467077,0.016018144494409265,0.23707894863212778,0.022982847152984705
IDN.1.3_1,2023.0,0.5102037595290331,0.22265254428244602,0.01510641991784069,0.2214419486660446,0.02323974192317806
IDN.1.4_1,2011.0,0.8751603907589679,0.11040967895594984,0.012047703108406353,3.8622523898633286E-4,1.3480018145013188E-4
IDN.1.4_1,2012.0,0.858628940791166,0.12654606846688016,0.012426607738287717,3.8622523898633286E-4,1.3480018145013188E-4
IDN.1.4_1,2013.0,0.8443411312966388,0.14123373467941666,0.012202698073594333,2.5748349265755524E-4,1.3480018145013188E-4
IDN.1.4_1,2014.0,0.8312715721310974,0.15380094859947913,0.012593467138921682,3.218543658219441E-4,1.3480018145013188E-4
IDN.1.4_1,2015.0,0.8353804533173593,0.14991496733872384,0.01211283128596091,5.793378584794994E-4,1.3480018145013188E-4
IDN.1.4_1,2016.0,0.8393214653638001,0.1462233608714453,0.011968438582235301,4.505961121507217E-4,1.3480018145013188E-4
IDN.1.4_1,2017.0,0.8431322210551321,0.14257668779798352,0.01189245570842165,3.8622523898633286E-4,1.3480018145013188E-4
IDN.1.4_1,2018.0,0.8456373839778121,0.14100427144919536,0.011135908622642538,2.5748349265755524E-4,1.3480018145013188E-4
IDN.1.4_1,2019.0,0.8406613892648063,0.14672671585611116,0.010277630313784024,3.218543658219441E-4,1.3480018145013188E-4
IDN.1.4_1,2020.0,0.8323249825378229,0.15540289981948388,0.009974708557716313,3.327090620810371E-4,1.3480018145013188E-4
IDN.1.4_1,2021.0,0.8303794675594781,0.1576101896820306,0.009597823406208733,3.8622523898633286E-4,1.3480018145013188E-4
IDN.1.4_1,2022.0,0.8409105424091721,0.14723865362386557,0.00957131775255281,2.5748349265755524E-4,1.3480018145013188E-4
IDN.1.4_1,2023.0,0.8519227579814204,0.1364877080662258,0.009360282262492303,1.9311261949316643E-4,1.3480018145013188E-4
IDN.1.5_1,2011.0,0.9038903301633002,0.07147116668251798,0.01735684697136833,0.003009436509914478,1.1639727523929124E-4
IDN.1.5_1,2012.0,0.9000420464908758,0.07587135393634524,0.016496479040275524,0.0033179008596042896,1.1639727523929124E-4
IDN.1.5_1,2013.0,0.8928554982208338,0.08395714636459839,0.015656937659424337,0.0032581980822449716,1.1639727523929124E-4
IDN.1.5_1,2014.0,0.8916371450316987,0.08666158961652999,0.014069028906557503,0.0033600167723151267,1.1639727523929124E-4
IDN.1.5_1,2015.0,0.893527038763069,0.08581788292563046,0.013373422128487305,0.003009436509914478,1.1639727523929124E-4
IDN.1.5_1,2016.0,0.8954372962324534,0.08387615422476986,0.01400030129076015,0.002414028579117865,1.1639727523929124E-4
IDN.1.5_1,2017.0,0.8973903638328901,0.08159703540999494,0.01414400448742735,0.0025963765967889616,1.1639727523929124E-4
IDN.1.5_1,2018.0,0.8939120985364251,0.08524769826123758,0.014502683963810851,0.002065299565627583,1.1639727523929124E-4
IDN.1.5_1,2019.0,0.8968363775964625,0.08455741382378469,0.012799766372387502,0.0015342225344662046,1.1639727523929124E-4
IDN.1.5_1,2020.0,0.8962263910804967,0.08555454276813085,0.012707666739096773,0.0012391797393765498,1.1639727523929124E-4
IDN.1.5_1,2021.0,0.8983414429605906,0.08354640051261082,0.012541748555505177,0.0012981882983944808,1.1639727523929124E-4
IDN.1.5_1,2022.0,0.9003921639410492,0.08172176330533089,0.012479963123121694,0.0011338899575994573,1.1639727523929124E-4
IDN.1.5_1,2023.0,0.9168370394179483,0.06526971423890415,0.01266416238970316,9.568642805456645E-4,1.1639727523929124E-4
IDN.1.7_1,2011.0,0.3974543757544208,0.43953054255495727,0.08777175985963835,0.06306623648772954,0.0021740788771073293
IDN.1.7_1,2012.0,0.37994462717576116,0.4588535940732227,0.08662750781905554,0.062397185588706404,0.0021740788771073293
IDN.1.7_1,2013.0,0.3635602841334867,0.48131997325591264,0.08525440537035618,0.057688251896990346,0.0021740788771073293
IDN.1.7_1,2014.0,0.3473769704693224,0.4971384724459616,0.08411015332977337,0.059197318411688384,0.0021740788771073293
IDN.1.7_1,2015.0,0.3484794909648957,0.4974305932610281,0.08365245251354025,0.05826037791728175,0.0021740788771073293
IDN.1.7_1,2016.0,0.35547603128519656,0.4898255800909114,0.08376687771759853,0.058754425563039274,0.0021740788771073293
IDN.1.7_1,2017.0,0.38627570640736225,0.45752222316953295,0.0845678541460065,0.05945713093384424,0.0021740788771073293
IDN.1.7_1,2018.0,0.39825400600395733,0.4463260534971481,0.08479670455412305,0.058446150601517546,0.0021740788771073293
IDN.1.7_1,2019.0,0.3913736857928765,0.45391939978371365,0.08467330482425629,0.057856524255899586,0.0021740788771073293
IDN.1.7_1,2020.0,0.3784113294413803,0.4672420833464208,0.08559768098253102,0.056571820886413875,0.0021740788771073293
IDN.1.7_1,2021.0,0.3684747344662172,0.46839620736539306,0.08719065931353846,0.06376131351159729,0.0021740788771073293
IDN.1.7_1,2022.0,0.3753779397181098,0.4552781429911194,0.08799163574194642,0.06917519620557043,0.0021740788771073293
IDN.1.7_1,2023.0,0.3870905933507734,0.44423723261522136,0.08799163574194642,0.06850345294880476,0.0021740788771073293
IDN.1.8_1,2011.0,0.805448271370754,0.16478546596686633,0.0018510583490923898,0.017337728032759476,6.875359582343162E-4
IDN.1.8_1,2012.0,0.7966764325117609,0.17207604334359414,0.0017452835862871105,0.018818989515024784,7.933107210395956E-4
IDN.1.8_1,2013.0,0.7888107307874664,0.18006805257876793,0.0017452835862871105,0.018692682004145537,7.933107210395956E-4
IDN.1.8_1,2014.0,0.7925995413108523,0.17789821813078985,0.0017452835862871105,0.01712659331014031,8.461981024422353E-4
IDN.1.8_1,2015.0,0.797247823632405,0.1733028231906397,0.0017452835862871105,0.01707370592873767,8.461981024422353E-4
IDN.1.8_1,2016.0,0.7956429508587046,0.17464325905732697,0.001480846679273912,0.01749680497995879,8.461981024422353E-4
IDN.1.8_1,2017.0,0.8065501955173903,0.16429164300561266,0.001427959297871272,0.016941176372987525,8.461981024422353E-4
IDN.1.8_1,2018.0,0.8015171834213202,0.16488252986685234,0.001480846679273912,0.02122463946360995,9.519728652475147E-4
IDN.1.8_1,2019.0,0.8028588636969816,0.1635933221696021,0.0016923962048844706,0.021013504740990785,9.519728652475147E-4
IDN.1.8_1,2020.0,0.8071753036254196,0.15927688224116393,0.001480846679273912,0.021225054266601342,9.519728652475147E-4
IDN.1.8_1,2021.0,0.8135408703313406,0.15103350239320582,0.0011635223908580735,0.02347307907845708,9.519728652475147E-4
IDN.1.8_1,2022.0,0.8194447613078407,0.14232658020236574,7.933107210395956E-4,0.02659343458121282,9.519728652475147E-4
IDN.1.8_1,2023.0,0.8377483581060594,0.12735488843251339,7.40423339636956E-4,0.023367304315651795,9.519728652475147E-4
IDN.1.9_1,2011.0,0.906070645740681,0.05297170286892129,1.1902494762902301E-4,0.04071960149514005,1.1902494762902301E-4
IDN.1.9_1,2012.0,0.9042696349154786,0.05579352765673015,2.3804989525804602E-4,0.03957976258490446,1.1902494762902301E-4
IDN.1.9_1,2013.0,0.901224930078678,0.05958598922334118,1.7853742144353452E-4,0.0388915183289084,1.1902494762902301E-4
IDN.1.9_1,2014.0,0.9024142460259671,0.05976966105429029,1.7853742144353452E-4,0.03751853055067008,1.1902494762902301E-4
IDN.1.9_1,2015.0,0.9022567130070464,0.06036735299718819,2.3804989525804602E-4,0.03701885915287843,1.1902494762902301E-4
IDN.1.9_1,2016.0,0.9013607585483251,0.0608537216067154,1.7853742144353452E-4,0.03748795747588694,1.1902494762902301E-4
IDN.1.9_1,2017.0,0.9027052736920326,0.059987173311526046,3.5707484288706904E-4,0.03683145320592529,1.1902494762902301E-4
IDN.1.9_1,2018.0,0.8986481566536346,0.06452039014044007,2.9756236907255753E-4,0.03641486588922371,1.1902494762902301E-4
IDN.1.9_1,2019.0,0.8957266776449676,0.06702014742289981,2.3804989525804602E-4,0.03689610008924536,1.1902494762902301E-4
IDN.1.9_1,2020.0,0.8934404651214893,0.06838450005787877,1.7853742144353452E-4,0.03787747245155917,1.1902494762902301E-4
IDN.1.9_1,2021.0,0.8932049824309843,0.06645116149678305,1.7853742144353452E-4,0.04004629370316017,1.1902494762902301E-4
IDN.1.9_1,2022.0,0.8947275682316347,0.06395747215282988,2.3804989525804602E-4,0.04095788477264834,1.1902494762902301E-4
IDN.1.9_1,2023.0,0.9005726266892207,0.05685845086463452,5.951247381451151E-4,0.04185477276037057,1.1902494762902301E-4
IDN.10.10_1,2011.0,0.05276376403557665,0.3835646196281318,0.035151705706649904,0.39421379333342865,0.11092786058986344
IDN.10.10_1,2012.0,0.04913178316731218,0.36100575000119106,0.03164930233001291,0.4242710075126363,0.11092786058986344
IDN.10.10_1,2013.0,0.051965338020989654,0.3581216980368058,0.032631614049630074,0.4241928799073903,0.11092786058986344
IDN.10.10_1,2014.0,0.05193484919943025,0.34878640198558464,0.03237341184204885,0.4343227908705036,0.11092786058986344
IDN.10.10_1,2015.0,0.04984445937126334,0.344182589930114,0.0310652508420155,0.44201645443588544,0.11092786058986344
IDN.10.10_1,2016.0,0.06041455269564058,0.37493247202412444,0.03350816766946305,0.3986689723837971,0.11092786058986344
IDN.10.10_1,2017.0,0.07415738901354371,0.3835417530119622,0.032282898153044366,0.3769733175172572,0.11117081838666497
IDN.10.10_1,2018.0,0.06974699041984062,0.36448242843463735,0.03136251685221973,0.40118906404081695,0.11117081838666497
IDN.10.10_1,2019.0,0.06738601230033396,0.36318093686432007,0.029584637445036754,0.40699337344518927,0.11117081838666497
IDN.10.10_1,2020.0,0.06914007231567364,0.3618146565481892,0.030381157908276283,0.4061130087226614,0.11117081838666497
IDN.10.10_1,2021.0,0.08101260998604189,0.3303759176420709,0.029114919037887134,0.4269645043422752,0.11117081838666497
IDN.10.10_1,2022.0,0.08756389551861966,0.31296870608299643,0.03138919457108422,0.4362702643476108,0.11117081838666497
IDN.10.10_1,2023.0,0.08357557654837962,0.3104267005854807,0.03175887153249204,0.44160676089618084,0.11189969177706957
IDN.10.12_1,2011.0,0.11409577937066476,0.27662276375819095,0.0028666102919516563,0.5619567399782223,0.03995374733087221
IDN.10.12_1,2012.0,0.10582276551684722,0.27581378171260945,0.0028812657637919,0.571024080405781,0.03995374733087221
IDN.10.12_1,2013.0,0.11742183870480805,0.2776156719753674,0.003254980295718112,0.557249402423136,0.03995374733087221
IDN.10.12_1,2014.0,0.11748339168653708,0.2761398659610549,0.0030681230297550056,0.5588505127216827,0.03995374733087221
IDN.10.12_1,2015.0,0.1269266449667981,0.2676316317842014,0.0028109194989587305,0.5581726971490714,0.03995374733087221
IDN.10.12_1,2016.0,0.1555385226405058,0.2593461607793196,0.003123813822747932,0.5375333961564562,0.03995374733087221
IDN.10.12_1,2017.0,0.15396965438000768,0.26381461414340995,0.004451599571474006,0.53343059681478,0.03995374733087221
IDN.10.12_1,2018.0,0.14903735533217372,0.26761551076517714,0.00405003964305133,0.5349635591692695,0.03995374733087221
IDN.10.12_1,2019.0,0.1595753723589009,0.2602467395239026,0.003688049488597312,0.5321563035382709,0.03995374733087221
IDN.10.12_1,2020.0,0.1464206208350982,0.27014651075198715,0.0042486212864866315,0.5348507120360996,0.03995374733087221
IDN.10.12_1,2021.0,0.15845276321593826,0.248421972069602,0.004076419492363768,0.5448728564540503,0.03995374733087221
IDN.10.12_1,2022.0,0.19217134005237876,0.21377790218645007,0.00534631612732088,0.544557031035893,0.03995374733087221
IDN.10.12_1,2023.0,0.17167126604224597,0.23594796721277864,0.004254483475222728,0.5439788726717955,0.03995374733087221
IDN.10.13_1,2011.0,0.07245138997344992,0.40305618460096826,0.019038927065438076,0.3699018038419491,0.0955460331094799
IDN.10.13_1,2012.0,0.06748496798375758,0.40441394658753704,0.01803256286115883,0.37468178978603783,0.09579493987193499
IDN.10.13_1,2013.0,0.06881344682180225,0.40560381852256755,0.019153131344682175,0.370231727315321,0.0965416601593003
IDN.10.13_1,2014.0,0.06312568327346553,0.400843354677495,0.02003650632516008,0.37970873028268,0.0970394736842105
IDN.10.13_1,2015.0,0.05539005153834138,0.3961121739809464,0.018927651101046383,0.3930354911760113,0.09728838044666559
IDN.10.13_1,2016.0,0.06486217398094642,0.3933576058097767,0.0220345931594565,0.38316316570357645,0.09728838044666559
IDN.10.13_1,2017.0,0.08050132750273309,0.39352842417616746,0.023279126971731998,0.3621261518038419,0.10127088864594717
IDN.10.13_1,2018.0,0.07972239575199126,0.39647040449789156,0.022721771044822734,0.3579718491332187,0.10375995627049817
IDN.10.13_1,2019.0,0.07903814618147743,0.39352842417616735,0.020759800093706073,0.3630622364516633,0.10425776979540836
IDN.10.13_1,2020.0,0.08886459472122445,0.38772840855848817,0.022444557238794315,0.35511283773231295,0.10624902389504916
IDN.10.13_1,2021.0,0.09315555208496021,0.37081055755114783,0.023903834140246754,0.3631042089645478,0.10923590504451035
IDN.10.13_1,2022.0,0.10145244416679686,0.3502020537248165,0.026390949554896136,0.3684464313602998,0.11396513353115724
IDN.10.13_1,2023.0,0.08732625331875685,0.3670603623301576,0.02564618147743245,0.3614828986412619,0.11869436201780412
IDN.10.14_1,2016.0,0.01735313788875265,0.17374735258053725,3.553115594694014E-4,0.615976479768142,0.19256771820309887
IDN.10.14_1,2017.0,0.022209062534834473,0.15528508527477428,3.553115594694014E-4,0.6292275108683537,0.19292302976256828
IDN.10.14_1,2018.0,0.01981523798907591,0.14617378218704713,3.553115594694014E-4,0.6399049715750755,0.19374512317467393
IDN.10.14_1,2020.0,0.016124177906587895,0.14371864898004683,3.553115594694014E-4,0.6432086723888086,0.19658761565042915
IDN.10.16_1,2011.0,0.0,0.027489802855200546,0.11713970088375257,0.10373470428280084,0.7435418082936779
IDN.10.16_1,2012.0,0.0,0.027489802855200546,0.11875424881033311,0.10373470428280084,0.7435418082936779
IDN.10.16_1,2013.0,0.0,0.02207256968048946,0.1108514615907546,0.10373470428280084,0.7435418082936779
IDN.10.16_1,2014.0,0.0,0.02207256968048946,0.10301240652617269,0.10373470428280084,0.7435418082936779
IDN.10.16_1,2015.0,0.0,0.02207256968048946,0.085231135282121,0.10373470428280084,0.7435418082936779
IDN.10.16_1,2016.0,0.0,0.011238103331067303,0.09202923181509177,0.10373470428280084,0.7435418082936779
IDN.10.16_1,2017.0,0.0,0.017951223657375937,0.08661199864038069,0.10243881713120327,0.7435418082936779
IDN.10.16_1,2018.0,0.0,0.018333616587355543,0.08661199864038069,0.10205642420122366,0.7435418082936779
IDN.10.16_1,2019.0,0.0,0.023750849762066623,0.0835316111488783,0.09663919102651258,0.7435418082936779
IDN.10.16_1,2020.0,0.0,0.02207256968048946,0.0835316111488783,0.09831747110808974,0.7435418082936779
IDN.10.16_1,2021.0,0.0,0.03556254248810333,0.08351036709721277,0.08482749830047585,0.7435418082936779
IDN.10.16_1,2022.0,0.0,0.03260961930659415,0.07951648538409245,0.0813222297756628,0.744582766825289
IDN.10.16_1,2023.0,0.0,0.04202073419442556,0.05876104690686608,0.07628738953093132,0.7456237253569001
IDN.10.17_1,2011.0,0.00451272664758765,0.27707635988552604,0.009240345040298522,0.2436948233842669,0.3982525508914214
IDN.10.17_1,2012.0,0.001934025706108993,0.2597181631559256,0.008595669804928856,0.26105302011386733,0.40147592706826984
IDN.10.17_1,2013.0,0.001934025706108993,0.25704844924004183,0.007950994569559193,0.2643674092651208,0.4021206023036395
IDN.10.17_1,2014.0,0.001934025706108993,0.2552104927846938,0.007950994569559193,0.26636716656385573,0.4032481519309919
IDN.10.17_1,2015.0,0.001934025706108993,0.2597661977813061,0.007306319334189528,0.2592327606257648,0.40582685287247056
IDN.10.17_1,2016.0,0.001934025706108993,0.2500985973889391,0.007950994569559193,0.26942874189731714,0.40582685287247056
IDN.10.17_1,2017.0,0.0025787009414786574,0.2578448127660867,0.007950994569559193,0.2604032886021419,0.40710609079049825
IDN.10.17_1,2018.0,0.0032233761768483216,0.26226147016291335,0.007950994569559193,0.25091012974405136,0.4115379170163924
IDN.10.17_1,2019.0,0.003777038437812857,0.2766389919807458,0.007306319334189528,0.23597894566525432,0.4128272674871318
IDN.10.17_1,2020.0,0.003132363202443193,0.25796110712227105,0.007306319334189528,0.2508646232568488,0.4172641499893818
IDN.10.17_1,2021.0,0.002846683588338204,0.24899632914336586,0.008226561630952502,0.25566050138036345,0.4207984871621143
IDN.10.17_1,2022.0,0.006082700456076126,0.22546189084510618,0.00951591210169183,0.2714461961632975,0.42402186333896263
IDN.10.17_1,2023.0,0.006588328091660177,0.23570590674203906,0.007581886395582837,0.2587625269246716,0.42724523951581095
IDN.10.18_1,2011.0,0.0,0.05030342544761522,0.07407593159135363,0.025878930738753192,0.704273032749887
IDN.10.18_1,2012.0,0.0,0.06108631325542905,0.05689854054867345,0.025878930738753192,0.7106675359847533
IDN.10.18_1,2013.0,0.0,0.053713827172877274,0.05689854054867345,0.032273433973619536,0.7116455188324388
IDN.10.18_1,2014.0,0.0,0.06193891368674457,0.05050403731380711,0.025878930738753192,0.7162094387883042
IDN.10.18_1,2015.0,0.0,0.0683334169216109,0.04410953407894077,0.025878930738753192,0.7162094387883042
IDN.10.18_1,2016.0,0.0,0.03774010732734841,0.07615727970309442,0.024424494708862026,0.7162094387883042
IDN.10.18_1,2017.0,0.0,0.04940067204975174,0.07553036762124479,0.01339084206830834,0.7162094387883042
IDN.10.18_1,2018.0,0.0,0.06795726967250111,0.06336827323336175,0.006996338833441998,0.7162094387883042
IDN.10.18_1,2019.0,0.0,0.06795726967250111,0.06336827323336175,0.006996338833441998,0.7162094387883042
IDN.10.18_1,2020.0,0.0,0.07435177290736746,0.06336827323336175,6.018355985756556E-4,0.7162094387883042
IDN.10.18_1,2021.0,0.0,0.07435177290736746,0.06336827323336175,6.018355985756556E-4,0.7162094387883042
IDN.10.18_1,2022.0,0.0,0.0728973368774763,0.06482270926325291,6.018355985756556E-4,0.7162094387883042
IDN.10.18_1,2023.0,0.0,0.07349917247605195,0.06482270926325291,0.0,0.7162094387883042
IDN.10.19_1,2015.0,0.021304992363882277,0.14520716048387455,1.0524854331537387E-4,0.5747869276830534,0.25859567092587366
IDN.10.19_1,2016.0,0.02537833492325813,0.16427730080033676,1.0972720473304935E-4,0.5504969074842904,0.2597377295873809
IDN.10.19_1,2017.0,0.04441712460979661,0.15554391103586956,1.0972720473304935E-4,0.5401915075622191,0.2597377295873809
IDN.10.19_1,2018.0,0.0321881396088337,0.1642795401310456,1.0972720473304935E-4,0.543684863468006,0.2597377295873809
IDN.10.19_1,2021.0,0.04804484035811375,0.15066440942131212,1.0524854331537387E-4,0.538592625436109,0.262592876241149
IDN.10.1_1,2011.0,0.22899493448475677,0.5760753387064158,0.00519975734465725,0.16902015160861117,0.01897656540733982
IDN.10.1_1,2012.0,0.19852962417309422,0.5974487203669057,0.004766444232602479,0.1785453933718387,0.01897656540733982
IDN.10.1_1,2013.0,0.20126204567969844,0.5945922523615563,0.004549787676575093,0.17888609642661119,0.01897656540733982
IDN.10.1_1,2014.0,0.20161889177197886,0.5807891056587294,0.004549787676575093,0.19254905359318525,0.01897656540733982
IDN.10.1_1,2015.0,0.20031810280226148,0.5809590323693391,0.004549787676575093,0.19411322896434766,0.01897656540733982
IDN.10.1_1,2016.0,0.2463087670287805,0.559549966099621,0.004983100788629864,0.16909831789549168,0.01897656540733982
IDN.10.1_1,2017.0,0.27770017791326596,0.5305706648722405,0.004549787676575093,0.16711952135044153,0.01897656540733982
IDN.10.1_1,2018.0,0.2749363199651989,0.5131574252025101,0.004549787676575093,0.1875132755242664,0.01897656540733982
IDN.10.1_1,2019.0,0.27815388223059384,0.5056806499356826,0.004983100788629864,0.19177248852569892,0.01897656540733982
IDN.10.1_1,2020.0,0.27524643621206163,0.5048386630846114,0.004333131120547709,0.19617189106338437,0.01897656540733982
IDN.10.1_1,2021.0,0.2959562540676205,0.4789503287232217,0.004549787676575093,0.2013504075692154,0.01897656540733982
IDN.10.1_1,2022.0,0.32539010924588213,0.4491171457750273,0.004333131120547709,0.20196639189517565,0.01897656540733982
IDN.10.1_1,2023.0,0.29933354744098856,0.465066466832855,0.00519975734465725,0.2112070064181319,0.01897656540733982
IDN.10.20_1,2017.0,0.1360395048086053,0.4199026192655004,2.2014261788421346E-4,0.4133872610805116,0.030087884386276888
IDN.10.21_1,2011.0,0.01500108859967842,0.08519325573951075,0.01089956573199231,0.7744199428994004,0.044533286787730476
IDN.10.21_1,2012.0,0.013672565252761747,0.08181273741803895,0.010938422264423021,0.7796008138901619,0.044533286787730476
IDN.10.21_1,2013.0,0.01399513614897225,0.0791914634048561,0.011643390781380198,0.7811131348031792,0.044533286787730476
IDN.10.21_1,2014.0,0.012579648181853507,0.07462921308120585,0.01192957222658416,0.7870908730939482,0.044533286787730476
IDN.10.21_1,2015.0,0.013563396899742128,0.062460333956477,0.011244957131376406,0.7990919906818335,0.044533286787730476
IDN.10.21_1,2016.0,0.014862932039924783,0.07816330722133237,0.012768379910802674,0.780046738857581,0.044533286787730476
IDN.10.21_1,2017.0,0.015138628389076014,0.08446670026009206,0.013018171905000098,0.7734676494696701,0.044533286787730476
IDN.10.21_1,2018.0,0.01450952262591213,0.072223191922282,0.012259544367067178,0.7872839222153898,0.044533286787730476
IDN.10.21_1,2019.0,0.01310575329555821,0.07273449454744167,0.011563827405450647,0.7887740393955897,0.044533286787730476
IDN.10.21_1,2020.0,0.017709327233063336,0.07318967107020144,0.011335622373714728,0.7838725653761158,0.044533286787730476
IDN.10.21_1,2021.0,0.017169036401169648,0.06469982711926921,0.011645241092448326,0.792460475813659,0.04469056322852145
IDN.10.21_1,2022.0,0.018437116253194104,0.058244091802566886,0.012215753671788123,0.7969894205380829,0.04469056322852145
IDN.10.21_1,2023.0,0.017355917819050683,0.05503071824758274,0.01133562237371473,0.8020703747311653,0.04484783966931242
IDN.10.22_1,2011.0,0.28045032915730483,0.3407575863546155,0.014951959644352742,0.3011439637008994,0.05815440231502932
IDN.10.22_1,2012.0,0.26553224692480526,0.35054487992096717,0.015230628677338412,0.3059960833340617,0.05815440231502932
IDN.10.22_1,2013.0,0.26790038729531485,0.34598454315763705,0.015263413269454374,0.30776863694779805,0.05815440231502932
IDN.10.22_1,2014.0,0.269105767465445,0.3396538384200449,0.015304940419467923,0.3123366234492887,0.05815440231502932
IDN.10.22_1,2015.0,0.26950246103004816,0.33384222305762223,0.01489513301801841,0.31775154524710825,0.05815440231502932
IDN.10.22_1,2016.0,0.3037885874649204,0.3041262687637149,0.01558798073140239,0.3115148230069152,0.05815440231502932
IDN.10.22_1,2017.0,0.33565083972268595,0.27714127099306707,0.016145318797373732,0.30580156142084025,0.05815440231502932
IDN.10.22_1,2018.0,0.34911984298366,0.2660141804289098,0.015662292473531902,0.30318097969103786,0.05815440231502932
IDN.10.22_1,2019.0,0.35256659643478466,0.2604418925889335,0.014077703854593773,0.30642119021183206,0.05815440231502932
IDN.10.22_1,2020.0,0.36520614951522495,0.25022402804612565,0.012781619646276105,0.30445957878356034,0.05815440231502932
IDN.10.22_1,2021.0,0.3736132117534947,0.2399886783875225,0.012884344701572783,0.3059064721156114,0.05815440231502932
IDN.10.22_1,2022.0,0.38330215154349845,0.2288145965746657,0.013999020833515466,0.3068342760724931,0.05815440231502932
IDN.10.22_1,2023.0,0.36653173985644705,0.2457390958446621,0.012800197581808483,0.306734829476408,0.05837843036115505
IDN.10.23_1,2011.0,0.08470774916367298,0.3738442542434593,0.01313995342670891,0.4213285752557072,0.09034136573771974
IDN.10.23_1,2012.0,0.07815795077519129,0.37018553755057515,0.011799597463885111,0.4332818714494741,0.09034136573771974
IDN.10.23_1,2013.0,0.07146304017805026,0.35386513666307234,0.011687972687993315,0.45662776400118227,0.09034136573771974
IDN.10.23_1,2014.0,0.07204434766480984,0.3462411644696627,0.012073507490881133,0.4637228064872891,0.09034136573771974
IDN.10.23_1,2015.0,0.07483324975786028,0.3416370717901872,0.011416638617364024,0.4661948659472314,0.09034136573771974
IDN.10.23_1,2016.0,0.0919487625105616,0.345557677380356,0.013947086421618824,0.4426282998001063,0.09034136573771974
IDN.10.23_1,2017.0,0.0934179162917221,0.3539793373953308,0.013323704980869254,0.4333608674447206,0.09034136573771974
IDN.10.23_1,2018.0,0.0897265708181926,0.3566111061500104,0.01281023101176699,0.43493391813267257,0.09034136573771974
IDN.10.23_1,2019.0,0.0913923559353471,0.3541081352136675,0.012153362138249881,0.4362090165342058,0.09034136573771974
IDN.10.23_1,2020.0,0.09200457489850751,0.35545707769771373,0.013805408821448466,0.4323768521126283,0.09056032202889211
IDN.10.23_1,2021.0,0.09849512629055432,0.34938039662858883,0.014600520686646953,0.4311678699245079,0.09056032202889211
IDN.10.23_1,2022.0,0.11003455216139929,0.3104757276218089,0.014898472973065822,0.4584541170651965,0.09056032202889211
IDN.10.23_1,2023.0,0.10027768809633408,0.3127399932681679,0.014289688618394412,0.465508802901558,0.09077927832006447
IDN.10.24_1,2017.0,0.3443301085788131,0.43371982076645277,9.179076536589488E-5,0.1945903837095546,0.027267896179813268
IDN.10.24_1,2020.0,0.3178798748746935,0.4331159341522035,3.0798217326714726E-4,0.2214283126200223,0.027267896179813268
IDN.10.25_1,2011.0,0.3291867442901924,0.24906403940886696,2.9914912673533367E-4,0.3963591580832961,0.024190774742498884
IDN.10.25_1,2012.0,0.32454903716972666,0.25007344379758184,2.4361845051500225E-4,0.40004299149126743,0.024190774742498884
IDN.10.25_1,2013.0,0.34287505597850415,0.22818629646215857,8.490819525302283E-4,0.402998656515898,0.024190774742498884
IDN.10.25_1,2014.0,0.3347765338110164,0.23281056874160322,0.0019534258844603677,0.4053685624720108,0.024190774742498884
IDN.10.25_1,2015.0,0.3306350201522613,0.23299328257948948,0.0021164352888490825,0.40916435288849085,0.024190774742498884
IDN.10.25_1,2016.0,0.36951634572324205,0.2007389162561577,0.003994626063591581,0.40065920286609946,0.024190774742498884
IDN.10.25_1,2017.0,0.37973219883564685,0.188961038961039,0.0048338557993730415,0.4013819973130319,0.024190774742498884
IDN.10.25_1,2018.0,0.3666278549037168,0.20206806986117334,0.00452037617554859,0.40169278996865215,0.024190774742498884
IDN.10.25_1,2019.0,0.36489834303627394,0.20078011643528892,0.0038387819077474253,0.40538468428123614,0.024190774742498884
IDN.10.25_1,2020.0,0.3614231974921628,0.20196865203761757,0.003545902373488581,0.40797133900582183,0.024190774742498884
IDN.10.25_1,2021.0,0.37260456784594703,0.18971070309001348,0.003701746529332736,0.40889207344379763,0.024190774742498884
IDN.10.25_1,2022.0,0.399258396775638,0.16664576802507836,0.004526645768025079,0.40447828034034944,0.024190774742498884
IDN.10.25_1,2023.0,0.3745051500223912,0.188230183609494,0.003104343931930139,0.4090694133452755,0.024190774742498884
IDN.10.26_1,2011.0,0.029465061110630734,0.07721631772264684,0.0016325617591440376,0.8613234182854435,0.015886696266443102
IDN.10.26_1,2012.0,0.036028203749722744,0.06461072283857094,0.0016109446489193326,0.8673912471380825,0.015886696266443102
IDN.10.26_1,2013.0,0.03544924114544368,0.08262247502753832,0.0028262021932908008,0.8492986657543617,0.015886696266443102
IDN.10.26_1,2014.0,0.030859834657303013,0.09025613455993202,0.0031485790979461866,0.846756305617065,0.015886696266443102
IDN.10.26_1,2015.0,0.0366287834642265,0.06140011203302342,0.0026278887038380713,0.8706826871383834,0.015886696266443102
IDN.10.26_1,2016.0,0.024500644753809312,0.09498934182478486,0.0034634370077408056,0.8485138706657692,0.015886696266443102
IDN.10.26_1,2017.0,0.034646588444056804,0.10821995315666201,0.003464376882098402,0.8250781035591159,0.015886696266443102
IDN.10.26_1,2018.0,0.03202715860943709,0.0838095363411819,0.003050832164756216,0.8523936720139249,0.015886696266443102
IDN.10.26_1,2019.0,0.05443752279195317,0.06399416525998805,0.0027792084754110075,0.8501323343095496,0.015886696266443102
IDN.10.26_1,2020.0,0.061631321124992026,0.06471786851533687,0.002969063095645375,0.842306940408206,0.015886696266443102
IDN.10.26_1,2021.0,0.04844394401356427,0.0773854951070141,0.0027557116164711104,0.8431547070787576,0.015886696266443102
IDN.10.26_1,2022.0,0.03610245382397281,0.08108953995029945,0.004756704123792733,0.8503532047835843,0.015886696266443102
IDN.10.26_1,2023.0,0.04936502088400824,0.0672169944321843,0.004204997875883952,0.8516173357945507,0.015886696266443102
IDN.10.28_1,2011.0,0.08832002626107047,0.5749953002989671,0.019223447166294965,0.27005770374038923,0.04570017911347888
IDN.10.28_1,2012.0,0.08053522199288309,0.5674356999787196,0.017763438520753575,0.28759212129713635,0.04570017911347888
IDN.10.28_1,2013.0,0.07497192107555871,0.552466317218845,0.01703343419798288,0.3088548092971057,0.04570017911347888
IDN.10.28_1,2014.0,0.06511352282909591,0.5341121954617583,0.016790099423725984,0.3377973336234261,0.04570017911347888
IDN.10.28_1,2015.0,0.06443791098527675,0.5205646511867571,0.01727676897223978,0.35177715496798917,0.04594351388773578
IDN.10.28_1,2016.0,0.07304337370782073,0.5139993835519044,0.01873677761778117,0.34779028168624276,0.04594351388773578
IDN.10.28_1,2017.0,0.08771789197653669,0.4938274078930161,0.01898011239203807,0.3530444043021584,0.04594351388773578
IDN.10.28_1,2018.0,0.08166601300266516,0.494687190762057,0.01873677761778117,0.3584798351812458,0.04594351388773578
IDN.10.28_1,2019.0,0.08160684925363015,0.5013679231329299,0.01752010374649668,0.3533182752049494,0.04594351388773578
IDN.10.28_1,2020.0,0.09332318007059563,0.5031418813499635,0.016790099423725984,0.34055799049372104,0.04618684866199268
IDN.10.28_1,2021.0,0.1010135131911303,0.48061289826984144,0.018006773295010475,0.35369329703351027,0.04643018343624958
IDN.10.28_1,2022.0,0.10887752054270322,0.4371828894620771,0.016303429875212185,0.38268925958476535,0.04643018343624958
IDN.10.28_1,2023.0,0.09501220968014348,0.4510482003246369,0.015573425552441492,0.3831759291332792,0.04643018343624958
IDN.10.29_1,2011.0,2.475845531198648E-4,0.02231954779879362,5.440870219771222E-4,0.9468421987904294,0.02647557398685006
IDN.10.29_1,2012.0,2.475845531198648E-4,0.022162810803471777,3.3443881167401093E-4,0.9472085839960542,0.02647557398685006
IDN.10.29_1,2013.0,0.0,0.021726542861079105,1.3776882391347317E-4,0.9480891064793274,0.02647557398685006
IDN.10.29_1,2014.0,0.0,0.02024003721754895,1.3776882391347317E-4,0.9495756121228577,0.02647557398685006
IDN.10.29_1,2015.0,0.0,0.01723707618615962,2.3859962982116005E-4,0.9524777423483393,0.02647557398685006
IDN.10.29_1,2016.0,0.0,0.01889229872274323,4.482478401242714E-4,0.9506128716014525,0.02647557398685006
IDN.10.29_1,2017.0,0.0,0.020700264955404824,4.482478401242714E-4,0.9488049053687908,0.02647557398685006
IDN.10.29_1,2018.0,0.0,0.019311595143349455,4.482478401242714E-4,0.9499390023540497,0.026730146813646695
IDN.10.29_1,2019.0,0.0,0.019353524785410078,1.3776882391347317E-4,0.9502075517281999,0.026730146813646695
IDN.10.29_1,2020.0,0.0,0.018532901790795038,1.3776882391347317E-4,0.9505190290692215,0.027239292467239967
IDN.10.29_1,2021.0,0.0,0.019452358941695825,1.3776882391347317E-4,0.9495995719183207,0.027239292467239967
IDN.10.29_1,2022.0,0.0012658758603064056,0.018782482993536846,5.690451422513022E-4,0.9483177228610391,0.0274938652940366
IDN.10.29_1,2023.0,5.021573799165E-4,0.019024077597790904,6.788608714576939E-4,0.9477117397007819,0.02851215660122314
IDN.10.2_1,2014.0,0.19480861684441586,0.44114600826607697,1.9252848929780493E-4,0.30434608471534574,0.059327583711246586
IDN.10.2_1,2015.0,0.19949113455492887,0.4342880591582428,3.717064629143752E-4,0.3063423381390504,0.059327583711246586
IDN.10.2_1,2016.0,0.24208349553038774,0.40842248901393063,1.791779736165703E-4,0.28980807579720125,0.059327583711246586
IDN.10.2_1,2017.0,0.2562793096518605,0.40155189204913533,4.1456864483833914E-5,0.2826205797496566,0.059327583711246586
IDN.10.32_1,2011.0,0.048087602336769376,0.21642317954217152,0.0026180144138092903,0.5868663270907539,0.14107719607317482
IDN.10.32_1,2012.0,0.04636222674597309,0.20156550584339636,0.002787900570444327,0.6032794902236903,0.14107719607317482
IDN.10.32_1,2013.0,0.04323455386225868,0.19542014417737294,0.002787900570444327,0.612090984347888,0.1415387364987151
IDN.10.32_1,2014.0,0.04574553017737885,0.1946581114747788,0.002331270149431078,0.6107269850902806,0.14161042256480963
IDN.10.32_1,2015.0,0.04587711829870309,0.19209312510986135,0.0023823341965121298,0.6131093192867928,0.14161042256480963
IDN.10.32_1,2016.0,0.05054064059847065,0.21324542461228155,0.0035420772657952402,0.5862673065384569,0.14161042256480963
IDN.10.32_1,2017.0,0.048436212658188094,0.22606053642781462,0.003055986817619847,0.575225688358085,0.14236165325744432
IDN.10.32_1,2018.0,0.048873203061093246,0.22880031895389413,0.002673988465417366,0.5723552997115866,0.14243726732716053
IDN.10.32_1,2019.0,0.05197534392126712,0.22872666888598878,0.002405902218241846,0.5693444849356154,0.14268767755803874
IDN.10.32_1,2020.0,0.05166994163968621,0.23357087935235082,0.003174808927173832,0.5632855393492676,0.14343890825067346
IDN.10.32_1,2021.0,0.05278549466822611,0.22781831804848932,0.002075949914025821,0.5678302395394812,0.14469095940506463
IDN.10.32_1,2022.0,0.05505489876061668,0.21473708398759145,0.0023263601449040544,0.5768891978918408,0.146193420790334
IDN.10.32_1,2023.0,0.05324212508923935,0.21808767107683275,0.002488390294295852,0.5749389440937068,0.14644383102121225
IDN.10.35_1,2011.0,0.028366331430973613,0.37321434827043704,0.007901875400767347,0.5679404404518756,0.006243720359717093
IDN.10.35_1,2012.0,0.03036921619427528,0.3613859048698281,0.00841973153728641,0.5791901034646103,0.006243720359717093
IDN.10.35_1,2013.0,0.026105534003601657,0.37007116460260403,0.008808123639675708,0.5746390618883782,0.006243720359717093
IDN.10.35_1,2014.0,0.02693461152412679,0.35959676268836416,0.008031339434897113,0.5851906345210013,0.006243720359717093
IDN.10.35_1,2015.0,0.031006890025126205,0.3460421321660251,0.007772411366637582,0.5950613786447303,0.006243720359717093
IDN.10.35_1,2016.0,0.041015729118593656,0.37716122435406363,0.010102763980973364,0.5518620228171479,0.006243720359717093
IDN.10.35_1,2017.0,0.04130207309996302,0.3809837134245067,0.009723510516287346,0.5481324432300215,0.006243720359717093
IDN.10.35_1,2018.0,0.04280893291681457,0.3741028269360333,0.00932597977619477,0.554421856778255,0.006243720359717093
IDN.10.35_1,2019.0,0.05177292109954062,0.37881937939511384,0.008678659605545942,0.5419064924436162,0.006373184393846859
IDN.10.35_1,2020.0,0.046401940640486534,0.39479727201510545,0.00841973153728641,0.5319469004533276,0.006373184393846859
IDN.10.35_1,2021.0,0.04884500311982941,0.38266674586819377,0.007125091195988754,0.5431879325304536,0.006373184393846859
IDN.10.35_1,2022.0,0.058525358958073495,0.3611351000350825,0.006607235059469691,0.5555570786618398,0.006373184393846859
IDN.10.35_1,2023.0,0.05950877791536509,0.3540460556878122,0.00634830699121016,0.5617921680859482,0.006502648427976624
IDN.10.36_1,2011.0,0.3015002788841496,0.5209045273502866,0.0065105701020480335,0.15206060034723043,0.01576873826526204
IDN.10.36_1,2012.0,0.26720440244161114,0.5479710196161613,0.0065105701020480335,0.15928998452389373,0.01576873826526204
IDN.10.36_1,2013.0,0.2669864014517689,0.5435893961176186,0.003505691593410479,0.16689448752091635,0.01576873826526204
IDN.10.36_1,2014.0,0.2713169616553936,0.528575805425279,0.008263415898753273,0.17281979370428857,0.01576873826526204
IDN.10.36_1,2015.0,0.256858193302067,0.5382189122732597,0.009958324495455369,0.1759405466129324,0.01576873826526204
IDN.10.36_1,2016.0,0.3242794183497917,0.4812705726159335,0.009515448610685586,0.1656601305649172,0.01576873826526204
IDN.10.36_1,2017.0,0.34807884172735387,0.4605211991232826,0.00901463552591266,0.16336130030716542,0.01576873826526204
IDN.10.36_1,2018.0,0.3316973439230755,0.4733204103917734,0.005508943932502182,0.17044927843636337,0.01576873826526204
IDN.10.36_1,2019.0,0.31925655770545136,0.4859320622500847,0.00801300935636681,0.16827516045658444,0.01576873826526204
IDN.10.36_1,2020.0,0.3248676282277898,0.47921527499548294,0.007011383186820958,0.17063290990078012,0.01576873826526204
IDN.10.36_1,2021.0,0.34971679511049353,0.45295008366524486,0.004198974020566726,0.1741101238874094,0.016019144807648503
IDN.10.36_1,2022.0,0.39395626625187613,0.41480285640215886,0.0010016261695458514,0.1707144147753608,0.016019144807648503
IDN.10.36_1,2023.0,0.35167291210043017,0.45383190748902147,0.0020032523390917027,0.17271668512801178,0.016019144807648503
IDN.10.3_1,2011.0,0.16277891100416486,0.590883935521628,0.023171985886123066,0.17905077927464672,0.0433791485082132
IDN.10.3_1,2012.0,0.15908452984994068,0.5876622896981196,0.021723097552799202,0.18741569458570315,0.0433791485082132
IDN.10.3_1,2013.0,0.16665056790740757,0.5708745035426738,0.02125036222208334,0.19711017801439795,0.0433791485082132
IDN.10.3_1,2014.0,0.15467309101859691,0.5658198719296349,0.022726523747563888,0.2126661249907669,0.0433791485082132
IDN.10.3_1,2015.0,0.14644454166832388,0.5511309851872472,0.022029920964561904,0.23628016386642947,0.0433791485082132
IDN.10.3_1,2016.0,0.16287891270873936,0.5446467837519956,0.021364000522736185,0.22699591470309147,0.0433791485082132
IDN.10.3_1,2017.0,0.17346318403154598,0.5459308965493728,0.020781036040387058,0.21571049506525672,0.0433791485082132
IDN.10.3_1,2018.0,0.16918129286294656,0.5459081688892422,0.019907157508366618,0.22088899242600718,0.0433791485082132
IDN.10.3_1,2019.0,0.16741762643681427,0.5414092285663957,0.018048034909685963,0.22859594197628366,0.04366892617487797
IDN.10.3_1,2020.0,0.1828894810707001,0.5240430234606269,0.018120763422103787,0.2301277862690841,0.04395870384154275
IDN.10.3_1,2021.0,0.18611112689420847,0.508964357347,0.019202600044318938,0.23937680755921967,0.044828036841537064
IDN.10.3_1,2022.0,0.1945158156104934,0.49914259902157404,0.01775143894498202,0.2410677454729341,0.045351909407546714
IDN.10.3_1,2023.0,0.18226787956612897,0.5059097598254514,0.016158229969829036,0.24702352881015013,0.045931464740876254
IDN.10.5_1,2011.0,0.011781939864174681,0.2610140403095655,0.0012063787275217713,0.6871305240746164,0.03565459510016354
IDN.10.5_1,2012.0,0.007985975847292562,0.2520721170330983,8.231021526320419E-4,0.7000946073793762,0.03565459510016354
IDN.10.5_1,2013.0,0.005375745683874917,0.24580325614544063,6.6422638271288E-4,0.7091325742003708,0.03565459510016354
IDN.10.5_1,2014.0,0.005049915715057654,0.24070486985650932,2.0644874057292219E-4,0.7151922935377961,0.03565459510016354
IDN.10.5_1,2015.0,0.005485253276700554,0.2219135464482739,5.94213331562063E-4,0.7331201226485045,0.03569498724505824
IDN.10.5_1,2016.0,0.01057556113665291,0.24187983247133518,8.284877719513356E-4,0.7078292543251017,0.03569498724505824
IDN.10.5_1,2017.0,0.010745208145210662,0.24148039903848753,0.001523232664140213,0.7073642958572027,0.03569498724505824
IDN.10.5_1,2018.0,0.009013731534057759,0.2295081672916978,0.001135468073151072,0.7214351239320773,0.03569498724505824
IDN.10.5_1,2019.0,0.010813425989921714,0.22315493170137105,5.412547415890091E-4,0.7265828783981021,0.03569498724505824
IDN.10.5_1,2020.0,0.012701983164554011,0.21842007471649208,5.412547415890091E-4,0.7289714005662089,0.0361527648871982
IDN.10.5_1,2021.0,0.012824057202457998,0.2122849567085968,2.2888882106997894E-4,0.73521333335727,0.03623624198664725
IDN.10.5_1,2022.0,0.012632867716623074,0.1812422469521883,3.877645909891408E-4,0.7658350672035539,0.03649385411075347
IDN.10.5_1,2023.0,0.009028990788795759,0.17909607765344981,3.877645909891408E-4,0.7714064903893633,0.03667247715151003
IDN.10.6_1,2011.0,0.11668797704498818,0.25163952426763453,0.020680913964410373,0.4659258755555657,0.09190198192092161
IDN.10.6_1,2012.0,0.11233709265499821,0.25052532776550923,0.018412947197453015,0.47437403782805854,0.09190198192092161
IDN.10.6_1,2013.0,0.10982443741158614,0.2538684746488246,0.019692127273679888,0.47283289059025135,0.09190198192092161
IDN.10.6_1,2014.0,0.10893653594691102,0.252645032266551,0.020118520632422178,0.47451784107845785,0.09190198192092161
IDN.10.6_1,2015.0,0.10891368349239018,0.25397660577509396,0.018412947197453015,0.4747725623398242,0.09190198192092161
IDN.10.6_1,2016.0,0.1333674819604954,0.24703113173158062,0.025517831045672585,0.45030148518659335,0.09190198192092161
IDN.10.6_1,2017.0,0.13648321905248154,0.25737493297542297,0.023637241251690252,0.4384382744055857,0.09204411304050238
IDN.10.6_1,2018.0,0.1314205643107087,0.26983676658948846,0.020664750033163936,0.43348598029784025,0.09214332613573915
IDN.10.6_1,2019.0,0.13443541617663948,0.26673273441323253,0.017416357229569072,0.4365392911725987,0.0924275883749007
IDN.10.6_1,2020.0,0.13370580976279156,0.2750103393422283,0.0192434388373563,0.4271642110496637,0.09256971949448146
IDN.10.6_1,2021.0,0.13905439887454452,0.28264751816770134,0.019690455142861288,0.4130207712090288,0.09328037509238526
IDN.10.6_1,2022.0,0.15211764220636548,0.2662533902452347,0.020652487740494222,0.4152474920824608,0.09342250621196602
IDN.10.6_1,2023.0,0.14253911950050113,0.2767231586774114,0.02007504523113865,0.41464998400328196,0.09370621107418801
IDN.10.7_1,2011.0,0.14737910376188243,0.28891299533615183,0.06287578445395015,0.4609467229014765,0.030151837316447366
IDN.10.7_1,2012.0,0.14292671880541558,0.28808545781806494,0.06077530441558703,0.4683271254143933,0.030151837316447366
IDN.10.7_1,2013.0,0.14447065072422033,0.2951686461519506,0.06189006572013248,0.4587367648111733,0.030151837316447366
IDN.10.7_1,2014.0,0.13432249320237047,0.3029353438443364,0.06451878776576526,0.4583833546739219,0.030257985237529924
IDN.10.7_1,2015.0,0.13195393762997926,0.29847962875701206,0.060087632393514924,0.4695534461026647,0.030257985237529924
IDN.10.7_1,2016.0,0.15862620446670458,0.2840306072327113,0.06760873293516072,0.4498944348518175,0.030257985237529924
IDN.10.7_1,2017.0,0.171331069954394,0.2750721389597005,0.06797213346498454,0.4457579960604552,0.030257985237529924
IDN.10.7_1,2018.0,0.16350734377107365,0.26982093886379266,0.06321171140419966,0.4633810485583031,0.03047028107969504
IDN.10.7_1,2019.0,0.16324925862961795,0.26670352011482296,0.05690277849468097,0.47295933743716456,0.0305764290007776
IDN.10.7_1,2020.0,0.1607662298090005,0.26663858256310186,0.061065442066546044,0.47123849231655557,0.03068257692186016
IDN.10.7_1,2021.0,0.16841970305223164,0.2532910018199165,0.06477437530907779,0.4731441596997554,0.030788724842942712
IDN.10.7_1,2022.0,0.18540919815444162,0.22649219001060636,0.07575464927894346,0.4718670545159072,0.03089487276402527
IDN.10.7_1,2023.0,0.17548998712904437,0.24372728226355644,0.06358010713030972,0.4764072716737404,0.03121331652727295
IDN.10.8_1,2011.0,0.0,0.024766356509348168,0.04833531759790364,0.7212461507057889,0.11336482763268271
IDN.10.8_1,2012.0,0.0,0.02280325308700454,0.04853846461872328,0.7275935184380333,0.11336482763268271
IDN.10.8_1,2013.0,0.0,0.021216166986851102,0.05325674951093327,0.7254448480255179,0.11361387806686064
IDN.10.8_1,2014.0,0.0,0.02574888488888931,0.055000102550178724,0.7196043711769532,0.11367638484249745
IDN.10.8_1,2015.0,0.0,0.02729006757568446,0.05275864864257741,0.7193084406610476,0.1141744857108533
IDN.10.8_1,2016.0,0.0,0.028550946440483276,0.06196863136531395,0.7090221693953148,0.11442353614503122
IDN.10.8_1,2017.0,0.0,0.030579486643571692,0.06196863136531395,0.7052473461478729,0.1144264661501392
IDN.10.8_1,2018.0,0.0,0.03424589970201843,0.060474328760246415,0.7020497339067022,0.11470481663539688
IDN.10.8_1,2019.0,0.0,0.034731303881573056,0.057241556457780035,0.7022919476622949,0.11545196793793062
IDN.10.8_1,2020.0,0.0,0.0362334198335952,0.06097731297044889,0.6950333483414701,0.11697459392570861
IDN.10.8_1,2021.0,0.0,0.0530760658626081,0.061475413838804734,0.6755175609856143,0.11865153351583994
IDN.10.8_1,2022.0,0.0,0.06015398153510775,0.0684488259957866,0.6594738296827095,0.12064393698926333
IDN.10.8_1,2023.0,0.0,0.0612146433841949,0.06657166938994358,0.6574169660969106,0.12188918916015294
IDN.11.16_1,2011.0,0.0,0.26977050509144324,0.07796747555600586,0.021758954354323925,0.4870054207406655
IDN.11.16_1,2012.0,0.0,0.27412736207507976,0.07796747555600586,0.01740209737068747,0.4870054207406655
IDN.11.16_1,2013.0,0.0,0.26999848016616845,0.07150818177212623,0.027990273063478385,0.4870054207406655
IDN.11.16_1,2014.0,0.0,0.25069659050610466,0.07150818177212623,0.04083286893966259,0.4934647145245451
IDN.11.16_1,2015.0,0.0,0.24494655251025885,0.07150818177212623,0.040123613151628754,0.49992400830842476
IDN.11.16_1,2016.0,0.0,0.24352804093419117,0.06859516692841582,0.04154212472769643,0.49992400830842476
IDN.11.16_1,2017.0,0.0,0.2412482901869395,0.07467450225442017,0.03804650691524393,0.5056993768681288
IDN.11.16_1,2018.0,0.0,0.21690561831906374,0.07054562034550887,0.06005876690815136,0.5121586706520085
IDN.11.16_1,2019.0,0.0,0.18767414762652615,0.07054562034550887,0.08283094381680935,0.5186179644358881
IDN.11.16_1,2020.0,0.0,0.18868737018086024,0.07054562034550887,0.0818177212624753,0.5186179644358881
IDN.11.16_1,2021.0,0.0,0.18896600638330208,0.07054562034550887,0.08153908506003343,0.5186179644358881
IDN.11.16_1,2022.0,0.0,0.20069405744971885,0.07467450225442017,0.0656821520847054,0.5186179644358881
IDN.11.16_1,2023.0,0.0,0.20251785804752015,0.06867115861999087,0.06986169512133338,0.5186179644358881
IDN.11.17_1,2011.0,0.0,0.08229612756264236,0.04411845102505695,0.49733029612756274,0.36772665148063777
IDN.11.17_1,2012.0,0.0,0.07927107061503418,0.04411845102505695,0.500355353075171,0.36772665148063777
IDN.11.17_1,2013.0,0.0,0.07549886104783599,0.04411845102505695,0.5041275626423691,0.36772665148063777
IDN.11.17_1,2014.0,0.0,0.0730751708428246,0.04411845102505695,0.5041275626423691,0.3701503416856492
IDN.11.17_1,2015.0,0.0,0.08236902050113894,0.04411845102505695,0.4948337129840548,0.3701503416856492
IDN.11.17_1,2016.0,0.0,0.06378132118451024,0.04876537585421412,0.5087744874715263,0.3701503416856492
IDN.11.17_1,2017.0,0.0,0.06081093394077448,0.04876537585421412,0.5117448747152621,0.3701503416856492
IDN.11.17_1,2018.0,0.0,0.061011389521640084,0.04876537585421412,0.5115444191343965,0.3701503416856492
IDN.11.17_1,2019.0,0.0,0.08189521640091116,0.04876537585421412,0.49066059225512537,0.3701503416856492
IDN.11.17_1,2020.0,0.0,0.0816765375854214,0.04411845102505695,0.4908792710706151,0.3747972665148064
IDN.11.17_1,2021.0,0.0,0.10512984054669704,0.039471526195899775,0.47207289293849664,0.3747972665148064
IDN.11.17_1,2022.0,0.0,0.10512984054669704,0.039471526195899775,0.47207289293849664,0.3747972665148064
IDN.11.17_1,2023.0,0.0,0.10512984054669704,0.039471526195899775,0.46277904328018227,0.38409111617312075
IDN.11.18_1,2011.0,0.0032770145855885013,0.08896595208070622,0.060668571237264116,0.7678860382327672,0.032165295896617534
IDN.11.18_1,2012.0,0.0037339999330424397,0.08166144025711708,0.051980269838967065,0.7834073586358519,0.032165295896617534
IDN.11.18_1,2013.0,0.0022810208795991473,0.08532122889441911,0.04990346951757078,0.7832137396913261,0.032165295896617534
IDN.11.18_1,2014.0,0.0012850271736097936,0.07123838007343014,0.04390853597294914,0.8045023379348063,0.032165295896617534
IDN.11.18_1,2015.0,0.0018563983528440224,0.061053577207646564,0.03701692910310348,0.820931491256459,0.03230758071175887
IDN.11.18_1,2016.0,0.0017040699036927095,0.07104866698657501,0.045892153689919536,0.8021247865727777,0.03230758071175887
IDN.11.18_1,2017.0,0.0016142351772701403,0.07728743764577221,0.04578334765481145,0.795957437310985,0.032449865526900205
IDN.11.18_1,2018.0,0.0011154013547746318,0.07704527447019832,0.036886361860973785,0.8055452019328422,0.032449865526900205
IDN.11.18_1,2019.0,0.0017141135377026862,0.0757836824426118,0.029741990201877046,0.8133524534365972,0.032449865526900205
IDN.11.18_1,2020.0,0.0024333493287504605,0.06991317836378043,0.027627247263109736,0.8206033992121332,0.032449865526900205
IDN.11.18_1,2021.0,0.0011790110368378177,0.06811146201832405,0.02857190683971476,0.8227811938532963,0.032449865526900205
IDN.11.18_1,2022.0,6.21589349284112E-4,0.07435581247419344,0.03300672923478668,0.8127743865013564,0.032449865526900205
IDN.11.18_1,2023.0,6.065238982691471E-4,0.07541429990291154,0.022379448492896924,0.8223967458625812,0.032449865526900205
IDN.11.19_1,2011.0,0.27333331895617513,0.4207593943047043,0.009189699772589299,0.273274013178822,0.019546105928744645
IDN.11.19_1,2012.0,0.2608284262295435,0.42210671373748226,0.0081448398043125,0.2854764464409525,0.019546105928744645
IDN.11.19_1,2013.0,0.27733322406693134,0.41040190986168795,0.008899640606989239,0.27991518195551635,0.019546105928744645
IDN.11.19_1,2014.0,0.2689964492013667,0.41026712400406723,0.012413777486879945,0.2848726057988111,0.019546105928744645
IDN.11.19_1,2015.0,0.269539905779294,0.40074207701771725,0.014884671828785298,0.2915207834401018,0.019546105928744645
IDN.11.19_1,2016.0,0.31456485194582257,0.3679869570421296,0.015901496338676963,0.27782168801494933,0.01968358750351791
IDN.11.19_1,2017.0,0.31908287389327333,0.36744188303391084,0.01887864636180622,0.27087159005258804,0.01968358750351791
IDN.11.19_1,2018.0,0.31102753189842103,0.3753732220397519,0.01777232404245431,0.27210191536095113,0.01968358750351791
IDN.11.19_1,2019.0,0.2969941675463691,0.3802346783524205,0.01627512273600195,0.28277102470678683,0.01968358750351791
IDN.11.19_1,2020.0,0.29817920480657156,0.381241259137133,0.018622553232326606,0.27809449459077396,0.019821069078291172
IDN.11.19_1,2021.0,0.3055616958001805,0.3745742114757755,0.01559795858731482,0.2804036459035343,0.019958550653064434
IDN.11.19_1,2022.0,0.3004268937682567,0.3806697671008206,0.014057086662993304,0.2812587273842809,0.019958550653064434
IDN.11.19_1,2023.0,0.26437706828898516,0.4007075718381662,0.013675912257641549,0.2975597290049462,0.019958550653064434
IDN.11.1_1,2011.0,0.0,0.06760917864203493,0.02445430388690458,0.8870547389270864,0.007690915739309269
IDN.11.1_1,2012.0,0.0,0.05883629379403246,0.024681059383660553,0.8959845505923801,0.007690915739309269
IDN.11.1_1,2013.0,0.0,0.05945724344905625,0.025609855905141126,0.8947997155795296,0.007690915739309269
IDN.11.1_1,2014.0,0.0,0.05324999943686551,0.024413007356038425,0.9021354811533899,0.007690915739309269
IDN.11.1_1,2015.0,0.0,0.04829066150284835,0.024678806845613306,0.9069296329639425,0.007690915739309269
IDN.11.1_1,2016.0,0.0,0.061696266268017524,0.025290746348448124,0.8929796648373558,0.007690915739309269
IDN.11.1_1,2017.0,3.829314680316047E-4,0.0741655660515486,0.02586514355049553,0.8795530363837457,0.007690915739309269
IDN.11.1_1,2018.0,1.9146573401580236E-4,0.06895319301022429,0.023464688838148392,0.8873573298714332,0.007690915739309269
IDN.11.1_1,2019.0,1.9146573401580236E-4,0.06288560635696273,0.02232039951014807,0.894569205852695,0.007690915739309269
IDN.11.1_1,2020.0,1.9146573401580236E-4,0.05764395032102424,0.02279418334608521,0.8989541465846645,0.008073847207340874
IDN.11.1_1,2021.0,1.9146573401580236E-4,0.055002474037621915,0.023025443918935674,0.9012840217715313,0.008073847207340874
IDN.11.1_1,2022.0,9.573286700790118E-4,0.057400676211921804,0.024558671483093587,0.8965994934792779,0.008073847207340874
IDN.11.1_1,2023.0,7.658629360632094E-4,0.060369521358190376,0.02200729672158105,0.8963734888285377,0.008073847207340874
IDN.11.22_1,2011.0,0.21831246398975065,0.45436309295229105,0.006868473826641609,0.2673963236837875,0.04930370058913404
IDN.11.22_1,2012.0,0.19820691210291957,0.46136776640802873,0.0063570187879193754,0.28100865715360307,0.04930370058913404
IDN.11.22_1,2013.0,0.20050167805289926,0.4728240767035623,0.006675477256781229,0.26708634237026363,0.04930370058913404
IDN.11.22_1,2014.0,0.2000114159025219,0.46273739213879506,0.0065819459762193186,0.27775682036597016,0.04930370058913404
IDN.11.22_1,2015.0,0.20012472721220564,0.4475302231780688,0.006522323317009158,0.29283824485585025,0.04930370058913404
IDN.11.22_1,2016.0,0.22179855283655517,0.45414494748826156,0.006813089745100416,0.26433098431358926,0.04930370058913404
IDN.11.22_1,2017.0,0.2338663486037985,0.4388445298188179,0.006583641407286906,0.26778627282933265,0.04930370058913404
IDN.11.22_1,2018.0,0.21544238176416966,0.4426273191024503,0.0058481068957985235,0.2831697666210879,0.04930370058913404
IDN.11.22_1,2019.0,0.21516122277879468,0.4354183462030682,0.005527952995869083,0.2910453265018765,0.04937575640950651
IDN.11.22_1,2020.0,0.2224397083519479,0.4276820942416663,0.005782267656007209,0.2911835041338849,0.04951986805025145
IDN.11.22_1,2021.0,0.2342916192299184,0.41204287293055,0.005525974992956898,0.29522710723008105,0.04951986805025145
IDN.11.22_1,2022.0,0.2425605191183873,0.4001966134894714,0.0058328480161902365,0.29849759375945734,0.04959192387062392
IDN.11.22_1,2023.0,0.21721778066377836,0.4133028607856122,0.005599726244396954,0.3108050104509197,0.04975412010942313
IDN.11.24_1,2023.0,0.07479800528564504,0.2451204629214198,1.9293436524215544E-4,0.6354380328866089,0.044450564541084835
IDN.11.26_1,2011.0,0.05393972825855185,0.7287283287089319,0.005501822018568211,0.20347524764733285,0.004560205023516345
IDN.11.26_1,2012.0,0.04617362344399332,0.7357158283822207,0.005679965774388835,0.20407570903278227,0.004560205023516345
IDN.11.26_1,2013.0,0.035780070184512854,0.7629560033070082,0.005894563657848427,0.18701448948401564,0.004560205023516345
IDN.11.26_1,2014.0,0.030593266853843656,0.773632935822852,0.00542478688091605,0.18199413707577342,0.004560205023516345
IDN.11.26_1,2015.0,0.04395336072666138,0.7548563088338669,0.005073314065378064,0.18776214300747904,0.004560205023516345
IDN.11.26_1,2016.0,0.07504941941643122,0.7510733333241622,0.005527958940271624,0.15999441495251998,0.004560205023516345
IDN.11.26_1,2017.0,0.0823540012188058,0.7481803887798321,0.0053250538902056615,0.15578568274454163,0.004560205023516345
IDN.11.26_1,2018.0,0.07938127028190722,0.7462338759266569,0.004943317270590041,0.16108666315423098,0.004560205023516345
IDN.11.26_1,2019.0,0.09027348849493963,0.735406312204154,0.004562956278432494,0.16140236965585902,0.004560205023516345
IDN.11.26_1,2020.0,0.06974568775182571,0.7673201814177489,0.004403383493295873,0.15017587397051457,0.004560205023516345
IDN.11.26_1,2021.0,0.0835810609114081,0.7496935789837139,0.004160585246945757,0.1542099014913175,0.004560205023516345
IDN.11.26_1,2022.0,0.15794473003998927,0.6697290426595823,0.0044302082287283225,0.1595411457050845,0.004560205023516345
IDN.11.26_1,2023.0,0.1323112879862325,0.6959526288928529,0.004454281709244623,0.15892692804505432,0.004560205023516345
IDN.11.27_1,2011.0,0.0,0.015851963509651144,0.014584393719901324,0.9451984064836929,0.00671347049841431
IDN.11.27_1,2012.0,0.0,0.015678223248893928,0.01430420696135624,0.9463583062526916,0.00671347049841431
IDN.11.27_1,2013.0,0.0,0.014945332994009625,0.016732900043068,0.9468783035120003,0.00671347049841431
IDN.11.27_1,2014.0,0.0,0.013672869112407494,0.01750616655573391,0.9483134959476919,0.00671347049841431
IDN.11.27_1,2015.0,0.0,0.01145339845738224,0.016710876629732578,0.9508951293997886,0.00671347049841431
IDN.11.27_1,2016.0,0.0,0.012014995497435491,0.01769703613797423,0.9499713695626638,0.00671347049841431
IDN.11.27_1,2017.0,0.0,0.0127882620101014,0.019220322227007546,0.9481079440898946,0.00671347049841431
IDN.11.27_1,2018.0,0.0,0.013962844054657211,0.01738503778238909,0.9486475177166124,0.00671347049841431
IDN.11.27_1,2019.0,0.0,0.013763409811675339,0.01704489839865314,0.9485349536040093,0.00671347049841431
IDN.11.27_1,2020.0,0.0,0.012498287067851685,0.017818164911319045,0.9491760796366626,0.00671347049841431
IDN.11.27_1,2021.0,0.0,0.015166790650326918,0.018021269723190157,0.9469003269253357,0.00671347049841431
IDN.11.27_1,2022.0,0.0,0.015903351474100456,0.018765171684742173,0.9457600035237461,0.00671347049841431
IDN.11.27_1,2023.0,0.0,0.018032281429857865,0.018754159978074458,0.9439540836302414,0.00671347049841431
IDN.11.28_1,2011.0,0.08372911642845335,0.40219718657258824,0.0156277469752113,0.42452591307816034,0.05349434926699222
IDN.11.28_1,2012.0,0.0654163856825356,0.4140378797221734,0.015019640462764465,0.43096843094087917,0.053996184738428925
IDN.11.28_1,2013.0,0.05735815440001469,0.41433963699911563,0.015412580916869806,0.43763529877906376,0.05466529870034453
IDN.11.28_1,2014.0,0.057981348776308644,0.40251731168377936,0.015521475934201173,0.4473846828006223,0.05618589297850176
IDN.11.28_1,2015.0,0.05430515795025465,0.39732905450261213,0.014729035085187392,0.4565836877888014,0.05652044995945957
IDN.11.28_1,2016.0,0.09270442743524682,0.3646533333683196,0.016234541499497507,0.4486855190618759,0.05718956392137517
IDN.11.28_1,2017.0,0.10202544732236338,0.35702149823799983,0.01640181998997641,0.4463252523609227,0.057541176748421026
IDN.11.28_1,2018.0,0.0888655500772761,0.3648796513260264,0.014559132618387255,0.453245989908187,0.05787573372937883
IDN.11.28_1,2019.0,0.08252143132660371,0.36371132586899524,0.014163568187960668,0.4601083439823038,0.058712126181773336
IDN.11.28_1,2020.0,0.08040125845904365,0.3637178858097984,0.013829011207002863,0.46194184743676875,0.059548518634167845
IDN.11.28_1,2021.0,0.09499778274000853,0.34421190183179784,0.013996289697481765,0.46501124373853653,0.06122130353895687
IDN.11.28_1,2022.0,0.10192376823991539,0.3331354417857733,0.01457750045263592,0.46834041369610685,0.06155586051991467
IDN.11.28_1,2023.0,0.081845757423885,0.35265454564538007,0.012786636613391198,0.47018834902033846,0.06205769599135138
IDN.11.29_1,2019.0,0.15989238907017045,0.25933462091478954,1.757672758553663E-4,0.5704027207395738,0.010194501999611246
IDN.11.2_1,2011.0,0.4511521404328193,0.23003235761753818,0.018192689639545134,0.25017468993552866,0.04445553931079195
IDN.11.2_1,2012.0,0.4491702431347807,0.23029744180209533,0.017283055157567877,0.25280113753098743,0.04445553931079195
IDN.11.2_1,2013.0,0.4391843213275678,0.24258943338662114,0.017750611618059763,0.24995839425119673,0.044524656352777706
IDN.11.2_1,2014.0,0.4328304323149008,0.23679932259877903,0.020597420606202538,0.2591864680215774,0.04459377339476346
IDN.11.2_1,2015.0,0.43179936867680735,0.22308108052433537,0.021320574598429988,0.2730052686159298,0.044801124520720735
IDN.11.2_1,2016.0,0.42163347151320807,0.2385272486484229,0.021549338455041662,0.26728888267287243,0.045008475646678
IDN.11.2_1,2017.0,0.43139279784159706,0.23127781960939917,0.021555572541181556,0.2648069032475251,0.045008475646678
IDN.11.2_1,2018.0,0.4229873523944585,0.22892811122910692,0.021603818946959848,0.2755138106691775,0.045008475646678
IDN.11.2_1,2019.0,0.42952365618852334,0.21596771719149535,0.019540065387432186,0.2839325374302662,0.045077592688663765
IDN.11.2_1,2020.0,0.42864139747611696,0.22343479715096837,0.020137182420744422,0.2765432480239301,0.04528494381462103
IDN.11.2_1,2021.0,0.429599549411096,0.22399423862021775,0.01968399146309664,0.27544469362719176,0.04528494381462103
IDN.11.2_1,2022.0,0.4280253071371616,0.22647540490389467,0.019173609541295933,0.27497903449726424,0.04535406085660679
IDN.11.2_1,2023.0,0.4219440916313088,0.22590159793180123,0.016923646539241943,0.2837457858932929,0.045492294940578305
IDN.11.30_1,2011.0,0.18862875041568195,0.3428670650039004,0.014467153607214256,0.42024257139959803,0.02295698263794272
IDN.11.30_1,2012.0,0.17431908863220608,0.35406767956192337,0.013811126514088435,0.4236909625186454,0.02295698263794272
IDN.11.30_1,2013.0,0.170847470301744,0.3559666457244085,0.013251407370730653,0.4260448421144466,0.02295698263794272
IDN.11.30_1,2014.0,0.16602187550101366,0.3504606635844345,0.013135837831009007,0.4368013070688335,0.02295698263794272
IDN.11.30_1,2015.0,0.17253115987062995,0.3367741708876929,0.013872876905410296,0.4435915840448318,0.02295698263794272
IDN.11.30_1,2016.0,0.2071850262665769,0.31937302391666306,0.014671099853781872,0.42525171782223925,0.02295698263794272
IDN.11.30_1,2017.0,0.21702203355935468,0.3158787448921379,0.01408702046430629,0.4196052393790743,0.02295698263794272
IDN.11.30_1,2018.0,0.2142047427699638,0.31746102785509156,0.013752775226876035,0.42075980174158756,0.02295698263794272
IDN.11.30_1,2019.0,0.1998508926330649,0.32276249723114636,0.012469613425554802,0.4309916716284144,0.02295698263794272
IDN.11.30_1,2020.0,0.21293914300654143,0.3141378370707427,0.012741541754311619,0.42648559261397323,0.02295698263794272
IDN.11.30_1,2021.0,0.23268170619163792,0.2988922886224621,0.012340447469395315,0.4224978769762249,0.02310144456259478
IDN.11.30_1,2022.0,0.2350015947463445,0.29090779306934,0.011789226086311184,0.4289544752321445,0.02310144456259478
IDN.11.30_1,2023.0,0.21396567244759837,0.30932640520380184,0.01076213012790262,0.43259888135483754,0.02310144456259478
IDN.11.31_1,2011.0,0.0,0.030605880297923167,0.019992087711546033,0.9040060745956525,0.00943891346413069
IDN.11.31_1,2012.0,2.0339047941130012E-4,0.029208468062909058,0.02357574819780082,0.9052686907874491,0.00943891346413069
IDN.11.31_1,2013.0,2.0339047941130012E-4,0.02622700291765636,0.02731414497035284,0.908203894568757,0.00943891346413069
IDN.11.31_1,2014.0,4.0678095882260023E-4,0.024966779555029482,0.027041362445024746,0.9099091841569193,0.00943891346413069
IDN.11.31_1,2015.0,4.0678095882260023E-4,0.023519915517178115,0.0253121445651671,0.9127095918950099,0.00943891346413069
IDN.11.31_1,2016.0,4.0678095882260023E-4,0.024942851263334037,0.030344264308719622,0.9070680983229468,0.00943891346413069
IDN.11.31_1,2017.0,6.101714382339004E-4,0.02916699235730362,0.028942066415366424,0.904215048343126,0.00943891346413069
IDN.11.31_1,2018.0,4.0678095882260023E-4,0.03190757936615549,0.026583534463918528,0.9038641000649263,0.00943891346413069
IDN.11.31_1,2019.0,6.101714382339004E-4,0.028368585024398867,0.025375155733298443,0.9077979112196579,0.00943891346413069
IDN.11.31_1,2020.0,8.135619176452005E-4,0.02953788087858305,0.02556658206686202,0.9068439699907327,0.00943891346413069
IDN.11.31_1,2021.0,6.101714382339004E-4,0.03142023982529155,0.025327299149907546,0.9054242246834695,0.00943891346413069
IDN.11.31_1,2022.0,8.135619176452005E-4,0.0322617180832481,0.026264490574645895,0.9035945079784908,0.00943891346413069
IDN.11.31_1,2023.0,4.0678095882260023E-4,0.03350359642224181,0.026358608521981314,0.9028527309359319,0.00943891346413069
IDN.11.32_1,2011.0,0.0,0.0840906718223984,0.0909985750331159,0.3532331563084274,0.2700156326053031
IDN.11.32_1,2012.0,0.0,0.08561732521106728,0.08806186878102283,0.3527437052664118,0.2734729737608143
IDN.11.32_1,2013.0,0.0,0.08152139280683224,0.0891275433489569,0.3519003851884793,0.2770292897807774
IDN.11.32_1,2014.0,0.0,0.07740919056186538,0.08718736484168764,0.35507978323148864,0.28038223279159274
IDN.11.32_1,2015.0,0.0,0.07508124751715449,0.08498144560246539,0.3540751205662989,0.2857892431948001
IDN.11.32_1,2016.0,0.0,0.07392473300513447,0.09387426938246463,0.34438507459044065,0.2879924507939004
IDN.11.32_1,2017.0,0.0,0.08665181591759866,0.09074232504158977,0.32927852747094816,0.2932286278694236
IDN.11.32_1,2018.0,0.0,0.0836717234235541,0.08495568502130668,0.3288012788094815,0.3022177148737527
IDN.11.32_1,2019.0,0.0,0.0809980462632921,0.08278501710367005,0.3197932103242985,0.3163195993280555
IDN.11.32_1,2020.0,0.0,0.07879348284413085,0.08221421685799546,0.31508309143243746,0.3232342816390779
IDN.11.32_1,2021.0,0.0,0.08658131327442745,0.08257622081427837,0.30292274130546487,0.3265695989891005
IDN.11.32_1,2022.0,0.0,0.09545786721369486,0.0857746003381415,0.2885903674407947,0.33029674833674766
IDN.11.32_1,2023.0,0.0,0.09205882632080599,0.08231997082275226,0.2878148383659114,0.33689145711337765
IDN.11.33_1,2011.0,0.2548631880471875,0.17993311115380026,0.01486523242787242,0.5218581305548552,0.02003728057421248
IDN.11.33_1,2012.0,0.2679924592900946,0.17006838688377046,0.014205508431014188,0.5192533075788361,0.02003728057421248
IDN.11.33_1,2013.0,0.2626870564266692,0.1907771407691218,0.013615692854125797,0.5043927748766761,0.02003728057421248
IDN.11.33_1,2014.0,0.26335500494352393,0.18390907910637058,0.013285537122839662,0.5110704976480807,0.02003728057421248
IDN.11.33_1,2015.0,0.27055204740613314,0.16436468226623122,0.013612168059841601,0.5229437671943868,0.02003728057421248
IDN.11.33_1,2016.0,0.26109091208164353,0.19722163965205575,0.013947023516839994,0.4992130896760535,0.02003728057421248
IDN.11.33_1,2017.0,0.2580454898201003,0.20819138693018027,0.014169673022458222,0.49091631139677583,0.02018708433129071
IDN.11.33_1,2018.0,0.25261319436244395,0.1992995058825879,0.013808969074042412,0.5054513880933621,0.020336888088368938
IDN.11.33_1,2019.0,0.27161418541710347,0.17479631095030215,0.013552246557010312,0.5113577683822426,0.020336888088368938
IDN.11.33_1,2020.0,0.27884060116541437,0.17823474777453296,0.013634491756974829,0.5006106706097363,0.020336888088368938
IDN.11.33_1,2021.0,0.2641439713974692,0.19572242714984542,0.013965234953974994,0.49748887780536877,0.020336888088368938
IDN.11.33_1,2022.0,0.26716648249616526,0.19711530835781596,0.013735535859788378,0.49330318459288897,0.020336888088368938
IDN.11.33_1,2023.0,0.26250611698674725,0.20296646686957734,0.013430641154205633,0.49241728629612835,0.020336888088368938
IDN.11.34_1,2011.0,0.038888246796507195,0.20440102647080685,0.09405259582289162,0.613008572403121,0.006783784317097178
IDN.11.34_1,2012.0,0.03876327369391367,0.1946488960552666,0.09394923461022027,0.6241668851346855,0.006783784317097178
IDN.11.34_1,2013.0,0.033539773864459665,0.20869615468099473,0.09652480810051232,0.6135164518162924,0.006783784317097178
IDN.11.34_1,2014.0,0.03846540547194265,0.20105259300394965,0.09394970443391423,0.6195743585262208,0.006783784317097178
IDN.11.34_1,2015.0,0.041220921437021586,0.18747703736695795,0.09261728443784195,0.63191239855332,0.006783784317097176
IDN.11.34_1,2016.0,0.03322358251842418,0.20848755296087623,0.09650460568167199,0.6149151169532133,0.006783784317097178
IDN.11.34_1,2017.0,0.029538285462997197,0.22415100509382885,0.09693872277489161,0.6024624399447873,0.006783784317097178
IDN.11.34_1,2018.0,0.03148194608491222,0.21018549579084986,0.09466947433306189,0.6168451526880036,0.006783784317097178
IDN.11.34_1,2019.0,0.03475003970010218,0.1997746725563768,0.09342773030992402,0.6252000274377049,0.006783784317097178
IDN.11.34_1,2020.0,0.03835640637494379,0.2025593175904813,0.09521118105219846,0.6170476467001004,0.006783784317097176
IDN.11.34_1,2021.0,0.036557451450768635,0.2070855990580978,0.09849383920190125,0.6108938959566044,0.006783784317097178
IDN.11.34_1,2022.0,0.031180789097083477,0.22822625581524314,0.10695630357751965,0.5869169135590189,0.006783784317097178
IDN.11.34_1,2023.0,0.028719382764423863,0.23832464629323247,0.1037582136927298,0.5824531186426991,0.006783784317097178
IDN.11.35_1,2011.0,0.0,0.06677085610630873,0.062162098284714924,0.03489066017501465,0.7193414203246227
IDN.11.35_1,2012.0,0.0,0.06317838847101508,0.06435125824997198,0.037720910170583155,0.7231081935441945
IDN.11.35_1,2013.0,0.0,0.06270864969304493,0.06622725902991561,0.03686119957693969,0.7246149028320232
IDN.11.35_1,2014.0,0.0,0.06171894849417705,0.06529369013784918,0.036636670349733835,0.7273358425459258
IDN.11.35_1,2015.0,0.0,0.06465850877141155,0.06196711237687827,0.03638850646703263,0.7288425518337545
IDN.11.35_1,2016.0,0.0,0.06494803330122963,0.06604999911370046,0.032899440449531164,0.7306860549623919
IDN.11.35_1,2017.0,0.0,0.06662018517752584,0.06663791116914737,0.03214608580561679,0.7314394096063063
IDN.11.35_1,2018.0,0.0,0.07117281069231819,0.06313998215583515,0.02798047777456086,0.7344528281819638
IDN.11.35_1,2019.0,0.0,0.07254066637911175,0.05764492475316561,0.028787010393339776,0.7372919411733431
IDN.11.35_1,2020.0,0.0,0.07437826084387543,0.05440106828642844,0.025300898707775233,0.7408578198212045
IDN.11.35_1,2021.0,0.0,0.0781154907440781,0.053816110562918455,0.022107265883965676,0.7438712383968619
IDN.11.35_1,2022.0,0.0,0.07960742837222223,0.054672866824624994,0.021684796416986247,0.7450884231548726
IDN.11.35_1,2023.0,0.0,0.0758879244636411,0.05487376139633549,0.0252034057538569,0.7458417777987869
IDN.11.36_1,2011.0,0.19877244824812107,0.5389050795568733,0.008431494692556434,0.2448342030382806,0.004789376974052847
IDN.11.36_1,2012.0,0.1779355280992434,0.5591253282914447,0.008308629956457363,0.24563869315745163,0.004789376974052847
IDN.11.36_1,2013.0,0.17443662214319924,0.5777898120873858,0.008545751071349198,0.2302359942026627,0.004789376974052847
IDN.11.36_1,2014.0,0.1661788597526428,0.5887920753027795,0.008065248218070038,0.22790704226233893,0.004789376974052847
IDN.11.36_1,2015.0,0.17031008868173178,0.5741484769468193,0.0074321426670882155,0.23905251724019203,0.004789376974052847
IDN.11.36_1,2016.0,0.2117671548909556,0.5600714650172012,0.008043336035835808,0.21106126959183866,0.004789376974052847
IDN.11.36_1,2017.0,0.21699086262000836,0.5451422257142591,0.007292061216376539,0.2215180759851874,0.004789376974052847
IDN.11.36_1,2018.0,0.20627815324128132,0.5511625977831134,0.006755212751637937,0.2267472617597987,0.004789376974052847
IDN.11.36_1,2019.0,0.21018243456865868,0.542421984805467,0.00636548893904344,0.23197331722266226,0.004789376974052847
IDN.11.36_1,2020.0,0.2220236213324485,0.5376803450855673,0.005966374191205702,0.22527288492660988,0.004789376974052847
IDN.11.36_1,2021.0,0.2515980241472248,0.5042940051399721,0.006943814034439691,0.22810738221419474,0.004789376974052847
IDN.11.36_1,2022.0,0.307406004563995,0.4454864034909239,0.0067810378235568505,0.23133473362612192,0.004789376974052847
IDN.11.36_1,2023.0,0.2898809542442336,0.4678250907007831,0.006555655377719068,0.22668152521309598,0.004789376974052847
IDN.11.37_1,2011.0,0.0010683033172174975,0.06223101208046279,0.00466105918449722,0.9159494477883406,0.012456466023020097
IDN.11.37_1,2012.0,0.004292950974499874,0.05568105446718562,0.0037679280047449477,0.9201678889240877,0.012456466023020097
IDN.11.37_1,2013.0,0.006421662526682915,0.05866687588634639,0.001655993502347308,0.9172570707863208,0.012456466023020097
IDN.11.37_1,2014.0,0.005439218228955415,0.04963292801954828,0.0011151803680884732,0.9277767744444085,0.012456466023020097
IDN.11.37_1,2015.0,0.006056021529889306,0.03703977838504123,9.893524946979597E-4,0.9397768060247373,0.012456466023020097
IDN.11.37_1,2016.0,0.002699131244886703,0.049920605079103834,0.0012222574211305966,0.9299281843580656,0.012456466023020097
IDN.11.37_1,2017.0,0.0027909115760656657,0.056851500411037766,0.0011516951235037596,0.9229760709925796,0.012456466023020097
IDN.11.37_1,2018.0,0.003945567355413908,0.04945084768511259,0.0011270229914664039,0.929347895812547,0.012456466023020097
IDN.11.37_1,2019.0,0.008272072429484587,0.044377270452950784,0.001290352505553698,0.9299691400972478,0.012456466023020097
IDN.11.37_1,2020.0,0.007798860937008105,0.049950211637548654,0.0010268541353947401,0.9250717218878325,0.01258229389641061
IDN.11.37_1,2021.0,0.005282796911838581,0.054060588834972105,0.0010011951180758903,0.9231867710001787,0.01258229389641061
IDN.11.37_1,2022.0,0.0028970017438262946,0.052240772375896756,0.0013470984092396156,0.9273158990179504,0.01258229389641061
IDN.11.37_1,2023.0,0.0032779394624830654,0.048731408314903295,0.0016278672718247223,0.9302553368288811,0.01258229389641061
IDN.11.38_1,2011.0,0.07568874057049797,0.2464523023037875,0.003185358882919397,0.6491720695927972,0.02249087262380789
IDN.11.38_1,2012.0,0.07463373885315193,0.25127698459476955,0.002849522323378374,0.6457382255787022,0.02249087262380789
IDN.11.38_1,2013.0,0.07265179430858786,0.2741893490622438,0.0025849238219218112,0.6246398873760214,0.022707131014421428
IDN.11.38_1,2014.0,0.06772195107471925,0.266634722616811,0.002856306900338799,0.6364204571956789,0.02335590618626204
IDN.11.38_1,2015.0,0.06434577596478794,0.2513660321673751,0.0034194267880540492,0.6542859444767173,0.023572164576875575
IDN.11.38_1,2016.0,0.07138731877758872,0.27121600820933767,0.0041759071191414055,0.6266379452908664,0.023572164576875575
IDN.11.38_1,2017.0,0.06862854017105603,0.27253900071662046,0.003946079574607018,0.6276547837628098,0.02422093974871619
IDN.11.38_1,2018.0,0.06448740400883679,0.2695673560079545,0.0034100979947334657,0.6346547710417282,0.024869714920556802
IDN.11.38_1,2019.0,0.0663709721874747,0.2642669052576227,0.003597521933265198,0.6374517128936632,0.025302231701783875
IDN.11.38_1,2020.0,0.06241471574742703,0.2655330769328619,0.003265077662204387,0.6387441748046242,0.027032298826692176
IDN.11.38_1,2021.0,0.06698497640239312,0.24343570977275866,0.0031794223780790254,0.6537618359065244,0.029627399514054624
IDN.11.38_1,2022.0,0.07899028533386462,0.22577291172841304,0.002157495473415055,0.6600087351428353,0.030059916295281697
IDN.11.38_1,2023.0,0.06850981007424856,0.23348951994877604,0.0027358806592912605,0.660896666652531,0.031357466638962925
IDN.11.4_1,2011.0,0.08335012372944949,0.24913033169288404,0.0028402671175769317,0.6514452913235775,0.012419141719477576
IDN.11.4_1,2012.0,0.07493618721829713,0.24357057699222243,0.002742307679463363,0.665516941973505,0.012419141719477576
IDN.11.4_1,2013.0,0.07800743823824413,0.2417822606589333,0.0026198583818214023,0.664356456584489,0.012419141719477576
IDN.11.4_1,2014.0,0.07217829508277024,0.23000486457664288,0.002588689469694358,0.6819941647343805,0.012419141719477576
IDN.11.4_1,2015.0,0.06970704562126885,0.22116402528689327,0.002566425961032183,0.6931420601092477,0.012470904377117134
IDN.11.4_1,2016.0,0.0788272919447287,0.233564243024008,0.002720600758517742,0.6714674212511876,0.012470904377117134
IDN.11.4_1,2017.0,0.08537832936857359,0.2306538458541452,0.0026449048290663486,0.667902476926657,0.012470904377117134
IDN.11.4_1,2018.0,0.08211616876184845,0.2293352895536279,0.0028402671175769317,0.672422525772795,0.012470904377117134
IDN.11.4_1,2019.0,0.08093620280275322,0.22182747784502613,0.0027445340303295803,0.6812060365277395,0.012470904377117134
IDN.11.4_1,2020.0,0.08128017401158377,0.21486178257234825,0.0027406379163137,0.6876401905311078,0.012662370551611835
IDN.11.4_1,2021.0,0.08680263733523622,0.1973353919657678,0.002662159048279534,0.6997225966820703,0.012662370551611835
IDN.11.4_1,2022.0,0.08966238502289256,0.18919919272517605,0.002287018927321891,0.7053435760315528,0.012692982876022326
IDN.11.4_1,2023.0,0.08430133213704089,0.18961218081085937,0.002287018927321891,0.710291640831721,0.012692982876022326
IDN.11.6_1,2011.0,0.24938447733790275,0.17882338314237106,1.6012066190742005E-4,0.5602113341567507,0.008846195627261702
IDN.11.6_1,2012.0,0.25614596473954626,0.18089490496053795,1.6012066190742005E-4,0.5512194601233615,0.008846195627261702
IDN.11.6_1,2014.0,0.2511112687898455,0.20441945585347757,1.1930559122513651E-4,0.5327704202508051,0.008846195627261702
IDN.11.6_1,2015.0,0.26151785596549904,0.19710539518721235,3.202413238148401E-4,0.5294769580088269,0.008846195627261702
IDN.11.6_1,2016.0,0.2702102101724968,0.20334758930494434,1.6012066190742005E-4,0.5147025303460047,0.008846195627261702
IDN.11.6_1,2020.0,0.29600910238868605,0.1967870376358906,1.0925880459565135E-4,0.4954271422731731,0.008846195627261702
IDN.11.6_1,2022.0,0.2807480334984981,0.19938664367626985,3.202413238148401E-4,0.5079655319867705,0.008846195627261702
IDN.11.6_1,2023.0,0.26883380040425736,0.20621908650848414,3.202413238148401E-4,0.513047322248797,0.008846195627261702
IDN.11.7_1,2011.0,0.038004876833770414,0.1700894932312911,0.10347010361288667,0.4586198909454934,0.05770258929095534
IDN.11.7_1,2012.0,0.03842053410372711,0.16790332636869437,0.10461474758339721,0.4618317159188801,0.0581071412140048
IDN.11.7_1,2013.0,0.03713628005781127,0.1706368281860051,0.11003177715693604,0.4561235676085588,0.05885754536930833
IDN.11.7_1,2014.0,0.030458793610300693,0.17752372974662362,0.10429507224028164,0.46202130005536823,0.059498482533669045
IDN.11.7_1,2015.0,0.024419071370891623,0.18100128980671937,0.09902875808905537,0.4691699705073715,0.0601782884122051
IDN.11.7_1,2016.0,0.025155197223028686,0.18369988910517873,0.10875704197979781,0.4559712657081166,0.060618536093170694
IDN.11.7_1,2017.0,0.021146960228579773,0.18999979375784318,0.11197362638757344,0.44867267307286524,0.06240887666243077
IDN.11.7_1,2018.0,0.02051157573767267,0.19424282951547372,0.10379612486852063,0.45283876464121003,0.06301491130794017
IDN.11.7_1,2019.0,0.019500195930049008,0.20296449303298128,0.0952545266187233,0.45256985659824184,0.06411513389082175
IDN.11.7_1,2020.0,0.01689281912404197,0.20828395420154935,0.09013337521635596,0.4522557339285798,0.06659638568552514
IDN.11.7_1,2021.0,0.019366931767162126,0.21006636238016144,0.08799480269764742,0.44925808350268986,0.06727381184686679
IDN.11.7_1,2022.0,0.022581136457743366,0.2106335283114955,0.09022618418693791,0.44106630368047056,0.06980424446358796
IDN.11.7_1,2023.0,0.022942060232228674,0.21262297188602106,0.08417297688342716,0.44394496824664015,0.07142245215578581
IDN.11.8_1,2011.0,0.3098933986640809,0.2480217601220493,0.004927555313225368,0.35613956211119663,0.07808575162487988
IDN.11.8_1,2012.0,0.29811030674415584,0.2590821911621053,0.0045860035820127045,0.3572037747222785,0.07808575162487988
IDN.11.8_1,2013.0,0.30022013407602866,0.26736386122903705,0.0046707273044483445,0.3466555236767375,0.07808575162487988
IDN.11.8_1,2014.0,0.30227800539693056,0.2581711897424664,0.00459072685573734,0.35387032429111737,0.07808575162487988
IDN.11.8_1,2015.0,0.305560385430944,0.2478700249536454,0.004591907674168498,0.36088792822749366,0.07808575162487988
IDN.11.8_1,2016.0,0.33246356215724926,0.23979116045226515,0.005205933258371039,0.3415216203426672,0.07808575162487988
IDN.11.8_1,2017.0,0.3421542438171612,0.24336726907102926,0.005020839969286908,0.3282926162537881,0.07816102879986625
IDN.11.8_1,2018.0,0.3303670190327269,0.25219536286697974,0.005020249560071328,0.3312815629076587,0.07823630597485262
IDN.11.8_1,2019.0,0.330699714625706,0.24453775534091535,0.004690210808562464,0.3388612364172666,0.07831158314983899
IDN.11.8_1,2020.0,0.31838259757028886,0.25981223215716903,0.004310872887552721,0.3360573830524802,0.07853741467479809
IDN.11.8_1,2021.0,0.3226539130403981,0.24993055311601728,0.003815814760289424,0.3418616960508409,0.07883852337474356
IDN.11.8_1,2022.0,0.3214736850184549,0.24421834395528694,0.004006516936921559,0.3485634310568823,0.07883852337474356
IDN.11.8_1,2023.0,0.3114325954890964,0.24183427154277748,0.0037485081097133766,0.36102077030099905,0.07906435489970268
IDN.12.10_1,2011.0,0.41540634258012377,0.4670950040398599,0.029198592782116884,0.0753065243738217,5.546391058443307E-4
IDN.12.10_1,2012.0,0.38488890385133306,0.5002408766496096,0.029478016428763798,0.07239866684621599,5.546391058443307E-4
IDN.12.10_1,2013.0,0.3512767640721787,0.5349102814435767,0.030007238082413137,0.0708478656073256,5.546391058443307E-4
IDN.12.10_1,2014.0,0.324214078911931,0.5638698491785619,0.029231753299218958,0.06972646781578237,5.546391058443307E-4
IDN.12.10_1,2015.0,0.3159007204416913,0.5718229868031243,0.028942734985187176,0.0703757069754915,5.546391058443307E-4
IDN.12.10_1,2016.0,0.3031566455696202,0.5812565647724213,0.030681221384325344,0.07194771747912737,5.546391058443307E-4
IDN.12.10_1,2017.0,0.3161032184217613,0.5671737813089147,0.031950579046593056,0.07181457042822514,5.546391058443308E-4
IDN.12.10_1,2018.0,0.3286776191758685,0.5540585443037975,0.031060799892270407,0.07324518583355777,5.546391058443308E-4
IDN.12.10_1,2019.0,0.3262513466199837,0.5571976838136278,0.029961621330460545,0.07363149744142201,5.546391058443307E-4
IDN.12.10_1,2020.0,0.31422215863183406,0.5660974952868301,0.031680245084837064,0.075042250201993,5.546391058443308E-4
IDN.12.10_1,2021.0,0.3078157823862105,0.5669810463237274,0.03266395098303258,0.07958136951252354,5.546391058443307E-4
IDN.12.10_1,2022.0,0.3118531174252625,0.5578442297333691,0.03253215055211419,0.08481265149474815,5.546391058443307E-4
IDN.12.10_1,2023.0,0.328065075410719,0.5443224818206303,0.031334668731483974,0.08331992324266088,5.546391058443307E-4
IDN.12.11_1,2011.0,0.392099587328936,0.5950068847484602,0.0034850231143157937,1.7588353888716072E-4,7.621620018443631E-4
IDN.12.11_1,2012.0,0.397258914440667,0.5898859531282249,0.0034466276228201655,1.7588353888716075E-4,7.621620018443632E-4
IDN.12.11_1,2013.0,0.3829572452790598,0.6043391350377101,0.0033732853366698332,9.771307715953374E-5,7.621620018443632E-4
IDN.12.11_1,2014.0,0.3565816884773753,0.6307919426486314,0.0033546623737288396,3.9085230863813495E-5,7.621620018443632E-4
IDN.12.11_1,2015.0,0.35793281126194204,0.6295247381538607,0.003270744083933005,3.9085230863813495E-5,7.621620018443632E-4
IDN.12.11_1,2016.0,0.36235442380054533,0.6250835829998252,0.003270744083933005,5.862784629572024E-5,7.621620018443632E-4
IDN.12.11_1,2017.0,0.3798984044565749,0.6075879607372762,0.0032419283058843897,3.9085230863813495E-5,7.621620018443632E-4
IDN.12.11_1,2018.0,0.38084687272553674,0.6064440663139953,0.0034178118447715502,5.862784629572024E-5,7.621620018443632E-4
IDN.12.11_1,2019.0,0.374592775961081,0.6130165927534297,0.0030993821697928342,5.862784629572024E-5,7.621620018443632E-4
IDN.12.11_1,2020.0,0.3633586843206225,0.6240834609159571,0.003227520416860082,9.771307715953374E-5,7.621620018443632E-4
IDN.12.11_1,2021.0,0.3527565472168366,0.6344322337584966,0.0033440863700833373,2.3451138518288097E-4,7.621620018443632E-4
IDN.12.11_1,2022.0,0.36988338883052935,0.6173444773756674,0.003187745446628083,3.3222446234241473E-4,7.8170461727627E-4
IDN.12.11_1,2023.0,0.3707310018763211,0.6167296130477844,0.003013624575015173,2.735966160466945E-4,7.8170461727627E-4
IDN.12.12_1,2011.0,0.3519280569797272,0.6378334946534832,0.001071718468105456,0.001441347436328498,0.0013103158512077254
IDN.12.12_1,2012.0,0.34166836950632956,0.6479713998301215,0.0012371779599050197,0.0013976702412882406,0.0013103158512077254
IDN.12.12_1,2013.0,0.3253539951016455,0.6644567147863749,0.0012409461884967286,0.0012229614611272107,0.0013103158512077257
IDN.12.12_1,2014.0,0.3031908160732764,0.6868524962887231,0.0011830524946786617,0.0010482526809661805,0.0013103158512077257
IDN.12.12_1,2015.0,0.3261453231059043,0.6637647309904431,9.668932000088381E-4,0.0013976702412882409,0.0013103158512077257
IDN.12.12_1,2016.0,0.3371394725884494,0.6526813430035215,9.687773143046924E-4,0.0014850246313687558,0.0013103158512077257
IDN.12.12_1,2017.0,0.3601391983641778,0.6297708557321696,0.0010542475900893532,0.0013103158512077257,0.0013103158512077257
IDN.12.12_1,2018.0,0.36556390598817773,0.6246140349044164,0.001092101159124243,0.001004575485925923,0.0013103158512077254
IDN.12.12_1,2019.0,0.3560083634120763,0.6344316406507595,0.0010484239640839855,7.861895107246354E-4,0.0013103158512077257
IDN.12.12_1,2020.0,0.33987948862397493,0.6505839812260001,0.0010686353719849674,7.425123156843779E-4,0.0013103158512077257
IDN.12.12_1,2021.0,0.32140060945958987,0.6688881516102241,0.0011123125670252248,8.735439008051504E-4,0.0013103158512077254
IDN.12.12_1,2022.0,0.3379732788059239,0.6519348911761276,9.687773143046924E-4,0.0013976702412882409,0.0013103158512077257
IDN.12.12_1,2023.0,0.3398627028784302,0.6503967687782393,9.232160049685806E-4,0.0010919298760064381,0.0013103158512077257
IDN.12.13_1,2011.0,0.3328740693957181,0.5787114942876797,0.011576046754078216,0.04512971142074775,0.02757746564172221
IDN.12.13_1,2012.0,0.31599233454602077,0.6001440517028814,0.011576046754078216,0.04002733954240872,0.028129014954556653
IDN.12.13_1,2013.0,0.28878040550770656,0.6256580740330582,0.009793785445154366,0.042955958246635534,0.028680564267391098
IDN.12.13_1,2014.0,0.2799556165023554,0.6248686014872364,0.010498903390189773,0.051865101852773085,0.028680564267391098
IDN.12.13_1,2015.0,0.28311566962412454,0.6228830239610325,0.009945191138873625,0.050692789195689675,0.029232113580225542
IDN.12.13_1,2016.0,0.2751214489957476,0.6256840292948388,0.010518369836525106,0.05531282579260879,0.029232113580225542
IDN.12.13_1,2017.0,0.2763002504682761,0.6277215173446036,0.011783688848321771,0.05083121725851871,0.029232113580225542
IDN.12.13_1,2018.0,0.2696794957757811,0.637880839393166,0.011623631400675698,0.04690115803726309,0.029783662893059986
IDN.12.13_1,2019.0,0.2633680412861697,0.6505989176655839,0.01123430247396903,0.04088386318116339,0.029783662893059986
IDN.12.13_1,2020.0,0.2563774241133033,0.6568087140465549,0.012497458547283992,0.04040152789974346,0.029783662893059986
IDN.12.13_1,2021.0,0.24949495386452214,0.6578339468868826,0.013252324077398587,0.045503899778082495,0.029783662893059986
IDN.12.13_1,2022.0,0.2524689942768647,0.6384475292753722,0.011945909234449548,0.06322269182019923,0.029783662893059986
IDN.12.13_1,2023.0,0.24191601742463234,0.6449103894587032,0.010291261295946217,0.06896745642760427,0.029783662893059986
IDN.12.14_1,2011.0,0.6433175252751405,0.3507376817575566,4.6658241401724014E-4,0.003066088081791893,2.558199362635424E-4
IDN.12.14_1,2012.0,0.6340374771626729,0.3610182409864799,3.9103592985552556E-4,0.0021411234494978296,2.558199362635424E-4
IDN.12.14_1,2013.0,0.6185590842858861,0.3772061252670623,4.046011472771729E-4,0.0014180668282803115,2.558199362635424E-4
IDN.12.14_1,2014.0,0.6002941951076061,0.3958152481941903,3.8597623461143846E-4,0.001092457992098326,2.558199362635424E-4
IDN.12.14_1,2015.0,0.5943719962966518,0.40172540841990845,3.854964359244991E-4,0.0010938537700966948,2.6694254218804424E-4
IDN.12.14_1,2016.0,0.5933311820904931,0.4025173815797954,3.83490005051844E-4,0.0013447012472410484,2.6694254218804424E-4
IDN.12.14_1,2017.0,0.601281620805327,0.3945689056777717,3.95092409663285E-4,0.0013311360298194012,2.6694254218804424E-4
IDN.12.14_1,2018.0,0.60699951261177,0.389061034842021,4.7670180450541433E-4,0.0010395056642852078,2.6694254218804424E-4
IDN.12.14_1,2019.0,0.6049809995358163,0.3911845365942893,4.0577883496329667E-4,0.0010054399575125175,2.6694254218804424E-4
IDN.12.14_1,2020.0,0.5985917385121581,0.3972402502943999,5.341031746883335E-4,0.0012106629413351888,2.6694254218804424E-4
IDN.12.14_1,2021.0,0.5973508482535456,0.3976181571874584,4.896127509903263E-4,0.0021181367305871924,2.6694254218804424E-4
IDN.12.14_1,2022.0,0.607287348205871,0.38684074460917817,4.4835006391354685E-4,0.00300031204361876,2.6694254218804424E-4
IDN.12.14_1,2023.0,0.6174037290477363,0.3776674735135858,4.95632043608292E-4,0.0019987977117266542,2.780651481125461E-4
IDN.12.1_1,2011.0,0.46042588378059607,0.5292175110013243,0.004482556361541446,0.003996840145202852,9.038605818563313E-4
IDN.12.1_1,2012.0,0.44413061847748764,0.5463915586736134,0.004464096010543995,0.003153062781215583,9.038605818563313E-4
IDN.12.1_1,2013.0,0.42525874097619704,0.5659285312735761,0.0046884066905884935,0.002264876082281616,9.038605818563313E-4
IDN.12.1_1,2014.0,0.40219340317615543,0.5889630437705371,0.004584784909046197,0.002398104087121711,9.038605818563313E-4
IDN.12.1_1,2015.0,0.4104152255402088,0.5813681767233783,0.004314323351508071,0.002042829407548124,9.038605818563313E-4
IDN.12.1_1,2016.0,0.4127891221859284,0.579040605109407,0.004533235249657089,0.001776373397867934,9.038605818563313E-4
IDN.12.1_1,2017.0,0.43723532907143026,0.5549542009141006,0.004484297904088375,0.0014655080532410456,9.038605818563313E-4
IDN.12.1_1,2018.0,0.4533951023643875,0.5388358763337604,0.004398439856524759,0.001509917388187744,9.038605818563313E-4
IDN.12.1_1,2019.0,0.45103687960159056,0.5411439426712058,0.004226549607142832,0.0017319640629212358,9.038605818563313E-4
IDN.12.1_1,2020.0,0.43863309111959575,0.5534893894778786,0.004240481947518266,0.001776373397867934,9.038605818563313E-4
IDN.12.1_1,2021.0,0.43237764444528015,0.5595987207325067,0.004164550692472147,0.001998420072601426,9.038605818563313E-4
IDN.12.1_1,2022.0,0.4502718199607246,0.5412966759525715,0.004440411031905755,0.002131648077441521,9.038605818563313E-4
IDN.12.1_1,2023.0,0.4844866873004626,0.5069299461027412,0.004439714414886983,0.0022829881247696812,9.038605818563313E-4
IDN.12.2_1,2011.0,0.8761786967088803,0.10051533547651685,0.0066519452020946425,1.6106404847686785E-5,7.247882181459053E-5
IDN.12.2_1,2012.0,0.8731721046416068,0.10381989603347253,0.006353976712412437,1.6106404847686785E-5,7.247882181459053E-5
IDN.12.2_1,2013.0,0.8677947445243117,0.10932054910081736,0.0062306837623626946,8.053202423843393E-6,7.247882181459053E-5
IDN.12.2_1,2014.0,0.858812107797199,0.1183434518400494,0.006190417750243477,1.6106404847686785E-5,7.247882181459053E-5
IDN.12.2_1,2015.0,0.859927744772982,0.11707480401821327,0.006351481798720345,8.053202423843393E-6,7.247882181459053E-5
IDN.12.2_1,2016.0,0.8640681961603467,0.11306708835550514,0.006202639669216133,1.6106404847686785E-5,7.247882181459053E-5
IDN.12.2_1,2017.0,0.8678816559481173,0.10864963838594624,0.006814683053428232,8.053202423843393E-6,7.247882181459053E-5
IDN.12.2_1,2018.0,0.8708195589358934,0.10558455796224546,0.006949913691776849,8.053202423843393E-6,7.247882181459053E-5
IDN.12.2_1,2019.0,0.8705452447545071,0.10614073422846626,0.00666805160694233,8.053202423843393E-6,7.247882181459053E-5
IDN.12.2_1,2020.0,0.8677095700657348,0.10735771523004589,0.008278692091711008,8.053202423843393E-6,7.247882181459053E-5
IDN.12.2_1,2021.0,0.8668585834284294,0.10764497769768229,0.008818256654108516,8.053202423843393E-6,7.247882181459053E-5
IDN.12.2_1,2022.0,0.8734392183125905,0.10099432732421264,0.008818256654108516,4.585588203694356E-5,7.247882181459053E-5
IDN.12.2_1,2023.0,0.879409925752,0.09554632009388961,0.008301146314939842,5.6372416966903755E-5,7.247882181459053E-5
IDN.12.3_1,2011.0,0.7581186522224156,0.17327115749625924,0.06240741034466346,5.392802195187712E-5,3.235681317112627E-4
IDN.12.3_1,2012.0,0.7506372494593976,0.18216209071539205,0.06105180791050058,0.0,3.235681317112627E-4
IDN.12.3_1,2013.0,0.7291377332254768,0.2047505300278626,0.059962884831950725,0.0,3.235681317112627E-4
IDN.12.3_1,2014.0,0.7121370829169769,0.22293907719637704,0.058780909480228995,0.0,3.235681317112627E-4
IDN.12.3_1,2015.0,0.718091370987781,0.21856604332217738,0.057199655283624334,0.0,3.235681317112627E-4
IDN.12.3_1,2016.0,0.72340571319809,0.21223193279088065,0.05816549558266052,5.392802195187712E-5,3.235681317112627E-4
IDN.12.3_1,2017.0,0.7401574486758552,0.19350643170967674,0.06008533316414734,1.0785604390375424E-4,3.235681317112627E-4
IDN.12.3_1,2018.0,0.7452994326983569,0.18758048228570204,0.0608692985656203,1.0785604390375424E-4,3.235681317112627E-4
IDN.12.3_1,2019.0,0.7456834848076298,0.1879729936925361,0.06014666307146514,5.392802195187712E-5,3.235681317112627E-4
IDN.12.3_1,2020.0,0.7496703517481663,0.18201088077148775,0.062175837073928916,0.0,3.235681317112627E-4
IDN.12.3_1,2021.0,0.753926858798462,0.17645608302800542,0.06320448765735608,2.696401097593856E-4,3.235681317112627E-4
IDN.12.3_1,2022.0,0.7628218101839364,0.1651679963625019,0.0655436949154334,3.235681317112627E-4,3.235681317112627E-4
IDN.12.3_1,2023.0,0.7752182763123802,0.15316869425455068,0.06498474682908509,4.853521975668941E-4,3.235681317112627E-4
IDN.12.4_1,2011.0,0.6206374875331461,0.3628410757811378,0.007060020514177938,0.006512109194668832,4.603676165896989E-4
IDN.12.4_1,2012.0,0.6062114210296055,0.37795606888268085,0.006499931199249594,0.006444949683542805,4.603676165896989E-4
IDN.12.4_1,2013.0,0.5894278784316997,0.39476117736465793,0.0066613306695363335,0.006135215007596966,4.603676165896989E-4
IDN.12.4_1,2014.0,0.5676353720413705,0.4182940538820164,0.005651771566803161,0.005432994371468379,4.603676165896989E-4
IDN.12.4_1,2015.0,0.5588474219938664,0.42737949496047606,0.00544806094801131,0.0054442204481082125,4.6036761658969883E-4
IDN.12.4_1,2016.0,0.5647358274393146,0.4218220618271902,0.005676685578995072,0.004748860192148413,4.6036761658969883E-4
IDN.12.4_1,2017.0,0.5784811407164414,0.40798214751826223,0.006541618676830265,0.003978528126114399,4.603676165896989E-4
IDN.12.4_1,2018.0,0.5800762611676482,0.4063659207299809,0.0066928752883985585,0.003878084282494828,4.6036761658969883E-4
IDN.12.4_1,2019.0,0.577222638440502,0.40996555235710824,0.0063217910883595916,0.003556959405981672,4.603676165896989E-4
IDN.12.4_1,2020.0,0.5846491476847494,0.4015689394022946,0.006601720859074524,0.004243555444213881,4.603676165896989E-4
IDN.12.4_1,2021.0,0.5883501094247046,0.39655071902036115,0.006773689910291169,0.00540755516270852,4.603676165896989E-4
IDN.12.4_1,2022.0,0.6043857392850707,0.3796664043309808,0.0069182502656181585,0.0061022917477438834,4.603676165896989E-4
IDN.12.4_1,2023.0,0.6052784093266506,0.37985977514234126,0.006442389350274069,0.005499661510811956,4.603676165896989E-4
IDN.12.6_1,2011.0,0.5833935240475262,0.2650428473765832,0.13319653728902864,0.005143094755302869,0.0011716443648418944
IDN.12.6_1,2012.0,0.5581367273848313,0.28896953724651436,0.13467669458742842,0.004935070190671,0.001229618423837661
IDN.12.6_1,2013.0,0.5360780526354441,0.31293692263236816,0.1328796124331851,0.004718065330626062,0.0012860010380766809
IDN.12.6_1,2014.0,0.5228741765125945,0.33003779226598806,0.12909242861063028,0.0045942736634762785,0.0013149880675745642
IDN.12.6_1,2015.0,0.5250603669098622,0.33055648958206196,0.12623453485138997,0.004673391202811678,0.0013738715235741858
IDN.12.6_1,2016.0,0.5072885896366482,0.34764258151436916,0.1274569917738223,0.004093650612854011,0.0014318455825699525
IDN.12.6_1,2017.0,0.5102431068275481,0.3456201962524208,0.12672606393197372,0.003860390281365163,0.0014318455825699525
IDN.12.6_1,2018.0,0.5022441644562639,0.3516858742681347,0.12858112014521275,0.0038210588609484267,0.0015080075816428222
IDN.12.6_1,2019.0,0.49552292487539573,0.35886840547920823,0.12801377008943263,0.003876645752809074,0.0015605252586154581
IDN.12.6_1,2020.0,0.49331502262466087,0.35688853452719005,0.131693758740158,0.0042834872374087766,0.0016474863471091078
IDN.12.6_1,2021.0,0.49150168499897373,0.3554613496042649,0.1338327741678508,0.005254041189773198,0.001763434465100641
IDN.12.6_1,2022.0,0.5115499103220882,0.3337476773432151,0.13430963922174735,0.0063009844904614535,0.001937356642087941
IDN.12.6_1,2023.0,0.5285256241930524,0.31728668217643285,0.1335887147469412,0.0063009844904614535,0.0021262838696388506
IDN.12.7_1,2011.0,0.5021335410679307,0.49711146177690924,1.0643756886658537E-6,6.031462235773171E-5,6.936181571139147E-4
IDN.12.7_1,2012.0,0.4841258418472549,0.5150297534397372,3.0157311178865854E-5,9.047193353659756E-5,7.237754682927805E-4
IDN.12.7_1,2013.0,0.45767456855235816,0.5415111840458127,3.0157311178865854E-5,3.0157311178865854E-5,7.539327794716463E-4
IDN.12.7_1,2014.0,0.41447865518733557,0.5847070974108352,3.0157311178865854E-5,3.0157311178865854E-5,7.539327794716463E-4
IDN.12.7_1,2015.0,0.39243697210661604,0.6067487804915548,3.0157311178865854E-5,3.0157311178865854E-5,7.539327794716463E-4
IDN.12.7_1,2020.0,0.3945017426786622,0.6047011581944925,4.3166347373670735E-5,0.0,7.539327794716463E-4
IDN.12.7_1,2021.0,0.38961649479561683,0.6095551843906702,4.423072306233659E-5,3.0157311178865854E-5,7.539327794716463E-4
IDN.12.7_1,2022.0,0.4200532637247402,0.5790279435280105,4.423072306233659E-5,1.2062924471546342E-4,7.539327794716463E-4
IDN.12.7_1,2023.0,0.4437002618718987,0.5552629179433756,7.178622700224146E-5,2.1110117825206098E-4,7.539327794716463E-4
IDN.12.8_1,2013.0,0.5990986853817335,0.3783398208001364,5.86246309823749E-7,0.02213626982807155,9.966187267003734E-5
IDN.12.8_1,2014.0,0.5804813590283792,0.39667613975564864,2.550171447733308E-5,0.022392361757746223,9.966187267003734E-5
IDN.12.8_1,2015.0,0.5767317276307464,0.39990567296874935,5.86246309823749E-7,0.022937375410445705,9.966187267003734E-5
IDN.12.8_1,2016.0,0.5793182463496888,0.3971344866622125,2.4915468167509335E-5,0.023097713776182496,9.966187267003734E-5
IDN.12.8_1,2018.0,0.6017853545119376,0.3823303017233883,2.4915468167509335E-5,0.015434790552757968,9.966187267003734E-5
IDN.12.8_1,2019.0,0.6013709760786105,0.38271849448820994,4.983093633501867E-5,0.015436060753095919,9.966187267003734E-5
IDN.12.8_1,2022.0,0.6064741524979079,0.3622268409746306,4.983093633501867E-5,0.030824537847377813,9.966187267003734E-5
IDN.12.8_1,2023.0,0.6218680035166965,0.3563241222964519,2.4915468167509335E-5,0.021358320974935435,9.966187267003734E-5
IDN.12.9_1,2011.0,0.5969357517863499,0.3609943856529057,0.03346353450152398,0.0012301015491195714,0.004125174276560526
IDN.12.9_1,2012.0,0.5658359991214952,0.3913076719670762,0.03387746415977879,0.0016026382415488952,0.004125174276560526
IDN.12.9_1,2013.0,0.525961424677707,0.43167165735974217,0.033263874313424605,0.0017268171390253364,0.004125174276560526
IDN.12.9_1,2014.0,0.4870909948872382,0.47234048977131105,0.03154777064790704,0.0016143256671937367,0.004125174276560526
IDN.12.9_1,2015.0,0.4693192902421196,0.4916773355007013,0.029982629563635343,0.0016143256671937367,0.004125174276560526
IDN.12.9_1,2016.0,0.45777600951356445,0.5057134467240875,0.028323989074204917,7.606566190517697E-4,0.004125174276560526
IDN.12.9_1,2017.0,0.4761466947229812,0.4852789569362191,0.02964272026779787,0.0015057300039104174,0.004125174276560526
IDN.12.9_1,2018.0,0.4802733299277473,0.48125604763405094,0.029174736265935673,0.0018626834621466193,0.004125174276560526
IDN.12.9_1,2019.0,0.47943865294627824,0.48520591052593887,0.02654068271122951,0.0013815511064339762,0.004125174276560526
IDN.12.9_1,2020.0,0.4886274043834663,0.4711605467572505,0.030667804892064176,0.002111041257099502,0.004125174276560526
IDN.12.9_1,2021.0,0.4659284758769099,0.4941331558143237,0.03026994544407103,0.002235220154575943,0.004125174276560526
IDN.12.9_1,2022.0,0.47653968441028893,0.4840147670623023,0.029239504083050837,0.0027319357444817085,0.004125174276560526
IDN.12.9_1,2023.0,0.4843015959666694,0.4771727532993845,0.027702120634685634,0.0033494213993841694,0.004125174276560526
IDN.13.10_1,2011.0,0.6464622437792766,0.33622165376565555,2.0331550446829E-4,0.002170027573834755,0.014942759376764885
IDN.13.10_1,2012.0,0.6431515232052093,0.33729590379057167,2.0331550446829E-4,0.0027799740872396254,0.016569283412511203
IDN.13.10_1,2013.0,0.6392539782731472,0.3400413275306467,1.3554366964552665E-4,0.0022377994086575184,0.01833135111790305
IDN.13.10_1,2016.0,0.6374313145742667,0.33841108268828257,2.710873392910533E-4,0.002398059865120759,0.021488455533038762
IDN.13.10_1,2017.0,0.6466007109398357,0.328446231022225,3.388591741138167E-4,0.002651340487027008,0.021962858376798098
IDN.13.10_1,2018.0,0.6584336732998904,0.31655240689678066,1.3554366964552665E-4,0.0027799740872396254,0.022098402046443626
IDN.13.10_1,2019.0,0.651568519318295,0.32321557423341396,1.3554366964552665E-4,0.0024397860536194797,0.022640576725025733
IDN.13.10_1,2020.0,0.6387163217168865,0.3350395003488254,6.777183482276333E-5,0.0032647420351483328,0.022911664064316786
IDN.13.10_1,2021.0,0.6336459253845388,0.33865692169695344,6.777183482276333E-5,0.0044466296800770725,0.023182751403607843
IDN.13.10_1,2022.0,0.6347334640045182,0.33737510381714875,1.3554366964552665E-4,0.004533537091790968,0.023222351416896436
IDN.13.10_1,2023.0,0.6414364971263414,0.3292626823029133,1.3554366964552665E-4,0.005536294475266599,0.023628982425833014
IDN.13.11_1,2011.0,0.4775810993416151,0.43621730018970095,0.034205328274645834,0.04643887190733054,0.0021455950996806896
IDN.13.11_1,2012.0,0.46631481903187405,0.4569142474215844,0.033758914482165045,0.037096484566622505,0.00245256728057759
IDN.13.11_1,2013.0,0.4548751897258619,0.4741263581763447,0.034526746205232,0.030459264490641874,0.0026006362148925655
IDN.13.11_1,2014.0,0.4261474088438085,0.5048520664945885,0.03306672230955439,0.029870198919979586,0.0026517982450420486
IDN.13.11_1,2015.0,0.4002845010147137,0.5316728077822466,0.03180291984715596,0.030073843863515762,0.002754122305341016
IDN.13.11_1,2016.0,0.3927020875111478,0.5387054802559709,0.03212172951738157,0.030100127102533736,0.0029587704259389494
IDN.13.11_1,2017.0,0.4172084993173381,0.5197677043195803,0.032846023355968375,0.023602549273549336,0.0031634185465368833
IDN.13.11_1,2018.0,0.42253677396314143,0.5140696586088143,0.03362509066212698,0.02303976694190502,0.0032145805766863665
IDN.13.11_1,2019.0,0.41673219084841706,0.5222062271212933,0.032316345867361956,0.022067688369064833,0.00326574260683585
IDN.13.11_1,2020.0,0.42723766167452326,0.5064071915757206,0.03470049647232789,0.024918717578571344,0.003272965481680483
IDN.13.11_1,2021.0,0.43832858663386953,0.4895680620525205,0.0362487999494399,0.029016294605014092,0.0033752895419794497
IDN.13.11_1,2022.0,0.45319727577237123,0.4604095169401496,0.03753968819250569,0.04201526233581755,0.0033752895419794497
IDN.13.11_1,2023.0,0.4560966581162542,0.4647695250859473,0.03529959381360771,0.03668899404413779,0.0034264515721289333
IDN.13.12_1,2011.0,0.2069307522498199,0.3996673518532969,0.05311378319263201,0.33431974543071025,5.812604664874848E-4
IDN.13.12_1,2012.0,0.20596325116834618,0.42116512457462923,0.049585190243131516,0.3173180667403521,5.812604664874848E-4
IDN.13.12_1,2013.0,0.20369595544024338,0.433625120177818,0.04783279757749888,0.30881317503462236,6.45844962763872E-4
IDN.13.12_1,2014.0,0.19077905618496593,0.44407869076335377,0.044435399800826475,0.31454473248848375,7.750139553166464E-4
IDN.13.12_1,2015.0,0.18376619297948796,0.4578121406695923,0.04223750074715398,0.3100220448413957,7.750139553166464E-4
IDN.13.12_1,2016.0,0.18474610441514816,0.477266763855781,0.04188823792219266,0.2898721885482317,7.750139553166464E-4
IDN.13.12_1,2017.0,0.19598861894539343,0.4947727081621638,0.041177555190617984,0.26183441244317834,7.750139553166464E-4
IDN.13.12_1,2018.0,0.1953536647016095,0.5036261028752516,0.042661732242302804,0.25200262592963685,7.750139553166464E-4
IDN.13.12_1,2019.0,0.18410912399108886,0.5167012974645395,0.044452115788098025,0.2484461730013505,7.750139553166464E-4
IDN.13.12_1,2020.0,0.19338143147610273,0.48646688866848586,0.041597227780147294,0.2723923313128939,7.750139553166464E-4
IDN.13.12_1,2021.0,0.21050468098298114,0.44064051610864,0.04277367870251521,0.2999190034434934,7.750139553166464E-4
IDN.13.12_1,2022.0,0.21883202864208437,0.39440713458598586,0.04693494644298989,0.3336637695665697,7.750139553166464E-4
IDN.13.12_1,2023.0,0.20132481797302954,0.42181882098595996,0.041424749184209186,0.32920490659815477,8.395984515930336E-4
IDN.13.13_1,2011.0,0.10580735011884304,0.7620731329048013,0.013466040584498304,0.11557267657278125,0.0027353104443270477
IDN.13.13_1,2012.0,0.08185595283109104,0.7929754367334312,0.012212356630848407,0.10976148271703938,0.002849281712840675
IDN.13.13_1,2013.0,0.059118014343395905,0.8220139751122503,0.011064151968842495,0.10449511621940777,0.0029632529813543016
IDN.13.13_1,2014.0,0.04273341539264666,0.8410078456927352,0.008033410118682085,0.10468864390280541,0.0031911955183815555
IDN.13.13_1,2015.0,0.03493599284171045,0.8493348994326467,0.007290585615663856,0.1046738946798213,0.00341913805540881
IDN.13.13_1,2016.0,0.046827442136116566,0.8376856949521009,0.005353074050932198,0.10636916143069261,0.00341913805540881
IDN.13.13_1,2017.0,0.07103225789150472,0.8156472271907734,0.005529617780590561,0.10379832716994601,0.0036470805924360638
IDN.13.13_1,2018.0,0.07150244524239233,0.8179668777146392,0.004102965666490572,0.10243514140929283,0.0036470805924360638
IDN.13.13_1,2019.0,0.06905496811933107,0.827321907601928,0.003077224249867929,0.09609744498763309,0.004102965666490572
IDN.13.13_1,2020.0,0.10526475749148795,0.7788300379993616,0.003988994397976945,0.10689789872736563,0.004672822009058707
IDN.13.13_1,2021.0,0.13854883735897736,0.7267804770345655,0.0071801899163585,0.12167438542669504,0.0054706208886540954
IDN.13.13_1,2022.0,0.16997674986122327,0.6827875673883057,0.009952596891221358,0.13095924476827184,0.005978351716228528
IDN.13.13_1,2023.0,0.16568249124209022,0.6991207675316862,0.007314720707819684,0.12155817942742622,0.005978351716228528
IDN.13.2_1,2021.0,0.008675480294504611,0.5955039928348713,7.09281011573798E-4,0.32661138910600024,0.06849985675305068
IDN.13.2_1,2022.0,0.008675480294504611,0.5486135642344359,7.09281011573798E-4,0.36711828860227175,0.07488338585721487
IDN.13.3_1,2011.0,0.3032057329544327,0.590282567942414,0.010574975603518045,0.08417069147240747,0.0023353587056745644
IDN.13.3_1,2012.0,0.29788301942944173,0.595626843879808,0.00952951883583468,0.08519458582768814,0.002335358705674565
IDN.13.3_1,2013.0,0.29400199868618754,0.6011133036455206,0.00867662935515364,0.08444203628591077,0.002335358705674565
IDN.13.3_1,2014.0,0.2873663263861804,0.601511888041123,0.009743221556776288,0.08961253198869276,0.002335358705674565
IDN.13.3_1,2015.0,0.27935919926166897,0.5970439853998982,0.009159968975744849,0.10267081433546031,0.002335358705674565
IDN.13.3_1,2016.0,0.2813228732149366,0.6010285484205318,0.008577143373176829,0.09730540296412718,0.002335358705674565
IDN.13.3_1,2017.0,0.29310064714990824,0.5994568406966836,0.011406516161028096,0.08421595118952997,0.0023893714812971687
IDN.13.3_1,2018.0,0.29070188214241577,0.6066674394976852,0.012349284608258997,0.07846134894878967,0.0023893714812971683
IDN.13.3_1,2019.0,0.28563941199087906,0.6120892120261899,0.010820488219984428,0.07962273036929153,0.0023893714812971687
IDN.13.3_1,2020.0,0.2881726752143487,0.6056318032346606,0.010231898408160241,0.0840891385858943,0.0024438112353831927
IDN.13.3_1,2021.0,0.296728896642818,0.5936589001419061,0.011510271927639105,0.08618987262591969,0.0024813853401641347
IDN.13.3_1,2022.0,0.3122222371664686,0.5717211736698606,0.016451266706332957,0.08763882404153475,0.0025358250942501587
IDN.13.3_1,2023.0,0.3114587996738739,0.5766149873283465,0.013492305954833788,0.08640912606688572,0.00259410765450696
IDN.13.4_1,2011.0,0.003168410327775155,0.2890211475857957,2.857781864267787E-4,0.03224323451206482,0.6650555403692752
IDN.13.4_1,2012.0,0.0,0.2896424045128104,2.857781864267787E-4,0.03479038791282524,0.6650555403692752
IDN.13.4_1,2013.0,0.0,0.28876021967644955,1.863770781044209E-4,0.029435153201958202,0.6713923610248255
IDN.13.4_1,2014.0,0.0,0.255560249496782,1.863770781044209E-4,0.06263512338162572,0.6713923610248255
IDN.13.4_1,2015.0,0.0,0.23867448622052143,1.863770781044209E-4,0.0763524763301111,0.6745607713526006
IDN.13.4_1,2016.0,0.0,0.24586864143535217,1.863770781044209E-4,0.0659899107875053,0.6777291816803758
IDN.13.4_1,2017.0,0.003168410327775155,0.24829154345070958,1.863770781044209E-4,0.05567704579906067,0.6824507343256877
IDN.13.4_1,2018.0,0.0,0.2601451256181507,1.863770781044209E-4,0.04699187395939466,0.6824507343256877
IDN.13.4_1,2019.0,0.0,0.2622573991700009,1.863770781044209E-4,0.04487960040754455,0.6824507343256877
IDN.13.4_1,2020.0,0.0,0.253534951914714,2.857781864267787E-4,0.050334236226733935,0.6856191446534629
IDN.13.4_1,2021.0,0.0,0.25236698889192627,2.857781864267787E-4,0.04343828433687036,0.6936830595661141
IDN.13.4_1,2022.0,0.0,0.26398449342710184,2.857781864267787E-4,0.025483959146144482,0.7000198802216644
IDN.13.4_1,2023.0,0.0,0.2621207226460576,2.857781864267787E-4,0.02576973733257126,0.7031882905494395
IDN.13.5_1,2011.0,0.030718489771369602,0.7934951093928019,0.05133792865141159,0.09069179150577888,0.005710054879768157
IDN.13.5_1,2012.0,0.01935257520907936,0.8002829559772006,0.04828955067699172,0.09831823745809036,0.005710054879768157
IDN.13.5_1,2013.0,0.017220218312923877,0.7978572115470813,0.04845458116484629,0.10271130829651044,0.005710054879768157
IDN.13.5_1,2014.0,0.010934390397751993,0.8003453008281679,0.04716449098077821,0.10779913711466396,0.005710054879768157
IDN.13.5_1,2015.0,0.0030781242105022946,0.7950508782881817,0.0464167602518569,0.12169755657082126,0.005710054879768157
IDN.13.5_1,2016.0,0.0017256891754669338,0.7687955463772344,0.04865587761176026,0.14706620615690036,0.005710054879768157
IDN.13.5_1,2017.0,0.003101350723607753,0.7731238274685708,0.049534002800221,0.1404307580970884,0.0057634351116421035
IDN.13.5_1,2018.0,0.004347432777581279,0.7808289175792921,0.05036526747978477,0.13064832125282994,0.0057634351116421035
IDN.13.5_1,2019.0,0.00788030766572728,0.7877027430104496,0.04682098307642908,0.1237859053368822,0.0057634351116421035
IDN.13.5_1,2020.0,0.01311197787206021,0.7559015717422168,0.04918316020752277,0.14799322926768838,0.0057634351116421035
IDN.13.5_1,2021.0,0.02144459131931483,0.7279955274700377,0.05375470846243743,0.162995111837698,0.0057634351116421035
IDN.13.5_1,2022.0,0.03265158763404141,0.7032433991879684,0.06167209705259622,0.16862285521488188,0.0057634351116421035
IDN.13.5_1,2023.0,0.028482224790268646,0.7216245356734791,0.05684057484397487,0.1592927241521507,0.0057634351116421035
IDN.13.6_1,2011.0,0.16864944739335233,0.6459594534890599,0.026197754872113663,0.14808778049017302,0.00732519078531216
IDN.13.6_1,2012.0,0.15328550606152352,0.6664406869247927,0.02072425741237492,0.14844398584600782,0.00732519078531216
IDN.13.6_1,2013.0,0.13537067476210363,0.6906597784977209,0.014842272842961123,0.14802171014191334,0.00732519078531216
IDN.13.6_1,2014.0,0.1122914403278468,0.7199754792829238,0.007209711307049591,0.1494178053268787,0.00732519078531216
IDN.13.6_1,2015.0,0.10287612843845892,0.7333630554146371,0.0052770099892621315,0.14737824240234082,0.00732519078531216
IDN.13.6_1,2016.0,0.11388229940898638,0.7182616719015444,0.007621071040562023,0.14912939389360605,0.00732519078531216
IDN.13.6_1,2017.0,0.134237711920642,0.7011034897208898,0.012890037683079498,0.1406631969200876,0.00732519078531216
IDN.13.6_1,2018.0,0.14272286821148708,0.6931796441278684,0.009705446896963005,0.14328647700838057,0.00732519078531216
IDN.13.6_1,2019.0,0.14262175185241144,0.7028035085078499,0.006072152267448173,0.1373970236169896,0.00732519078531216
IDN.13.6_1,2020.0,0.1550090803639499,0.684676103044464,0.005506245371484842,0.14355650364909403,0.007471694601018403
IDN.13.6_1,2021.0,0.17139912293048992,0.65280951229167,0.004541618286893538,0.1597046712885269,0.007764702232430889
IDN.13.6_1,2022.0,0.1896546474170228,0.6211819238421458,0.008493199637589776,0.16889936566720423,0.007990490466048746
IDN.13.6_1,2023.0,0.19816680637193926,0.6201937412420879,0.004814517551444383,0.16505407139849096,0.007990490466048746
IDN.13.7_1,2011.0,0.43379820867165286,0.35540655360092993,0.005073201437397468,0.19576700972214708,0.003233798439245517
IDN.13.7_1,2012.0,0.42653340265920875,0.363262205139261,0.004967713894726893,0.19572262425337314,0.003233798439245517
IDN.13.7_1,2013.0,0.4197257093316706,0.37695137543074086,0.001469908381475235,0.19219196196453556,0.003233798439245517
IDN.13.7_1,2014.0,0.4029053459703187,0.3898381486763332,4.767114633254978E-4,0.19726573983659243,0.003233798439245517
IDN.13.7_1,2015.0,0.39244248046751196,0.3963847171031623,1.469908381475235E-4,0.2015117575377479,0.003233798439245517
IDN.13.7_1,2016.0,0.41062553536369034,0.379569541653745,0.001175926705180188,0.19911494222395418,0.003233798439245517
IDN.13.7_1,2017.0,0.43587222057618147,0.3587815785317289,0.001599029745181295,0.1942331170934782,0.003233798439245517
IDN.13.7_1,2018.0,0.4398721006777723,0.3536000073783638,0.0014053476996222052,0.1956084901908115,0.003233798439245517
IDN.13.7_1,2019.0,0.43302059831611955,0.3582789275087303,8.81945028885141E-4,0.19830447509283491,0.003233798439245517
IDN.13.7_1,2020.0,0.4206975781674224,0.3661847288624294,7.706931396205449E-4,0.20283294577709743,0.003233798439245517
IDN.13.7_1,2021.0,0.41961099883444963,0.3519537099911116,4.1560938942888015E-4,0.21850562773157983,0.003233798439245517
IDN.13.7_1,2022.0,0.4222775855688435,0.3410729293602384,0.00115402218812291,0.22598140882936507,0.003233798439245517
IDN.13.7_1,2023.0,0.4356871850505134,0.3282386116686516,1.469908381475235E-4,0.22626616755110968,0.0033807892773930408
IDN.13.8_1,2011.0,0.193927742416219,0.5986357252445249,0.12333207050357606,0.0347086316855847,0.02215010371251018
IDN.13.8_1,2012.0,0.18056337556487212,0.6252514321954608,0.10965060082090913,0.035138761268662506,0.02215010371251018
IDN.13.8_1,2013.0,0.1976858819121615,0.6333684274420581,0.08733828278874675,0.03221157770693839,0.02215010371251018
IDN.13.8_1,2014.0,0.1636271540491834,0.6907179919751006,0.059071129409351504,0.03718789441626916,0.02215010371251018
IDN.13.8_1,2015.0,0.15398534419785542,0.7202472774157899,0.039977980714287216,0.036393567521972196,0.02215010371251018
IDN.13.8_1,2016.0,0.18807337529277068,0.674579236985702,0.05847983205061925,0.028671119362529127,0.02215010371251018
IDN.13.8_1,2017.0,0.20241730732601737,0.6105715595389346,0.11180962108828019,0.02126891366639945,0.02215010371251018
IDN.13.8_1,2018.0,0.18671391463968542,0.6513920081714154,0.09102630383683961,0.019336993446541488,0.02215010371251018
IDN.13.8_1,2019.0,0.15870316453974043,0.7204586793033366,0.05077726822713354,0.020398189060266286,0.02215010371251018
IDN.13.8_1,2020.0,0.20887762342416646,0.6623922321318311,0.05676768607029008,0.022566628223617154,0.02215010371251018
IDN.13.8_1,2021.0,0.21249029330442082,0.6536797533505108,0.05476878703457572,0.028064123843830523,0.02215010371251018
IDN.13.8_1,2022.0,0.23710814776364017,0.6273926612148703,0.04902744666288516,0.03147167110052474,0.02215010371251018
IDN.13.8_1,2023.0,0.22914080830872216,0.6399176997800166,0.0387953859968227,0.035277951620364074,0.02215010371251018
IDN.13.9_1,2011.0,0.5992791829462021,0.32147961332766156,0.06817387155334081,0.0022781141815536744,0.0016172587118696844
IDN.13.9_1,2012.0,0.6060094713742024,0.3155649302480644,0.06777618673081058,0.0017345192875541442,0.0017530509316677646
IDN.13.9_1,2013.0,0.6017492167984041,0.32128801316811906,0.06647843912434814,0.0014095764933549737,0.0018916122477127073
IDN.13.9_1,2014.0,0.5773654072781439,0.34690044939237125,0.06543150773563039,0.0012289462150980764,0.0018916122477127073
IDN.13.9_1,2015.0,0.540216596578356,0.38504315263737954,0.06443292902753095,0.0011703691791067475,0.0019459291356319394
IDN.13.9_1,2016.0,0.5116083177261038,0.4130755659739861,0.0654093549656555,6.721448620750464E-4,0.0020274044675107875
IDN.13.9_1,2017.0,0.5362653092414864,0.38651109315932225,0.06725996328817431,7.528746680412775E-4,0.0020274044675107875
IDN.13.9_1,2018.0,0.5280188341146275,0.39301495471729037,0.06889404958492877,8.614019401779393E-4,0.0020274044675107875
IDN.13.9_1,2019.0,0.5054373867399703,0.4159888682330894,0.06842191867483866,9.165708577115907E-4,0.0020545629114704037
IDN.13.9_1,2020.0,0.4844512583146115,0.4343702356234665,0.07102476264318791,8.690702067077132E-4,0.0021050456661247485
IDN.13.9_1,2021.0,0.48780271680292997,0.42993574099151943,0.07165782064670144,0.0013036053100615697,0.0021050456661247485
IDN.13.9_1,2022.0,0.4974017889426797,0.41953810409565495,0.07168955874983857,0.002057864526226279,0.0021322041100843648
IDN.13.9_1,2023.0,0.494625663451498,0.4245421805248415,0.06974586619194448,0.0017109819694558104,0.0021322041100843648
IDN.14.11_1,2011.0,0.8179520358868191,0.15067700363069,0.007193116692171521,0.0,0.022571788639841592
IDN.14.11_1,2012.0,0.802141281843551,0.16658340084616097,0.007097473519968802,0.0,0.022571788639841595
IDN.14.11_1,2013.0,0.7910522999369887,0.17671595103069604,0.007766975725387834,2.869295166081559E-4,0.022571788639841595
IDN.14.11_1,2014.0,0.7777136405917131,0.19214563267020757,0.005675953431151925,2.869295166081559E-4,0.022571788639841595
IDN.14.11_1,2015.0,0.763685600264051,0.20607802982566714,0.005771596603354644,2.869295166081559E-4,0.022571788639841595
IDN.14.11_1,2016.0,0.7355248747261987,0.2331041647913106,0.007097473519968802,9.564317220271863E-5,0.022571788639841595
IDN.14.11_1,2017.0,0.7112783928946507,0.24712545383622914,0.017418309478800992,0.0,0.022571788639841595
IDN.14.11_1,2018.0,0.7019755003450661,0.2541865454436345,0.019468824076574572,1.9128634440543723E-4,0.022571788639841592
IDN.14.11_1,2019.0,0.7227510727038143,0.23989633030275775,0.012983466858703167,1.9128634440543723E-4,0.022571788639841592
IDN.14.11_1,2020.0,0.7341217331292951,0.22061466678668973,0.02089446994929039,1.9128634440543726E-4,0.022571788639841595
IDN.14.11_1,2021.0,0.7329091277342702,0.21977675758394122,0.022849341374861252,1.9128634440543726E-4,0.022667431812044316
IDN.14.11_1,2022.0,0.7528951750832664,0.2000697632550187,0.022570288354787436,1.9128634440543726E-4,0.022667431812044316
IDN.14.11_1,2023.0,0.7433481111411174,0.21440236144867544,0.017497824586671488,3.8257268881087446E-4,0.02276307498424703
IDN.14.12_1,2011.0,0.6351014093034203,0.3302084311214434,0.02548232233605105,0.0017921893676483198,4.096432840339017E-4
IDN.14.12_1,2012.0,0.6274810401927328,0.33811083160096705,0.025507523430240393,0.001484956904622894,4.0964328403390177E-4
IDN.14.12_1,2013.0,0.6329698585877244,0.33410034352806267,0.024387630981683006,0.0011265190310932299,4.0964328403390177E-4
IDN.14.12_1,2014.0,0.6178582383230325,0.35002231451467547,0.023551677554509903,0.0011521217363453487,4.0964328403390177E-4
IDN.14.12_1,2015.0,0.5970260700801261,0.3716221623040826,0.022604779071244287,0.0013313406731101807,4.0964328403390177E-4
IDN.14.12_1,2016.0,0.5863227336460207,0.38252680628340574,0.02271070398905207,0.0010241082100847544,4.0964328403390177E-4
IDN.14.12_1,2017.0,0.5628964591458635,0.4049599970280779,0.02401102020756262,7.168757470593281E-4,4.0964328403390177E-4
IDN.14.12_1,2018.0,0.5579098553848761,0.40895120776996907,0.02482719428989389,8.960946838241601E-4,4.0964328403390177E-4
IDN.14.12_1,2019.0,0.5604811702143145,0.4064976653846905,0.024584922416272862,0.0010205941132854438,4.0964328403390177E-4
IDN.14.12_1,2020.0,0.5784612974949005,0.3874314813875861,0.0253090271624622,0.0013825460836144187,4.096432840339018E-4
IDN.14.12_1,2021.0,0.6016366654835871,0.36435701817842253,0.025028903446174307,0.0015617650203792505,4.0964328403390177E-4
IDN.14.12_1,2022.0,0.6283266322854126,0.33646322221591896,0.025720678501809986,0.0020738191254216277,4.0964328403390177E-4
IDN.14.12_1,2023.0,0.6362013216016046,0.32978794433871456,0.02469496384747412,0.001900122340769998,4.0964328403390177E-4
IDN.14.13_1,2011.0,0.6160051668758891,0.3490298609509425,0.017762338967951177,0.008515368286626636,0.0014965394725490655
IDN.14.13_1,2012.0,0.6236359923025057,0.34256252160445494,0.017978544905867675,0.0071356762685813035,0.0014965394725490655
IDN.14.13_1,2013.0,0.6427010835532664,0.3258265152755601,0.017585629934545478,0.00519950631803753,0.0014965394725490655
IDN.14.13_1,2014.0,0.6467365169129504,0.32403583243687706,0.015738019908083142,0.004800194374067967,0.0014965394725490655
IDN.14.13_1,2015.0,0.6544950470412244,0.31900757718475703,0.013209044262942575,0.004601066592485262,0.0014965394725490655
IDN.14.13_1,2016.0,0.6645897633178811,0.31088318717131164,0.011865093128771067,0.003972520014014654,0.0014965394725490655
IDN.14.13_1,2017.0,0.6858730195060719,0.28857236589979285,0.013503598443833705,0.0033615797822799188,0.0014965394725490655
IDN.14.13_1,2018.0,0.6923058504129573,0.2819958672035429,0.01424429745101181,0.0027629639932602924,0.0014965394725490655
IDN.14.13_1,2019.0,0.68770114517548,0.2876997953555631,0.013386105423282987,0.002523517677652442,0.0014965394725490655
IDN.14.13_1,2020.0,0.701741913258225,0.2724059248878036,0.01442969228214054,0.002733033203809311,0.0014965394725490655
IDN.14.13_1,2021.0,0.7223806010924154,0.24768162560573181,0.017594667859203227,0.003647213414158205,0.0014965394725490655
IDN.14.13_1,2022.0,0.7286566181377064,0.23748344269809069,0.020481756596951416,0.004666092699763081,0.0014965394725490655
IDN.14.13_1,2023.0,0.7176061706724044,0.2515511484913416,0.017992512607611463,0.004114896671285402,0.0014965394725490655
IDN.14.1_1,2011.0,0.7941652836894024,0.16925081492792532,0.018536314773245084,6.778493522485006E-4,0.0020596074630482206
IDN.14.1_1,2012.0,0.7881112721409708,0.17558614614907517,0.018381329883128912,5.515145696464306E-4,0.0020596074630482206
IDN.14.1_1,2013.0,0.794991564981644,0.16890838518545626,0.01829278885937523,4.375237163456487E-4,0.0020596074630482206
IDN.14.1_1,2014.0,0.7899765770131655,0.1761638725192133,0.01518745247206235,0.0013023607383803252,0.0020596074630482206
IDN.14.1_1,2015.0,0.7866316769608942,0.18217490890637378,0.013135464718459366,6.882121570940263E-4,0.0020596074630482206
IDN.14.1_1,2016.0,0.7836110717426125,0.18432732443046504,0.013785121145760481,9.067454239834935E-4,0.0020596074630482206
IDN.14.1_1,2017.0,0.780622012121434,0.18149965025533665,0.020431488906465036,7.711145958582313E-5,0.0020596074630482206
IDN.14.1_1,2018.0,0.7758279957268672,0.1871086707721663,0.019421115434026286,2.724808097617624E-4,0.0020596074630482206
IDN.14.1_1,2019.0,0.7725370432174683,0.19333092550514883,0.01637353644430832,3.8875757589611627E-4,0.0020596074630482206
IDN.14.1_1,2020.0,0.7893922976929045,0.17552930311661372,0.01735876487557778,3.498970577253951E-4,0.0020596074630482206
IDN.14.1_1,2021.0,0.7916478840828843,0.17156827335860042,0.018831045134586943,5.830601667497219E-4,0.0020596074630482206
IDN.14.1_1,2022.0,0.81509875905412,0.14625026478490327,0.02097035475843237,3.1088414536576916E-4,0.0020596074630482206
IDN.14.1_1,2023.0,0.8174156079080392,0.14652701263195442,0.018376758057461768,3.1088414536576916E-4,0.0020596074630482206
IDN.14.2_1,2011.0,0.6033536473408992,0.3944544156724955,2.0310757844745858E-4,0.0,8.28678920065631E-4
IDN.14.2_1,2012.0,0.5761040846721373,0.4216464582750414,2.6062764466377894E-4,0.0,8.286789200656312E-4
IDN.14.2_1,2013.0,0.544752073890862,0.4530533893455288,2.057073554515861E-4,0.0,8.286789200656311E-4
IDN.14.2_1,2014.0,0.5131891562001268,0.4844905428236892,2.4860367601968936E-4,8.286789200656311E-5,8.286789200656311E-4
IDN.14.2_1,2015.0,0.49401840057169094,0.5038270342361384,1.6573578401312623E-4,0.0,8.286789200656311E-4
IDN.14.2_1,2016.0,0.49345782365517593,0.5043047432606467,2.4860367601968936E-4,0.0,8.286789200656311E-4
IDN.14.2_1,2017.0,0.5033002544206769,0.4944590627738905,2.5185339727484867E-4,0.0,8.286789200656311E-4
IDN.14.2_1,2018.0,0.5064115375503665,0.4908538220134167,5.800752440459418E-4,0.0,9.944147040787572E-4
IDN.14.2_1,2019.0,0.49396445519885535,0.5035495080409478,3.3147156802625246E-4,0.0,9.944147040787574E-4
IDN.14.2_1,2020.0,0.5096164126522047,0.4877318148035852,4.972073520393787E-4,0.0,9.944147040787574E-4
IDN.14.2_1,2021.0,0.529298349434077,0.4681327459137192,4.143394600328155E-4,0.0,9.944147040787572E-4
IDN.14.2_1,2022.0,0.5843489524686019,0.4128335392031749,5.800752440459418E-4,8.286789200656311E-5,9.944147040787574E-4
IDN.14.2_1,2023.0,0.610988867429896,0.386110756349874,6.629431360525049E-4,8.286789200656311E-5,9.944147040787574E-4
IDN.14.3_1,2011.0,0.8903597554382074,0.1036547994499042,0.001392163053789209,0.0,0.0015054134372022687
IDN.14.3_1,2012.0,0.8850550917362542,0.10897195906731666,0.001379667138330079,0.0,0.0015054134372022687
IDN.14.3_1,2013.0,0.8751398288020226,0.11896249267340862,0.0013043964664699655,0.0,0.0015054134372022687
IDN.14.3_1,2014.0,0.8646913740105228,0.1294360376888617,0.0012542160185632233,2.5090223953371143E-5,0.0015054134372022687
IDN.14.3_1,2015.0,0.8570565664510645,0.13709593547227328,0.001229125794609852,2.5090223953371143E-5,0.0015054134372022687
IDN.14.3_1,2016.0,0.8605295454113867,0.13364804673590452,0.001204035570656481,2.5090223953371143E-5,0.0015054134372022687
IDN.14.3_1,2017.0,0.8761123455610622,0.11796488569041555,0.0013043964664699655,2.5090223953371143E-5,0.0015054134372022687
IDN.14.3_1,2018.0,0.8808844077639583,0.11294192124798574,0.001555298706003677,2.5090223953371143E-5,0.0015054134372022687
IDN.14.3_1,2019.0,0.8782332074328852,0.11599112140608368,0.001157298878978633,2.5090223953371143E-5,0.0015054134372022687
IDN.14.3_1,2020.0,0.8764263177361021,0.11759728931123986,0.001358020670605602,2.5090223953371143E-5,0.0015054134372022687
IDN.14.3_1,2021.0,0.8749398941546763,0.11925934446033927,0.0011823891029320041,2.5090223953371143E-5,0.0015054134372022687
IDN.14.3_1,2022.0,0.8800099888609243,0.1142645204259513,0.0011322086550252617,0.0,0.0015054134372022687
IDN.14.3_1,2023.0,0.8908283030714074,0.10344620621546834,0.0011322086550252617,0.0,0.0015054134372022687
IDN.14.5_1,2011.0,0.7247817374907104,0.24596460045313753,0.006230725314657812,0.017138403600805038,7.772813036921033E-4
IDN.14.5_1,2012.0,0.7151823416138349,0.25766068018944216,0.005834294915541643,0.015409361944059001,8.060695001251441E-4
IDN.14.5_1,2013.0,0.7087817094927781,0.26515357035163495,0.0054957795939554735,0.014655619224509213,8.060695001251441E-4
IDN.14.5_1,2014.0,0.6995212805170407,0.2745205721016186,0.0049199592178506705,0.015124866826367774,8.060695001251441E-4
IDN.14.5_1,2015.0,0.6890779389051251,0.2863775270532844,0.0045983216820164215,0.014032891022451748,8.060695001251441E-4
IDN.14.5_1,2016.0,0.6816224169508515,0.2938684980023816,0.0048627779570924925,0.01373298575255224,8.060695001251441E-4
IDN.14.5_1,2017.0,0.6740573305078004,0.3028446576502038,0.006317089903956936,0.010867600600916912,8.060695001251443E-4
IDN.14.5_1,2018.0,0.6723733339113552,0.30582801795977044,0.007041141267969905,0.008844185523782046,8.060695001251441E-4
IDN.14.5_1,2019.0,0.6795820676405206,0.30008025697586,0.006657524438638639,0.0077668296078584826,8.060695001251441E-4
IDN.14.5_1,2020.0,0.6924468917045629,0.2846013517808097,0.007906085452172817,0.009132349725332384,8.060695001251441E-4
IDN.14.5_1,2021.0,0.7031255627104575,0.2723467810337041,0.008520572327408275,0.010093762591307974,8.060695001251443E-4
IDN.14.5_1,2022.0,0.7197231433504291,0.2544754073727362,0.008688447025823692,0.011199680913888633,8.060695001251441E-4
IDN.14.5_1,2023.0,0.7161711314901438,0.2594616923372708,0.008511314946594512,0.00994253988886853,8.060695001251441E-4
IDN.14.6_1,2011.0,0.8746979885505943,0.1046492510437739,0.010247115469917483,0.0050202672935466645,2.4181523777786347E-4
IDN.14.6_1,2012.0,0.8711752064740742,0.10826939252906026,0.010298383718209608,0.004871639636488017,2.418152377778634E-4
IDN.14.6_1,2013.0,0.869256065046339,0.11072790608662181,0.01023077999864793,0.00439987122622341,2.418152377778634E-4
IDN.14.6_1,2014.0,0.8655997342093171,0.11515803563193525,0.009259699060408832,0.004597153456171055,2.418152377778634E-4
IDN.14.6_1,2015.0,0.8599882736447783,0.12064398951413541,0.008631663018830282,0.00535069618008827,2.418152377778634E-4
IDN.14.6_1,2016.0,0.8512865440199489,0.12937839008150404,0.008606079157672744,0.005343609098706713,2.4181523777786347E-4
IDN.14.6_1,2017.0,0.8504116664417403,0.129620406371236,0.009769013923099144,0.004813535621756943,2.4181523777786347E-4
IDN.14.6_1,2018.0,0.8515452978848586,0.12832859730324,0.010086826799521805,0.004653900370212047,2.4181523777786347E-4
IDN.14.6_1,2019.0,0.8496243469895365,0.13060430437154813,0.009831993447716824,0.004553977549030922,2.4181523777786347E-4
IDN.14.6_1,2020.0,0.8547041759244813,0.12424116081366739,0.01103508834097206,0.004634197278711542,2.418152377778634E-4
IDN.14.6_1,2021.0,0.8609472412027838,0.11766635981112182,0.011520779599057177,0.004480241744869597,2.4181523777786347E-4
IDN.14.6_1,2022.0,0.8664745112615488,0.11249268987660697,0.011558175262517317,0.004089245957159352,2.4181523777786347E-4
IDN.14.6_1,2023.0,0.8648922826458747,0.11441132867445702,0.011073941631099328,0.00423706940640165,2.4181523777786347E-4
IDN.14.7_1,2011.0,0.5701855306051482,0.36911564334515545,0.026659085185528272,0.01833008490296837,0.007092509741799827
IDN.14.7_1,2012.0,0.5707875414820756,0.3720945090742694,0.026928494653938585,0.014479798828516858,0.007092509741799827
IDN.14.7_1,2013.0,0.5648406329528161,0.3842021080738119,0.025428413423783533,0.009819189588388882,0.007092509741799827
IDN.14.7_1,2014.0,0.5521389366158074,0.400592095677485,0.023164559260074748,0.008394752485433268,0.007092509741799827
IDN.14.7_1,2015.0,0.5481458577043195,0.40656065006468145,0.021070380692453324,0.008513455577346236,0.007092509741799827
IDN.14.7_1,2016.0,0.5658082959030675,0.3905938040710039,0.021390762665038032,0.006495503014825783,0.007092509741799827
IDN.14.7_1,2017.0,0.5820480426325645,0.3745392108897751,0.02360585546059825,0.004095256670997389,0.007092509741799826
IDN.14.7_1,2018.0,0.5903062865622979,0.36747986818836276,0.023093221029346665,0.003408989873928006,0.007092509741799827
IDN.14.7_1,2019.0,0.5852903826754933,0.37602067202708106,0.01989126331278451,0.003056371865598308,0.007092509741799827
IDN.14.7_1,2020.0,0.6105046650315121,0.3477898182539288,0.021913754522936934,0.004065348146858534,0.007092509741799827
IDN.14.7_1,2021.0,0.6257774470642397,0.32902763082128117,0.02362063515929723,0.0058458945255530515,0.007092509741799827
IDN.14.7_1,2022.0,0.6344161227659961,0.3166912374308555,0.024633568210287882,0.008528584402786123,0.007092509741799827
IDN.14.7_1,2023.0,0.6285432291058118,0.3269226293246912,0.02096750467946209,0.007834171315095263,0.007092509741799827
IDN.14.8_1,2011.0,0.46314257118443064,0.5068018250283505,0.007603497226960928,0.01651400583849402,0.0021245696689420543
IDN.14.8_1,2012.0,0.46348248989616936,0.5092572978222007,0.007558108410504161,0.01376400314936209,0.0021245696689420543
IDN.14.8_1,2013.0,0.4662768244019226,0.5088292750653672,0.007471807482775405,0.011483992328170834,0.0021245696689420543
IDN.14.8_1,2014.0,0.4649713674288729,0.5115768528725241,0.006737876538315587,0.010775802438523484,0.0021245696689420543
IDN.14.8_1,2015.0,0.4652218142133768,0.5115715056968867,0.0063890665926683845,0.010879512775304152,0.0021245696689420543
IDN.14.8_1,2016.0,0.46847836852945846,0.5090907892599114,0.005969126775751948,0.010523614713114384,0.0021245696689420543
IDN.14.8_1,2017.0,0.5123998205089924,0.46613375636539245,0.0058279862095096755,0.009700336194341724,0.0021245696689420543
IDN.14.8_1,2018.0,0.5486353292744122,0.43011487038974705,0.006302143900330633,0.009009555713746283,0.0021245696689420543
IDN.14.8_1,2019.0,0.5511235068866954,0.4279676063125766,0.006329315013743791,0.00864147106522018,0.0021245696689420543
IDN.14.8_1,2020.0,0.5591263635220152,0.4182881614090972,0.006804902763165442,0.009842471583958392,0.0021245696689420543
IDN.14.8_1,2021.0,0.5898096386820153,0.3858375825244844,0.00735267738369162,0.01106200068804471,0.0021245696689420543
IDN.14.8_1,2022.0,0.6143385012127827,0.35976326188159474,0.007194686996545533,0.012765449187313233,0.0021245696689420543
IDN.14.8_1,2023.0,0.6207432362735978,0.35485530076401767,0.007225526521151776,0.011232239837988035,0.0021245696689420543
IDN.16.1_1,2011.0,0.3592756716185956,0.2709995716500579,0.18210748171931376,9.666304022319716E-4,0.11344734517803096
IDN.16.1_1,2012.0,0.36005940038589546,0.2772750878496463,0.17334620910300544,7.249728016739787E-4,0.11538060598249489
IDN.16.1_1,2013.0,0.3435878287964896,0.2977600709620447,0.16827045181442268,9.666304022319716E-4,0.11680970269481432
IDN.16.1_1,2014.0,0.3256539918044918,0.32041902480260004,0.16337570080704217,4.833152011159858E-4,0.11729301789593032
IDN.16.1_1,2015.0,0.29428399222146934,0.3541079896741141,0.16046728050856188,2.416576005579929E-4,0.1177763330970463
IDN.16.1_1,2016.0,0.2550369025371213,0.38326137307005737,0.1697573568155031,7.249728016739787E-4,0.1181241305064768
IDN.16.1_1,2017.0,0.2582495271092452,0.3749881540391896,0.17427967081496482,9.666304022319716E-4,0.11909076090870878
IDN.16.1_1,2018.0,0.26877253101746484,0.3651702217184804,0.17095048198845408,0.0014499456033479573,0.121006015852739
IDN.16.1_1,2019.0,0.26917624136192636,0.37438353619936204,0.1586666944651886,0.002416576005579929,0.12261327581566588
IDN.16.1_1,2020.0,0.25338604943840765,0.3775421431901848,0.16922855312487026,0.0021749184050219358,0.12495782837951089
IDN.16.1_1,2021.0,0.22981448277692143,0.3815053278393359,0.18792053160881472,0.002416576005579929,0.12592445878174285
IDN.16.1_1,2022.0,0.24109562817708752,0.3611966126238151,0.19636054176791062,0.0028998912066959147,0.12640777398285885
IDN.16.1_1,2023.0,0.2549411871737631,0.34889671459384575,0.19219171123906914,0.0033832064078119003,0.1278577195862068
IDN.16.2_1,2011.0,0.1974805934432678,0.5676978706307777,0.14382699938121934,0.04777444111755976,0.004464167886144304
IDN.16.2_1,2012.0,0.1944101491819487,0.5744318798333126,0.13777628866281744,0.04997463291035317,0.004464167886144304
IDN.16.2_1,2013.0,0.1834047913007018,0.5908112483247481,0.13467871774493934,0.047715788887162075,0.004464167886144304
IDN.16.2_1,2014.0,0.16155683547756167,0.6196109597557745,0.12903270741628153,0.04659333182792624,0.004464167886144304
IDN.16.2_1,2015.0,0.1501255157730516,0.6306896329250185,0.12281630414700619,0.05334933561686034,0.004464167886144304
IDN.16.2_1,2016.0,0.1401868953321627,0.6289630578926864,0.12686110858580701,0.06115668063567308,0.004464167886144304
IDN.16.2_1,2017.0,0.16090946148454713,0.606717733208602,0.13048361696574445,0.05896968559471916,0.004464167886144304
IDN.16.2_1,2018.0,0.17053869141008815,0.6009463537374691,0.12488086265700495,0.06061854642177427,0.004464167886144304
IDN.16.2_1,2019.0,0.15561683084403544,0.6231916784215537,0.11945186558081862,0.05845207966145953,0.004464167886144304
IDN.16.2_1,2020.0,0.14548759065435407,0.6269857445754043,0.12267553879405176,0.06171900889461094,0.004464167886144304
IDN.16.2_1,2021.0,0.1333788376887507,0.6205252013970988,0.13549764951186716,0.06739361218558762,0.004464167886144304
IDN.16.2_1,2022.0,0.154638071749274,0.5893610719281651,0.14592015085353696,0.06704609772048128,0.004464167886144304
IDN.16.2_1,2023.0,0.17296909320719253,0.5763586056018769,0.14562835600730845,0.06217869575035286,0.004464167886144304
IDN.16.3_1,2011.0,0.24126107420892456,0.4417053215890593,0.252036844394042,0.004076886346001354,0.016952386230889294
IDN.16.3_1,2012.0,0.24693780536678162,0.4427615815547814,0.24531024838629964,0.005707640884401896,0.016952386230889294
IDN.16.3_1,2013.0,0.24230667564825198,0.45252159417447674,0.24079529660547302,0.004892263615201626,0.016952386230889294
IDN.16.3_1,2014.0,0.23852503048338586,0.47164725393726065,0.2237427202264728,0.005707640884401896,0.017471456466314823
IDN.16.3_1,2015.0,0.23637307400428084,0.4826372605029129,0.2160163544429005,0.004076886346001354,0.017743248889381582
IDN.16.3_1,2016.0,0.22898351765478347,0.48593394271681684,0.22077645233080695,0.003261509076801084,0.017743248889381582
IDN.16.3_1,2017.0,0.23593927198001352,0.4691766075189519,0.22920841256171334,0.004076886346001354,0.017743248889381582
IDN.16.3_1,2018.0,0.24065353820442242,0.4647543849177598,0.2279986698159064,0.005707640884401896,0.017743248889381582
IDN.16.3_1,2019.0,0.23491072418291775,0.4779134016047487,0.2206847890038119,0.005707640884401896,0.017743248889381582
IDN.16.3_1,2020.0,0.22099068871134186,0.48641357640458155,0.22671111982741757,0.004620471192134869,0.017743248889381582
IDN.16.3_1,2021.0,0.20433460951422736,0.4838096984063381,0.24270850209333508,0.007881980268935952,0.018015041312448334
IDN.16.3_1,2022.0,0.197630396411914,0.4733536840130641,0.25825716039803254,0.009784527230403251,0.018015041312448334
IDN.16.3_1,2023.0,0.21010726740963734,0.4694260170365896,0.24673529336528105,0.01250245146107082,0.018015041312448334
IDN.16.5_1,2011.0,0.7294842790730703,0.07788690159338527,0.15209242698463427,0.0,3.393484509741302E-4
IDN.16.5_1,2012.0,0.7233795556975069,0.08956669860534455,0.14663934135349044,0.0,3.393484509741302E-4
IDN.16.5_1,2013.0,0.7044133042336507,0.10991784662337219,0.14510096170907438,0.0,3.3934845097413017E-4
IDN.16.5_1,2014.0,0.6883632314844402,0.12763804606267098,0.14334832676816095,0.0,3.3934845097413017E-4
IDN.16.5_1,2015.0,0.6809046630469513,0.13635286915788372,0.14213953653429884,0.0,3.3934845097413017E-4
IDN.16.5_1,2016.0,0.669966553106925,0.13466677312892603,0.15516962986621266,0.0,3.3934845097413017E-4
IDN.16.5_1,2017.0,0.6794625430284978,0.11834122928421893,0.16223251357393825,0.0,3.3934845097413017E-4
IDN.16.5_1,2018.0,0.7038903083856789,0.10126778806912964,0.1551501117853723,0.0,3.3934845097413017E-4
IDN.16.5_1,2019.0,0.7100881862379802,0.10287669896021875,0.14706252883352877,0.0,3.3934845097413017E-4
IDN.16.5_1,2020.0,0.709839330707266,0.10158318251179974,0.1486638986479296,0.0,3.393484509741302E-4
IDN.16.5_1,2021.0,0.706468913020336,0.09838931473792557,0.15547526526846264,0.0,3.393484509741302E-4
IDN.16.5_1,2022.0,0.7068109230277883,0.09197762518187315,0.1617778310089076,0.0,3.3934845097413017E-4
IDN.16.5_1,2023.0,0.7070766350828647,0.09293889066326001,0.16042221157599657,0.0,3.3934845097413017E-4
IDN.16.6_1,2011.0,0.6634152987590841,0.2040388708239123,0.1123254076424444,0.0,5.016986433970316E-4
IDN.16.6_1,2012.0,0.6581917305307741,0.20901749206750525,0.11274004681536963,0.0,5.016986433970316E-4
IDN.16.6_1,2013.0,0.6601581924683244,0.21042519943750748,0.109474087019138,0.0,5.016986433970316E-4
IDN.16.6_1,2014.0,0.6538923699014274,0.22175030852007285,0.1041919872824314,0.0,5.016986433970316E-4
IDN.16.6_1,2015.0,0.6624960097742715,0.2193101840397859,0.09799453345223276,0.0,5.016986433970316E-4
IDN.16.6_1,2016.0,0.6479019897269839,0.23345169158518592,0.09849229720430902,0.0,5.016986433970316E-4
IDN.16.6_1,2017.0,0.6564441469229412,0.22725866450772317,0.09626121382543752,0.0,5.016986433970316E-4
IDN.16.6_1,2018.0,0.6538603989094465,0.23044838578461507,0.09593658529147475,0.0,5.016986433970316E-4
IDN.16.6_1,2019.0,0.6399043231175373,0.2475223710868123,0.09274932332165828,0.0,5.016986433970316E-4
IDN.16.6_1,2020.0,0.6337363809722445,0.2525526377789903,0.09394700586741492,0.0,5.016986433970316E-4
IDN.16.6_1,2021.0,0.6226508083988302,0.2575332264682435,0.0999816535692171,0.0,5.016986433970316E-4
IDN.16.6_1,2022.0,0.6289156472428968,0.24549590205662042,0.10600006984432107,0.0,5.016986433970316E-4
IDN.16.6_1,2023.0,0.6436434535950905,0.23233910106424083,0.10439561790828077,0.0,5.016986433970316E-4
IDN.16.7_1,2011.0,0.03803405328708813,0.6919898575857898,0.08301145619843395,0.050994534657627835,0.10417652004834725
IDN.16.7_1,2012.0,0.03377082347995166,0.7052787850123494,0.08039702559251667,0.04635687634662883,0.10417652004834725
IDN.16.7_1,2013.0,0.02248541699511272,0.7157890588049816,0.07989121866624625,0.046494823690157124,0.10417652004834725
IDN.16.7_1,2014.0,0.021243890903358032,0.7264044353355402,0.076679016238373,0.0414761679541752,0.10417652004834725
IDN.16.7_1,2015.0,0.013932681696358189,0.7435493194597717,0.0689079825529455,0.03941352672237111,0.10417652004834725
IDN.16.7_1,2016.0,0.012632035314519943,0.7329996321404171,0.0693086867412896,0.05002233433180934,0.10417652004834725
IDN.16.7_1,2017.0,0.02014031215513164,0.7255898891166113,0.06471701087813338,0.05451547637815965,0.10417652004834725
IDN.16.7_1,2018.0,0.021552630196016605,0.7244337589994218,0.06846786483787902,0.052998055599348365,0.10417652004834725
IDN.16.7_1,2019.0,0.019148405065951966,0.745001051027379,0.06438856482211361,0.03891428871722107,0.10417652004834725
IDN.16.7_1,2020.0,0.01712517736087025,0.7467418151242837,0.06545929896473802,0.038126018182773655,0.10417652004834725
IDN.16.7_1,2021.0,0.013354616637763415,0.742990961164538,0.06838903778443427,0.04271769404592989,0.10417652004834725
IDN.16.7_1,2022.0,0.022629933259761415,0.7061393136791211,0.07611408902201901,0.0592188239003626,0.1075266698197488
IDN.16.7_1,2023.0,0.029652109937463873,0.6677636764937726,0.07393320721004781,0.09275316621998002,0.1075266698197488
IDN.17.10_1,2014.0,0.033742698380868,0.48160606511459486,4.123838047985306E-4,0.4801150146517544,0.004123838047985306
IDN.17.10_1,2015.0,0.029672227648797803,0.48649483469069654,0.003299070438388245,0.4764100291741331,0.004123838047985306
IDN.17.10_1,2016.0,0.030176791362904243,0.4829014354190796,0.005970670616926176,0.47641488074830723,0.004123838047985306
IDN.17.10_1,2017.0,0.037640129634061964,0.4867277102510533,0.005729709099612525,0.46536622916248915,0.004536221852783837
IDN.17.10_1,2018.0,0.04240760985581124,0.4873244538744676,0.004067236349287469,0.46001494284845657,0.004536221852783837
IDN.17.10_1,2019.0,0.03643208766471097,0.4888526997393094,0.003413891027175287,0.46511556449682734,0.004536221852783837
IDN.17.10_1,2020.0,0.034902224608477986,0.481483158568851,0.0032554062708213417,0.4737610696750743,0.004948605657582367
IDN.17.11_1,2011.0,0.3422972886416602,0.6120778305754728,0.013347039930964916,0.027409910559875322,8.875737562529603E-4
IDN.17.11_1,2012.0,0.31448406344075946,0.6406132212592565,0.012952171669856344,0.027082613338100837,8.875737562529603E-4
IDN.17.11_1,2013.0,0.293937188495749,0.6628535953775776,0.01307534804364244,0.025265937791004174,8.875737562529603E-4
IDN.17.11_1,2014.0,0.2974779813433545,0.6597527181506367,0.013276301499162044,0.024625068714819936,8.875737562529603E-4
IDN.17.11_1,2015.0,0.2884597111197295,0.6694653511899189,0.01193015969992827,0.02527684769839665,8.875737562529603E-4
IDN.17.11_1,2016.0,0.29077296341943243,0.6673185629610752,0.012208890237181384,0.024831653090284053,8.875737562529603E-4
IDN.17.11_1,2017.0,0.30104164980323456,0.6577970292674102,0.01192347298249417,0.024369917654834452,8.875737562529603E-4
IDN.17.11_1,2018.0,0.3194554618867664,0.6379688004803172,0.011209050014534809,0.026498757326354733,8.875737562529603E-4
IDN.17.11_1,2019.0,0.31145920363306956,0.645858423187565,0.010458729931929216,0.027355712955409443,8.875737562529603E-4
IDN.17.11_1,2020.0,0.3239953910920254,0.6338342975110628,0.012169473797569833,0.02513290730731519,8.875737562529603E-4
IDN.17.11_1,2021.0,0.33290737770169776,0.61867374942547,0.011193213052190882,0.03234893121620127,8.875737562529603E-4
IDN.17.11_1,2022.0,0.3572223938870734,0.593899109399624,0.010033947408615445,0.0339766190126604,8.875737562529603E-4
IDN.17.11_1,2023.0,0.34623259781787785,0.6021705788656087,0.010052247898435094,0.03667664512605165,8.875737562529603E-4
IDN.17.12_1,2022.0,0.012100044172747586,0.05499693929946957,3.811861466490375E-4,0.9317594580878359,3.811861466490375E-4
IDN.17.12_1,2023.0,0.010104422581467331,0.051480310240677965,1.9059307332451876E-4,0.9374623018112321,3.811861466490375E-4
IDN.17.1_1,2011.0,0.030327964551585346,0.3147825893576921,0.002596362868119222,0.1900626574079737,0.4566652026219374
IDN.17.1_1,2012.0,0.02609150094236297,0.30835005865445025,0.003408073743377052,0.1857427988458139,0.4708423446213036
IDN.17.1_1,2013.0,0.031762357742109455,0.30811099312269624,0.003408073743377052,0.16660643697843405,0.4845469152206909
IDN.17.1_1,2014.0,0.033435816464387584,0.3103570971884782,0.003408073743377052,0.15130624294617692,0.495927546464888
IDN.17.1_1,2015.0,0.030311285560997856,0.29577965941501216,0.003046695613981442,0.146847392795788,0.5184497434215282
IDN.17.1_1,2016.0,0.03141209893977217,0.293489078040997,0.002062635169319553,0.13686223709741088,0.5306087275598081
IDN.17.1_1,2017.0,0.039768273224104485,0.28504950880372726,8.728671740786249E-4,0.1320809264623305,0.5366632011430669
IDN.17.1_1,2018.0,0.04134165800285767,0.2766544168746908,8.728671740786249E-4,0.13466061033986224,0.5409052244158183
IDN.17.1_1,2019.0,0.04199213863576977,0.2760539732135412,8.728671740786249E-4,0.13155275842706,0.5439630393568582
IDN.17.1_1,2020.0,0.036260125537202495,0.2904034647823114,8.728671740786249E-4,0.1139786620113751,0.5529196573023402
IDN.17.1_1,2021.0,0.040769012659353863,0.2739524203995175,8.728671740786249E-4,0.11510171404426606,0.5637387625300917
IDN.17.1_1,2022.0,0.04240355373692786,0.2563004886944243,8.728671740786249E-4,0.12030555910756283,0.5745523080943142
IDN.17.1_1,2023.0,0.04015189000761674,0.251658169647573,0.0015011091528740683,0.12334113539448595,0.577782472604758
IDN.17.2_1,2011.0,0.5826259043624183,0.3985042820940742,0.00830862931257928,0.007868914971842588,1.0681785029650575E-4
IDN.17.2_1,2012.0,0.5709544270638917,0.4094307144582747,0.007705816748809214,0.00921677246993882,1.0681785029650575E-4
IDN.17.2_1,2013.0,0.564923238548763,0.4158267682469967,0.008065321986903906,0.008497187704231714,1.0681785029650575E-4
IDN.17.2_1,2014.0,0.5662802846791428,0.41579422517432574,0.007886717946892005,0.007355500142998094,1.0681785029650575E-4
IDN.17.2_1,2015.0,0.5591070257431022,0.4240144139011757,0.007300751208975153,0.006889751344124619,1.0681785029650575E-4
IDN.17.2_1,2016.0,0.5647339144377537,0.4187278874606948,0.007487778161913658,0.006362362137015528,1.0681785029650575E-4
IDN.17.2_1,2017.0,0.5738919179470454,0.41083676662750024,0.007179001831217845,0.005404255791614074,1.0681785029650575E-4
IDN.17.2_1,2018.0,0.5770891791220495,0.4079597675735466,0.007252128029807925,0.005015653217954743,1.0681785029650575E-4
IDN.17.2_1,2019.0,0.5727659276326298,0.4126268270542433,0.006518760315675465,0.005405212940810279,1.0681785029650575E-4
IDN.17.2_1,2020.0,0.574023238816765,0.411164494512281,0.0067090415758810674,0.00541995303843184,1.0681785029650575E-4
IDN.17.2_1,2021.0,0.580575882213986,0.4041328936572787,0.007092284114041651,0.005511456501589062,1.0681785029650575E-4
IDN.17.2_1,2022.0,0.5951111499075589,0.39125923696831816,0.006827345216532036,0.004118995850949666,1.0681785029650575E-4
IDN.17.2_1,2023.0,0.5891115473159053,0.39577066398971195,0.00639949952582829,0.006035017111913333,1.0681785029650575E-4
IDN.17.3_1,2011.0,0.07076356723483099,0.2218148417398187,0.026072400951332342,0.6520182460384816,0.008416325526200625
IDN.17.3_1,2012.0,0.0635609701354301,0.22610998912466887,0.025189935203217273,0.6558081615011474,0.008416325526200625
IDN.17.3_1,2013.0,0.06320762327816645,0.23327472763222007,0.024914108319741057,0.6491288242248117,0.008454634815572322
IDN.17.3_1,2014.0,0.06361550453559452,0.24044802939268975,0.025299905398590134,0.6410162688284523,0.00856640780103327
IDN.17.3_1,2015.0,0.057601847499282266,0.24405586305645943,0.024640084226352922,0.6439674362026391,0.00868088497162634
IDN.17.3_1,2016.0,0.05980170210426167,0.254775703617704,0.024967290627339413,0.6305569314349354,0.008844488172119582
IDN.17.3_1,2017.0,0.0669898768829579,0.26076637508039324,0.024455298242324744,0.6175290688634266,0.009277608490780758
IDN.17.3_1,2018.0,0.07278584701613453,0.25261731318475045,0.023467819971579026,0.6207542603310013,0.009392987056417865
IDN.17.3_1,2019.0,0.0696976675952538,0.25097001374176753,0.022606537006998884,0.6262378970814181,0.009506112134444876
IDN.17.3_1,2020.0,0.06692497643978704,0.23748874946310664,0.022671437450169755,0.6418865657434729,0.0100464984633468
IDN.17.3_1,2021.0,0.07064368169397366,0.1983884859402655,0.02436876431809691,0.6748897931884281,0.01065539081559576
IDN.17.3_1,2022.0,0.07467291754083208,0.17412022716957903,0.025707786656018194,0.6932913223149808,0.011153862274949827
IDN.17.3_1,2023.0,0.07072661003802534,0.17894719763041275,0.023914461215900795,0.6931466484104124,0.012110693114198191
IDN.17.4_1,2011.0,0.04210792407659068,0.10806105596062433,1.581508335522814E-4,0.8424857923600231,0.006917140607523613
IDN.17.4_1,2012.0,0.03984998747707919,0.1133943593716224,8.299213755353992E-5,0.8394855842445351,0.006917140607523613
IDN.17.4_1,2013.0,0.03628323099400652,0.12183393993105289,1.3909651625682582E-4,0.834556655789474,0.006917140607523613
IDN.17.4_1,2014.0,0.03749868472281998,0.12345398033043985,2.6887758850254002E-5,0.83183337041868,0.006917140607523613
IDN.17.4_1,2015.0,0.030607161586326936,0.12405482646915654,2.6887758850254002E-5,0.8381240474164565,0.006917140607523613
IDN.17.4_1,2016.0,0.03171908685783506,0.12242314176475569,1.2279448923738047E-4,0.8385479001189622,0.006917140607523613
IDN.17.4_1,2017.0,0.03215966501663332,0.1249010498717114,1.7678172157450464E-4,0.835521439388534,0.006971127839860736
IDN.17.4_1,2018.0,0.037793603211626295,0.12000006774868358,1.251233502401584E-4,0.834840141687903,0.006971127839860736
IDN.17.4_1,2019.0,0.036436935820189864,0.12090070181284879,1.1051504031364242E-4,0.8352565843781269,0.007025326786834476
IDN.17.4_1,2020.0,0.03612931445318657,0.11840606824960043,1.6471398728738277E-4,0.8380046403614049,0.007025326786834476
IDN.17.4_1,2021.0,0.035088313584944845,0.1069059409032465,3.21382818383351E-4,0.8503890997449047,0.007025326786834476
IDN.17.4_1,2022.0,0.03754970795024448,0.09472663300262787,3.9273065092300136E-4,0.8599276909830096,0.007133301251508725
IDN.17.4_1,2023.0,0.036347803958174454,0.0981119500421205,2.6993616168562086E-4,0.8577224713280158,0.007277902348317572
IDN.17.5_1,2011.0,0.140420172592254,0.20256629764286083,0.02341831982816555,0.6049865579871269,0.018612152058283253
IDN.17.5_1,2012.0,0.13796984721177918,0.20780524238501952,0.021433429129280604,0.6041192589741375,0.018675722408473615
IDN.17.5_1,2013.0,0.14321352856826577,0.20434876040310046,0.021702668259498608,0.6019992501191618,0.018739292758663977
IDN.17.5_1,2014.0,0.14477611270549395,0.19747169498995798,0.020850326975965876,0.6081660726786087,0.018739292758663977
IDN.17.5_1,2015.0,0.14283584589948775,0.18393644560472067,0.02021586995151697,0.6242595923918991,0.018739292758663977
IDN.17.5_1,2016.0,0.14539935143285046,0.18635386398039103,0.021636106363416938,0.6178833616200603,0.018739292758663977
IDN.17.5_1,2017.0,0.146395785510148,0.18198147036474885,0.022113257933081065,0.6207101231918583,0.018802863108854338
IDN.17.5_1,2018.0,0.14863869704215857,0.1768975874179565,0.021859724418792446,0.6237408084752475,0.0188664334590447
IDN.17.5_1,2019.0,0.14735532385478606,0.17114210241856476,0.020577597708874677,0.6320453398695272,0.0188664334590447
IDN.17.5_1,2020.0,0.14569850602198156,0.16136298819535957,0.021117571742256338,0.6429415471876463,0.0188664334590447
IDN.17.5_1,2021.0,0.14764201366937005,0.13964112418305838,0.021195351935430425,0.6624514123088138,0.018993574159425423
IDN.17.5_1,2022.0,0.15176685686250624,0.12897775885347978,0.021796652659583967,0.6684686575736953,0.018993574159425423
IDN.17.5_1,2023.0,0.14922055271801857,0.13922804155456647,0.02102259016020721,0.6614814035535562,0.01900603893397255
IDN.17.6_1,2011.0,0.05522514673338925,0.4967953106510118,9.752903496740993E-5,0.4424203876224563,0.0020481097343156085
IDN.17.6_1,2012.0,0.05433552894776495,0.5069031433416733,9.752903496740993E-5,0.433202172717419,0.0020481097343156085
IDN.17.6_1,2014.0,0.05797699538668538,0.5237638099201178,9.752903496740993E-5,0.41270003970005414,0.0020481097343156085
IDN.17.6_1,2018.0,0.06242890898284477,0.5132455903489855,1.9505806993481986E-4,0.4186688166400595,0.0020481097343156085
IDN.17.6_1,2019.0,0.05940550889885507,0.5080979696367253,9.752903496740993E-5,0.42693736647127695,0.0020481097343156085
IDN.17.6_1,2020.0,0.057389143909254356,0.5024496998782989,1.9505806993481986E-4,0.4345044721843366,0.0020481097343156085
IDN.17.6_1,2021.0,0.055770926862402946,0.4701144264183589,9.752903496740993E-5,0.4685554917260955,0.0020481097343156085
IDN.17.7_1,2011.0,0.15900212207496578,0.4427528985533266,0.006582112811085065,0.3907647548841839,2.2890402547926238E-4
IDN.17.7_1,2012.0,0.15964843932337786,0.4851881142258016,0.005277808697275776,0.3489875260771059,2.2890402547926238E-4
IDN.17.7_1,2013.0,0.1375030969368154,0.519398942912234,0.004963177870097418,0.3372366706044146,2.2890402547926238E-4
IDN.17.7_1,2014.0,0.1431884445657288,0.5302965698507371,0.004622065988991067,0.32099480791810464,2.2890402547926238E-4
IDN.17.7_1,2015.0,0.13180114254526917,0.5204963357402671,0.0034721598845246543,0.34333225015350055,2.2890402547926238E-4
IDN.17.7_1,2016.0,0.13488730740643665,0.5171848575050005,0.003123866700658169,0.34390585671146623,2.2890402547926238E-4
IDN.17.7_1,2017.0,0.1558122771551988,0.5066750209155443,0.0031683010114864963,0.33344628924133146,2.2890402547926238E-4
IDN.17.7_1,2018.0,0.1632781390372028,0.4913052376831684,0.003912014678582845,0.3406064969246073,2.2890402547926238E-4
IDN.17.7_1,2019.0,0.14728178713900494,0.45022055576102066,0.00386982452486706,0.3977297208986686,2.2890402547926238E-4
IDN.17.7_1,2020.0,0.13778630956441812,0.3754721706564789,0.0037679397919576627,0.4820754683107065,2.2890402547926238E-4
IDN.17.7_1,2021.0,0.13668353075931508,0.32100917052362493,0.00421138523739592,0.5371978018032258,2.2890402547926238E-4
IDN.17.7_1,2022.0,0.14005335707950786,0.2844590324630793,0.004313718801727825,0.5702757799792466,2.2890402547926238E-4
IDN.17.7_1,2023.0,0.12265171399743635,0.31190911343226785,0.003550256552041109,0.5609908043418165,2.2890402547926238E-4
IDN.17.9_1,2011.0,0.13006713782442406,0.5700088970912693,0.024960724875778502,0.26925343486653636,3.686759144671879E-4
IDN.17.9_1,2012.0,0.11220324463551389,0.5856327067998788,0.023005233329452538,0.273449009893163,3.686759144671879E-4
IDN.17.9_1,2013.0,0.09600737639295533,0.608349036196357,0.023440745228413773,0.2664930368402821,3.686759144671879E-4
IDN.17.9_1,2014.0,0.09716083612535269,0.6154796452087223,0.022625058750986367,0.25902465457294677,3.686759144671879E-4
IDN.17.9_1,2015.0,0.09357540895717179,0.6172245674705671,0.021168321755616015,0.26228596314965646,4.0460923946398987E-4
IDN.17.9_1,2016.0,0.10257239486987103,0.6105977436746569,0.022521570774995576,0.2585625520134879,4.0460923946398987E-4
IDN.17.9_1,2017.0,0.12244639825910231,0.5968137202058837,0.021346551047600158,0.25364759182042534,4.0460923946398987E-4
IDN.17.9_1,2018.0,0.14194597640186682,0.5795312282154219,0.01932422351678014,0.25345283319894263,4.0460923946398987E-4
IDN.17.9_1,2019.0,0.14490616371510337,0.5733708189779703,0.01914527555829607,0.2568320030816419,4.0460923946398987E-4
IDN.17.9_1,2020.0,0.14121221790543212,0.5746184240218591,0.01856603035934762,0.2598575890463727,4.0460923946398987E-4
IDN.17.9_1,2021.0,0.15627906107659117,0.5452414935039737,0.01962103278125373,0.2731026126401938,4.0460923946398987E-4
IDN.17.9_1,2022.0,0.17493636208143068,0.5128842530108534,0.020463309919178767,0.2859602749905495,4.0460923946398987E-4
IDN.17.9_1,2023.0,0.16481178843033178,0.5252970607977487,0.01821388377437896,0.2858682856785577,4.678518914583612E-4
IDN.18.1_1,2011.0,0.9448789835596675,0.030467019549999766,0.01686189160475214,0.0,0.001751261648356528
IDN.18.1_1,2012.0,0.9437986277822307,0.03246897396696866,0.015940292965220086,0.0,0.001751261648356528
IDN.18.1_1,2013.0,0.9440107524325949,0.03424086507392299,0.013956277207901449,0.0,0.001751261648356528
IDN.18.1_1,2014.0,0.9389381479499931,0.039369976334423275,0.013899770430003133,0.0,0.001751261648356528
IDN.18.1_1,2015.0,0.9285884382647762,0.04954792335348895,0.014071533096154361,0.0,0.001751261648356528
IDN.18.1_1,2016.0,0.9316182778797049,0.04744775477493488,0.013141862059779692,0.0,0.001751261648356528
IDN.18.1_1,2017.0,0.9469728736073441,0.03371346848020537,0.011521552626870055,0.0,0.001751261648356528
IDN.18.1_1,2018.0,0.9471123466861248,0.03404623061671768,0.011049317411576989,0.0,0.001751261648356528
IDN.18.1_1,2019.0,0.9402884805551665,0.04140422033876265,0.010514296887508016,0.0,0.001751261648356528
IDN.18.1_1,2020.0,0.9432788551188644,0.038891911054743884,0.010036231607828617,0.0,0.001751261648356528
IDN.18.1_1,2021.0,0.947261237561222,0.03368835435669502,0.011258302796502504,0.0,0.001751261648356528
IDN.18.1_1,2022.0,0.9550910140320686,0.025779199316895856,0.011337681365454901,0.0,0.001751261648356528
IDN.18.1_1,2023.0,0.9551968521240051,0.025443746381436014,0.011567296208978214,0.0,0.001751261648356528
IDN.18.2_1,2011.0,0.9169829492570737,0.010743822844046293,0.057076206890271604,0.0,3.9708063061292805E-4
IDN.18.2_1,2012.0,0.9173384526460383,0.011931230523398775,0.0554748240815384,0.0,3.970806306129281E-4
IDN.18.2_1,2013.0,0.9190878120929147,0.011450516132928325,0.05430371180525273,0.0,3.970806306129281E-4
IDN.18.2_1,2014.0,0.9163624059299932,0.014210550027366708,0.05435223855703253,0.0,3.970806306129281E-4
IDN.18.2_1,2015.0,0.9186094940852482,0.01720674744713342,0.04906677664466153,0.0,3.970806306129281E-4
IDN.18.2_1,2016.0,0.9173551075065255,0.019268235754223165,0.048253204682723774,0.0,3.9708063061292805E-4
IDN.18.2_1,2017.0,0.9171334420971611,0.019786213897294888,0.04790489044217103,0.0,3.970806306129281E-4
IDN.18.2_1,2018.0,0.917483074348256,0.020595712008465963,0.046731741240501994,0.0,3.970806306129281E-4
IDN.18.2_1,2019.0,0.9178915377971876,0.02217205261689797,0.04484722580348324,0.0,3.9708063061292805E-4
IDN.18.2_1,2020.0,0.9184253320667654,0.022005024735463327,0.04467732226268386,0.0,3.9708063061292805E-4
IDN.18.2_1,2021.0,0.9192813200043328,0.018437290016956823,0.04734126120668424,0.0,3.970806306129281E-4
IDN.18.2_1,2022.0,0.9197826432869171,0.015123571875668007,0.05009146993162645,0.0,3.9708063061292805E-4
IDN.18.2_1,2023.0,0.9233405528359274,0.014430657787908634,0.047137329030068904,0.0,3.970806306129281E-4
IDN.18.3_1,2011.0,0.9020446767319162,0.03119197872511944,0.05441277458463934,0.0,0.0011014208112923444
IDN.18.3_1,2012.0,0.9015631553831046,0.030742788711277315,0.05534348594729303,0.0,0.0011014208112923444
IDN.18.3_1,2013.0,0.9016498033608226,0.03062855132771862,0.05537107535313364,0.0,0.0011014208112923444
IDN.18.3_1,2014.0,0.8997349261616995,0.03431001266957248,0.053604491210403275,0.0,0.0011014208112923444
IDN.18.3_1,2015.0,0.9047355059703063,0.03510320808748948,0.04781071598387917,0.0,0.0011014208112923444
IDN.18.3_1,2016.0,0.9037690145969532,0.039927043264930316,0.04385077407682185,0.0,0.0011014208112923444
IDN.18.3_1,2017.0,0.9008928190380714,0.04302179864820536,0.04363221425242842,0.0,0.0011014208112923444
IDN.18.3_1,2018.0,0.9036931437308915,0.04259071418194612,0.04126297402586767,0.0,0.0011014208112923444
IDN.18.3_1,2019.0,0.9052398747958296,0.041349190919119524,0.04095776622375613,0.0,0.0011014208112923444
IDN.18.3_1,2020.0,0.9070784500444254,0.038809241243920115,0.041716043799906136,0.0,0.0011014208112923444
IDN.18.3_1,2021.0,0.906286547879907,0.03575371454707466,0.04548587745734313,0.0,0.0011014208112923444
IDN.18.3_1,2022.0,0.9023843712913284,0.0354286768595152,0.04971309173348119,0.0,0.0011014208112923444
IDN.18.3_1,2023.0,0.8948365133715953,0.04509445276197975,0.04744558744095761,0.0,0.0011014208112923444
IDN.18.4_1,2011.0,0.9496945952974507,0.02498629908726489,0.020306178987124078,7.697565954178955E-4,1.9153355285986458E-4
IDN.18.4_1,2012.0,0.9488206951626527,0.026001321264556135,0.020242032604172587,6.927809358761059E-4,1.9153355285986458E-4
IDN.18.4_1,2013.0,0.9472470711893534,0.02692502917905761,0.02069950951411605,8.852200847305798E-4,1.9153355285986458E-4
IDN.18.4_1,2014.0,0.9454310493548301,0.029735244482996005,0.019743803874471708,8.467322549596851E-4,1.9153355285986458E-4
IDN.18.4_1,2015.0,0.9431181571845979,0.03262560503245732,0.01901238417615894,0.0010006835740432641,1.9153355285986458E-4
IDN.18.4_1,2016.0,0.9414245417420128,0.03505773400864633,0.018427821961638644,8.467322549596851E-4,1.9153355285986458E-4
IDN.18.4_1,2017.0,0.9458719236715388,0.031127598324707784,0.018026039205363657,7.312687656470007E-4,1.9153355285986458E-4
IDN.18.4_1,2018.0,0.9460501751498112,0.0312395903627078,0.017389405221153325,0.0010776592335850538,1.9153355285986458E-4
IDN.18.4_1,2019.0,0.9448851259027462,0.03211832034281035,0.017637236658344737,0.0011161470633559484,1.9153355285986458E-4
IDN.18.4_1,2020.0,0.9472804273084879,0.02973207489701487,0.017320278060231488,0.0014240497015231067,1.9153355285986458E-4
IDN.18.4_1,2021.0,0.9496289395878414,0.026539547150685586,0.01793336654858197,0.0016549766801484754,1.9153355285986458E-4
IDN.18.4_1,2022.0,0.9528098455189067,0.023268534418156833,0.017908009860732918,0.0017704401694611596,1.9153355285986458E-4
IDN.18.4_1,2023.0,0.9547005790229848,0.021690533397550147,0.017479813887948493,0.001885903658773844,1.9153355285986458E-4
IDN.18.5_1,2011.0,0.8798836484264436,0.07513329026719255,0.03350231319078833,0.0,0.004333565508681589
IDN.18.5_1,2012.0,0.8776705429000806,0.07718917911275328,0.03367160186672348,0.0,0.004333565508681589
IDN.18.5_1,2013.0,0.876066652011826,0.08052638390685136,0.03185462622716743,7.158973857954168E-5,0.004333565508681589
IDN.18.5_1,2014.0,0.8673341076254864,0.0909262673419123,0.030115697439866713,0.0,0.004333565508681589
IDN.18.5_1,2015.0,0.8526436125248916,0.10674310766282524,0.028814167918083354,0.0,0.004333565508681589
IDN.18.5_1,2016.0,0.8528286228689069,0.10853734303247957,0.02686327735577264,0.0,0.004333565508681589
IDN.18.5_1,2017.0,0.8733908802533885,0.08859188037607353,0.026362149185715847,0.0,0.004333565508681589
IDN.18.5_1,2018.0,0.8755916330405454,0.08665502701740585,0.026091511899477886,0.0,0.004333565508681589
IDN.18.5_1,2019.0,0.869628628932979,0.09369917654955988,0.024790263121767395,2.14769215738625E-4,0.004333565508681589
IDN.18.5_1,2020.0,0.8749310422371037,0.0896157540097974,0.023786041573143783,0.0,0.004333565508681589
IDN.18.5_1,2021.0,0.8824100643381193,0.08006624437143227,0.025921380991324152,0.0,0.004333565508681589
IDN.18.5_1,2022.0,0.8963647292237458,0.06547007927931874,0.02664120879413963,0.0,0.004333565508681589
IDN.18.5_1,2023.0,0.9026564846406324,0.061596653306056244,0.02430654108422798,0.0,0.004333565508681589
IDN.18.6_1,2011.0,0.9147546068429572,0.019331331436053447,0.055812762667285645,0.0,3.816899957989582E-4
IDN.18.6_1,2012.0,0.9127441957783611,0.02293450134286224,0.054214895554251456,0.0,3.816899957989582E-4
IDN.18.6_1,2013.0,0.9103882612753837,0.02678327691077936,0.052717763541821616,0.0,3.816899957989582E-4
IDN.18.6_1,2014.0,0.9033682711813424,0.0346230423062903,0.051897988240351904,0.0,3.816899957989582E-4
IDN.18.6_1,2015.0,0.8972091268861776,0.042288513501364124,0.050381444798799524,0.0,3.816899957989582E-4
IDN.18.6_1,2016.0,0.8966594769457604,0.043115849043649984,0.05010375919693079,0.0,3.816899957989582E-4
IDN.18.6_1,2017.0,0.9014931271281051,0.0384987895441461,0.049859175189986824,0.0,3.816899957989582E-4
IDN.18.6_1,2018.0,0.9010795615223786,0.039474469271094714,0.0493185158062159,0.0,3.816899957989582E-4
IDN.18.6_1,2019.0,0.8988944475956794,0.0445024380754978,0.046475660928512005,0.0,3.816899957989582E-4
IDN.18.6_1,2020.0,0.8963764787422371,0.04660479801488511,0.04691129426418833,0.0,3.816899957989582E-4
IDN.18.6_1,2021.0,0.8950121617711719,0.04474252680411867,0.05014217339351013,0.0,3.816899957989582E-4
IDN.18.6_1,2022.0,0.8993010659530879,0.0373052931493593,0.05325372331643653,0.0,3.8168999579895816E-4
IDN.18.6_1,2023.0,0.9059003388622523,0.03362590784189045,0.050339965639727154,0.0,3.816899957989582E-4
IDN.18.7_1,2011.0,0.927200376677655,0.029325855337447387,0.03654731596338231,0.0,5.5834961853054135E-5
IDN.18.7_1,2012.0,0.9257549178517727,0.02996337393173972,0.037246919701824685,1.0625309904872242E-4,5.5834961853054135E-5
IDN.18.7_1,2013.0,0.9251036488564269,0.03252469863704363,0.035150191880596565,2.1250619809744483E-4,5.5834961853054135E-5
IDN.18.7_1,2014.0,0.9204435129357958,0.0393123966115679,0.033405557662098524,0.0,5.5834961853054135E-5
IDN.18.7_1,2015.0,0.9175075939714927,0.04444921310204888,0.031062155979549443,1.0625309904872242E-4,5.5834961853054135E-5
IDN.18.7_1,2016.0,0.9234135995633227,0.041379540236590295,0.0284020783939532,0.0,5.5834961853054135E-5
IDN.18.7_1,2017.0,0.9328767922397756,0.032455113274137214,0.027766643193759852,0.0,5.5834961853054135E-5
IDN.18.7_1,2018.0,0.9304313042463758,0.03532394694845272,0.027424549882704943,0.0,5.5834961853054135E-5
IDN.18.7_1,2019.0,0.9244248790589744,0.04136912326609533,0.027352047768059926,0.0,5.5834961853054135E-5
IDN.18.7_1,2020.0,0.9260853441558732,0.03938448204739311,0.027660806773530923,0.0,5.5834961853054135E-5
IDN.18.7_1,2021.0,0.9304258874217185,0.034473922156062944,0.028263324346960144,0.0,5.5834961853054135E-5
IDN.18.7_1,2022.0,0.9357264586883803,0.02756747071789598,0.029908372327526248,0.0,5.5834961853054135E-5
IDN.18.7_1,2023.0,0.9386727946231783,0.025761168034067698,0.0286620859775077,1.0625309904872242E-4,5.5834961853054135E-5
IDN.18.8_1,2011.0,0.5009779419754427,0.04618059328479842,0.3330918661789029,0.0,0.08332427831504216
IDN.18.8_1,2012.0,0.5093145954821493,0.04464124017530514,0.32629456578168936,0.0,0.08332427831504216
IDN.18.8_1,2013.0,0.5066644934622767,0.041562533956318586,0.33202337402054877,0.0,0.08332427831504217
IDN.18.8_1,2014.0,0.5068878505801246,0.04618059328479843,0.3271819575742209,0.0,0.08332427831504217
IDN.18.8_1,2015.0,0.5633066512127687,0.04925929950378499,0.26768445072259045,0.0,0.08332427831504217
IDN.18.8_1,2016.0,0.5742632233450444,0.05695606505125139,0.24903111304284828,0.0,0.08332427831504217
IDN.18.8_1,2017.0,0.577686020259094,0.05541671194175811,0.2466647349294312,0.0,0.08332427831504217
IDN.18.8_1,2018.0,0.5669105484926411,0.06003477127023796,0.2528221473674043,0.0,0.08332427831504217
IDN.18.8_1,2019.0,0.5713173240609944,0.06311347748922452,0.24533666558006442,0.0,0.08332427831504217
IDN.18.8_1,2020.0,0.5771306458039043,0.06157412437973123,0.24106269694664773,0.0,0.08332427831504216
IDN.18.8_1,2021.0,0.5594914701727696,0.05079865261327827,0.26947734434423554,0.0,0.08332427831504217
IDN.18.8_1,2022.0,0.5205548915208806,0.04925929950378499,0.3099532761056176,0.0,0.08332427831504217
IDN.18.8_1,2023.0,0.5116689002378448,0.06003477127023796,0.3080637956222004,0.0,0.08332427831504217
IDN.18.9_1,2011.0,0.9639726305413013,0.009906932243193882,0.01604824446957178,0.0,0.0058496419355774
IDN.18.9_1,2012.0,0.9642544431880788,0.010794120205270945,0.014879243860717296,0.0,0.0058496419355774
IDN.18.9_1,2013.0,0.9649160650604512,0.011385578846655656,0.01362616334696008,0.0,0.0058496419355774
IDN.18.9_1,2014.0,0.9617917717665485,0.01389927807254067,0.01431967759705431,0.0,0.0058496419355774
IDN.18.9_1,2015.0,0.9603316807283067,0.01670870661911804,0.012970340088718803,0.0,0.0058496419355774
IDN.18.9_1,2016.0,0.9613591951523592,0.01655504334464064,0.01209648893914355,0.0,0.0058496419355774
IDN.18.9_1,2017.0,0.9660508538459314,0.012568496129425073,0.011308457278710392,0.0,0.0058496419355774
IDN.18.9_1,2018.0,0.9662590240932422,0.013154156156678563,0.010514627004146015,0.0,0.0058496419355774
IDN.18.9_1,2019.0,0.9650065234408981,0.01438114290684527,0.010623061088399876,0.0,0.0058496419355774
IDN.18.9_1,2020.0,0.9655881244382599,0.014233278246499092,0.010189324751384421,0.0,0.0058496419355774
IDN.18.9_1,2021.0,0.9663552810878207,0.013641819605114383,0.01001362674320838,0.0,0.0058496419355774
IDN.18.9_1,2022.0,0.9679916499956519,0.011237714186309478,0.010781363254182259,0.0,0.0058496419355774
IDN.18.9_1,2023.0,0.9692099388246217,0.011651155373865652,0.009149633237656205,0.0,0.0058496419355774
IDN.19.10_1,2011.0,0.8951746827745346,0.0359904346550429,0.05472048707927435,4.246157934762022E-5,4.246157934762022E-5
IDN.19.10_1,2012.0,0.8949948454972975,0.03669046790828758,0.054200291103266636,4.246157934762022E-5,4.246157934762022E-5
IDN.19.10_1,2013.0,0.8968738120124289,0.0367917096347321,0.05227936255677978,0.0,4.246157934762021E-5
IDN.19.10_1,2014.0,0.8984217447246466,0.038315164495325744,0.049207974983968596,0.0,4.246157934762022E-5
IDN.19.10_1,2015.0,0.9011242993631248,0.0386100643267949,0.04612559735532625,8.492315869524043E-5,4.246157934762022E-5
IDN.19.10_1,2016.0,0.8991134521780192,0.041733904438800214,0.04508487237131595,0.0,4.246157934762022E-5
IDN.19.10_1,2017.0,0.899086976134426,0.0411281192401075,0.04572978882940745,0.0,4.246157934762022E-5
IDN.19.10_1,2018.0,0.8970992746729651,0.042797109082465146,0.04604850044851077,0.0,4.2461579347620224E-5
IDN.19.10_1,2019.0,0.896615212668402,0.043895282085592804,0.045376608398833715,4.246157934762022E-5,4.246157934762022E-5
IDN.19.10_1,2020.0,0.8937035139371377,0.04560373621934412,0.04663763404745932,0.0,4.2461579347620224E-5
IDN.19.10_1,2021.0,0.8891729466787455,0.046720725530182694,0.050035892523248485,0.0,4.2461579347620224E-5
IDN.19.10_1,2022.0,0.8906825807115512,0.042487722359218556,0.052760427273388706,4.246157934762022E-5,4.246157934762022E-5
IDN.19.10_1,2023.0,0.8941762528538746,0.04117857358733232,0.05057590390295173,4.246157934762022E-5,4.246157934762022E-5
IDN.19.11_1,2011.0,0.26207229665287224,0.1984903745001004,0.3625066005182176,0.0,0.012550194638537208
IDN.19.11_1,2012.0,0.2694771570902871,0.20095456796794106,0.353448028849893,0.0,0.012550194638537208
IDN.19.11_1,2013.0,0.27002975861546724,0.19611623461414102,0.3571074789499753,0.0,0.012550194638537208
IDN.19.11_1,2014.0,0.29388986446935944,0.19944003045448414,0.32863417369698616,0.0,0.012550194638537208
IDN.19.11_1,2015.0,0.3236525732811025,0.19154806200598457,0.3058669908595614,0.0020876057617919036,0.012550194638537208
IDN.19.11_1,2016.0,0.308241130745521,0.2109382355228635,0.3020192469064549,0.0020876057617919036,0.012550194638537208
IDN.19.11_1,2017.0,0.30491324156054694,0.20623907588651624,0.3113356992865301,0.0020876057617919036,0.012550194638537208
IDN.19.11_1,2018.0,0.31161814006606675,0.21645606408540366,0.2941682119042649,0.0020876057617919036,0.012550194638537208
IDN.19.11_1,2019.0,0.3259857797207522,0.2215399981170616,0.27091801440038643,0.00626281728537571,0.012550194638537208
IDN.19.11_1,2020.0,0.3218965284344186,0.23084826380787485,0.2675778451815194,0.004175211523583807,0.012550194638537208
IDN.19.11_1,2021.0,0.28078297496101107,0.23823675086676585,0.302346714476932,0.0020876057617919036,0.012550194638537208
IDN.19.11_1,2022.0,0.2766446035391059,0.2058952349375152,0.33971076426837615,0.0020876057617919036,0.01359399751943316
IDN.19.11_1,2023.0,0.2858382555802522,0.21000904629163453,0.32495835021838004,0.003131408642687855,0.01359399751943316
IDN.19.1_1,2011.0,0.6668303800719051,0.2319786851566511,0.028662686183872618,0.0,0.05840074473549047
IDN.19.1_1,2012.0,0.6761427837699021,0.2217770929635335,0.029179506933744215,0.0,0.05840074473549047
IDN.19.1_1,2013.0,0.6747303543913709,0.222714432460195,0.02816191576784796,0.0,0.05989342578325626
IDN.19.1_1,2014.0,0.6696359784283509,0.22557460195172044,0.030396122239342564,0.0,0.05989342578325626
IDN.19.1_1,2015.0,0.6601791217257317,0.23589175654853606,0.02990819209039547,0.0,0.05989342578325626
IDN.19.1_1,2016.0,0.6572194401643551,0.23790125834617348,0.030486004108885457,0.0,0.05989342578325626
IDN.19.1_1,2017.0,0.6684739342578322,0.22608179250128388,0.031176168464304044,0.0,0.0601406009244992
IDN.19.1_1,2018.0,0.6635689522342061,0.22683936825885964,0.03495120698510528,0.0,0.0601406009244992
IDN.19.1_1,2019.0,0.6658352593733946,0.2274910118130456,0.03240562403697996,0.0,0.0601406009244992
IDN.19.1_1,2020.0,0.6404243708269128,0.2520576527991781,0.03243130457113507,8.185670261941444E-4,0.0601406009244992
IDN.19.1_1,2021.0,0.6472232922444784,0.24093156137647645,0.0367231638418079,8.185670261941444E-4,0.06017591165896248
IDN.19.1_1,2022.0,0.6640504622496145,0.22698382126348216,0.03384373394966614,0.0,0.060994478685156624
IDN.19.1_1,2023.0,0.6729166666666664,0.21717706728299935,0.033275552131484316,8.185670261941444E-4,0.06168464304057522
IDN.19.3_1,2011.0,0.6661889813133692,0.2511139669127754,0.012716512272457483,0.06112811363600553,0.0042899763112419186
IDN.19.3_1,2012.0,0.6715517799834372,0.24892455139304956,0.013818442214662517,0.05685280054345829,0.0042899763112419186
IDN.19.3_1,2013.0,0.6776639347850067,0.24498758660053194,0.014039484765134629,0.054456567983934376,0.0042899763112419186
IDN.19.3_1,2014.0,0.6759927655618333,0.24805767065798023,0.013561726460500351,0.05353541145429366,0.0042899763112419186
IDN.19.3_1,2015.0,0.6684812582179681,0.2576406312099826,0.013159035081422445,0.05186664962523441,0.0042899763112419186
IDN.19.3_1,2016.0,0.6571229539338571,0.2628983799550737,0.013318141946960292,0.05780809829871648,0.0042899763112419186
IDN.19.3_1,2017.0,0.6719619123988675,0.24940077771961128,0.01420668922905611,0.05557819478707257,0.0042899763112419186
IDN.19.3_1,2018.0,0.6669575965977831,0.2582488265047964,0.01406771693247216,0.05187343409955582,0.0042899763112419186
IDN.19.3_1,2019.0,0.6546153246830556,0.2711034356577964,0.014049552049611579,0.051379261744143916,0.0042899763112419186
IDN.19.3_1,2020.0,0.663071405935671,0.25902838448972876,0.014237109936497322,0.05481067377271048,0.0042899763112419186
IDN.19.3_1,2021.0,0.6746236148729684,0.23821033446145282,0.01430254728559748,0.06401107751458882,0.0042899763112419186
IDN.19.3_1,2022.0,0.6920301685876215,0.21278956574111849,0.014701737000509495,0.07162610280535826,0.0042899763112419186
IDN.19.3_1,2023.0,0.7030980535999735,0.21543857468261793,0.01380837493018557,0.05863514760389876,0.0042899763112419186
IDN.19.4_1,2011.0,0.7213453879933347,0.07596451431110046,0.1825437696196307,0.002208054009289704,2.1467191756983234E-4
IDN.19.4_1,2012.0,0.7276331705514878,0.07609187428908727,0.17631587872251378,0.0020547169253112524,2.1467191756983234E-4
IDN.19.4_1,2013.0,0.7266273995449686,0.07763991738318188,0.17597528999951223,0.0017787101741500394,2.1467191756983234E-4
IDN.19.4_1,2014.0,0.7230793598182766,0.08174983229132275,0.17526091958474208,0.0019013798413328007,2.1467191756983234E-4
IDN.19.4_1,2015.0,0.7314063451967739,0.08601440719161757,0.1620729682475585,0.0025147281772466075,2.1467191756983234E-4
IDN.19.4_1,2016.0,0.7340277478787178,0.0815008850255695,0.16406081817781723,0.0024840607604509173,2.1467191756983236E-4
IDN.19.4_1,2017.0,0.7312837957939706,0.08067262424332669,0.16733706040663365,0.002821402345203511,2.1467191756983234E-4
IDN.19.4_1,2018.0,0.7306874047355794,0.07868188796795782,0.17019333942191855,0.002576063010837988,2.1467191756983234E-4
IDN.19.4_1,2019.0,0.7319511428363208,0.0815179625674714,0.16568342518725818,0.003005406845977653,2.1467191756983234E-4
IDN.19.4_1,2020.0,0.723827283994953,0.0830892166868271,0.1722652541535113,0.0029747394291819627,2.1467191756983236E-4
IDN.19.4_1,2021.0,0.7188935580866138,0.0827754469204743,0.1775429361874802,0.002944072012386272,2.1467191756983234E-4
IDN.19.4_1,2022.0,0.7176336684460193,0.07778531701810734,0.1834674000548892,0.003281413597138866,2.1467191756983236E-4
IDN.19.4_1,2023.0,0.7192131005431869,0.08127623116449363,0.17878177956164648,0.002913404595590582,2.1467191756983236E-4
IDN.19.5_1,2011.0,0.6839954346621432,0.24543519868619906,0.024370001832831195,0.004791973658738848,1.517343862741117E-4
IDN.19.5_1,2012.0,0.6880038407900662,0.2417776917401123,0.023734520195267346,0.005076556114466533,1.5173438627411173E-4
IDN.19.5_1,2013.0,0.68117965651799,0.24966380209887076,0.02378366754244807,0.003965482680603625,1.5173438627411173E-4
IDN.19.5_1,2014.0,0.6852964443503945,0.2462344332752865,0.023424612905621207,0.0036371183086101435,1.517343862741117E-4
IDN.19.5_1,2015.0,0.6872677036685383,0.2429057199356663,0.023814787041754635,0.004596886590672133,1.517343862741117E-4
IDN.19.5_1,2016.0,0.6870352732013038,0.2422683067429731,0.02379010605954598,0.005491411232808622,1.517343862741117E-4
IDN.19.5_1,2017.0,0.6892293052110353,0.24140576006908962,0.02372078469212514,0.004229676498854588,1.5173438627411173E-4
IDN.19.5_1,2018.0,0.6965975441778853,0.23429527640339287,0.022750285548233294,0.004928470221214571,1.5173438627411173E-4
IDN.19.5_1,2019.0,0.7027669312611039,0.22821581394230828,0.022113086972776662,0.00547574417453704,1.5173438627411173E-4
IDN.19.5_1,2020.0,0.7025115367495534,0.2274118577740158,0.021952982514275268,0.006695199312881457,1.5173438627411173E-4
IDN.19.5_1,2021.0,0.6883487306892777,0.24072756960144293,0.02298979838427559,0.006519427796108474,1.517343862741117E-4
IDN.19.5_1,2022.0,0.690467861283437,0.23875030100067438,0.02358858047438136,0.005778783712612068,1.5173438627411173E-4
IDN.19.5_1,2023.0,0.69465032199024,0.2356338441080486,0.023279960888154795,0.005021399484661091,1.517343862741117E-4
IDN.19.6_1,2011.0,0.8891098908948257,0.07401135836678975,0.029900917580978528,0.001272118939719476,6.921823642591268E-4
IDN.19.6_1,2012.0,0.8824243503066352,0.08048193126249302,0.029971326303043215,0.0014166779101421438,6.921823642591268E-4
IDN.19.6_1,2013.0,0.880011859504554,0.08274555466993502,0.03040931163852774,0.0011275599692968084,6.921823642591268E-4
IDN.19.6_1,2014.0,0.8773720426352593,0.08530090374866922,0.029799896371059627,0.0018214430273256136,6.921823642591268E-4
IDN.19.6_1,2015.0,0.8756613714621319,0.08671667462213417,0.028689456719044253,0.0032381209374677576,6.921823642591268E-4
IDN.19.6_1,2016.0,0.874291292561279,0.08805330654551681,0.028954198049190867,0.0030068265847914893,6.921823642591268E-4
IDN.19.6_1,2017.0,0.8863009116852403,0.0766623998149645,0.02922619567275477,0.0021105609681709493,6.921823642591268E-4
IDN.19.6_1,2018.0,0.8848989731211021,0.07883112451005846,0.028719615688559883,0.0018503548214101472,6.921823642591268E-4
IDN.19.6_1,2019.0,0.8809149278962534,0.08303988807167403,0.027690922717073713,0.0026598850557770864,6.921823642591268E-4
IDN.19.6_1,2020.0,0.8793713782308931,0.0846591752995772,0.02786983570164389,0.0023996789090162847,6.921823642591268E-4
IDN.19.6_1,2021.0,0.8801829492977837,0.08240586943433789,0.02940386148189384,0.002312943526762684,6.921823642591268E-4
IDN.19.6_1,2022.0,0.889214653631038,0.07320398234453106,0.030002165550066715,0.0018792666154946807,6.921823642591268E-4
IDN.19.6_1,2023.0,0.8971741272323025,0.06632320211158138,0.028999209744295023,0.0018214430273256136,6.921823642591268E-4
IDN.19.7_1,2011.0,0.7539647630970937,0.09176115579532086,0.09991527666283455,0.01463556734615821,7.35158405955984E-4
IDN.19.7_1,2012.0,0.7641375675729762,0.08382451373029513,0.09719701400269963,0.015245086157629886,7.35158405955984E-4
IDN.19.7_1,2013.0,0.7551459976562096,0.09360905850357683,0.09690859886279495,0.01474052644101944,7.35158405955984E-4
IDN.19.7_1,2014.0,0.755953871367292,0.09385477841845326,0.09639425482378218,0.014214396740931159,7.35158405955984E-4
IDN.19.7_1,2015.0,0.754437079023969,0.09614809016697835,0.09594551021905767,0.013919532843079485,7.35158405955984E-4
IDN.19.7_1,2016.0,0.7531264245639858,0.09717055185802059,0.09599198575046869,0.014225292918151921,7.35158405955984E-4
IDN.19.7_1,2017.0,0.7581239896019334,0.09215875507839691,0.09734444595162549,0.012862158910738076,7.351584059559841E-4
IDN.19.7_1,2018.0,0.7595300412053391,0.09249253389489413,0.09623703855245401,0.012221063422422554,7.35158405955984E-4
IDN.19.7_1,2019.0,0.7589134065230293,0.09339358103976218,0.09454012572854292,0.013596427832839304,7.351584059559841E-4
IDN.19.7_1,2020.0,0.7434861985461383,0.10651635871994379,0.0948807980449145,0.015571081990398028,7.35158405955984E-4
IDN.19.7_1,2021.0,0.7375013064294113,0.11040073471366404,0.09744139969179388,0.01511099646652539,7.35158405955984E-4
IDN.19.7_1,2022.0,0.73857780426463,0.10825730099466535,0.1001025130142607,0.01358664351043698,7.35158405955984E-4
IDN.19.7_1,2023.0,0.7503527915338921,0.09857904954202702,0.09830998067596328,0.013202831227109687,7.35158405955984E-4
IDN.19.8_1,2011.0,0.6075444936977068,0.18495214062708695,0.10775541895329187,4.900769036364665E-4,0.0014510120088060087
IDN.19.8_1,2012.0,0.6066152694510077,0.18964246487541944,0.10407792030580798,4.900769036364664E-4,0.0014510120088060087
IDN.19.8_1,2013.0,0.5806642560007992,0.21278562594832276,0.10710678775730237,4.900769036364665E-4,0.0014510120088060087
IDN.19.8_1,2014.0,0.5751571369130726,0.22542192258130223,0.0990714484078747,0.0014644651002783823,0.0014510120088060087
IDN.19.8_1,2015.0,0.592792217963144,0.21553390034910766,0.09012322070853594,0.0024446189075513153,0.0014510120088060087
IDN.19.8_1,2016.0,0.5685507080650319,0.24239491934391189,0.08896817671212215,9.80153807272933E-4,0.0014510120088060087
IDN.19.8_1,2017.0,0.5704975625881056,0.2410323133647814,0.0888499816941863,7.351153554546998E-4,0.0014510120088060087
IDN.19.8_1,2018.0,0.5750850667801849,0.233531253933828,0.0913388036165754,0.0012251922590911662,0.0014510120088060087
IDN.19.8_1,2019.0,0.5589576929101244,0.25227429316015987,0.08875004444324866,0.0012251922590911662,0.0014510120088060087
IDN.19.8_1,2020.0,0.5465923799768029,0.26732349784222015,0.08645437047699864,9.80153807272933E-4,0.0014510120088060087
IDN.19.8_1,2021.0,0.5370329975505762,0.27346195129404316,0.09012033790322044,7.351153554546998E-4,0.0014510120088060087
IDN.19.8_1,2022.0,0.5563650899963771,0.24640682340799472,0.09788565448809548,7.341544203495302E-4,0.0014510120088060087
IDN.19.8_1,2023.0,0.5838382246531744,0.22156280719894134,0.09521425489572415,7.351153554546998E-4,0.0014510120088060087
IDN.19.9_1,2011.0,0.9197012845009397,0.04763579076553602,0.022902765194165304,1.1062251628048929E-4,0.0017426299917597079
IDN.19.9_1,2012.0,0.9191496902677999,0.049107070232066535,0.021872457444494082,2.2124503256097859E-4,0.0017426299917597079
IDN.19.9_1,2013.0,0.9171986127502645,0.050431937544696395,0.02255397890753976,1.6593377442073395E-4,0.0017426299917597079
IDN.19.9_1,2014.0,0.914864694563641,0.053346515488345285,0.022001300139926648,1.1062251628048929E-4,0.0017426299917597079
IDN.19.9_1,2015.0,0.9130021150591298,0.05623398007016072,0.0208378115569295,2.765562907012232E-4,0.0017426299917597077
IDN.19.9_1,2016.0,0.9131791110851787,0.05563705229603542,0.021202432046865782,3.318675488414679E-4,0.0017426299917597079
IDN.19.9_1,2017.0,0.9242062237962912,0.04450972859958619,0.02141326554848271,2.2124503256097853E-4,0.0017426299917597077
IDN.19.9_1,2018.0,0.923536198398663,0.04545913007754639,0.021189200726291057,1.6593377442073392E-4,0.0017426299917597077
IDN.19.9_1,2019.0,0.9234958537162552,0.04714948550769121,0.019539189978554427,1.6593377442073395E-4,0.0017426299917597079
IDN.19.9_1,2020.0,0.9237778326793227,0.04691652750281817,0.01949016902035954,1.6593377442073392E-4,0.0017426299917597077
IDN.19.9_1,2021.0,0.9263067501642527,0.04360197324540218,0.020331117050985927,1.1062251628048927E-4,0.0017426299917597077
IDN.19.9_1,2022.0,0.9320688818210983,0.035992228659777865,0.022234041237905015,5.5311258140244646E-5,0.0017426299917597079
IDN.19.9_1,2023.0,0.9331017924535052,0.035595072135641434,0.021487664613353705,1.6593377442073392E-4,0.0017426299917597077
IDN.2.1_1,2011.0,0.13346745002634725,0.24975745726569382,0.023431844260478576,0.4705550658189569,0.11028184204435204
IDN.2.1_1,2012.0,0.11232067843019444,0.2575754591075412,0.023047715666044504,0.48372378199224814,0.11082602421980033
IDN.2.1_1,2013.0,0.11330316118134313,0.2502499298226606,0.021902716971096775,0.4899560222006626,0.11208182924006557
IDN.2.1_1,2014.0,0.10081405713666604,0.2608627134252943,0.022141566161225663,0.4891212812166039,0.11455404147603872
IDN.2.1_1,2015.0,0.09407210783179107,0.2664276533190188,0.021459491669826695,0.4897245600988882,0.11580984649630396
IDN.2.1_1,2016.0,0.0999670043386832,0.2653122029774891,0.022358254086291034,0.4838739861221231,0.11580984649630396
IDN.2.1_1,2017.0,0.11118060446081642,0.2471522774393396,0.022850726643257793,0.4885229270598893,0.11761475841758716
IDN.2.1_1,2018.0,0.09658371787232156,0.25549476255435655,0.021981512580211464,0.49420606036728576,0.11887056343785239
IDN.2.1_1,2019.0,0.09595827772497377,0.2718079160038806,0.020408062760702658,0.4769522843339552,0.12201007598851549
IDN.2.1_1,2020.0,0.09002398341352426,0.2757206104689816,0.021021191094126274,0.4745933407860844,0.12577749104931127
IDN.2.1_1,2021.0,0.08885189872794336,0.27958159531560095,0.02502745534505089,0.46727027386398867,0.12640539355944388
IDN.2.1_1,2022.0,0.092872937155577,0.2713893143304588,0.02567505675746218,0.4711509576128867,0.12640539355944388
IDN.2.1_1,2023.0,0.07043342509738644,0.28358047247817114,0.02396617698478751,0.47808497121497884,0.13142861364050487
IDN.2.2_1,2011.0,0.1462072525680255,0.6993016017895751,0.010015860784211036,0.11204297374740955,0.010015860784211036
IDN.2.2_1,2012.0,0.11087585943754066,0.7230310557147451,0.008108077777694648,0.1250757502076117,0.010015860784211036
IDN.2.2_1,2013.0,0.09005858016055303,0.7508360578469732,0.008108077777694648,0.11808802735237132,0.010015860784211036
IDN.2.2_1,2014.0,0.06961537598288231,0.7637715747813529,0.007631132026065552,0.12559571459566224,0.010015860784211036
IDN.2.2_1,2015.0,0.06307841362231881,0.7585083381339638,0.008108077777694648,0.13691896785198596,0.010015860784211036
IDN.2.2_1,2016.0,0.07238353171782767,0.7512307070767527,0.010492806535840133,0.1325067520555427,0.010015860784211036
IDN.2.2_1,2017.0,0.08542940080650589,0.7418601258388635,0.01096975228746923,0.12978535570801192,0.010015860784211036
IDN.2.2_1,2018.0,0.0803344979538092,0.7307033360017355,0.010015860784211036,0.1450831568945781,0.010015860784211036
IDN.2.2_1,2019.0,0.08302596829339456,0.7276789388237581,0.010492806535840133,0.1458930294845993,0.010015860784211036
IDN.2.2_1,2020.0,0.0868209601759649,0.7288965532720346,0.010492806535840133,0.14231126040863962,0.010015860784211036
IDN.2.2_1,2021.0,0.09826578783956663,0.7098673529697821,0.010015860784211036,0.15084952455054873,0.010015860784211036
IDN.2.2_1,2022.0,0.12694612570419633,0.6825972782295774,0.006200294771178261,0.15277788168752754,0.010015860784211036
IDN.2.2_1,2023.0,0.10264433687707139,0.705011858180648,0.006677240522807358,0.1541881448119524,0.010015860784211036
IDN.2.3_1,2011.0,0.5349651955996928,0.30886182126973444,0.019220594838841615,0.11491528236987067,0.014965818033080853
IDN.2.3_1,2012.0,0.5153792916411646,0.3141776988044833,0.019273205280013517,0.1291326983524781,0.014965818033080853
IDN.2.3_1,2013.0,0.48247034919995085,0.3704464181181467,0.019994931613836392,0.1057706985036405,0.014965818033080853
IDN.2.3_1,2014.0,0.4677905541287341,0.3729013250421254,0.019210961941162258,0.11877955632355273,0.014965818033080853
IDN.2.3_1,2015.0,0.4603873017660807,0.3625600388872669,0.019506617800705717,0.13641739197446243,0.014965818033080853
IDN.2.3_1,2016.0,0.4741838342193129,0.3787373790515597,0.02220234716666839,0.10385597484183523,0.014965818033080853
IDN.2.3_1,2017.0,0.4898773065232501,0.3663694794233896,0.02127166105241629,0.10099055827828998,0.015343724018963471
IDN.2.3_1,2018.0,0.48453994021675517,0.348760542465518,0.020381729505269192,0.124746024947723,0.015343724018963471
IDN.2.3_1,2019.0,0.4808342385787179,0.32863964218972075,0.020730736798113727,0.14784571358283033,0.01572163000484609
IDN.2.3_1,2020.0,0.4821050400802643,0.3224612498166045,0.019793381754699003,0.15330386160638204,0.016097313014341162
IDN.2.3_1,2021.0,0.48278304787846543,0.3314176216820225,0.019190214161545177,0.14425708870120382,0.016097313014341162
IDN.2.3_1,2022.0,0.49837129930005875,0.3348869468308508,0.018830832978892098,0.12555889331343523,0.016097313014341162
IDN.2.3_1,2023.0,0.5005009106793269,0.3198077570020052,0.020103857456826094,0.13687310213390913,0.01647521900022378
IDN.2.4_1,2011.0,0.0,0.11311268396108755,0.049575954103267664,0.14141618857570468,0.6668979171863307
IDN.2.4_1,2012.0,0.003975430281865802,0.1029246694936393,0.04737777500623599,0.14539161885757046,0.6731105013719132
IDN.2.4_1,2013.0,0.005768271389373909,0.10886443003242703,0.04558493389872787,0.13746414317784986,0.6750982165128461
IDN.2.4_1,2014.0,0.00775598653030681,0.10999469942629085,0.04259946370666003,0.1312437640309304,0.6811860813170367
IDN.2.4_1,2015.0,0.005963145422798704,0.1109846595160888,0.04539005986530308,0.1252806186081317,0.6851615115989025
IDN.2.4_1,2016.0,0.005963145422798704,0.10686891993015714,0.04539005986530308,0.12541313295086057,0.6891447368421053
IDN.2.4_1,2017.0,0.007950860563731604,0.10301041406834621,0.045249750561237236,0.12320715889249188,0.6933618109254178
IDN.2.4_1,2018.0,0.009743701671239712,0.10912945871788475,0.04345690945372912,0.11708811424295335,0.6933618109254178
IDN.2.4_1,2019.0,0.009743701671239712,0.11411823397355947,0.042287665253180354,0.10337677725118484,0.7020843726615116
IDN.2.4_1,2020.0,0.011731416812172614,0.09017211274632077,0.04169524819156898,0.10735220753305064,0.7206597655275631
IDN.2.4_1,2021.0,0.011731416812172614,0.08632919680718382,0.042864492392117745,0.10721969319032178,0.7246351958094288
IDN.2.4_1,2022.0,0.014451858318782741,0.07672580444000995,0.04571744824145674,0.10660389124469942,0.7305983412322276
IDN.2.4_1,2023.0,0.014451858318782741,0.07866674981292092,0.04500810675979049,0.10260507607882263,0.7325860563731604
IDN.2.5_1,2011.0,0.1304038949974495,0.33613582281286974,0.006524601459822826,0.4588106156307339,0.06465578253821153
IDN.2.5_1,2012.0,0.1040010255615885,0.3463834264974135,0.006524601459822826,0.47496588138205115,0.06465578253821153
IDN.2.5_1,2013.0,0.09283468962072919,0.3584177507618268,0.006524601459822826,0.47409789305849714,0.06465578253821153
IDN.2.5_1,2014.0,0.07986827943348407,0.37263940560159614,0.005929027933199621,0.47343822193259605,0.06465578253821153
IDN.2.5_1,2015.0,0.059621450261598354,0.383493265745976,0.005394881272551006,0.4833653376207506,0.06465578253821153
IDN.2.5_1,2016.0,0.09242873815863624,0.35749100630560143,0.005394881272551006,0.4758819429050635,0.06533414879723527
IDN.2.5_1,2017.0,0.11744816774341735,0.33024685587921887,0.005394881272551006,0.478106663746665,0.06533414879723527
IDN.2.5_1,2018.0,0.09105331050746605,0.3654230842162334,0.005394881272551006,0.4693252926456018,0.06533414879723527
IDN.2.5_1,2019.0,0.08708994228545333,0.3762742736273099,0.005394881272551006,0.4606587630765781,0.06711285717719516
IDN.2.5_1,2020.0,0.08055999935902403,0.3754970902360662,0.005394881272551006,0.46547676595562854,0.0696019806158177
IDN.2.5_1,2021.0,0.08589078303229719,0.37130136821667137,0.005394881272551006,0.4643417043017502,0.0696019806158177
IDN.2.5_1,2022.0,0.1134153604555203,0.3389668001143075,0.006051881665148802,0.4678136575959662,0.07028301760814468
IDN.2.5_1,2023.0,0.08617388076244097,0.35815334816480576,0.005394881272551006,0.47652558963114516,0.07028301760814468
IDN.2.6_1,2011.0,0.7016072275296408,0.1985664802532252,0.01635815261256274,0.07524084302809515,0.0014638296308967927
IDN.2.6_1,2012.0,0.6888724837916743,0.20905553712214528,0.01627089688554458,0.07757378562415969,0.0014638296308967927
IDN.2.6_1,2013.0,0.6934132259016327,0.20713705922941703,0.017156083274110404,0.07406633501836385,0.0014638296308967927
IDN.2.6_1,2014.0,0.6878667467276229,0.20765714928651205,0.015747362523435608,0.08050144488595327,0.0014638296308967927
IDN.2.6_1,2015.0,0.6867266817680303,0.20151021293841687,0.016587772946821063,0.08694803577025562,0.0014638296308967927
IDN.2.6_1,2016.0,0.7105704572774143,0.1857720352283516,0.017554474554048592,0.07787573636370938,0.0014638296308967927
IDN.2.6_1,2017.0,0.7196462009889745,0.1814907640961052,0.01803552915431977,0.07260020918412446,0.0014638296308967927
IDN.2.6_1,2018.0,0.6941755654113703,0.20461927226427454,0.01803552915431977,0.07494233659355932,0.0014638296308967927
IDN.2.6_1,2019.0,0.6987289366397127,0.19974787687298423,0.016591217251834937,0.07670467265899195,0.0014638296308967927
IDN.2.6_1,2020.0,0.6827737677137733,0.2195997028712873,0.017671580924520335,0.07172765191394284,0.0014638296308967927
IDN.2.6_1,2021.0,0.6852582597304484,0.21386608312485708,0.01828581531866134,0.07436254524955707,0.0014638296308967927
IDN.2.6_1,2022.0,0.6921181672164157,0.20968814114302697,0.018238743150138383,0.07172765191394284,0.0014638296308967927
IDN.2.6_1,2023.0,0.6763317692361561,0.22425640325004612,0.015358156056867755,0.07582637488045386,0.0014638296308967927
IDN.2.7_1,2011.0,0.3059702790815813,0.43104842030059626,0.008967538484912808,0.217100952076092,0.02720880145577528
IDN.2.7_1,2012.0,0.2912640726681444,0.44238310131625236,0.008657873097500534,0.22078214286128514,0.02720880145577528
IDN.2.7_1,2013.0,0.2864775968110265,0.46062320449165645,0.009375786486295286,0.20690634999611485,0.02720880145577528
IDN.2.7_1,2014.0,0.262218155206148,0.48317658697712146,0.008330810778211163,0.20965738482361268,0.02720880145577528
IDN.2.7_1,2015.0,0.25537072281932377,0.48052877394542765,0.008200913686862193,0.21957827517539025,0.02720880145577528
IDN.2.7_1,2016.0,0.2665813057209232,0.4736871405358957,0.009562513555109429,0.2138477258150754,0.02720880145577528
IDN.2.7_1,2017.0,0.29722310173377836,0.44889535281557796,0.00874717734780295,0.20851730588793374,0.02720880145577528
IDN.2.7_1,2018.0,0.2830388032766543,0.4439905778216959,0.0087193422567996,0.22733846658803272,0.02720880145577528
IDN.2.7_1,2019.0,0.2755465246149191,0.4417475334050092,0.009335193645248733,0.2358664425941843,0.02720880145577528
IDN.2.7_1,2020.0,0.28582695155882326,0.43647510325079125,0.008548852324404077,0.2310532914415216,0.02720880145577528
IDN.2.7_1,2021.0,0.30136589111144374,0.42655653248993053,0.008273980800745987,0.22570779417341977,0.02720880145577528
IDN.2.7_1,2022.0,0.32149878047507585,0.408788466066125,0.007974753572459968,0.22393794630379005,0.02720880145577528
IDN.2.7_1,2023.0,0.2988212998755541,0.4372428878443004,0.009187899622022667,0.21694785907557365,0.02720880145577528
IDN.2.8_1,2011.0,0.08259868258134818,0.30929931652716575,0.03847320588380967,0.4847332970135213,0.07259422514981928
IDN.2.8_1,2012.0,0.08307847555841719,0.28912943885889775,0.036507602397107666,0.5063889851914223,0.07259422514981928
IDN.2.8_1,2013.0,0.08653608043187565,0.3110730028230402,0.03707716309246699,0.4804182556584621,0.07259422514981928
IDN.2.8_1,2014.0,0.07861485315239468,0.2776113119706802,0.03730932098459715,0.5215690158981728,0.07259422514981928
IDN.2.8_1,2015.0,0.07511700757763365,0.275144247436977,0.036108290822643795,0.5287349561685903,0.07259422514981928
IDN.2.8_1,2016.0,0.07721571492249026,0.31085322668515697,0.03912943885889757,0.4879061215393001,0.07259422514981928
IDN.2.8_1,2017.0,0.08679919270962314,0.32473007775741686,0.03877655886285973,0.46479867267594505,0.07259422514981928
IDN.2.8_1,2018.0,0.07718166509831118,0.28868988658313127,0.035130132237135396,0.514102818087267,0.07259422514981928
IDN.2.8_1,2019.0,0.07163773463424303,0.2725471744836811,0.03517965925412317,0.5357399336337977,0.07259422514981928
IDN.2.8_1,2020.0,0.07315140409093165,0.29410999950473005,0.036464266257243375,0.5105894953196973,0.07338356198306183
IDN.2.8_1,2021.0,0.08175362785399441,0.31743722450596823,0.034594621365955175,0.48052969144668456,0.07338356198306183
IDN.2.8_1,2022.0,0.09711009855876386,0.3311840671586353,0.034678198207122035,0.4513428012480812,0.07338356198306183
IDN.2.8_1,2023.0,0.09072420880590369,0.3514963350007433,0.03509917785151805,0.4369954435144374,0.07338356198306183
IDN.2.9_1,2011.0,0.4879414907705936,0.29844867427183125,0.0050702366490998916,0.18521148629517648,0.019542274425274227
IDN.2.9_1,2012.0,0.464604245252861,0.3088209102450519,0.004205978792002702,0.19904075369678578,0.019542274425274227
IDN.2.9_1,2013.0,0.4711621014367001,0.30268547864129985,0.004234520993359941,0.1985897869153414,0.019542274425274227
IDN.2.9_1,2014.0,0.46392037410834147,0.29723505987012144,0.003975357805036213,0.21154109620320205,0.019542274425274227
IDN.2.9_1,2015.0,0.45144857380328246,0.2928018851553151,0.004013033510827768,0.22840839551727585,0.019542274425274227
IDN.2.9_1,2016.0,0.48406660151433484,0.27345369769927,0.004758555810278843,0.21439303296281734,0.019542274425274227
IDN.2.9_1,2017.0,0.49706700338853005,0.25283595312685503,0.005508644861947079,0.221260286609369,0.019542274425274227
IDN.2.9_1,2018.0,0.4800604181318329,0.2596837980764838,0.0058123338843880995,0.23140646834784023,0.019542274425274227
IDN.2.9_1,2019.0,0.4628665960342322,0.27018732817594765,0.005840876085745338,0.2380682181446197,0.019542274425274227
IDN.2.9_1,2020.0,0.46944614429110293,0.2614636897531212,0.0055109282380556585,0.24054225615826524,0.019542274425274227
IDN.2.9_1,2021.0,0.4792760784385359,0.24770064025866065,0.005198105711180321,0.244788194032168,0.019542274425274227
IDN.2.9_1,2022.0,0.5044263245864803,0.2269824271374682,0.004404632513449084,0.24144076465699107,0.019542274425274227
IDN.2.9_1,2023.0,0.47810470649483483,0.23953871235854463,0.004115785435713828,0.2549126836976078,0.019542274425274227
IDN.20.10_1,2011.0,0.6344905422076017,0.13206646889502446,0.020448363978147227,0.2036594607296013,0.0022095106620454697
IDN.20.10_1,2012.0,0.6359686894201966,0.12758532573576933,0.02049330317805324,0.20685748692944855,0.0022095106620454697
IDN.20.10_1,2013.0,0.6350414145567764,0.13201873935264063,0.021427480467602674,0.2026186629853729,0.0022095106620454697
IDN.20.10_1,2014.0,0.6385275803324916,0.11560315455560134,0.020907155025553688,0.2160513716736182,0.0022095106620454697
IDN.20.10_1,2015.0,0.6423745814486286,0.10015273453562837,0.02049506549961818,0.22809096516477725,0.0022095106620454697
IDN.20.10_1,2016.0,0.6186999941255951,0.12978250014686024,0.021447306585208267,0.2211390471714741,0.0022095106620454697
IDN.20.10_1,2017.0,0.6065502555366271,0.14036098220055232,0.02135948422722202,0.22281618986077678,0.0022095106620454697
IDN.20.10_1,2018.0,0.597391470363626,0.1363543441226577,0.020428097280150395,0.23695353345473794,0.0022095106620454697
IDN.20.10_1,2019.0,0.6028540797744232,0.11413969335604779,0.019926129354402883,0.2541037126240971,0.0022469599953004776
IDN.20.10_1,2020.0,0.5897350643247373,0.11683604535040837,0.019879427832931933,0.264625800387711,0.0022844093285554856
IDN.20.10_1,2021.0,0.5725706397227283,0.13396302061916243,0.01983757269576457,0.2647418198907363,0.0022844093285554856
IDN.20.10_1,2022.0,0.5637703401280622,0.1437236386065912,0.02039622863185104,0.26334591435117216,0.0022844093285554856
IDN.20.10_1,2023.0,0.5646328496739706,0.13865520178581928,0.019897638489102986,0.2679692181166659,0.0022844093285554856
IDN.20.1_1,2011.0,0.3685825080273718,0.3830097497092336,0.010607399836391859,0.22506297614697274,8.277792514464106E-4
IDN.20.1_1,2012.0,0.3735612408248669,0.37333099298265765,0.011118211514525314,0.2293194309701665,8.277792514464106E-4
IDN.20.1_1,2013.0,0.36692439894415246,0.39039808530253567,0.011965236053890506,0.21804238786257651,8.277792514464106E-4
IDN.20.1_1,2014.0,0.3723608449748002,0.373836703500138,0.011914224447358797,0.22896420469195478,8.277792514464106E-4
IDN.20.1_1,2015.0,0.38569458330937323,0.3516007442129649,0.012373792648021758,0.23733289061442084,8.277792514464106E-4
IDN.20.1_1,2016.0,0.3677419758742925,0.3737903293123819,0.012856779813501553,0.23255518992084848,8.8690634083544E-4
IDN.20.1_1,2017.0,0.3691329696360368,0.37197130179764876,0.012813883689827159,0.23298762922167413,8.8690634083544E-4
IDN.20.1_1,2018.0,0.3693096552913875,0.3496629987775761,0.012303535753571264,0.25525999224623575,8.8690634083544E-4
IDN.20.1_1,2019.0,0.37161097435878404,0.3385580039065613,0.011918861866134403,0.2645499014084768,9.460334302244692E-4
IDN.20.1_1,2020.0,0.353791692713502,0.3423395870471326,0.01162090770980145,0.2787271862183333,0.001064287609002528
IDN.20.1_1,2021.0,0.3317771701728643,0.34913108684401367,0.010861994127172852,0.29462124345892077,0.0011234146983915571
IDN.20.1_1,2022.0,0.3181535931648156,0.35917480842823013,0.010931555408807006,0.29822451784756987,0.0011234146983915571
IDN.20.1_1,2023.0,0.32025179328984044,0.3574911935417448,0.011429150443429972,0.2976759112064152,0.0011234146983915571
IDN.20.2_1,2011.0,0.48169357425425047,0.3316189457927941,0.016449481449802204,0.1606569015289212,0.003707901208168503
IDN.20.2_1,2012.0,0.4830663958088317,0.32080316475997045,0.01650251256281407,0.17004682989415162,0.003707901208168503
IDN.20.2_1,2013.0,0.4816289960440506,0.31821191061691473,0.01718550197797498,0.1733741045653801,0.003707901208168503
IDN.20.2_1,2014.0,0.46989842831177203,0.31017555864428575,0.017234684058590827,0.19309184218967182,0.003707901208168503
IDN.20.2_1,2015.0,0.4689408745856948,0.2876031219929439,0.016850208489254788,0.21700630813642685,0.003707901208168503
IDN.20.2_1,2016.0,0.437080295092484,0.3159183149791515,0.017320645782102,0.22009964717203043,0.003707901208168503
IDN.20.2_1,2017.0,0.41880466160590213,0.32114957767561253,0.016644926761466908,0.23381973698278635,0.003707901208168503
IDN.20.2_1,2018.0,0.39873580669303993,0.3076065433550737,0.017025980968673155,0.2670321821875335,0.003707901208168503
IDN.20.2_1,2019.0,0.3993071741687162,0.27389928365230437,0.016179193841548166,0.30101486154175144,0.003707901208168503
IDN.20.2_1,2020.0,0.3674671228482842,0.281047792152251,0.016271142948786486,0.32561445525499855,0.003707901208168503
IDN.20.2_1,2021.0,0.334370576285684,0.3013937773976267,0.01664022238853844,0.33799593713247106,0.003707901208168503
IDN.20.2_1,2022.0,0.3085290281193203,0.3178911579172462,0.017167967497059775,0.34681235967069407,0.003707901208168503
IDN.20.2_1,2023.0,0.3071292633379667,0.3030668234790978,0.017555009087993158,0.36254036138137513,0.003707901208168503
IDN.20.3_1,2011.0,0.26850634926511413,0.5418255525526636,0.001661360186590648,0.1540807448817148,0.02751656732442338
IDN.20.3_1,2012.0,0.30146977157454363,0.49487245936840535,0.0013466735774314168,0.1672050275813557,0.02751656732442338
IDN.20.3_1,2013.0,0.28530968864536665,0.5154103883602976,0.00155492206878679,0.16261893302728514,0.02751656732442338
IDN.20.3_1,2014.0,0.29955851319832655,0.49359520195475903,0.001661360186590648,0.17007885676205986,0.02751656732442338
IDN.20.3_1,2015.0,0.3371589352486023,0.43595664729184397,0.0026331864795823916,0.18796508829736033,0.028696642108770497
IDN.20.3_1,2016.0,0.2520963681463107,0.5356104920217689,0.002207434008366961,0.17497963792528967,0.028696642108770497
IDN.20.3_1,2017.0,0.2732636703565213,0.508575210099589,0.0028368072266854237,0.18021824441894038,0.028696642108770497
IDN.20.3_1,2018.0,0.24017067120802632,0.5079828588352893,0.002397171522712968,0.2131631557513605,0.029876716893117616
IDN.20.3_1,2019.0,0.2750916293361963,0.4407926400355411,0.002133390100329495,0.2456961978453222,0.029876716893117616
IDN.20.3_1,2020.0,0.24259098145200095,0.4246464403391211,0.002133390100329495,0.2932277590611232,0.03099200325793195
IDN.20.3_1,2021.0,0.19362481951797414,0.40563566695050157,0.001952908074488171,0.3613851764096109,0.03099200325793195
IDN.20.3_1,2022.0,0.1417200399837103,0.4384880233978749,0.0012957683906556583,0.3799146643959868,0.03217207804227907
IDN.20.3_1,2023.0,0.1408639072970271,0.43100958868609074,0.0018233312354226049,0.3877216689496871,0.03217207804227907
IDN.20.4_1,2011.0,0.3336701755275172,0.24522428516067604,0.01724653152853499,0.37352631540044645,0.019214788111476828
IDN.20.4_1,2012.0,0.3168238420917586,0.2676755037585889,0.018372154660195938,0.3667958071066313,0.019214788111476828
IDN.20.4_1,2013.0,0.31312280168231055,0.2932670630634057,0.018115563270896116,0.34518933382328576,0.019214788111476828
IDN.20.4_1,2014.0,0.31158853300472766,0.2738062428790612,0.017135658705998025,0.36716432725011133,0.019214788111476828
IDN.20.4_1,2015.0,0.31215556829713087,0.2604128059165964,0.0176995262034717,0.3794268614226992,0.019214788111476828
IDN.20.4_1,2016.0,0.3213432295246936,0.2845799134347241,0.019666726854770354,0.3440299208790421,0.019289759258144676
IDN.20.4_1,2017.0,0.3260801388761297,0.300200310232717,0.02018518929158604,0.32315415229279737,0.019289759258144676
IDN.20.4_1,2018.0,0.31829053114417594,0.2604740499519025,0.018686822289872267,0.3721683873072795,0.019289759258144676
IDN.20.4_1,2019.0,0.3203992266356647,0.2365265762155623,0.016955094395009255,0.3957093273609843,0.019291871121431093
IDN.20.4_1,2020.0,0.3120964361251113,0.23919069175137897,0.017096589235199283,0.40055922139824385,0.0199391572187183
IDN.20.4_1,2021.0,0.317472184120689,0.2421504681472942,0.016389115034249155,0.3921233835006459,0.020746944925773295
IDN.20.4_1,2022.0,0.3275573872449793,0.24459389396968015,0.01642184891518864,0.3795894748957533,0.020746944925773295
IDN.20.4_1,2023.0,0.32021127080317346,0.24078831632755435,0.015494740932451012,0.3913419940846712,0.021045773580801484
IDN.20.5_1,2011.0,0.12288754869900369,0.06903567398082411,0.0049207221632438305,0.7120699910403043,0.07929456821541424
IDN.20.5_1,2012.0,0.12031675998638072,0.07496362999047147,0.0052829582558457655,0.7081422809831078,0.07950789432075718
IDN.20.5_1,2013.0,0.1192994872644316,0.08018217212823327,0.005375817854642105,0.7036348258631558,0.07972122042610012
IDN.20.5_1,2014.0,0.11922419569783997,0.06855882739241048,0.004898971266228472,0.715383656543298,0.08014787263678601
IDN.20.5_1,2015.0,0.1185432253066668,0.06226194270646414,0.004668077128680819,0.7219524274419362,0.08078785095281482
IDN.20.5_1,2016.0,0.11918236704973352,0.07050804239417148,0.0052076666892541396,0.711505304290867,0.08181014311253669
IDN.20.5_1,2017.0,0.11790157384471378,0.06947320164001768,0.005418483075710692,0.7127568174422123,0.08266344753390843
IDN.20.5_1,2018.0,0.11185649762036827,0.0645658646441679,0.0049918308650248105,0.7188069131043304,0.08799241730267131
IDN.20.5_1,2019.0,0.11297750538962137,0.05850071066873137,0.004868854639591821,0.7230684157734164,0.08879803706520172
IDN.20.5_1,2020.0,0.11130435946536303,0.06062811571142587,0.004175335653986732,0.7220277190085278,0.09007799369725936
IDN.20.5_1,2021.0,0.10861812368396621,0.06123630425489378,0.0054251756594077254,0.7158161647647187,0.0971177551735764
IDN.20.5_1,2022.0,0.11206229456905206,0.060643174024744194,0.005917917134101812,0.7084191866335725,0.10117095117509227
IDN.20.5_1,2023.0,0.1114817129333344,0.06056286302037978,0.0055289107067117435,0.7088291073850157,0.10181092949112108
IDN.20.6_1,2011.0,0.2802745899198739,0.21168544542169881,0.01660312556588444,0.4071347926113268,0.07301291766069905
IDN.20.6_1,2012.0,0.27787736668825896,0.21683719664036324,0.017506717693998853,0.4031995790123564,0.0733228248465352
IDN.20.6_1,2013.0,0.2789833099788899,0.21874464498612725,0.018870309311677904,0.3986725034545539,0.0733228248465352
IDN.20.6_1,2014.0,0.27871472375116524,0.21309400396438152,0.018748777081938235,0.40481474234559667,0.07347777843945327
IDN.20.6_1,2015.0,0.2774599034791032,0.20817741761026332,0.019096359258993677,0.4106385667947213,0.07363273203237133
IDN.20.6_1,2016.0,0.27473818919408344,0.20555171378673787,0.019870519562435348,0.4147943613906692,0.0739730222756424
IDN.20.6_1,2017.0,0.2749526935795739,0.20295153173145766,0.020101430798940716,0.4164514533431696,0.07428292946147855
IDN.20.6_1,2018.0,0.26650620361266714,0.20532687916171943,0.01935522290833917,0.42140936065539913,0.07598984962817215
IDN.20.6_1,2019.0,0.2638762461611007,0.20147369981782334,0.0185798472826001,0.42858887712726995,0.07617883224541733
IDN.20.6_1,2020.0,0.2625636980799123,0.20175686991311675,0.018931075426547737,0.42849225900462695,0.07679864661708963
IDN.20.6_1,2021.0,0.2616807664308537,0.2046031547336197,0.017696915633541428,0.42505228924184574,0.07958781128961495
IDN.20.6_1,2022.0,0.2646868661334643,0.20346075177406686,0.018655197265038694,0.4211310518492954,0.08067248644004146
IDN.20.6_1,2023.0,0.26265484725221716,0.20752904316460213,0.018610838001183717,0.41890761970620816,0.08098239362587761
IDN.20.7_1,2011.0,0.5164530446399691,0.20008802213540258,0.013288696971773997,0.22728710247243597,0.027290469439363932
IDN.20.7_1,2012.0,0.5105043355711639,0.20085761457608087,0.012523914483849983,0.23347029673801029,0.027290469439363932
IDN.20.7_1,2013.0,0.5078636715090867,0.21983167570336545,0.012805296719972967,0.21715132953106567,0.027290469439363932
IDN.20.7_1,2014.0,0.5006042503147513,0.22612189141772157,0.011938302736021375,0.21893822697926552,0.027597103927446673
IDN.20.7_1,2015.0,0.49141483557777765,0.2362167797606808,0.012682642924739867,0.21698177869647878,0.027597103927446673
IDN.20.7_1,2016.0,0.517488386970319,0.22795568590527523,0.014379353758797704,0.19777924481336784,0.027597103927446673
IDN.20.7_1,2017.0,0.5341524682873802,0.22726786266141905,0.01516337605773867,0.18093118280345694,0.027597103927446673
IDN.20.7_1,2018.0,0.5211728107800662,0.22671952804743575,0.01247821993268471,0.19652985958545424,0.027597103927446673
IDN.20.7_1,2019.0,0.5092465329259304,0.23186978495903726,0.012490244814570308,0.20338163728386782,0.027597103927446673
IDN.20.7_1,2020.0,0.5015157363616796,0.2399024060586165,0.012182407838299008,0.20308101523672786,0.027903738415529414
IDN.20.7_1,2021.0,0.49722886596946403,0.24759111553626767,0.012419298011445281,0.199592597001716,0.027903738415529414
IDN.20.7_1,2022.0,0.5075462146273068,0.23524997925707877,0.011820458893542518,0.20180758024504308,0.027903738415529414
IDN.20.7_1,2023.0,0.5012632138420821,0.23689378061083996,0.012748779775110658,0.20597540430659123,0.027903738415529414
IDN.20.8_1,2011.0,0.0,0.09685473411154344,0.002237354085603113,0.2677853437094682,0.6324092088197145
IDN.20.8_1,2012.0,0.0,0.12793450064850842,0.002237354085603113,0.23670557717250323,0.6324092088197145
IDN.20.8_1,2013.0,0.0,0.11759079118028534,0.002237354085603113,0.24291504539559014,0.6365434500648507
IDN.20.8_1,2014.0,0.0,0.10179961089494162,0.002237354085603113,0.2545719844357977,0.6406776913099869
IDN.20.8_1,2015.0,0.0,0.12084954604409856,0.002237354085603113,0.23138780804150455,0.644811932555123
IDN.20.8_1,2016.0,0.0,0.1185959792477302,0.002237354085603113,0.2263294422827497,0.6521238651102463
IDN.20.8_1,2017.0,0.0,0.1190823605706874,0.0026426718547341117,0.2213035019455253,0.6562581063553825
IDN.20.8_1,2018.0,0.0,0.13535992217898832,0.0023346303501945525,0.18848897535667966,0.6727950713359272
IDN.20.8_1,2019.0,0.0,0.13451686121919584,0.0023346303501945525,0.1728437094682231,0.6892833981841763
IDN.20.8_1,2020.0,0.0,0.14124513618677043,0.0019293125810635537,0.1640726329442283,0.6917315175097275
IDN.20.8_1,2021.0,0.0,0.14250972762645917,0.0023346303501945525,0.15826848249027237,0.6958657587548638
IDN.20.8_1,2022.0,0.0,0.16405642023346306,0.0011348897535667965,0.13792153047989622,0.6958657587548638
IDN.20.8_1,2023.0,0.0,0.16209468223086904,0.0019293125810635537,0.12715629053177688,0.7077983138780803
IDN.20.9_1,2011.0,0.7522374043658627,0.14424824995655522,0.01006692718660743,0.08180255588776549,0.005269067787169761
IDN.20.9_1,2012.0,0.757540448171533,0.13606504235305644,0.010160500483462032,0.0843050845947162,0.005269067787169761
IDN.20.9_1,2013.0,0.7544196673246502,0.13883548032064444,0.011228795622552055,0.08340889748376945,0.005269067787169761
IDN.20.9_1,2014.0,0.7649416503656041,0.11959614210664675,0.011132437406148213,0.09195637256430933,0.005269067787169761
IDN.20.9_1,2015.0,0.775905321647068,0.10211074622476303,0.011029395382826183,0.0985811391880511,0.005269067787169761
IDN.20.9_1,2016.0,0.7640426783351081,0.12592125138688987,0.010577124448028944,0.08720975568457774,0.005269067787169761
IDN.20.9_1,2017.0,0.7514047134206386,0.14011375839374743,0.009881451544627778,0.08638709044973106,0.005269067787169761
IDN.20.9_1,2018.0,0.7361678615828144,0.14612862763620477,0.008950731431270413,0.09647406905709303,0.005269067787169761
IDN.20.9_1,2019.0,0.7371381275537712,0.13514100604661725,0.009266541308154689,0.10591661728075996,0.005269067787169761
IDN.20.9_1,2020.0,0.7217252688004347,0.14670733391853769,0.008644390280853566,0.11038975506075577,0.005269067787169761
IDN.20.9_1,2021.0,0.7131187534254511,0.1590311599078525,0.008664441701608124,0.1069498224335295,0.005269067787169761
IDN.20.9_1,2022.0,0.7158953182160475,0.15897601850077747,0.009442548223666915,0.10330826163093798,0.005269067787169761
IDN.20.9_1,2023.0,0.7243447641284537,0.14488154066205325,0.009096104231740952,0.10929973754918164,0.005269067787169761
IDN.21.10_1,2011.0,0.3616069803372213,0.6013784185610321,0.008384675760015944,0.02126821497271846,0.0037132551559639912
IDN.21.10_1,2012.0,0.36772147382737536,0.5970455594564946,0.007476020380674167,0.020445474124436244,0.0037132551559639912
IDN.21.10_1,2013.0,0.37029599740217706,0.5932871627672621,0.006988928674921244,0.02211643894462004,0.0037132551559639912
IDN.21.10_1,2014.0,0.38006185846236235,0.5825325565106456,0.0072874452658909,0.02280666755008158,0.0037132551559639912
IDN.21.10_1,2015.0,0.400913606386216,0.5630918455460586,0.007478932737659237,0.021204143119046923,0.0037132551559639912
IDN.21.10_1,2016.0,0.4354789152635167,0.5294031561212635,0.007716289831942425,0.020090166572257727,0.0037132551559639912
IDN.21.10_1,2017.0,0.4534168500238078,0.5108703724467719,0.007568487714950134,0.020832817603450526,0.0037132551559639912
IDN.21.10_1,2018.0,0.45540526175536417,0.5095073893777595,0.006677306477518776,0.021098570178338143,0.0037132551559639912
IDN.21.10_1,2019.0,0.4802578600874574,0.4853814241134414,0.00677341425802608,0.02027582933005593,0.0037132551559639912
IDN.21.10_1,2020.0,0.4928305051920036,0.47423510584233297,0.007203715002570142,0.018419201752073934,0.0037132551559639912
IDN.21.10_1,2021.0,0.4976577368947569,0.4668085955304051,0.007575040518166542,0.020647154845652327,0.0037132551559639912
IDN.21.10_1,2022.0,0.5159859274910474,0.4475688371977877,0.007186968949905991,0.021946794150239722,0.0037132551559639912
IDN.21.10_1,2023.0,0.5050230877099984,0.4616843034151748,0.007555382108517319,0.01842575455529034,0.0037132551559639912
IDN.21.12_1,2011.0,0.31264421111784996,0.6551195633384197,0.005723638453368826,0.022910163736529942,0.0011794164085729701
IDN.21.12_1,2012.0,0.3318276502614087,0.636794091817568,0.005880315829213568,0.0218955187379782,0.0011794164085729701
IDN.21.12_1,2013.0,0.32227842436905585,0.6469440106748754,0.006027742880285189,0.02114739872195201,0.0011794164085729701
IDN.21.12_1,2014.0,0.33287120252487645,0.6336194959844924,0.006105792495558401,0.023801085641241195,0.0011794164085729701
IDN.21.12_1,2015.0,0.37013440143750076,0.5985098883081106,0.005969350205154862,0.021783936695402423,0.0011794164085729701
IDN.21.12_1,2016.0,0.338439319892997,0.6296719198875627,0.0058172979916966796,0.02246903887391172,0.0011794164085729701
IDN.21.12_1,2017.0,0.34810359669971547,0.6216634512152328,0.0058172979916966796,0.020813230739523004,0.0011794164085729701
IDN.21.12_1,2018.0,0.3672008921938247,0.6030668295494691,0.005668714650028418,0.020461140252846073,0.0011794164085729701
IDN.21.12_1,2019.0,0.4314935400935096,0.5391563356919739,0.0053154678727548475,0.020432232987930066,0.0011794164085729701
IDN.21.12_1,2020.0,0.43283368089501556,0.5359441604145074,0.005574476966402245,0.0220452583702431,0.0011794164085729701
IDN.21.12_1,2021.0,0.40964080410760706,0.5555270979592056,0.00534032812058261,0.02588934645877334,0.0011794164085729701
IDN.21.12_1,2022.0,0.40077321152197365,0.5597400427480638,0.00498476876211576,0.030899553614015175,0.0011794164085729701
IDN.21.12_1,2023.0,0.4019242988109289,0.5604702402598422,0.0052050421207757115,0.028797995454621673,0.0011794164085729701
IDN.21.13_1,2011.0,0.03971362632265325,0.5706159011151545,0.02802751194807862,0.3370806766205474,1.3991703832129973E-4
IDN.21.13_1,2012.0,0.04537114135042754,0.5674236634691066,0.02767847977096191,0.33488534787253876,1.3991703832129973E-4
IDN.21.13_1,2013.0,0.04194621558630182,0.5798762798797021,0.028550680004410443,0.32509875937691307,1.3991703832129973E-4
IDN.21.13_1,2014.0,0.042359883351773486,0.5554151315714435,0.028002418131423172,0.34957055354678296,1.3991703832129973E-4
IDN.21.13_1,2015.0,0.04638934197168961,0.5339355849330644,0.02676141483500817,0.36845098911460666,1.3991703832129973E-4
IDN.21.13_1,2016.0,0.03898514522095866,0.5414781778847435,0.026643549938596203,0.3683688638964615,1.3991703832129973E-4
IDN.21.13_1,2017.0,0.03851900856611651,0.5297662092748269,0.026769779440559978,0.3805302399501167,1.3991703832129973E-4
IDN.21.13_1,2018.0,0.040429940725363385,0.5324185496534394,0.0264983099694692,0.37629242661009166,1.3991703832129973E-4
IDN.21.13_1,2019.0,0.05084311421868882,0.5540372529114533,0.026709706364324202,0.34398375745685583,1.3991703832129973E-4
IDN.21.13_1,2020.0,0.058081539695756475,0.5506313376144907,0.0268944881051507,0.3399664655359242,1.3991703832129973E-4
IDN.21.13_1,2021.0,0.05183241892986278,0.5453038442966698,0.027130978316661163,0.3513719854151697,1.3991703832129973E-4
IDN.21.13_1,2022.0,0.05792717470239113,0.5339371057704374,0.027294468334264854,0.35648047815127015,1.3991703832129973E-4
IDN.21.13_1,2023.0,0.05981453388235563,0.5620581492169591,0.027459479189241603,0.3262416686627658,1.3991703832129973E-4
IDN.21.15_1,2011.0,0.4106104466913588,0.46976691658273395,0.016901025401091088,0.08788164442160142,0.004345681630131903
IDN.21.15_1,2012.0,0.3999208304619492,0.48036779839540517,0.017477799109890085,0.08739360512954072,0.004345681630131903
IDN.21.15_1,2013.0,0.3872980715821694,0.49500379137962425,0.018597350874322103,0.08430403407401603,0.004345681630131903
IDN.21.15_1,2014.0,0.39679092558063433,0.4809877869175508,0.01856566001120128,0.08885887540074537,0.004345681630131903
IDN.21.15_1,2015.0,0.4040786717034013,0.47061277452930433,0.017822365221640133,0.09268943645578605,0.004345681630131903
IDN.21.15_1,2016.0,0.41937095365297716,0.4580044205873067,0.018460792064146914,0.08932386679235454,0.004345681630131903
IDN.21.15_1,2017.0,0.4168523943311385,0.46617029171727614,0.018441201348763134,0.0836961456996075,0.004345681630131903
IDN.21.15_1,2018.0,0.40653903507659983,0.4729659651654034,0.01853051196301273,0.08716773570511593,0.004345681630131903
IDN.21.15_1,2019.0,0.437415154916463,0.4383670332051102,0.017995224475026446,0.09142583531353211,0.004345681630131903
IDN.21.15_1,2020.0,0.44573890416452533,0.43157020736196045,0.018826101286303323,0.08906803509734282,0.004345681630131903
IDN.21.15_1,2021.0,0.44182998024794945,0.43666494575676645,0.018190555431352978,0.08851776647406305,0.004345681630131903
IDN.21.15_1,2022.0,0.46670788399530766,0.41250728889851784,0.018219941504428655,0.08776813351187773,0.004345681630131903
IDN.21.15_1,2023.0,0.4883515911118078,0.39591164817840924,0.01770827811440517,0.08323173050550961,0.004345681630131903
IDN.21.16_1,2011.0,0.05201613968079236,0.74763332402091,0.003403204307621316,0.18787397372228692,0.0062024910037819575
IDN.21.16_1,2012.0,0.04570523538887707,0.7648620023934319,0.0034824294027956744,0.1768769745465059,0.0062024910037819575
IDN.21.16_1,2013.0,0.04423470642932496,0.7777916769172821,0.003487989058597383,0.16541226932640607,0.0062024910037819575
IDN.21.16_1,2014.0,0.04099134222600279,0.7853493340227308,0.003449766424960632,0.1611361990579164,0.0062024910037819575
IDN.21.16_1,2015.0,0.038086422069609674,0.7757624025496581,0.003713850075541825,0.1733639670368008,0.0062024910037819575
IDN.21.16_1,2016.0,0.03989956481794212,0.781866904619935,0.0037763962033110546,0.1653837760904223,0.0062024910037819575
IDN.21.16_1,2017.0,0.03905727696398316,0.8049193224447475,0.0031703937209247384,0.14377964860195508,0.0062024910037819575
IDN.21.16_1,2018.0,0.038914810784064356,0.818575227007696,0.0027249262998127795,0.13071167764003733,0.0062024910037819575
IDN.21.16_1,2019.0,0.03711973691708746,0.8282128903399593,0.0024650123910828687,0.12312900208348104,0.0062024910037819575
IDN.21.16_1,2020.0,0.03304520417140974,0.805529494668985,0.002339920135544409,0.15001202275567127,0.0062024910037819575
IDN.21.16_1,2021.0,0.032923586700747354,0.766606344401218,0.0022648647822213334,0.18913184584742368,0.0062024910037819575
IDN.21.16_1,2022.0,0.03113963214537388,0.7552410180285739,0.0022891882763538115,0.20225680328130893,0.0062024910037819575
IDN.21.16_1,2023.0,0.02658627404377396,0.7894690389717973,0.001945184573623048,0.17292614414241622,0.0062024910037819575
IDN.21.17_1,2011.0,0.07792764980824045,0.6188833257931302,0.008634334094687519,0.2723823694020869,0.015463144910775783
IDN.21.17_1,2012.0,0.07795240184100113,0.6439763865607457,0.008763594710215568,0.24713529598618264,0.015463144910775783
IDN.21.17_1,2013.0,0.08179721759649505,0.6523769514571377,0.009200880622321099,0.2344526294221911,0.015463144910775783
IDN.21.17_1,2014.0,0.07783551724185345,0.6359306008005902,0.008503698366228319,0.2555578626894731,0.015463144910775783
IDN.21.17_1,2015.0,0.08338684814490385,0.6007497115700622,0.008048535986017845,0.28564258339716125,0.015463144910775783
IDN.21.17_1,2016.0,0.07957090976096408,0.6247275557505154,0.008929983374884655,0.26459923021178094,0.015463144910775783
IDN.21.17_1,2017.0,0.07705170287109825,0.6413059172484533,0.009276511833534323,0.2501935471450591,0.015463144910775783
IDN.21.17_1,2018.0,0.07323713960008962,0.6320156542856076,0.008676962595553154,0.2638979226168947,0.015463144910775783
IDN.21.17_1,2019.0,0.08984575358251291,0.6323828094382247,0.008338684814490382,0.24726043126291725,0.015463144910775783
IDN.21.17_1,2020.0,0.08414041003117376,0.6474072933239636,0.00907162000679305,0.23720835573621465,0.015463144910775783
IDN.21.17_1,2021.0,0.07375005672340837,0.6337221694331642,0.008825474792117295,0.26152997814945533,0.015463144910775783
IDN.21.17_1,2022.0,0.06995612014636697,0.6160877212041035,0.00876221959728442,0.28302161815039034,0.015463144910775783
IDN.21.17_1,2023.0,0.07087882092316826,0.6322067949830374,0.008819974340392696,0.2659220888515467,0.015463144910775783
IDN.21.18_1,2011.0,0.16374187485568906,0.7635770710674624,0.0024586012561041187,0.0633778748492304,0.004108792029137226
IDN.21.18_1,2012.0,0.17063489286946434,0.760130292949229,0.0024263078945966216,0.05996392831519615,0.004108792029137226
IDN.21.18_1,2013.0,0.1706338164240808,0.7638327268460635,0.0024263078945966216,0.05626257086374518,0.004108792029137226
IDN.21.18_1,2014.0,0.16808909953728998,0.7636077497608945,0.0024467603568847037,0.05901181237341678,0.004108792029137226
IDN.21.18_1,2015.0,0.17502302247564142,0.7468528773654216,0.002228780166709098,0.06905074202071407,0.004108792029137226
IDN.21.18_1,2016.0,0.16918438271508593,0.7448915938765328,0.0020054177496155756,0.07707402768725173,0.004108792029137226
IDN.21.18_1,2017.0,0.16479948244505957,0.757482775528306,0.0023504184950540034,0.06852274556006649,0.004108792029137226
IDN.21.18_1,2018.0,0.16559659025160298,0.75985418470834,0.0023504184950540034,0.06535422857348923,0.004108792029137226
IDN.21.18_1,2019.0,0.18708351655330804,0.7375884501716125,0.0022519237424561372,0.06623153156110956,0.004108792029137226
IDN.21.18_1,2020.0,0.18505979923217156,0.7384980465207402,0.002031252438821573,0.06756632383675278,0.004108792029137226
IDN.21.18_1,2021.0,0.17197022336779935,0.7492764941465594,0.00202694665728724,0.06988175785684032,0.004108792029137226
IDN.21.18_1,2022.0,0.17185665837983133,0.7421170559003472,0.00216634633446127,0.07701536141384645,0.004108792029137226
IDN.21.18_1,2023.0,0.181907428926348,0.7487049016478763,0.00222285971709939,0.0603202317371622,0.004108792029137226
IDN.21.19_1,2011.0,0.13622580740284015,0.7560152460162148,0.005136788875266006,0.09831340980565431,0.0015157691843817366
IDN.21.19_1,2012.0,0.14530085698397718,0.7452441449117827,0.005256697593705941,0.09988955261050929,0.0015157691843817364
IDN.21.19_1,2013.0,0.14498585202900793,0.7486175209557256,0.0053151146616638575,0.09677276445357756,0.0015157691843817364
IDN.21.19_1,2014.0,0.14881748062279312,0.7353694243668771,0.0050530763783598045,0.10646943871958736,0.0015157691843817364
IDN.21.19_1,2015.0,0.15856670229921488,0.7150070233247614,0.004970062650209081,0.11716563181343216,0.0015157691843817364
IDN.21.19_1,2016.0,0.15189401969940935,0.7250729270011655,0.005199398555756787,0.11354307483128583,0.0015157691843817364
IDN.21.19_1,2017.0,0.15125660284066278,0.7284594398977116,0.005219802603416729,0.11077357474582641,0.0015157691843817364
IDN.21.19_1,2018.0,0.14528268899633479,0.732074869438552,0.00516459987173401,0.11316909379335431,0.0015157691843817364
IDN.21.19_1,2019.0,0.15704296715102067,0.7281287825226196,0.0051810908143632775,0.10533841161197154,0.0015157691843817364
IDN.21.19_1,2020.0,0.1574302247953063,0.7295020028808841,0.005151043757877747,0.10360798066590714,0.0015157691843817364
IDN.21.19_1,2021.0,0.14578133038024352,0.739548620539637,0.005274865581348355,0.10508643559874636,0.0015157691843817366
IDN.21.19_1,2022.0,0.1445720411720142,0.7249092753586329,0.0054161566237059,0.12081194693326472,0.0015157691843817366
IDN.21.19_1,2023.0,0.15118365138259093,0.7396186371689358,0.00562061636155861,0.09928651517453221,0.0015157691843817364
IDN.21.1_1,2011.0,0.36871968375368314,0.5976455711687184,0.013217816911146802,0.00830671797381102,4.1385665202267873E-4
IDN.21.1_1,2012.0,0.37777799200076595,0.5887830553457652,0.013530619408780012,0.008052420512929615,4.1385665202267873E-4
IDN.21.1_1,2013.0,0.3838904386814028,0.581761786105586,0.013507017945090367,0.00881531289557383,4.1385665202267873E-4
IDN.21.1_1,2014.0,0.39043801657288135,0.573528864257678,0.01422071291046602,0.009786961886627877,4.1385665202267873E-4
IDN.21.1_1,2015.0,0.4062140991819933,0.5557110888319209,0.012901357848716615,0.0131480097650225,4.1385665202267873E-4
IDN.21.1_1,2016.0,0.36800731844823376,0.589471154357562,0.013075210884064293,0.01742087193779319,4.1385665202267873E-4
IDN.21.1_1,2017.0,0.3873964194917508,0.5688517854673493,0.012914322032996844,0.01870665308640662,4.1385665202267873E-4
IDN.21.1_1,2018.0,0.3881878995628079,0.5611440792902813,0.013105793062366372,0.025621549532491572,4.1385665202267873E-4
IDN.21.1_1,2019.0,0.420882242657618,0.5318224185982199,0.012691603995362144,0.022663056196747123,4.1385665202267873E-4
IDN.21.1_1,2020.0,0.4223126243232032,0.5258778414832626,0.012616810624514673,0.027167279196672663,4.1385665202267873E-4
IDN.21.1_1,2021.0,0.3798625663500304,0.5633240567392488,0.012397416736695427,0.03222098416109096,4.1385665202267873E-4
IDN.21.1_1,2022.0,0.3884890675360871,0.5664923039283476,0.012068990734929634,0.020924193428288784,4.1385665202267873E-4
IDN.21.1_1,2023.0,0.40452243934091425,0.5557001191375298,0.01199851875884224,0.015753478390366882,4.1385665202267873E-4
IDN.21.20_1,2011.0,0.048089178502464795,0.5732933717966413,6.621016801478406E-4,0.3614270081672379,0.015013976741733666
IDN.21.20_1,2012.0,0.05166195918381459,0.5699248276275937,4.0896694603686086E-4,0.3614759063890466,0.015013976741733666
IDN.21.20_1,2013.0,0.048067692920154885,0.5755288601997366,4.558894821159693E-4,0.35941921754448447,0.015013976741733666
IDN.21.20_1,2014.0,0.05005918413563873,0.5703207056556717,5.124434861271053E-4,0.3625222789436107,0.015076951724366154
IDN.21.20_1,2015.0,0.04967565414337107,0.5625634225989301,3.617974492415466E-4,0.37075076304687293,0.015139926706998642
IDN.21.20_1,2016.0,0.04520171380858618,0.561537300823095,3.617974492415466E-4,0.37618785017486056,0.015202901689631128
IDN.21.20_1,2017.0,0.04450898899962882,0.5414984143887215,4.707071250883193E-4,0.39662162679444746,0.015391826637528591
IDN.21.20_1,2018.0,0.0479412490334575,0.5133076016731098,3.961249887941575E-4,0.42126583666462764,0.015580751585426053
IDN.21.20_1,2019.0,0.05891741806522578,0.5228175649327638,3.420405919450799E-4,0.40083378877005427,0.015580751585426053
IDN.21.20_1,2020.0,0.06742249817063849,0.5222547414605306,5.902361117319429E-4,0.39251738665182273,0.01570670155069103
IDN.21.20_1,2021.0,0.06837453173161198,0.5180954290781923,7.431047950633539E-4,0.3955717967898565,0.01570670155069103
IDN.21.20_1,2022.0,0.06671569660085741,0.5055532821449628,8.623868209907717E-4,0.40965349682791313,0.01570670155069103
IDN.21.20_1,2023.0,0.07593770366541566,0.525506720171529,6.99886669727333E-4,0.38057757690541927,0.015769676533323517
IDN.21.21_1,2011.0,0.04630661289249875,0.8047450696426294,9.662312274275163E-4,0.1400385147389494,0.006645922212781606
IDN.21.21_1,2012.0,0.058918060154432635,0.7970126043481158,9.662312274275163E-4,0.13515953277152928,0.006645922212781606
IDN.21.21_1,2013.0,0.052694723988913394,0.7945876852970699,9.815504386899013E-4,0.14379246877683194,0.006645922212781606
IDN.21.21_1,2014.0,0.07115960451027475,0.7766914837889121,9.815504386899013E-4,0.14322378976362826,0.006645922212781606
IDN.21.21_1,2015.0,0.09064489395743057,0.7543444909500829,0.0010495527911229285,0.14601749080286866,0.006645922212781606
IDN.21.21_1,2016.0,0.07147869247169127,0.7693132285499286,9.333509691082502E-4,0.15023587848951084,0.00674120023404766
IDN.21.21_1,2017.0,0.06720463252948579,0.7697361882364901,0.0010488055125247634,0.1539715242017383,0.00674120023404766
IDN.21.21_1,2018.0,0.08044043106018661,0.7578040172202885,9.333509691082502E-4,0.15278335123065576,0.00674120023404766
IDN.21.21_1,2019.0,0.11563202208357717,0.7331135586976132,8.380729478421958E-4,0.14237749675120628,0.00674120023404766
IDN.21.21_1,2020.0,0.12913833546681375,0.7161944239565564,8.227537365798107E-4,0.14580563732028887,0.00674120023404766
IDN.21.21_1,2021.0,0.11159186034259738,0.7157400785688719,8.227537365798107E-4,0.16380645783218964,0.00674120023404766
IDN.21.21_1,2022.0,0.1009169855678085,0.7182311317758553,7.491467946605452E-4,0.17206388634191436,0.00674120023404766
IDN.21.21_1,2023.0,0.13740099492672564,0.6967935769909931,9.333509691082502E-4,0.15683322759341173,0.00674120023404766
IDN.21.2_1,2011.0,0.014102074783491446,0.5975465642587428,0.021806714661637208,0.3521798189411815,0.011161082190840561
IDN.21.2_1,2012.0,0.020103413466309745,0.6048551079143611,0.02159686235831144,0.3390797889060706,0.011161082190840561
IDN.21.2_1,2013.0,0.018406670155461213,0.6212327686120414,0.021874916660218083,0.32412081721733227,0.011161082190840561
IDN.21.2_1,2014.0,0.022556936646026815,0.6113583433559668,0.021232681173581514,0.3304872114694777,0.01116108219084056
IDN.21.2_1,2015.0,0.03106688473818521,0.5826741566451263,0.021322305594793565,0.35057182566694783,0.011161082190840561
IDN.21.2_1,2016.0,0.02496936374967593,0.5946624066649093,0.021205138058770015,0.34479826417169773,0.011161082190840561
IDN.21.2_1,2017.0,0.024988600210814126,0.5989600069601015,0.02134853713270929,0.340338028341428,0.011161082190840561
IDN.21.2_1,2018.0,0.024957122365315262,0.583019101368718,0.020985230332576557,0.356673718578443,0.011161082190840561
IDN.21.2_1,2019.0,0.03941419729526613,0.5920169560661089,0.02020527927188246,0.3339987400117954,0.011161082190840561
IDN.21.2_1,2020.0,0.04561926758922986,0.5878146636920104,0.01987519908644297,0.33221455824122786,0.011272566226982373
IDN.21.2_1,2021.0,0.035848894100221095,0.5803780226929035,0.020500384073434318,0.34868490370621036,0.011272566226982373
IDN.21.2_1,2022.0,0.02583325573170033,0.5702159249043535,0.02073209599168985,0.36847834783281586,0.011384050263124187
IDN.21.2_1,2023.0,0.03323360977002374,0.5946882010105264,0.02056596291822362,0.3367718507617858,0.011384050263124187
IDN.21.3_1,2011.0,0.5317287901961893,0.42192781208104335,0.011674125266715745,0.028780754923620127,0.002038841367850599
IDN.21.3_1,2012.0,0.5223318982609184,0.4307520912403932,0.012034781623520063,0.02902481164674556,0.002038841367850599
IDN.21.3_1,2013.0,0.5156389848750916,0.4386341320644268,0.012287807549236186,0.027550557978813766,0.002038841367850599
IDN.21.3_1,2014.0,0.5163579372722289,0.4377641194131306,0.011881833116184203,0.028107592666024632,0.002038841367850599
IDN.21.3_1,2015.0,0.5241554787665926,0.4272951717366261,0.011338960327800735,0.031321871636548995,0.002038841367850599
IDN.21.3_1,2016.0,0.5428987518646499,0.4119280953190201,0.011023149983949834,0.02826148529994899,0.002038841367850599
IDN.21.3_1,2017.0,0.5500552314054268,0.40355227628920454,0.01084046148907644,0.029705998980343252,0.002038841367850599
IDN.21.3_1,2018.0,0.5457986366812062,0.40427170074963625,0.010428822296493499,0.033612322740232965,0.002038841367850599
IDN.21.3_1,2019.0,0.5767268075303538,0.3726264657565283,0.01008185577522233,0.034676353405464565,0.002038841367850599
IDN.21.3_1,2020.0,0.5792650918635173,0.37209681074038375,0.010380671840480358,0.03236890802318771,0.002038841367850599
IDN.21.3_1,2021.0,0.5858664249702603,0.36350006608886093,0.011139749617628716,0.03348297739760943,0.0021592175078834546
IDN.21.3_1,2022.0,0.5885132838611002,0.36332257029022413,0.011428652353707568,0.03077097377216334,0.0021592175078834546
IDN.21.3_1,2023.0,0.5911195453086352,0.36118459563058186,0.011694896051662592,0.030036443286315793,0.0021592175078834546
IDN.21.4_1,2011.0,0.3979931112303478,0.5472473675776697,0.019861744436584304,0.021965560618437102,0.0012696597657996995
IDN.21.4_1,2012.0,0.4058863302756909,0.5419096598551344,0.02011020468099101,0.01916158905122246,0.0012696597657996995
IDN.21.4_1,2013.0,0.3936486861478116,0.55669276522852,0.02056469151008554,0.016161640976621854,0.0012696597657996995
IDN.21.4_1,2014.0,0.3948351536070571,0.5516727516162486,0.02094938613569503,0.01961049250403819,0.0012696597657996995
IDN.21.4_1,2015.0,0.39450405939372424,0.5476605374223011,0.021875668260348376,0.02302751878666535,0.0012696597657996995
IDN.21.4_1,2016.0,0.3835327250058771,0.5585698963334536,0.021274896972749226,0.02369026555095921,0.0012696597657996995
IDN.21.4_1,2017.0,0.400407363133302,0.5419520935148536,0.02084888536267659,0.02385944185220693,0.0012696597657996995
IDN.21.4_1,2018.0,0.3853802642165327,0.5526124338439713,0.020908069151231896,0.02816701665130309,0.0012696597657996995
IDN.21.4_1,2019.0,0.4116439078943922,0.5250020798076648,0.02056245815957402,0.02985933800140814,0.0012696597657996995
IDN.21.4_1,2020.0,0.43725541322288736,0.4990365884230935,0.019185597569221315,0.03159018464783694,0.0012696597657996995
IDN.21.4_1,2021.0,0.4175846202550382,0.513708026270903,0.01908788848434227,0.03668724885275578,0.0012696597657996995
IDN.21.4_1,2022.0,0.4535370967895035,0.48780395202539856,0.017755136566592104,0.027971598481545006,0.0012696597657996995
IDN.21.4_1,2023.0,0.4778125001744812,0.4722743492435372,0.017523984788649673,0.01945694965637112,0.0012696597657996995
IDN.21.5_1,2011.0,6.805864282324732E-4,0.33810784485126993,0.0037962986088563655,0.39887984215389993,0.25322185868777936
IDN.21.5_1,2012.0,6.805864282324732E-4,0.3400871650141112,0.002591223557031894,0.3981055970428832,0.25322185868777936
IDN.21.5_1,2013.0,0.0,0.34829790953820006,0.002591223557031894,0.3878343614975399,0.2559629361372661
IDN.21.5_1,2014.0,0.0,0.3340493019306175,0.002591223557031894,0.40049077149778967,0.257555133744599
IDN.21.5_1,2015.0,0.0,0.31188341367166994,0.0032093708634081766,0.42203851245036084,0.257555133744599
IDN.21.5_1,2016.0,0.0,0.28409176053347973,0.0013799045930218037,0.44577786658008434,0.262225580059442
IDN.21.5_1,2017.0,0.0,0.2974287569619619,0.0019980518993980866,0.42863832763056015,0.2654099752741077
IDN.21.5_1,2018.0,0.0,0.2806763405679461,0.0019980518993980866,0.44539074402457596,0.2654099752741077
IDN.21.5_1,2019.0,0.0015921976073328503,0.29453158170783467,0.0019980518993980866,0.42691500786732933,0.26700217288144057
IDN.21.5_1,2020.0,0.0015921976073328503,0.3000949074652213,0.0019980518993980866,0.42278778191263516,0.26700217288144057
IDN.21.5_1,2021.0,0.0,0.29579909588151543,0.0012612702614950423,0.4262281775269112,0.27018656809610625
IDN.21.5_1,2022.0,0.0,0.2554446914258598,0.0019980518993980866,0.46425360273733096,0.2717787657034391
IDN.21.5_1,2023.0,0.0015921976073328503,0.2657721221808736,0.0013799045930218037,0.45322685381752775,0.2717787657034391
IDN.21.6_1,2011.0,0.10501040933712866,0.7392643024024685,0.00643665187114928,0.136856848258669,0.008295946519869254
IDN.21.6_1,2012.0,0.1373787957494523,0.7092028398375856,0.0065287377754529195,0.13460169885119974,0.008295946519869254
IDN.21.6_1,2013.0,0.12982947104289969,0.7222790382487028,0.006673362318104075,0.12888645024696035,0.008344664166336948
IDN.21.6_1,2014.0,0.14254859776284753,0.6981492834780508,0.006348004859537474,0.14057371810976302,0.008344664166336946
IDN.21.6_1,2015.0,0.14329025228672043,0.6780074979323665,0.0059208179673737,0.1603523183772707,0.008344664166336948
IDN.21.6_1,2016.0,0.1241325631996834,0.6914379022907426,0.005928268901539347,0.1661695874647013,0.008344664166336948
IDN.21.6_1,2017.0,0.12589633305140788,0.6921447857885091,0.006543066495002241,0.1630354188752797,0.008393381812804641
IDN.21.6_1,2018.0,0.14578918097612212,0.6710859621916679,0.0066618993424646155,0.16403441720225834,0.00839338181280464
IDN.21.6_1,2019.0,0.19474793203143234,0.6346529956671867,0.006124285784974066,0.1519975285824522,0.00839338181280464
IDN.21.6_1,2020.0,0.1977634588229856,0.6239079844019475,0.0057439060433380745,0.1599192089476932,0.008393381812804641
IDN.21.6_1,2021.0,0.16674617513936602,0.647365626700939,0.005731296770134671,0.1674914596055247,0.00839338181280464
IDN.21.6_1,2022.0,0.14697827364912183,0.6610934952771592,0.006356028942485096,0.17295547799366603,0.008393381812804641
IDN.21.6_1,2023.0,0.17365529265645493,0.6480272314449297,0.007235430223625464,0.1585457534164922,0.008393381812804641
IDN.22.10_1,2011.0,0.8425184761720023,0.008435519085149681,0.13074102098938672,0.0,8.264260282148526E-5
IDN.22.10_1,2012.0,0.8438009181560249,0.008269622408910991,0.1296244756816028,0.0,8.264260282148526E-5
IDN.22.10_1,2013.0,0.844209474586365,0.008279923336638881,0.12920561832353483,0.0,8.264260282148526E-5
IDN.22.10_1,2014.0,0.843567195279861,0.0087596925732804,0.12936812839339726,0.0,8.264260282148526E-5
IDN.22.10_1,2015.0,0.8432314979228109,0.009371962784394387,0.12909155553933332,0.0,8.264260282148526E-5
IDN.22.10_1,2016.0,0.8434949947133664,0.009513588781602978,0.12867857770622423,0.0,8.264260282148526E-5
IDN.22.10_1,2017.0,0.8413687703434504,0.009639222470923517,0.13068702343216473,0.0,8.264260282148526E-5
IDN.22.10_1,2018.0,0.8412117164727496,0.00967144226769797,0.13081134010789447,0.0,8.264260282148526E-5
IDN.22.10_1,2019.0,0.8406215532754812,0.01019274446864875,0.13087286345706384,0.0,8.264260282148526E-5
IDN.22.10_1,2020.0,0.841303672243106,0.010093921413140531,0.130297422590292,0.0,8.264260282148526E-5
IDN.22.10_1,2021.0,0.8420154710527233,0.009484050048209755,0.13019549514560552,0.0,8.264260282148526E-5
IDN.22.10_1,2022.0,0.841992235170086,0.009147270858567275,0.13055551021788533,0.0,8.264260282148526E-5
IDN.22.10_1,2023.0,0.8426307515806163,0.009475583532269021,0.1295766869027373,0.0,8.264260282148526E-5
IDN.22.11_1,2011.0,0.9647059127486135,0.003942014783239335,0.02212576999837685,0.0,7.75089652036418E-5
IDN.22.11_1,2012.0,0.9663097404148762,0.00408426653114249,0.020379690584210883,0.0,7.75089652036418E-5
IDN.22.11_1,2013.0,0.9659563907205652,0.004406460661008608,0.020435770600211164,0.0,7.750896520364179E-5
IDN.22.11_1,2014.0,0.9643429884174246,0.004921819290431255,0.02153381427392943,0.0,7.75089652036418E-5
IDN.22.11_1,2015.0,0.9640361441022361,0.005424259758986627,0.021338218120562587,0.0,7.75089652036418E-5
IDN.22.11_1,2016.0,0.9644619874757666,0.004765433554755671,0.02157120095126295,0.0,7.75089652036418E-5
IDN.22.11_1,2017.0,0.9645435998567753,0.004175453549029128,0.02207956857598095,0.0,7.75089652036418E-5
IDN.22.11_1,2018.0,0.9665504741420969,0.003921801660941131,0.020326346178747196,0.0,7.75089652036418E-5
IDN.22.11_1,2019.0,0.9677851463642823,0.0037965714897101486,0.01922070358687172,0.0,7.75089652036418E-5
IDN.22.11_1,2020.0,0.9684243673596673,0.0038353259723119698,0.018542728108884566,0.0,7.75089652036418E-5
IDN.22.11_1,2021.0,0.9687502089702485,0.0034879034341638803,0.018555190334662405,0.0,7.750896520364179E-5
IDN.22.11_1,2022.0,0.9682090140190917,0.0035266579167657014,0.019066749505006437,0.0,7.750896520364179E-5
IDN.22.11_1,2023.0,0.9693863903983713,0.003526657916765702,0.017880254423938147,0.0,7.75089652036418E-5
IDN.22.1_1,2011.0,0.9260706187576473,0.05645023770003721,0.008638847274560404,0.0,4.758532680011826E-4
IDN.22.1_1,2012.0,0.9261588582151868,0.05678586754004477,0.008214977977013134,0.0,4.758532680011826E-4
IDN.22.1_1,2013.0,0.9257479626948811,0.05743251258789623,0.007979228449467449,0.0,4.758532680011826E-4
IDN.22.1_1,2014.0,0.9252847277581695,0.05822231349284384,0.007652662481231344,0.0,4.758532680011826E-4
IDN.22.1_1,2015.0,0.9258799220044949,0.05806431776725915,0.007215463960490761,0.0,4.758532680011826E-4
IDN.22.1_1,2016.0,0.9256862039607523,0.05761432319225298,0.0078591765792397,0.0,4.758532680011826E-4
IDN.22.1_1,2017.0,0.9246291965615226,0.05847841230113133,0.00805209486959088,0.0,4.758532680011826E-4
IDN.22.1_1,2018.0,0.9230715435391523,0.060900509878331746,0.0071876503147607195,0.0,4.758532680011826E-4
IDN.22.1_1,2019.0,0.9214879429622991,0.06280081279825804,0.006870947971687664,0.0,4.758532680011826E-4
IDN.22.1_1,2020.0,0.9215301521690779,0.06237934276088556,0.007250208802281324,0.0,4.758532680011826E-4
IDN.22.1_1,2021.0,0.9209454435783314,0.06285430741400719,0.007359952739906246,0.0,4.758532680011826E-4
IDN.22.1_1,2022.0,0.9221022424285348,0.06167929195877289,0.007378169344937104,0.0,4.758532680011826E-4
IDN.22.1_1,2023.0,0.9211362291929716,0.0630091041260255,0.007014370413247685,0.0,4.758532680011826E-4
IDN.22.2_1,2011.0,0.9461695291600615,5.063438313313648E-4,0.02277652875469754,0.0,3.480773921074903E-5
IDN.22.2_1,2012.0,0.9464459364502523,5.371631837575488E-4,0.02232529717711653,0.0,3.480773921074903E-5
IDN.22.2_1,2013.0,0.9468127471742268,5.393990975610172E-4,0.021857326461060905,0.0,3.480773921074903E-5
IDN.22.2_1,2014.0,0.9466067409537936,5.702184499872011E-4,0.021878416566936856,0.0,3.480773921074903E-5
IDN.22.2_1,2015.0,0.9470549510262347,6.955504831870161E-4,0.021455345417258992,0.0,3.480773921074903E-5
IDN.22.2_1,2016.0,0.9470221374804162,7.044337082980928E-4,0.021529130572773437,0.0,3.480773921074903E-5
IDN.22.2_1,2017.0,0.9452154586971112,7.202059651279634E-4,0.023258398394396352,0.0,3.480773921074903E-5
IDN.22.2_1,2018.0,0.9437007177404156,0.0011697454998306754,0.02433900949260228,0.0,3.480773921074903E-5
IDN.22.2_1,2019.0,0.9447754066885475,0.002189503484520588,0.022559222105041545,0.0,3.480773921074903E-5
IDN.22.2_1,2020.0,0.945056406666551,0.0024098316393164057,0.022760273057045293,0.0,3.480773921074903E-5
IDN.22.2_1,2021.0,0.9434400827070547,0.002418352283810703,0.024044473171572427,0.0,3.480773921074903E-5
IDN.22.2_1,2022.0,0.943504984637458,0.0022924763796857203,0.02388971167831075,0.0,3.480773921074903E-5
IDN.22.2_1,2023.0,0.944897354635991,0.0020430813454448155,0.02266606252678565,0.0,3.480773921074903E-5
IDN.22.3_1,2011.0,0.7846267699442498,0.1279129047642541,0.036916802341835635,0.0,0.03441380104264311
IDN.22.3_1,2012.0,0.782742118506093,0.12882727317578566,0.03788708536846086,0.0,0.03441380104264311
IDN.22.3_1,2013.0,0.7884421201506405,0.12547239627016624,0.03554196062953278,0.0,0.03441380104264311
IDN.22.3_1,2014.0,0.7782393474435509,0.13328399690825066,0.037933132698538,0.0,0.03441380104264311
IDN.22.3_1,2015.0,0.7716348446724884,0.14072064071570706,0.03710099166214416,0.0,0.03441380104264311
IDN.22.3_1,2016.0,0.7683227260019406,0.14574966697913067,0.03538408406926834,0.0,0.03441380104264311
IDN.22.3_1,2017.0,0.7704935287055766,0.14184880030259672,0.037114148042166194,0.0,0.03441380104264311
IDN.22.3_1,2018.0,0.770838883681155,0.14253293206374262,0.0360846613054418,0.0,0.03441380104264311
IDN.22.3_1,2019.0,0.7695495584389954,0.14495699508280296,0.034949923528541114,0.0,0.03441380104264311
IDN.22.3_1,2020.0,0.7766079563208182,0.138924794842699,0.03392372588682224,0.0,0.03441380104264311
IDN.22.3_1,2021.0,0.7803937046721594,0.13291232917262813,0.03615044320555199,0.0,0.03441380104264311
IDN.22.3_1,2022.0,0.7913792819905603,0.12507112667949413,0.033006068380285164,0.0,0.03441380104264311
IDN.22.3_1,2023.0,0.811768381929712,0.1068265166839344,0.03086157843669315,0.0,0.03441380104264311
IDN.22.4_1,2011.0,0.9645125957050944,0.02498854577665395,0.005222489289562313,0.0,4.7090005869957944E-4
IDN.22.4_1,2012.0,0.9621030029843879,0.0274839978096403,0.00512268636434388,0.0,4.7090005869957944E-4
IDN.22.4_1,2013.0,0.9614348462709094,0.02813002661562902,0.005178081913572941,0.0,4.7090005869957944E-4
IDN.22.4_1,2014.0,0.9587277392871755,0.030955351187321397,0.005059864325614888,0.0,4.709000586995795E-4
IDN.22.4_1,2015.0,0.9566977311165213,0.03323316160965676,0.0047734140163319125,0.0,4.709000586995795E-4
IDN.22.4_1,2016.0,0.957901807562076,0.03214836367913142,0.004634811472501606,0.0,4.709000586995795E-4
IDN.22.4_1,2017.0,0.9595834527507792,0.03041746116211225,0.00464542074321579,0.0,4.7090005869957944E-4
IDN.22.4_1,2018.0,0.9586668875415789,0.0314916498219234,0.004429825206202546,0.0,4.902240875004152E-4
IDN.22.4_1,2019.0,0.9569365912686004,0.03304052756568921,0.004635948180078125,0.0,4.902240875004152E-4
IDN.22.4_1,2020.0,0.9567704804014187,0.033190876087810225,0.004632386496338364,0.0,4.902240875004152E-4
IDN.22.4_1,2021.0,0.9577241022776134,0.03234539299239484,0.004543571744359622,0.0,4.902240875004152E-4
IDN.22.4_1,2022.0,0.9588545958527147,0.03152749400083633,0.004250301189617527,0.0,4.902240875004152E-4
IDN.22.4_1,2023.0,0.9617120513585701,0.02885858039167307,0.004042435264124615,0.0,4.902240875004152E-4
IDN.22.7_1,2011.0,0.7926068915132938,0.002421142817388517,0.18508286005242092,0.0,1.7608311399189215E-4
IDN.22.7_1,2012.0,0.7921620227047085,0.0029053713808662204,0.1850435002975286,0.0,1.7608311399189215E-4
IDN.22.7_1,2013.0,0.7915545359614363,0.0031254752733560856,0.18543088314831074,0.0,1.7608311399189215E-4
IDN.22.7_1,2014.0,0.7920819221508925,0.0037857869508256814,0.18424318528138506,0.0,1.7608311399189215E-4
IDN.22.7_1,2015.0,0.7900374590930433,0.007795475665227326,0.1822779596248324,0.0,1.7608311399189215E-4
IDN.22.7_1,2016.0,0.785030138696525,0.015054760985298952,0.18002599470127928,0.0,1.7608311399189215E-4
IDN.22.7_1,2017.0,0.780387586554776,0.015852831804891616,0.1838704760234356,0.0,1.7608311399189215E-4
IDN.22.7_1,2018.0,0.7800828937153684,0.017235429510735794,0.18279257115699893,0.0,1.7608311399189215E-4
IDN.22.7_1,2019.0,0.7761272383486919,0.02009678011310404,0.1838868759213074,0.0,1.7608311399189215E-4
IDN.22.7_1,2020.0,0.7731507432002132,0.01768219725486424,0.18927795392802577,0.0,1.7608311399189215E-4
IDN.22.7_1,2021.0,0.776180926435409,0.010966180130608781,0.19296378781708548,0.0,1.7608311399189215E-4
IDN.22.7_1,2022.0,0.7806848562825154,0.00708544640263061,0.1923405916979573,0.0,1.7608311399189215E-4
IDN.22.7_1,2023.0,0.7838880152826326,0.004577988333285282,0.1916312529573762,0.0,1.7608311399189215E-4
IDN.22.8_1,2011.0,0.8802555007853744,0.025640566101228016,0.0665475873721973,0.0,5.13598388368864E-4
IDN.22.8_1,2012.0,0.8770894386850877,0.02934040456463388,0.06601381100907798,0.0,5.13598388368864E-4
IDN.22.8_1,2013.0,0.8767184647393649,0.031577527852184935,0.06414766166724968,0.0,5.13598388368864E-4
IDN.22.8_1,2014.0,0.8742463495098443,0.03418763035003022,0.06398448326274594,0.0,5.13598388368864E-4
IDN.22.8_1,2015.0,0.8743739344682042,0.03386302814752281,0.06420669164307245,0.0,5.13598388368864E-4
IDN.22.8_1,2016.0,0.8778084513629972,0.03243089325638299,0.062204309639419614,0.0,5.135983883688641E-4
IDN.22.8_1,2017.0,0.880650412576919,0.02814426424774944,0.06368093633823903,0.0,5.13598388368864E-4
IDN.22.8_1,2018.0,0.8812972357302554,0.028559730001151782,0.06258668852739264,0.0,5.135983883688641E-4
IDN.22.8_1,2019.0,0.881269914000469,0.02803710792221128,0.06313663233611946,0.0,5.13598388368864E-4
IDN.22.8_1,2020.0,0.8830702655985456,0.025934086702877574,0.06343930195737636,0.0,5.13598388368864E-4
IDN.22.8_1,2021.0,0.8810647503689998,0.02520429572789663,0.06617460816190308,0.0,5.13598388368864E-4
IDN.22.8_1,2022.0,0.8813407249056491,0.02438501982141365,0.06674986843584478,0.0,5.13598388368864E-4
IDN.22.8_1,2023.0,0.8835081652493416,0.022176471554006105,0.06679097635956002,0.0,5.135983883688641E-4
IDN.23.10_1,2011.0,0.9137980989447998,0.007616964507197593,0.06096897791132395,0.0,8.688156495819636E-4
IDN.23.10_1,2012.0,0.9172064370904154,0.008416050487486539,0.056761553785419416,0.0,8.688156495819636E-4
IDN.23.10_1,2013.0,0.918696808585247,0.0091313807155787,0.05448131345049258,0.0,8.688156495819636E-4
IDN.23.10_1,2014.0,0.9182792320599406,0.009640327152372563,0.05438994353900518,0.0,8.688156495819636E-4
IDN.23.10_1,2015.0,0.9157565408633914,0.010560037445633913,0.056008152760874154,0.0,8.688156495819636E-4
IDN.23.10_1,2016.0,0.9118781285678867,0.010085955843486559,0.06034541833994502,0.0,8.688156495819636E-4
IDN.23.10_1,2017.0,0.9078362122202468,0.008964670701636774,0.06552384814801608,0.0,8.688156495819636E-4
IDN.23.10_1,2018.0,0.9108253708596526,0.008822806891695806,0.06267655331855122,0.0,8.688156495819636E-4
IDN.23.10_1,2019.0,0.9123906817117131,0.010151277315295535,0.05978277204289101,0.0,8.688156495819636E-4
IDN.23.10_1,2020.0,0.910732397967262,0.012807416672043345,0.05878491643059438,0.0,8.688156495819636E-4
IDN.23.10_1,2021.0,0.9074018043954558,0.013522746900135506,0.06128276142314253,0.0,9.710056821665582E-4
IDN.23.10_1,2022.0,0.9068896519968555,0.012296466509120373,0.06303081209817783,0.0,9.710056821665582E-4
IDN.23.10_1,2023.0,0.9124684262855225,0.011205638004433057,0.05854286631419793,0.0,9.710056821665582E-4
IDN.23.11_1,2011.0,0.7510067494023832,0.2091555656194758,0.030875363780694613,0.0,6.201319002539712E-4
IDN.23.11_1,2012.0,0.7458192559961091,0.2130590514812404,0.03215937132520387,0.0,6.201319002539712E-4
IDN.23.11_1,2013.0,0.7428073705635478,0.21730862755289784,0.030593602606097888,0.0,9.482099802638523E-4
IDN.23.11_1,2014.0,0.7344355899101194,0.22182709899209274,0.03444691182033159,0.0,9.482099802638523E-4
IDN.23.11_1,2015.0,0.7308588955476587,0.22512589192207444,0.03472481325281055,0.0,9.482099802638523E-4
IDN.23.11_1,2016.0,0.7284169653678204,0.22822783800405022,0.034064797350673026,0.0,9.482099802638523E-4
IDN.23.11_1,2017.0,0.7331116983637266,0.2248981671371264,0.03269973522169073,0.0,9.482099802638523E-4
IDN.23.11_1,2018.0,0.7310197181358989,0.22637387520681787,0.03331600737982694,0.0,9.482099802638523E-4
IDN.23.11_1,2019.0,0.7258592429244494,0.23152148461120822,0.03300079510687627,0.0,0.0012762880602737333
IDN.23.11_1,2020.0,0.7133137944610127,0.24246385351506725,0.03427579658644409,0.0,0.0016043661402836145
IDN.23.11_1,2021.0,0.708334727129098,0.24734256755192008,0.03437614988150593,0.0,0.0016043661402836145
IDN.23.11_1,2022.0,0.7045959235976914,0.2518558926682912,0.033601628296541425,0.0,0.0016043661402836145
IDN.23.11_1,2023.0,0.7104923229729279,0.24744292084698188,0.03211820074261439,0.0,0.0016043661402836145
IDN.23.13_1,2011.0,0.9043574687823789,0.0010184397778168152,0.07816388525691066,0.0,5.166830890840663E-5
IDN.23.13_1,2012.0,0.9041968917831243,0.0010247547933500648,0.07830740833721178,0.0,5.166830890840663E-5
IDN.23.13_1,2013.0,0.9035551916485638,0.0010247547933500648,0.07893489124428833,0.0,5.166830890840663E-5
IDN.23.13_1,2014.0,0.9038975870629575,0.0013236542718783701,0.07827873749128808,0.0,5.166830890840663E-5
IDN.23.13_1,2015.0,0.9023673946359919,0.0016454836731183147,0.07947892814397095,0.0,5.166830890840663E-5
IDN.23.13_1,2016.0,0.9003202151887127,0.001396901698036758,0.08175770318765094,0.0,5.166830890840662E-5
IDN.23.13_1,2017.0,0.8979734270900386,0.0013624561587644872,0.08415122915529874,0.0,5.166830890840663E-5
IDN.23.13_1,2018.0,0.8980699759104105,0.0017973479771451804,0.0836028696781388,0.0,5.166830890840663E-5
IDN.23.13_1,2019.0,0.898260743411733,0.0016982663965325888,0.08351118375742878,0.0,5.166830890840663E-5
IDN.23.13_1,2020.0,0.89683588004064,0.0015518728546254368,0.08508824913391415,0.0,5.166830890840663E-5
IDN.23.13_1,2021.0,0.8967763770600541,0.0015404585484744293,0.08513822893599549,0.0,5.166830890840663E-5
IDN.23.13_1,2022.0,0.8974957147385232,0.001486831571646619,0.08446049606574527,0.0,5.166830890840663E-5
IDN.23.13_1,2023.0,0.8991986751840352,0.0015928022601136647,0.08261330336706493,0.0,5.166830890840663E-5
IDN.23.15_1,2011.0,0.8474469291934434,0.06851046134790571,0.060540610880851345,0.0,2.699375843058742E-4
IDN.23.15_1,2012.0,0.8389198126209733,0.07519712532351394,0.06238318063523726,0.0,2.699375843058742E-4
IDN.23.15_1,2013.0,0.8320383323467758,0.08027966441087313,0.06417036403654082,0.0,2.699375843058742E-4
IDN.23.15_1,2014.0,0.8227586418873039,0.0884563536067423,0.06526319538275169,0.0,2.699375843058742E-4
IDN.23.15_1,2015.0,0.8136772459137821,0.09924905556816398,0.06354296708814364,0.0,2.699375843058742E-4
IDN.23.15_1,2016.0,0.8255102661535432,0.09080019821131188,0.060162433618132644,0.0,2.699375843058742E-4
IDN.23.15_1,2017.0,0.8344249737784369,0.08180647524311299,0.060224814152320956,0.0,2.699375843058742E-4
IDN.23.15_1,2018.0,0.8327621733816665,0.08243273799997951,0.0612613517922249,0.0,2.699375843058742E-4
IDN.23.15_1,2019.0,0.8289564315067973,0.08551520593572332,0.061955703847317585,0.0,2.6993758430587423E-4
IDN.23.15_1,2020.0,0.8334556936963032,0.0814491671045591,0.061524143969887396,0.0,2.699375843058742E-4
IDN.23.15_1,2021.0,0.8359190442818242,0.07897541976334034,0.06154282032375953,0.0,2.699375843058742E-4
IDN.23.15_1,2022.0,0.8363480711315024,0.07610035765217665,0.06396723033339298,0.0,2.699375843058742E-4
IDN.23.15_1,2023.0,0.8282899427569753,0.08313442449363735,0.06496172727389243,0.0,2.699375843058742E-4
IDN.23.16_1,2011.0,0.485088444142749,0.3633105837175818,0.14014956327736272,1.9336099161225903E-4,0.001767435435326403
IDN.23.16_1,2012.0,0.475492252591545,0.3749864875904508,0.13789355122805133,3.696607192587305E-4,0.001767435435326403
IDN.23.16_1,2013.0,0.464471791184938,0.38950357141319886,0.13410369809475683,6.483280306999272E-4,0.0017674354353264027
IDN.23.16_1,2014.0,0.45224977074902295,0.4030076399001902,0.13277615333977186,6.938247346086942E-4,0.001767435435326403
IDN.23.16_1,2015.0,0.4417048168051801,0.4187099797666792,0.12709283444086253,0.0012056626535823208,0.0017674354353264027
IDN.23.16_1,2016.0,0.44499875586586907,0.41683027452376614,0.12504186979142234,0.0018198681563506732,0.001767435435326403
IDN.23.16_1,2017.0,0.45660380531309197,0.40169095636814817,0.1289273998167602,0.0013592140292744092,0.001767435435326403
IDN.23.16_1,2018.0,0.4453495042297774,0.4098730256131055,0.13238039892268308,9.099340781753365E-4,0.0017674354353264027
IDN.23.16_1,2019.0,0.4439780908392099,0.4133246196737607,0.13009383271437414,0.0012510701482677372,0.001767435435326403
IDN.23.16_1,2020.0,0.4462161941369337,0.4153254710419838,0.1253622424147799,0.0017231876605445437,0.001767435435326403
IDN.23.16_1,2021.0,0.4671568103893421,0.39622093672227005,0.12420870024994013,0.0010293629259358495,0.001767435435326403
IDN.23.16_1,2022.0,0.48966762048424894,0.36717700066681686,0.1314014392079403,3.071027513841761E-4,0.001767435435326403
IDN.23.16_1,2023.0,0.47079668051587853,0.3848738803489769,0.1327538287316284,1.1374175977191707E-4,0.001767435435326403
IDN.23.17_1,2011.0,0.7994995318377692,0.023342459302739423,0.16212375909630983,0.0,7.40024859140662E-4
IDN.23.17_1,2012.0,0.7986347184729699,0.024211324597955414,0.1621379956085834,0.0,7.400248591406621E-4
IDN.23.17_1,2013.0,0.7972917773190457,0.02497938443511161,0.16259471387348104,0.0,7.400248591406621E-4
IDN.23.17_1,2014.0,0.7948737604652054,0.026822793751266217,0.16324576053091225,0.0,7.400248591406621E-4
IDN.23.17_1,2015.0,0.7941703124914444,0.02841427155599603,0.1624179073422073,0.0,7.400248591406621E-4
IDN.23.17_1,2016.0,0.7925011361831911,0.029812516084521068,0.16278104791681475,0.0,7.40024859140662E-4
IDN.23.17_1,2017.0,0.7922344753571448,0.029155227264016117,0.1636206188502372,0.0,7.400248591406621E-4
IDN.23.17_1,2018.0,0.7920573950467888,0.029959754474919085,0.16328469191639863,0.0,7.400248591406621E-4
IDN.23.17_1,2019.0,0.7938175755219599,0.030796149570988175,0.16094497588006276,0.0,7.400248591406621E-4
IDN.23.17_1,2020.0,0.7936350743857765,0.028959858510970323,0.16292187987668974,0.0,7.400248591406621E-4
IDN.23.17_1,2021.0,0.7944766165285907,0.026592874078048934,0.16447125045857977,0.0,7.400248591406621E-4
IDN.23.17_1,2022.0,0.7962383849224381,0.025385563081438318,0.16408434585963871,0.0,7.40024859140662E-4
IDN.23.17_1,2023.0,0.7967582913995038,0.02513998324472017,0.16376418860093397,0.0,7.400248591406621E-4
IDN.23.18_1,2011.0,0.9532313927737931,0.012451339594673186,0.03109106238588928,0.0,2.009024311420234E-4
IDN.23.18_1,2012.0,0.9515749613717971,0.01332514989173768,0.03186708479601089,0.0,2.009024311420234E-4
IDN.23.18_1,2013.0,0.9497341640268575,0.014981263284345313,0.032016867217962444,0.0,2.009024311420234E-4
IDN.23.18_1,2014.0,0.9454191741375686,0.018310424069494593,0.03301827878213535,0.0,2.009024311420234E-4
IDN.23.18_1,2015.0,0.9413826809701988,0.02169054585914013,0.03361224081737954,0.0,2.414486281671251E-4
IDN.23.18_1,2016.0,0.9388902823883617,0.022569444306419537,0.03523448621011914,0.0,2.414486281671251E-4
IDN.23.18_1,2017.0,0.9392415237578853,0.020897112435001863,0.03651995966050908,0.0,2.6172172667967593E-4
IDN.23.18_1,2018.0,0.9400169101492301,0.020632687628520517,0.03598133125885209,0.0,3.022679237047776E-4
IDN.23.18_1,2019.0,0.9417886994568798,0.019766509556778392,0.03509376705573791,0.0,3.2254102221732843E-4
IDN.23.18_1,2020.0,0.9420326921601543,0.018410358519809402,0.036205925389432306,0.0,3.2254102221732843E-4
IDN.23.18_1,2021.0,0.9423915657549999,0.017651190607274707,0.036597156439550985,0.0,3.2254102221732843E-4
IDN.23.18_1,2022.0,0.9426714140168203,0.01726544521910648,0.0367030535658989,0.0,3.2254102221732843E-4
IDN.23.18_1,2023.0,0.9455811204186276,0.016528219954373605,0.034482314504129946,0.0,3.4281412072987926E-4
IDN.23.20_1,2011.0,0.8346950019775189,0.13074589343621407,0.008351595322609128,0.0,2.1143279297744627E-4
IDN.23.20_1,2012.0,0.8340540704129246,0.13242761328859248,0.007505864150699343,0.0,2.1143279297744627E-4
IDN.23.20_1,2013.0,0.8356352560451128,0.13139946951097667,0.006871565771767004,0.0,2.1143279297744627E-4
IDN.23.20_1,2014.0,0.8368468488636943,0.13007407610088081,0.006871565771767004,0.0,2.1143279297744627E-4
IDN.23.20_1,2015.0,0.8326894997500123,0.13379218395150477,0.00740014775421062,0.0,2.1143279297744627E-4
IDN.23.20_1,2016.0,0.832933476610144,0.13365392348786168,0.0071887149612331735,0.0,2.1143279297744627E-4
IDN.23.20_1,2017.0,0.8375300669868841,0.13016735527425322,0.005972976401612857,0.0,2.1143279297744627E-4
IDN.23.20_1,2018.0,0.8377657523649383,0.13057218688668945,0.005285819824436157,0.0,2.1143279297744627E-4
IDN.23.20_1,2019.0,0.8376225170120486,0.13150829521324447,0.00470437964374818,0.0,2.1143279297744627E-4
IDN.23.20_1,2020.0,0.8498478927612877,0.1185429046885844,0.005338678022680518,0.0,2.1143279297744627E-4
IDN.23.20_1,2021.0,0.8562692310562439,0.11206870819538371,0.005444394419169242,0.0,2.1143279297744627E-4
IDN.23.20_1,2022.0,0.8652812429263296,0.10310955452354235,0.005550110815657965,0.0,2.1143279297744627E-4
IDN.23.20_1,2023.0,0.8636196299179892,0.10440116014417222,0.0058144018068797725,0.0,2.1143279297744627E-4
IDN.23.21_1,2011.0,0.9704145262261763,0.027372280024548303,0.0021317535336749854,0.0,8.144021560003615E-5
IDN.23.21_1,2012.0,0.9696042120496257,0.02831066293229742,0.002003684802476497,0.0,8.144021560003615E-5
IDN.23.21_1,2013.0,0.969899249191474,0.02765607522290984,0.002363235370015794,0.0,8.144021560003615E-5
IDN.23.21_1,2014.0,0.969855558911105,0.027482399970975332,0.0025806009023192633,0.0,8.144021560003615E-5
IDN.23.21_1,2015.0,0.9694596636512706,0.027894008401819752,0.0025648877313093742,0.0,8.144021560003616E-5
IDN.23.21_1,2016.0,0.9686458363673803,0.028573060113226797,0.002699663303792571,0.0,8.144021560003615E-5
IDN.23.21_1,2017.0,0.969655567291463,0.02748936231097565,0.0027736301819610747,0.0,8.144021560003616E-5
IDN.23.21_1,2018.0,0.9688495327183987,0.02854853223652843,0.0025204948294724914,0.0,8.144021560003615E-5
IDN.23.21_1,2019.0,0.9670349808401509,0.030104200041186385,0.0027793789030622533,0.0,8.144021560003615E-5
IDN.23.21_1,2020.0,0.9674451201533807,0.02949911520794784,0.0029743244230711246,0.0,8.144021560003616E-5
IDN.23.21_1,2021.0,0.9691665427497892,0.028246085631927514,0.002505931402682838,0.0,8.144021560003615E-5
IDN.23.21_1,2022.0,0.9701471468202925,0.027813015308972025,0.001958397655134987,0.0,8.144021560003615E-5
IDN.23.21_1,2023.0,0.9716734961473346,0.026444117065423496,0.0017846585285215765,0.0,8.144021560003615E-5
IDN.23.22_1,2011.0,0.9602016650975077,0.03516749364993019,0.0033132335211244557,0.0,1.9125851415103179E-4
IDN.23.22_1,2012.0,0.9576430855519654,0.03716289858682924,0.0038200906689034603,0.0,1.9125851415103179E-4
IDN.23.22_1,2013.0,0.9575297880718736,0.037050926223463676,0.00410167797322513,0.0,1.9125851415103179E-4
IDN.23.22_1,2014.0,0.9587901949312961,0.034295345991289986,0.005596851345976267,0.0,1.9125851415103179E-4
IDN.23.22_1,2015.0,0.9586152795234351,0.03441747758288989,0.005649635162237349,0.0,1.9125851415103179E-4
IDN.23.22_1,2016.0,0.9584476522575684,0.033537600076680066,0.006697139934313958,0.0,1.9125851415103179E-4
IDN.23.22_1,2017.0,0.9587972622205027,0.03330062503547446,0.0065845050125852905,0.0,1.9125851415103179E-4
IDN.23.22_1,2018.0,0.9585541033012414,0.03275533950263508,0.007372949464685965,0.0,1.9125851415103179E-4
IDN.23.22_1,2019.0,0.9581565682833753,0.03229176950124592,0.008234054483941015,0.0,1.9125851415103179E-4
IDN.23.22_1,2020.0,0.9579801069060004,0.03197771683713187,0.008724568525429978,0.0,1.9125851415103179E-4
IDN.23.22_1,2021.0,0.9571121554503267,0.03217847202115414,0.009335447336217221,0.0,2.4757597501536563E-4
IDN.23.22_1,2022.0,0.9564707989548363,0.0332228848542029,0.008932390998658755,0.0,2.4757597501536563E-4
IDN.23.22_1,2023.0,0.9563115640949025,0.03388897686191596,0.00842553385087975,0.0,2.4757597501536563E-4
IDN.23.23_1,2011.0,0.9116630564486655,0.07552774550248192,0.009782692199539866,0.0,3.308192297131539E-4
IDN.23.23_1,2012.0,0.9121470327291717,0.07519937678558146,0.009627084635934046,0.0,3.3081922971315387E-4
IDN.23.23_1,2013.0,0.9129501883035307,0.07378922918751898,0.01020283262127557,0.0,3.6206326807495176E-4
IDN.23.23_1,2014.0,0.9113944802443945,0.07386556266163427,0.011682207206296542,0.0,3.6206326807495176E-4
IDN.23.23_1,2015.0,0.9085500474970647,0.07627257887189905,0.012088379704999916,0.0,3.933073064367497E-4
IDN.23.23_1,2016.0,0.9089559749444868,0.0757034472711518,0.012220339819963271,0.0,4.245513447985475E-4
IDN.23.23_1,2017.0,0.9111229634247487,0.07299563061312932,0.012761167997723965,0.0,4.245513447985476E-4
IDN.23.23_1,2018.0,0.9094225525840229,0.07420704162208264,0.013156435714410865,0.0,4.5579538316034546E-4
IDN.23.23_1,2019.0,0.9065889020930689,0.07724849559955284,0.012948632227894748,0.0,4.5579538316034535E-4
IDN.23.23_1,2020.0,0.9118396158968196,0.07226378496161942,0.012682629062077243,0.0,4.5579538316034535E-4
IDN.23.23_1,2021.0,0.9173166345588225,0.06753662322029971,0.011964016179755893,0.0,4.5579538316034535E-4
IDN.23.23_1,2022.0,0.923861464178955,0.06185069834101505,0.01107386740054624,0.0,4.5579538316034535E-4
IDN.23.23_1,2023.0,0.925359340135712,0.06037426437136932,0.011052425413435204,0.0,4.5579538316034546E-4
IDN.23.27_1,2011.0,0.971497767039729,7.837485799641848E-4,0.026531200199308935,0.0,4.6102857644952046E-5
IDN.23.27_1,2012.0,0.9723541050210442,0.001129520012301325,0.02532909078565683,0.0,4.6102857644952046E-5
IDN.23.27_1,2013.0,0.9729265940356825,0.001129520012301325,0.024756601771018634,0.0,4.6102857644952046E-5
IDN.23.27_1,2014.0,0.9727087354338702,0.0013139314428811334,0.024790048942251248,0.0,4.6102857644952046E-5
IDN.23.27_1,2015.0,0.9716382451589062,0.0013139314428811334,0.025860539217215005,0.0,4.6102857644952046E-5
IDN.23.27_1,2016.0,0.9709961498690002,0.0014061371581710375,0.026410428791831177,0.0,4.6102857644952046E-5
IDN.23.27_1,2017.0,0.9711528995849928,0.0011756228699462772,0.026484193364063102,0.0,4.6102857644952046E-5
IDN.23.27_1,2018.0,0.9715247055722354,0.0012678285852361813,0.026020181661530663,0.0,4.6102857644952046E-5
IDN.23.27_1,2019.0,0.9716285725985768,0.0014062275559311255,0.025777915664494448,0.0,4.6102857644952046E-5
IDN.23.27_1,2020.0,0.9706937693615053,0.0014061371581710375,0.02671280929932601,0.0,4.6102857644952046E-5
IDN.23.27_1,2021.0,0.9703395909374799,0.0013139314428811334,0.027159193438641253,0.0,4.6102857644952046E-5
IDN.23.27_1,2022.0,0.9697849102815791,0.0013139314428811334,0.027713874094542092,0.0,4.6102857644952046E-5
IDN.23.27_1,2023.0,0.9709336850167793,0.001060365725833897,0.026818665076389213,0.0,4.6102857644952046E-5
IDN.23.28_1,2011.0,0.8917053889894899,0.10481225619025764,0.002960856293902947,0.0,1.872987665057455E-4
IDN.23.28_1,2012.0,0.892216804765842,0.10424982570531005,0.0030288981630898827,0.0,1.8729876650574548E-4
IDN.23.28_1,2013.0,0.8940308984872071,0.10213812392607863,0.003309479060365157,0.0,1.8729876650574553E-4
IDN.23.28_1,2014.0,0.8966255038954469,0.09940155873973101,0.0034514388384725408,0.0,1.8729876650574548E-4
IDN.23.28_1,2015.0,0.8951948217666943,0.10089554184197688,0.003388137864979691,0.0,1.8729876650574553E-4
IDN.23.28_1,2016.0,0.8925091377425844,0.10345429005320686,0.003532100838450774,0.0,1.872987665057455E-4
IDN.23.28_1,2017.0,0.8921737360655226,0.1038610054852163,0.003460787083503131,0.0,1.8729876650574548E-4
IDN.23.28_1,2018.0,0.8862056828916367,0.11010676830968973,0.0032001045935072564,0.0,1.8729876650574553E-4
IDN.23.28_1,2019.0,0.8810304944427022,0.11566950828832098,0.0028125530638105196,0.0,1.8729876650574553E-4
IDN.23.28_1,2020.0,0.880860156063609,0.11561134884959494,0.0030410508816296504,0.0,1.8729876650574553E-4
IDN.23.28_1,2021.0,0.8853150622329367,0.1109778912001831,0.0032196023617139147,0.0,1.872987665057455E-4
IDN.23.28_1,2022.0,0.8887285739058566,0.10741921463657395,0.0033647672524032167,0.0,1.8729876650574553E-4
IDN.23.28_1,2023.0,0.8891278107418413,0.10732506445448016,0.0030596805985120394,0.0,1.872987665057455E-4
IDN.23.29_1,2011.0,0.9639173170237837,0.01508478835236629,0.014178964291551905,0.0,2.4883935955579735E-4
IDN.23.29_1,2012.0,0.9635447898649191,0.01564589671214897,0.013990383090633638,0.0,2.4883935955579735E-4
IDN.23.29_1,2013.0,0.9603716001102699,0.018113309734254197,0.01469615982317768,0.0,2.4883935955579735E-4
IDN.23.29_1,2014.0,0.9596858281105528,0.01805109989436525,0.015444141662783637,0.0,2.4883935955579735E-4
IDN.23.29_1,2015.0,0.95984171865051,0.017880083824709743,0.015459267192482126,0.0,2.4883935955579735E-4
IDN.23.29_1,2016.0,0.958411380253377,0.01875370514487574,0.016015984269449116,0.0,2.4883935955579735E-4
IDN.23.29_1,2017.0,0.9570027543101659,0.019903977282430235,0.016274338075105574,0.0,2.4883935955579735E-4
IDN.23.29_1,2018.0,0.9557702675998955,0.022085956921515576,0.01532484514629071,0.0,2.4883935955579735E-4
IDN.23.29_1,2019.0,0.9550766888751729,0.024305994345003575,0.013798386447525391,0.0,2.4883935955579735E-4
IDN.23.29_1,2020.0,0.9546812294616043,0.023706828200818243,0.014793012005279299,0.0,2.4883935955579735E-4
IDN.23.29_1,2021.0,0.9557529464287893,0.022753431909500542,0.014674691329412081,0.0,2.4883935955579735E-4
IDN.23.29_1,2022.0,0.958614599063681,0.020846883287021563,0.01371958731699939,0.0,2.4883935955579735E-4
IDN.23.29_1,2023.0,0.9579115058928575,0.020473624247687866,0.014795939527156427,0.0,2.4883935955579735E-4
IDN.23.2_1,2011.0,0.8527949351183529,0.06553245991430105,0.06377483282801374,0.0,0.007285192892088382
IDN.23.2_1,2012.0,0.8539468728902839,0.06536411646589833,0.06285545198480398,0.0,0.007285192892088382
IDN.23.2_1,2013.0,0.8505045096953685,0.06863943783701235,0.06302249380860568,0.0,0.0072851928920883826
IDN.23.2_1,2014.0,0.8463115429805128,0.07345371336143691,0.06233783926845229,0.0,0.0072851928920883826
IDN.23.2_1,2015.0,0.8408546987780353,0.08019526104515254,0.06103925179146936,0.0,0.0072851928920883826
IDN.23.2_1,2016.0,0.845895456983043,0.075781018148118,0.060419678481368574,0.0,0.0072851928920883826
IDN.23.2_1,2017.0,0.8518994173928294,0.06830708968887705,0.061889646530823364,0.0,0.0072851928920883826
IDN.23.2_1,2018.0,0.8524352528535958,0.06841989715430158,0.06114902213282476,0.0,0.0072851928920883826
IDN.23.2_1,2019.0,0.8518746865254093,0.07084742703526366,0.059314165320208355,0.0,0.0072851928920883826
IDN.23.2_1,2020.0,0.8486041377778326,0.07336303351423026,0.06006910758881856,0.0,0.0072851928920883826
IDN.23.2_1,2021.0,0.8470460931303732,0.07393314508949107,0.06105356966208093,0.0,0.0072851928920883826
IDN.23.2_1,2022.0,0.8497391544299499,0.07239332318644648,0.05993287088057509,0.0,0.007285192892088382
IDN.23.2_1,2023.0,0.8595529700470154,0.06305373279903095,0.05945864565092512,0.0,0.0072851928920883826
IDN.23.3_1,2011.0,0.9808245641912607,0.011141349009664753,0.00400237617328514,0.0,2.5285471736420276E-4
IDN.23.3_1,2012.0,0.9802823726134877,0.011532984608667248,0.00415293215205559,0.0,2.5285471736420276E-4
IDN.23.3_1,2013.0,0.9787127315077061,0.013317428275817562,0.003938129590686883,0.0,2.5285471736420276E-4
IDN.23.3_1,2014.0,0.9759210005841277,0.016051399249252862,0.003995889540829882,0.0,2.5285471736420276E-4
IDN.23.3_1,2015.0,0.9742900050248681,0.017858732052582874,0.0038195522967595513,0.0,2.5285471736420276E-4
IDN.23.3_1,2016.0,0.9751522313478538,0.0169708070965577,0.0038452509297988552,0.0,2.5285471736420276E-4
IDN.23.3_1,2017.0,0.9758729499246025,0.015956082936677825,0.004139256512930174,0.0,2.5285471736420276E-4
IDN.23.3_1,2018.0,0.9753221232755995,0.01578205939590364,0.004864106702707554,0.0,2.528547173642028E-4
IDN.23.3_1,2019.0,0.9757239639587828,0.015324896414263949,0.004919429001163544,0.0,2.5285471736420276E-4
IDN.23.3_1,2020.0,0.9769183306531561,0.014004350257990314,0.005045608463063915,0.0,2.5285471736420276E-4
IDN.23.3_1,2021.0,0.9780891471532652,0.01292575136068478,0.004953390860260501,0.0,2.5285471736420276E-4
IDN.23.3_1,2022.0,0.9793315645071636,0.011885452516156468,0.004751272350890292,0.0,2.5285471736420276E-4
IDN.23.3_1,2023.0,0.9800100993148878,0.011105238711792805,0.004852951347529721,0.0,2.5285471736420276E-4
IDN.23.4_1,2011.0,0.9411806582683058,0.041749545230444905,0.004199711837609018,0.0,8.128474524404551E-4
IDN.23.4_1,2012.0,0.9424413687288555,0.041030733071522066,0.003928762686795533,0.0,8.128474524404551E-4
IDN.23.4_1,2013.0,0.9405702257697082,0.042495452304449094,0.004741610139235988,0.0,8.128474524404551E-4
IDN.23.4_1,2014.0,0.9384191020213871,0.0441046777511433,0.0054189830162697005,0.0,8.128474524404551E-4
IDN.23.4_1,2015.0,0.9360820327774095,0.04657722157052754,0.005689932167083186,0.0,8.128474524404551E-4
IDN.23.4_1,2016.0,0.936412484486833,0.04733056646435796,0.004470660988422503,0.0,8.128474524404551E-4
IDN.23.4_1,2017.0,0.940935210214039,0.04348521361418542,0.0035223389605753054,0.0,8.128474524404551E-4
IDN.23.4_1,2018.0,0.9417310569354481,0.043231265194403366,0.003115915234355078,0.0,8.128474524404551E-4
IDN.23.4_1,2019.0,0.9433307194709372,0.04244445011135479,0.0024385423573213653,0.0,8.128474524404551E-4
IDN.23.4_1,2020.0,0.9458468276635896,0.03952191819248228,0.002980440658948335,0.0,8.128474524404551E-4
IDN.23.4_1,2021.0,0.9458999549480628,0.03906449227316776,0.0031137901429761487,0.0,8.128474524404551E-4
IDN.23.4_1,2022.0,0.9456683199877595,0.03943160180887779,0.0025718918413491785,0.0,8.128474524404551E-4
IDN.23.4_1,2023.0,0.9461289335441423,0.03937741197871509,0.0020299935397222082,0.0,8.128474524404551E-4
IDN.23.8_1,2011.0,0.5453959369096016,0.45271552812695115,4.721337408618979E-4,4.721337408618979E-4,7.554139853790366E-4
IDN.23.8_1,2012.0,0.5489704522041428,0.44923543958058243,5.665604890342775E-4,1.8885349634475916E-4,8.498407335514163E-4
IDN.23.8_1,2013.0,0.5544046189862198,0.4436283422440092,5.506375471856017E-4,3.777069926895183E-4,8.498407335514163E-4
IDN.23.8_1,2014.0,0.5586901121493529,0.4397046331317169,3.777069926895183E-4,1.8885349634475916E-4,8.498407335514163E-4
IDN.23.8_1,2015.0,0.5573988726557173,0.4409014458771802,2.8328024451713875E-4,2.8328024451713875E-4,9.442674817237958E-4
IDN.23.8_1,2016.0,0.5562505693377466,0.4421441759433233,2.8328024451713875E-4,2.8328024451713875E-4,9.442674817237958E-4
IDN.23.8_1,2017.0,0.5541009721881753,0.44419934634472213,4.721337408618979E-4,1.8885349634475916E-4,9.442674817237958E-4
IDN.23.8_1,2018.0,0.5481443107328777,0.4498727275555026,1.8885349634475916E-4,6.60987237206657E-4,9.442674817237958E-4
IDN.23.8_1,2019.0,0.5466875467042106,0.4512350648359975,1.8885349634475916E-4,6.60987237206657E-4,9.442674817237958E-4
IDN.23.8_1,2020.0,0.549462582197559,0.4481767490981321,3.777069926895183E-4,8.498407335514163E-4,9.442674817237958E-4
IDN.23.8_1,2021.0,0.5598628553315568,0.4371154887269275,6.60987237206657E-4,0.0012275477262409346,9.442674817237958E-4
IDN.23.8_1,2022.0,0.5692310996531764,0.4273695374126184,1.8885349634475916E-4,0.0019829617116199714,0.0010386942298961754
IDN.23.8_1,2023.0,0.570224617164339,0.425998312908766,2.8328024451713875E-4,0.0023606687043094894,0.0010386942298961754
IDN.23.9_1,2011.0,0.9807711649333619,0.01915590363283519,1.8071505721083734E-5,0.0,5.485992808186133E-5
IDN.23.9_1,2012.0,0.9765284486913918,0.02338926141648549,2.742996404093066E-5,0.0,5.485992808186132E-5
IDN.23.9_1,2013.0,0.9703244362362518,0.02959327387162539,2.742996404093066E-5,0.0,5.485992808186132E-5
IDN.23.9_1,2014.0,0.968037422646157,0.031880287461720405,2.7429964040930666E-5,0.0,5.485992808186133E-5
IDN.23.9_1,2016.0,0.9704183435249096,0.029499366582967625,2.7429964040930666E-5,0.0,5.485992808186133E-5
IDN.23.9_1,2017.0,0.9727657030358946,0.027042287215818844,1.371498202046533E-4,0.0,5.485992808186132E-5
IDN.23.9_1,2018.0,0.9709885640715018,0.028846856144252777,1.0971985616372267E-4,0.0,5.485992808186133E-5
IDN.23.9_1,2019.0,0.9700290531725013,0.029833797007294098,8.228989212279198E-5,0.0,5.485992808186132E-5
IDN.23.9_1,2020.0,0.9686765945925537,0.031158825623200707,1.0971985616372264E-4,0.0,5.485992808186132E-5
IDN.23.9_1,2021.0,0.9679866503205595,0.03179390996711308,1.6457978424558396E-4,0.0,5.485992808186132E-5
IDN.23.9_1,2022.0,0.9685608509011499,0.03135685920672758,2.7429964040930666E-5,0.0,5.485992808186133E-5
IDN.23.9_1,2023.0,0.9683650762558378,0.03138805406779374,1.9200974828651463E-4,0.0,5.485992808186132E-5
IDN.24.10_1,2011.0,0.3284643621656362,0.6225034885362862,0.029283731957999024,0.00982084037349217,0.001249376519774994
IDN.24.10_1,2012.0,0.28948832474554775,0.6645222705257211,0.029181183219160602,0.006880644542984296,0.001249376519774994
IDN.24.10_1,2013.0,0.24779512157931516,0.7079011387205252,0.02853217319032347,0.005843989543250065,0.001249376519774994
IDN.24.10_1,2014.0,0.24429837065624227,0.7136723240282435,0.027438069420664044,0.004663658928263667,0.001249376519774994
IDN.24.10_1,2015.0,0.25807898830031656,0.7009984810974759,0.027501209377142566,0.0034937442584786595,0.001249376519774994
IDN.24.10_1,2016.0,0.26081612688983646,0.6997055079410849,0.026679745657651494,0.0028710425448409123,0.001249376519774994
IDN.24.10_1,2017.0,0.2849917504640196,0.6757116801939732,0.026891822892422063,0.002477169482998654,0.001249376519774994
IDN.24.10_1,2018.0,0.29504066782315863,0.665948825494798,0.02696172784423758,0.0021212018712191863,0.001249376519774994
IDN.24.10_1,2019.0,0.2813001032467146,0.6803716881723723,0.02649773506882308,0.0019295270033379344,0.001249376519774994
IDN.24.10_1,2020.0,0.2717717683858883,0.6890768412196537,0.027156838900226507,0.0020936049854794205,0.001249376519774994
IDN.24.10_1,2021.0,0.26611172228727725,0.6936917492291398,0.027086826567532626,0.0031821249494638736,0.001249376519774994
IDN.24.10_1,2022.0,0.2616361946579087,0.6975569239458823,0.026691772316028352,0.004214162571428418,0.001249376519774994
IDN.24.10_1,2023.0,0.2860488078306431,0.6731359350646353,0.02723458265616266,0.0036530974819720926,0.001249376519774994
IDN.24.12_1,2011.0,0.5689091861945057,0.39411769109830086,0.007947393376756266,0.019930498365401436,0.0032136707344463606
IDN.24.12_1,2012.0,0.5588016271118775,0.40733797509420805,0.0072574929500137325,0.017507673878865034,0.003213670734446361
IDN.24.12_1,2013.0,0.5327991564972184,0.4365977889246591,0.006612013675725594,0.014895809937361199,0.003213670734446361
IDN.24.12_1,2014.0,0.5121728931147224,0.4585017843328095,0.005649596965386446,0.014580494622045883,0.0032136707344463606
IDN.24.12_1,2015.0,0.5292579421526798,0.4423676723815233,0.005479523845174822,0.013799630655586348,0.003213670734446361
IDN.24.12_1,2016.0,0.5302103765815688,0.4406658181727437,0.005524943225774258,0.014503631054877607,0.003213670734446361
IDN.24.12_1,2017.0,0.5576912230790358,0.4141112026153579,0.006145342017918201,0.012957001322652305,0.0032136707344463606
IDN.24.12_1,2018.0,0.5768709291008473,0.39645229717251895,0.006464400688777428,0.011117142072820756,0.003213670734446361
IDN.24.12_1,2019.0,0.5714980908886738,0.4005592573182602,0.006452047615482526,0.012395373212547741,0.0032136707344463606
IDN.24.12_1,2020.0,0.5586058496169313,0.4131102293429166,0.00642721669037459,0.012761473384742098,0.003213670734446361
IDN.24.12_1,2021.0,0.5545363230266287,0.4131561478375887,0.006585810186918226,0.016594669461705493,0.0032454892565695922
IDN.24.12_1,2022.0,0.5603934266676658,0.40528062688727556,0.006669162237029281,0.018529734720870474,0.0032454892565695922
IDN.24.12_1,2023.0,0.5749815327793176,0.3953577400114801,0.006376307054977422,0.014157370667065974,0.0032454892565695922
IDN.24.1_1,2011.0,0.5040376324089892,0.4302331077368128,0.028519141670133162,0.026650438891044383,0.005869968389565734
IDN.24.1_1,2012.0,0.4895449469538042,0.4500442940722577,0.027903085808895098,0.021860231724192363,0.005957730537395738
IDN.24.1_1,2013.0,0.46711558056897845,0.4764928226624121,0.02737261238201152,0.018313034847194053,0.006016238635949073
IDN.24.1_1,2014.0,0.44919971246137586,0.4953704032997648,0.026674186295751308,0.01799124030515071,0.006074746734502409
IDN.24.1_1,2015.0,0.43503696679332693,0.5106288565154273,0.02587101924090444,0.01769869981238403,0.006074746734502409
IDN.24.1_1,2016.0,0.422559369085376,0.5216259698864552,0.02634677038737638,0.018693337487790736,0.006074746734502409
IDN.24.1_1,2017.0,0.4634869312410531,0.47977225894720754,0.02675632707724973,0.019198113240015597,0.00607474673450241
IDN.24.1_1,2018.0,0.49026998848881825,0.45237073668120487,0.027511081548587755,0.01904438607911075,0.006104000783779076
IDN.24.1_1,2019.0,0.481621114861493,0.4621803650951238,0.026450593581868083,0.01892736988200408,0.006104000783779078
IDN.24.1_1,2020.0,0.4739399192955348,0.466535891506253,0.027258693672475326,0.021413964070520843,0.0061332548330557445
IDN.24.1_1,2021.0,0.4781175122540049,0.45810223590419447,0.028683996841939337,0.024256539886118006,0.006133254833055746
IDN.24.1_1,2022.0,0.492308135310188,0.43888347274704237,0.0294729383983144,0.028490575951427722,0.0061332548330557445
IDN.24.1_1,2023.0,0.5083267349199964,0.424015532408783,0.029825248929014975,0.02697716646884811,0.0061332548330557445
IDN.24.2_1,2011.0,0.41951376544249885,0.5212748034122205,0.033165484446614456,0.010959747212356062,0.00997079119919405
IDN.24.2_1,2012.0,0.3853507291025559,0.5587717518747615,0.032355752534925085,0.008435567001447547,0.00997079119919405
IDN.24.2_1,2013.0,0.35515039351939415,0.5932446696947088,0.03049431468485785,0.006024422614729213,0.00997079119919405
IDN.24.2_1,2014.0,0.34164239763166326,0.6069172766876292,0.02923029050636612,0.00712383568803144,0.00997079119919405
IDN.24.2_1,2015.0,0.3439607065125827,0.6051993900363434,0.028194916740304714,0.0075587872244590616,0.00997079119919405
IDN.24.2_1,2016.0,0.34484092464163785,0.6069151277175875,0.026804533123364633,0.006353215031099895,0.00997079119919405
IDN.24.2_1,2017.0,0.36429512063458247,0.586774980487352,0.027709679304902746,0.006134020086852774,0.00997079119919405
IDN.24.2_1,2018.0,0.3656197457682483,0.5850235699034168,0.0279138314588584,0.006356653383166516,0.00997079119919405
IDN.24.2_1,2019.0,0.3620017398061457,0.5921964021083975,0.02534538246509213,0.00515108118980735,0.01018998614344117
IDN.24.2_1,2020.0,0.3662773306009896,0.5829889250679934,0.02753733190756335,0.007781420520772804,0.010299583615564732
IDN.24.2_1,2021.0,0.36715325078996147,0.580038389200824,0.028187180448154815,0.009206187658379092,0.010299583615564732
IDN.24.2_1,2022.0,0.3691535121047185,0.5754903090047002,0.02876224483129727,0.011178942156603184,0.010299583615564732
IDN.24.2_1,2023.0,0.39636205159591115,0.5475145872086427,0.029419829664038635,0.011288539628726744,0.010299583615564732
IDN.24.3_1,2011.0,0.49972592496870855,0.3791363998242322,0.10903752785630039,0.001981175093607782,0.0015671916997492424
IDN.24.3_1,2012.0,0.5020259457696298,0.37952930611411967,0.10724059572326694,0.0011119989336438995,0.0015671916997492422
IDN.24.3_1,2013.0,0.47925249832727806,0.4028189245647547,0.10729234364749927,5.44080001127989E-4,0.0015671916997492424
IDN.24.3_1,2014.0,0.47033346740309645,0.4135252939056796,0.10544940528407389,5.996799478101841E-4,0.0015671916997492422
IDN.24.3_1,2015.0,0.4712863705415935,0.41157944113114037,0.10617096903657168,8.710658313543881E-4,0.0015671916997492424
IDN.24.3_1,2016.0,0.47117815051465267,0.4102140081921622,0.1071844143392338,0.0013189906305731693,0.0015671916997492424
IDN.24.3_1,2017.0,0.478413847628238,0.3996745113709528,0.111118855533605,6.883491438262336E-4,0.0015671916997492424
IDN.24.3_1,2018.0,0.5000783486830381,0.37781849938869183,0.1116280492936775,3.7066631121463324E-4,0.0015671916997492424
IDN.24.3_1,2019.0,0.48735998806890657,0.391506915543173,0.11055907672400205,4.8186620457902317E-4,0.0015671916997492424
IDN.24.3_1,2020.0,0.4728810351561743,0.40505963875588175,0.11125462115504597,7.042659913078031E-4,0.0015671916997492424
IDN.24.3_1,2021.0,0.4657909880989958,0.410213572114149,0.11263640701951903,0.001262881926208915,0.0015671916997492424
IDN.24.3_1,2022.0,0.48205451760105417,0.39352174132346535,0.11324698891765901,0.0010749323025224362,0.0015671916997492422
IDN.24.3_1,2023.0,0.5009493418347233,0.37590942252659887,0.11236981799411995,6.115994135041448E-4,0.0015671916997492424
IDN.24.4_1,2011.0,0.46794918720547773,0.5294768326079368,3.080368629525877E-5,6.776810984956929E-4,8.933069025625043E-4
IDN.24.4_1,2016.0,0.4174147130485623,0.5804425583729854,3.080368629525877E-5,2.4642949036207017E-4,8.933069025625043E-4
IDN.24.4_1,2017.0,0.4292002034251284,0.5686878716827146,3.080368629525877E-5,2.156258040668114E-4,8.933069025625043E-4
IDN.24.4_1,2019.0,0.4487238213966029,0.5490718426523542,3.080368629525877E-5,3.0803686295258773E-4,8.933069025625043E-4
IDN.24.4_1,2020.0,0.4555373552075746,0.5421350940962014,3.080368629525877E-5,4.312516081336228E-4,8.933069025625043E-4
IDN.24.4_1,2022.0,0.48379520742960763,0.5138156345015781,3.080368629525877E-5,4.928589807241403E-4,8.933069025625043E-4
IDN.24.4_1,2023.0,0.49246324395432367,0.5049011684864999,1.2321474518103509E-4,6.468774122004342E-4,8.933069025625043E-4
IDN.24.5_1,2011.0,0.5412334395704793,0.4349878566678553,0.002683599289091142,0.015319741147887372,0.0015417541013798132
IDN.24.5_1,2012.0,0.5339641333961141,0.4446684103711407,0.002914944055392103,0.012590235799287098,0.0016286671547587623
IDN.24.5_1,2013.0,0.5230638937955151,0.45739890460521243,0.0028918095787620066,0.010737028136059756,0.001674754661143424
IDN.24.5_1,2014.0,0.5330542680387682,0.448123521774986,0.003192557774953255,0.009687085790804456,0.0017089573971808603
IDN.24.5_1,2015.0,0.5690422598845456,0.412829382781236,0.0031231543450629673,0.009062636368667392,0.0017089573971808603
IDN.24.5_1,2016.0,0.5651202856699612,0.4163848343072496,0.0029380785320221986,0.009614234870279093,0.0017089573971808603
IDN.24.5_1,2017.0,0.592048090679891,0.3899774189363404,0.0034470370178843117,0.008584886745396467,0.0017089573971808603
IDN.24.5_1,2018.0,0.6045824408415148,0.37698609481869383,0.004511222942868731,0.007977674776434771,0.0017089573971808603
IDN.24.5_1,2019.0,0.6061546780179836,0.37524892243236807,0.004650029802649306,0.007980668649881019,0.0017320918738109564
IDN.24.5_1,2020.0,0.596149425130937,0.3836452858740887,0.004904509045580363,0.009335078852275934,0.0017320918738109564
IDN.24.5_1,2021.0,0.5945811797857299,0.3827757017231103,0.004580626372759018,0.012027387591392524,0.0018014953037012445
IDN.24.5_1,2022.0,0.5913227567949589,0.3830460575676503,0.004580626372759018,0.014969185784363093,0.0018477642569614365
IDN.24.5_1,2023.0,0.5920293109282736,0.3824244205720839,0.004719433232539595,0.014722327310204302,0.0018708987335915325
IDN.24.6_1,2011.0,0.706883021305036,0.1452843872133302,0.13400936782219572,0.0,9.861853588620424E-4
IDN.24.6_1,2012.0,0.6979413749413967,0.15631373192708697,0.13198469736420018,0.0,9.861853588620422E-4
IDN.24.6_1,2013.0,0.6874551429150741,0.17024423710502945,0.128472032244533,0.0,0.0010545773269093146
IDN.24.6_1,2014.0,0.6738998548481047,0.19437989673081,0.11789166068572181,0.0,0.0010545773269093146
IDN.24.6_1,2015.0,0.6474777578591752,0.22139633333226022,0.11727184171255615,0.0,0.0010545773269093146
IDN.24.6_1,2016.0,0.6344564635505671,0.2338688826737126,0.11779510731906688,0.0,0.0010545773269093148
IDN.24.6_1,2017.0,0.6809318901823457,0.18074522034014656,0.1243561767870685,6.839196804727245E-5,0.0010545773269093146
IDN.24.6_1,2018.0,0.6987371356049114,0.15516286943731894,0.1321295274141826,0.0,0.0010545773269093146
IDN.24.6_1,2019.0,0.704302632581182,0.15336778142892526,0.12834114879195624,0.0,0.0010545773269093148
IDN.24.6_1,2020.0,0.6942396261453636,0.1591317492144309,0.13265306122448958,6.839196804727245E-5,0.0010545773269093146
IDN.24.6_1,2021.0,0.6905928591275644,0.16161397534885247,0.13372078053741585,1.367839360945449E-4,0.0010545773269093146
IDN.24.6_1,2022.0,0.6966448777902574,0.15059374956416866,0.1387233177453285,1.367839360945449E-4,0.0010545773269093148
IDN.24.6_1,2023.0,0.7122425377657757,0.13725865681393182,0.13639235855199972,6.839196804727245E-5,0.0010545773269093146
IDN.24.7_1,2015.0,0.4520222454096386,0.5428509664166319,4.703475388742241E-5,0.003997954080430905,2.8220852332453447E-4
IDN.24.7_1,2023.0,0.45075009365449525,0.5415832414618547,4.703475388742241E-5,0.006537830790351715,2.8220852332453447E-4
IDN.24.8_1,2023.0,0.14292158050157022,0.38902432933567255,3.9799721558026455E-4,0.24633530406987283,0.220524794446144
IDN.24.9_1,2011.0,0.6522549989846556,0.3113796000752508,0.02039154199245732,0.0017620226442024726,1.714654837366297E-4
IDN.24.9_1,2012.0,0.6337418071998769,0.3306448491843401,0.020146111005932343,0.0012934997472471763,1.714654837366297E-4
IDN.24.9_1,2013.0,0.6017231870196073,0.36395046911312706,0.019340858289717353,8.117527149448722E-4,1.714654837366297E-4
IDN.24.9_1,2014.0,0.5816361737032767,0.385448056866472,0.018137387260510545,6.046493071374919E-4,1.714654837366297E-4
IDN.24.9_1,2015.0,0.5790978868429418,0.3889264527385097,0.017198847214018365,5.84028621511649E-4,1.714654837366297E-4
IDN.24.9_1,2016.0,0.5798172947483449,0.3889047860760767,0.01651918642728542,5.405458713875886E-4,1.714654837366297E-4
IDN.24.9_1,2017.0,0.602695347749185,0.3648537447986938,0.017738496533857003,4.815228944150668E-4,1.714654837366297E-4
IDN.24.9_1,2018.0,0.6087252546169044,0.3571295796413469,0.019457036427935417,4.572412899643458E-4,1.714654837366297E-4
IDN.24.9_1,2019.0,0.5998015781996917,0.3661854974120296,0.019270852556270195,4.349769264987617E-4,2.47672365397354E-4
IDN.24.9_1,2020.0,0.5945576481898849,0.37175905954133354,0.018824743448038642,5.705056356483244E-4,2.47672365397354E-4
IDN.24.9_1,2021.0,0.5852025063397402,0.38049431070800843,0.01882123195447192,0.0011113503575522295,2.47672365397354E-4
IDN.24.9_1,2022.0,0.6038449509728258,0.36073155020188125,0.019291473241896038,0.0017296720758112046,2.6672408581253506E-4
IDN.24.9_1,2023.0,0.6083874041082086,0.3563867866830419,0.019076599720664427,0.0017468559804994068,2.6672408581253506E-4
IDN.25.1_1,2011.0,0.689709803106205,0.20803039064716572,0.014514176309936089,0.07766378397343852,0.00205643667929334
IDN.25.1_1,2012.0,0.6787984518789487,0.21711596396958338,0.01512926637514863,0.07887447181306462,0.00205643667929334
IDN.25.1_1,2013.0,0.669517955648541,0.23882062977425766,0.015668553087253994,0.06591101552669253,0.00205643667929334
IDN.25.1_1,2014.0,0.6604551233320556,0.24522926182694746,0.01633778840468595,0.06789598047305624,0.00205643667929334
IDN.25.1_1,2015.0,0.6506689104459188,0.25996759948107195,0.015262463695608389,0.06401918041414621,0.00205643667929334
IDN.25.1_1,2016.0,0.664290772999279,0.25343010172809993,0.01566530437212083,0.05653197493724565,0.00205643667929334
IDN.25.1_1,2017.0,0.6778606561105084,0.23934367291069725,0.017954565635957646,0.05475925937958205,0.00205643667929334
IDN.25.1_1,2018.0,0.6862282633884964,0.23018229623517233,0.016428752428414562,0.05707884198466174,0.00205643667929334
IDN.25.1_1,2019.0,0.6623805285009782,0.2544729392858458,0.015662055656987663,0.05740263059293383,0.00205643667929334
IDN.25.1_1,2020.0,0.6651549312247007,0.25519848566558595,0.013628359983626478,0.055936377162832104,0.00205643667929334
IDN.25.1_1,2021.0,0.6702651601291689,0.24031395583046908,0.015005815200088366,0.0643332228770188,0.00205643667929334
IDN.25.1_1,2022.0,0.6797427450776552,0.22542184566004145,0.0143008440161916,0.07045271928285697,0.00205643667929334
IDN.25.1_1,2023.0,0.69226762482105,0.22660546087355782,0.014314921781768646,0.05673014656036871,0.00205643667929334
IDN.25.2_1,2014.0,0.788325026282104,0.2043613498251477,1.6765319063745697E-4,0.006726837725518201,4.1913297659364245E-4
IDN.25.2_1,2015.0,0.7747783197468515,0.21908524474407262,1.6765319063745697E-4,0.005549649341846174,4.1913297659364245E-4
IDN.25.2_1,2016.0,0.7882967553519181,0.20630514064130318,8.382659531872848E-5,0.004895144434867396,4.1913297659364245E-4
IDN.25.2_1,2017.0,0.8063128987105176,0.1884911673067075,8.382659531872848E-5,0.004692974410863403,4.1913297659364245E-4
IDN.25.3_1,2011.0,0.7011207323753508,0.27921777171255746,0.014970427092228265,2.466199675559201E-4,0.0011706183714685161
IDN.25.3_1,2012.0,0.6914357745073639,0.28818006034585636,0.015771115512362897,1.686007821092751E-4,0.0011706183714685161
IDN.25.3_1,2013.0,0.672396117950463,0.3052315500329433,0.017927883164286253,0.0,0.0011706183714685161
IDN.25.3_1,2014.0,0.650242305771073,0.3261218481158202,0.01901353996516245,1.3025236892363605E-4,0.0011706183714685161
IDN.25.3_1,2015.0,0.6364930772849461,0.33912559667320913,0.01959041911179124,2.988531510329112E-4,0.0011706183714685161
IDN.25.3_1,2016.0,0.6431809083086139,0.33154352032482437,0.020614916805431722,1.686007821092751E-4,0.0011706183714685161
IDN.25.3_1,2017.0,0.6834341797423188,0.29048096513699484,0.021592801341665517,0.0,0.0011706183714685161
IDN.25.3_1,2018.0,0.7096241624094973,0.26393725141715574,0.02194653239432615,0.0,0.0011706183714685161
IDN.25.3_1,2019.0,0.6908807142854783,0.2830102975407097,0.02161693439479096,0.0,0.0011706183714685161
IDN.25.3_1,2020.0,0.7040510800863639,0.2684818689694228,0.022974997165192728,0.0,0.0011706183714685161
IDN.25.3_1,2021.0,0.715445517649031,0.2563231078611934,0.023590555314775996,1.4876539597877215E-4,0.0011706183714685161
IDN.25.3_1,2022.0,0.7397865117390782,0.23072157498255313,0.024851094103369466,1.4876539597877215E-4,0.0011706183714685161
IDN.25.3_1,2023.0,0.755605562767923,0.21446482309976178,0.025252099492974463,2.330657870334097E-4,0.0011706183714685161
IDN.25.4_1,2011.0,0.7836360371878138,0.1927264485025677,0.014410469228114706,0.0031521269917268425,6.034551916374528E-4
IDN.25.4_1,2012.0,0.7760573836352723,0.1996614080281569,0.014374687225825166,0.0037991318089266517,6.359264036795609E-4
IDN.25.4_1,2013.0,0.7660756057154419,0.20912135446975777,0.014701691431802163,0.0039939590811793,6.359264036795609E-4
IDN.25.4_1,2014.0,0.7518046990300652,0.22321245977708185,0.014574608021535408,0.004300843869498833,6.35926403679561E-4
IDN.25.4_1,2015.0,0.7446921028738928,0.23084841546852128,0.014116190910352704,0.004235901445414616,6.35926403679561E-4
IDN.25.4_1,2016.0,0.754872528208569,0.22120892232504052,0.014271798051981942,0.0035393621125897868,6.359264036795609E-4
IDN.25.4_1,2017.0,0.7768224308586019,0.1994515548617044,0.014306561349579961,0.00331206362829503,6.359264036795609E-4
IDN.25.4_1,2018.0,0.7809584992442478,0.19587322729466405,0.013424108410553259,0.003636775748716111,6.359264036795609E-4
IDN.25.4_1,2019.0,0.7716129024042698,0.20419247915793862,0.012956777633319785,0.005130451502653086,6.35926403679561E-4
IDN.25.4_1,2020.0,0.7759887484066815,0.2001854042538561,0.013204959563790641,0.004513498473853031,6.35926403679561E-4
IDN.25.4_1,2021.0,0.7822602765019203,0.1933335964987119,0.013736596074676137,0.00454596968589514,6.35926403679561E-4
IDN.25.4_1,2022.0,0.7911500029924446,0.18483836339997775,0.013601872379222998,0.004286199989558274,6.359264036795609E-4
IDN.25.4_1,2023.0,0.7953657850202019,0.1798413622119134,0.013311541542140617,0.005325278774905734,6.68397615721669E-4
IDN.25.5_1,2011.0,0.559998237324559,0.29735397101242733,0.020273111558134767,0.09635834066609446,0.008653048748758276
IDN.25.5_1,2012.0,0.550257111528132,0.30666099110177064,0.019945891489512313,0.09767659687378262,0.008653048748758276
IDN.25.5_1,2013.0,0.5513273743027237,0.31210934588333256,0.020502353124834453,0.09048291212734769,0.008653048748758276
IDN.25.5_1,2014.0,0.5285593269205077,0.33227650939632586,0.018931884314110633,0.09464207609413627,0.008653048748758276
IDN.25.5_1,2015.0,0.5125203867947482,0.34505918792229795,0.01877249344973867,0.0981139841574857,0.008653048748758276
IDN.25.5_1,2016.0,0.5205691566488726,0.3417926127959924,0.01882499867564943,0.09311192379616536,0.008653048748758276
IDN.25.5_1,2017.0,0.5488605662782373,0.31505010733099537,0.0191390924377942,0.09124892586965298,0.008653048748758276
IDN.25.5_1,2018.0,0.5403472189341346,0.3230430903825897,0.019232382973117794,0.09167599962683788,0.008653048748758276
IDN.25.5_1,2019.0,0.5034838623781773,0.35490813695050594,0.018645918351560934,0.09739156850455274,0.008653048748758276
IDN.25.5_1,2020.0,0.48290650178775607,0.37594398067432655,0.019631328930707632,0.09587454251305952,0.008653048748758276
IDN.25.5_1,2021.0,0.47788756474667876,0.3790675728193573,0.019423652010364157,0.09796537561629183,0.008653048748758276
IDN.25.5_1,2022.0,0.4877524528613239,0.36813382832010005,0.021601681292341128,0.097003404870141,0.008653048748758276
IDN.25.5_1,2023.0,0.5028528620739282,0.3611787610735632,0.02053798167098819,0.09003146094384709,0.008653048748758276
IDN.26.10_1,2011.0,0.7821894014841757,0.18638501246435452,0.018944865077745007,0.008772987919164178,5.9151557889658E-4
IDN.26.10_1,2012.0,0.7813227473952695,0.1859956946944533,0.019081725545019114,0.009903311043892263,5.915155788965801E-4
IDN.26.10_1,2013.0,0.7804420464222457,0.18439383442306237,0.01911020592474377,0.012346180175387592,5.915155788965801E-4
IDN.26.10_1,2014.0,0.7762614875160574,0.18830827575399564,0.018683257969866994,0.012914885676405153,5.915155788965801E-4
IDN.26.10_1,2015.0,0.773770163077881,0.18958886187763294,0.018944349595759035,0.013798808411841241,5.915155788965801E-4
IDN.26.10_1,2016.0,0.7784006088873218,0.1856187484922153,0.019142681289859655,0.012908442151580574,5.915155788965801E-4
IDN.26.10_1,2017.0,0.7840544153094026,0.17991055872061504,0.019306991172886485,0.01276565364146785,5.915155788965801E-4
IDN.26.10_1,2018.0,0.7832746199351318,0.17928038199277097,0.019274129196281117,0.014372797603214964,5.915155788965801E-4
IDN.26.10_1,2019.0,0.7810040506574458,0.1776419225003764,0.019613960695529543,0.017953206607241905,5.915155788965801E-4
IDN.26.10_1,2020.0,0.7830561844435785,0.17449400288257536,0.019897346917314637,0.018786096626067304,5.915155788965801E-4
IDN.26.10_1,2021.0,0.7805897320112253,0.17165511471536118,0.020916068192080965,0.022908406067841555,5.9151557889658E-4
IDN.26.10_1,2022.0,0.7844740176459796,0.1647983022085311,0.021178964004923893,0.025749485033496028,5.915155788965801E-4
IDN.26.10_1,2023.0,0.7851924706639204,0.1642357824913451,0.02042661804640576,0.02628017373804856,5.915155788965801E-4
IDN.26.11_1,2011.0,0.39155973351845186,0.46949504380562446,0.03972230895436071,0.08375225798280919,0.0010306809466501354
IDN.26.11_1,2012.0,0.39017841895563743,0.4680025773760143,0.0414552676048558,0.08497897040362612,0.0010306809466501354
IDN.26.11_1,2013.0,0.38770848974590366,0.4700033109783352,0.0414353949983681,0.0852942375167191,0.0010306809466501354
IDN.26.11_1,2014.0,0.3749812641739683,0.48393805001227735,0.04064857451099074,0.08484188310124488,0.0010306809466501354
IDN.26.11_1,2015.0,0.3556694693778292,0.49150816578873535,0.04056268443210324,0.09666945219981335,0.0010306809466501354
IDN.26.11_1,2016.0,0.3552376612165202,0.48872397993742495,0.04155799887568203,0.09868298510800763,0.0010306809466501354
IDN.26.11_1,2017.0,0.363382061638089,0.47960245355957126,0.04288239020974359,0.09836940211410852,0.0010306809466501354
IDN.26.11_1,2018.0,0.36272188691409085,0.47650266377132905,0.042676927668091114,0.10230114678412389,0.0010306809466501354
IDN.26.11_1,2019.0,0.3517572604904627,0.474989314263715,0.04187427646029135,0.11561916136926975,0.0010306809466501354
IDN.26.11_1,2020.0,0.3504150174929461,0.4656077598823274,0.04270522087054818,0.12558881017315776,0.0010306809466501354
IDN.26.11_1,2021.0,0.35170774738616284,0.45105393863271764,0.04305450719135739,0.13830458373457474,0.0010306809466501354
IDN.26.11_1,2022.0,0.3577170214937397,0.4434777600271616,0.045168076779667714,0.13801188381867965,0.0010306809466501354
IDN.26.11_1,2023.0,0.36077976065971673,0.43180580354210696,0.042910009764523104,0.14869155727470443,0.0010306809466501354
IDN.26.12_1,2011.0,0.00273418861612528,0.09164356902754026,0.050925603263870654,0.1956124314442414,0.5129016174602068
IDN.26.12_1,2012.0,0.00136709430806264,0.09794292515292694,0.049006310078433694,0.1915969269864417,0.5142687117682694
IDN.26.12_1,2013.0,0.00136709430806264,0.10611868523055647,0.042551480482718326,0.18850890219646493,0.5156358060763321
IDN.26.12_1,2014.0,0.00136709430806264,0.10645643794196018,0.04631501069550253,0.18577471358033962,0.5156358060763321
IDN.26.12_1,2015.0,0.0,0.11361893988537854,0.04017648919459382,0.18705066826786476,0.5156358060763321
IDN.26.12_1,2016.0,0.00273418861612528,0.12056163450867706,0.04154358350265646,0.17411420330568772,0.5175282934910227
IDN.26.12_1,2017.0,0.00273418861612528,0.12929495461783014,0.04154358350265646,0.1611562937269136,0.5217528829606436
IDN.26.12_1,2018.0,0.00136709430806264,0.13642528963635295,0.03880939488653118,0.15409565371233122,0.5244870715767689
IDN.26.12_1,2019.0,0.0,0.15051440274062203,0.02780830657223888,0.15015520541262128,0.5270711478767147
IDN.26.12_1,2020.0,0.00273418861612528,0.1579449623915037,0.027518804248178555,0.13561039420566462,0.5317407131407248
IDN.26.12_1,2021.0,0.00136709430806264,0.1783870431626521,0.028885898556241196,0.10826314689026255,0.5399432789891007
IDN.26.12_1,2022.0,0.00273418861612528,0.174848681424137,0.030606829038155342,0.10461220091461289,0.5440445619132885
IDN.26.12_1,2023.0,0.0,0.16738595484835977,0.02758313809796974,0.11236442981445047,0.5495129391455391
IDN.26.13_1,2011.0,0.3603109687899898,0.3310072546287296,0.027709037157870996,0.22243982871787016,0.007440245339092417
IDN.26.13_1,2012.0,0.3651370006388194,0.33143606964281,0.027018055618594453,0.21804870877905594,0.007440245339092417
IDN.26.13_1,2013.0,0.37237198381477377,0.3243792513147279,0.027709037157870996,0.2171795623919071,0.007440245339092417
IDN.26.13_1,2014.0,0.35782546754723915,0.3354234395841646,0.02632707407931791,0.222063853468558,0.007440245339092417
IDN.26.13_1,2015.0,0.34655637156109664,0.3415928208372935,0.024518328285329315,0.22897231399556006,0.007440245339092417
IDN.26.13_1,2016.0,0.35586971881793383,0.3366915939386015,0.0259002913638824,0.22317823055886185,0.007440245339092417
IDN.26.13_1,2017.0,0.3682260945791146,0.3317524307985375,0.026073036748701536,0.2155882725529262,0.007440245339092417
IDN.26.13_1,2018.0,0.36327406021429925,0.3316311703127232,0.02503656443978672,0.22169803971247043,0.007440245339092417
IDN.26.13_1,2019.0,0.3513336282424479,0.3369212436854787,0.024518328285329315,0.22884766634533762,0.007459213459778439
IDN.26.13_1,2020.0,0.3578044671279082,0.3273037290647835,0.02503656443978672,0.23147610592611506,0.007459213459778439
IDN.26.13_1,2021.0,0.3644534708612409,0.3122132341932892,0.026073036748701536,0.23888112475536202,0.007459213459778439
IDN.26.13_1,2022.0,0.3711099263562716,0.300381191482501,0.027973235981712027,0.2421565127381092,0.007459213459778439
IDN.26.13_1,2023.0,0.36608269694159384,0.305002638601074,0.026226136579953003,0.24430939443597277,0.007459213459778439
IDN.26.14_1,2011.0,0.42769492525911934,0.40229865101824697,0.05409816142641366,0.05132033542248999,0.03984444174378029
IDN.26.14_1,2012.0,0.4189239396517303,0.40578135037066637,0.05452872445702183,0.05660862167745969,0.03984444174378029
IDN.26.14_1,2013.0,0.4119307626868524,0.4072292921752116,0.053212729387662985,0.063039288876543,0.03984444174378029
IDN.26.14_1,2014.0,0.40767027205333445,0.4078820812861336,0.051084220212156466,0.06841785447664026,0.03984444174378029
IDN.26.14_1,2015.0,0.3909963714647826,0.42080591676938855,0.050539071858886446,0.0721679195819372,0.03984444174378029
IDN.26.14_1,2016.0,0.4021875379780901,0.4126043854928039,0.05019878817340579,0.07006371638396502,0.03984444174378029
IDN.26.14_1,2017.0,0.41023628882445895,0.4063264987239364,0.05196965225090714,0.06652198822896233,0.03984444174378029
IDN.26.14_1,2018.0,0.41772600218753814,0.399135401656279,0.050539071858886446,0.0671088039722912,0.03984444174378029
IDN.26.14_1,2019.0,0.40736471119290285,0.40534731505755334,0.0487682077813851,0.07302904564315355,0.03984444174378029
IDN.26.14_1,2020.0,0.40662511501935816,0.4026979635063111,0.049313356134655116,0.07641799336794045,0.03984444174378029
IDN.26.14_1,2021.0,0.40721540304519194,0.4019548950502615,0.0487682077813851,0.07657077379815623,0.03984444174378029
IDN.26.14_1,2022.0,0.3987013663431659,0.4119064567093181,0.05019878817340579,0.07424781680237505,0.03984444174378029
IDN.26.14_1,2023.0,0.3877740933002311,0.4144238615253739,0.05019878817340579,0.082657685029254,0.03984444174378029
IDN.26.15_1,2011.0,0.19813961567497396,0.2726919453865632,0.1385255886354881,0.24089126527958113,0.009085908601994895
IDN.26.15_1,2012.0,0.20533151318236184,0.26658568034081076,0.13733306313147628,0.2412253060370074,0.009085908601994895
IDN.26.15_1,2013.0,0.21100129830507727,0.2694161190254028,0.13633094085919742,0.23329295151732457,0.009085908601994895
IDN.26.15_1,2014.0,0.198856689834249,0.27128897420537285,0.13304509327531422,0.24697192053393088,0.009085908601994895
IDN.26.15_1,2015.0,0.19307221738481722,0.270617552282946,0.12893193808220527,0.25768683456297464,0.009085908601994895
IDN.26.15_1,2016.0,0.19870971190098152,0.2698258756878457,0.13353056584277376,0.24829806234091326,0.009085908601994897
IDN.26.15_1,2017.0,0.2067723423160605,0.2726362719269922,0.13445029139488746,0.2363716938316035,0.009085908601994895
IDN.26.15_1,2018.0,0.20254115938866096,0.2720806508004731,0.13310744755003381,0.24314604039220852,0.009085908601994895
IDN.26.15_1,2019.0,0.18915057889263268,0.28027021670337415,0.12894307277411948,0.2520382053548961,0.009085908601994895
IDN.26.15_1,2020.0,0.19567216794678513,0.2793271082982406,0.129513169000127,0.2462080806686161,0.009085908601994895
IDN.26.15_1,2021.0,0.2058915881856466,0.2664453832226917,0.13382452170930886,0.24429514059775492,0.009085908601994895
IDN.26.15_1,2022.0,0.22187209802091992,0.24704652296975607,0.13689435627005642,0.24515807922110613,0.009085908601994895
IDN.26.15_1,2023.0,0.2131358187450312,0.26423737381610396,0.12990288321712432,0.24266613517070607,0.009085908601994895
IDN.26.16_1,2011.0,0.061250906656251734,0.33747698487976335,0.002064386542431512,0.5076047536684707,0.07451877475868994
IDN.26.16_1,2012.0,0.06803548513083746,0.3431010433521173,0.002064386542431512,0.49519611672153085,0.07451877475868994
IDN.26.16_1,2013.0,0.06745522512972157,0.3773140657256041,0.002064386542431512,0.4615633543491602,0.07451877475868994
IDN.26.16_1,2014.0,0.061083523963622155,0.36896724878647547,0.002064386542431512,0.47628187245438813,0.07451877475868994
IDN.26.16_1,2015.0,0.059744462422585506,0.35338949952574894,0.002064386542431512,0.4931986832561513,0.07451877475868994
IDN.26.16_1,2016.0,0.0728226301400435,0.3412821514255426,0.002064386542431512,0.4922278636388996,0.07451877475868994
IDN.26.16_1,2017.0,0.06941918205657534,0.37040673994308987,0.002064386542431512,0.4665067232048205,0.07451877475868994
IDN.26.16_1,2018.0,0.07312391898677675,0.33295765217876466,0.002064386542431512,0.4974055682642414,0.07451877475868994
IDN.26.16_1,2019.0,0.08989566478826089,0.30932321597946766,0.002064386542431512,0.5071137644367572,0.07451877475868994
IDN.26.16_1,2020.0,0.08492997824024995,0.3288288790939016,0.002064386542431512,0.49257378787033407,0.07451877475868994
IDN.26.16_1,2021.0,0.0785136416894493,0.2985995648049991,0.002064386542431512,0.5263739329353343,0.07451877475868994
IDN.26.16_1,2022.0,0.09117893209842101,0.2664286112815934,0.002064386542431512,0.5458795960497683,0.07451877475868994
IDN.26.16_1,2023.0,0.09672487864754782,0.2679015789767337,8.592311554985213E-4,0.5429113429671371,0.07451877475868994
IDN.26.17_1,2011.0,0.2973961536339845,0.23919754662896447,0.04632760512331217,0.35944858401998997,0.01822355342436087
IDN.26.17_1,2012.0,0.2962724410510596,0.24077431969418675,0.04548379912922493,0.3597249151597001,0.01822355342436087
IDN.26.17_1,2013.0,0.29595320452181967,0.244971896969858,0.04478096798645009,0.35654940555604375,0.01822355342436087
IDN.26.17_1,2014.0,0.2891332907003592,0.2491408706525093,0.04383296318921893,0.36027298043309935,0.01822355342436087
IDN.26.17_1,2015.0,0.28316637688502805,0.24920931496437834,0.041588602694049875,0.3685460589356604,0.01822355342436087
IDN.26.17_1,2016.0,0.2896399829195689,0.2401501484322167,0.04328183324513895,0.3694383888821921,0.01822355342436087
IDN.26.17_1,2017.0,0.3050128818324281,0.2270159914516119,0.04223984521369952,0.3679811379735173,0.01822355342436087
IDN.26.17_1,2018.0,0.29745387159847114,0.23343239030011298,0.039961773341042714,0.37140743979454455,0.01822355342436087
IDN.26.17_1,2019.0,0.2896164871110169,0.23678411846790987,0.03600017570778572,0.38023522369031304,0.01822355342436087
IDN.26.17_1,2020.0,0.29418897576662756,0.23143984357920847,0.03581936013762418,0.3811878254935653,0.01822355342436087
IDN.26.17_1,2021.0,0.30129850096741456,0.2192828057673017,0.0365640751130353,0.38549062312927396,0.01822355342436087
IDN.26.17_1,2022.0,0.3051931866241428,0.21092800271325515,0.03782978410416615,0.38891437105806737,0.01822355342436087
IDN.26.17_1,2023.0,0.31012270941405556,0.2126488153004706,0.036433826609105366,0.38343065365339396,0.01822355342436087
IDN.26.18_1,2011.0,0.34580927810919165,0.18037241552643055,0.0010624955339212543,0.44718298233034415,0.0070373080818161
IDN.26.18_1,2012.0,0.34522973509068916,0.18776356024709429,0.0012320217230070204,0.4402018544390971,0.0070373080818161
IDN.26.18_1,2013.0,0.34113794454423824,0.19406313372117384,0.0019421590441482668,0.43728393419032735,0.0070373080818161
IDN.26.18_1,2014.0,0.3295613756261751,0.19986497041915846,0.0021116852332340326,0.4428891402213201,0.0070373080818161
IDN.26.18_1,2015.0,0.3264300692149804,0.19993445644433605,0.0015079945889605929,0.4465546512516106,0.0070373080818161
IDN.26.18_1,2016.0,0.33254188257847367,0.19893011233574076,0.0023181720740100098,0.4406370045116634,0.0070373080818161
IDN.26.18_1,2017.0,0.33821115373906274,0.19508275489913443,0.002313243987117981,0.43882001887457256,0.0070373080818161
IDN.26.18_1,2018.0,0.337346767298201,0.19045922377703367,0.0025355007059484477,0.44408567971870444,0.0070373080818161
IDN.26.18_1,2019.0,0.3322885789122234,0.18872601561710742,0.0027414947380352216,0.45067108223252156,0.0070373080818161
IDN.26.18_1,2020.0,0.33459788042982774,0.18229683345776757,0.004228791362049297,0.45330366625024304,0.0070373080818161
IDN.26.18_1,2021.0,0.3367820085403746,0.17453558941151254,0.006608564522209658,0.45650100902579094,0.0070373080818161
IDN.26.18_1,2022.0,0.34105121021493845,0.16435958278816376,0.007864733870987614,0.46109300039178264,0.0070373080818161
IDN.26.18_1,2023.0,0.3427055689845923,0.16800538147088617,0.007150161271643545,0.4565660597727657,0.0070373080818161
IDN.26.19_1,2011.0,0.17706863765686442,0.5673361265156976,0.015359514842376444,0.23116478842147856,0.005805620952677637
IDN.26.19_1,2012.0,0.18880762339325718,0.5640618504254208,0.015538804429797486,0.22270007877536258,0.005805620952677637
IDN.26.19_1,2013.0,0.188927523304845,0.5774917610831782,0.01527323172843007,0.2094158409073847,0.005805620952677637
IDN.26.19_1,2014.0,0.16456206837432535,0.6251032315827575,0.015294522366936316,0.18614853469981887,0.005805620952677637
IDN.26.19_1,2015.0,0.14332521674430287,0.6465966914347765,0.014991971188163308,0.1861944776565955,0.005805620952677637
IDN.26.19_1,2016.0,0.16958217682211454,0.6253071734884489,0.0150289496655689,0.18119005704770566,0.005805620952677637
IDN.26.19_1,2017.0,0.200834593029445,0.5834923594621764,0.014953872150836336,0.19175245486664783,0.005805620952677637
IDN.26.19_1,2018.0,0.19562286883509958,0.5847754005721582,0.01489784415476726,0.19568113795101144,0.005805620952677637
IDN.26.19_1,2019.0,0.18896674290209334,0.5737916722227766,0.014740965765773847,0.21360673501335156,0.005805620952677637
IDN.26.19_1,2020.0,0.20565860349099244,0.5645313650324796,0.014740965765773847,0.20617518161474935,0.005805620952677637
IDN.26.19_1,2021.0,0.22349791743938616,0.523879692204601,0.014740965765773847,0.22898754049423425,0.005805620952677637
IDN.26.19_1,2022.0,0.23974603629941812,0.4853873383452246,0.015163416856134676,0.2506804600122591,0.005805620952677637
IDN.26.19_1,2023.0,0.23535007972783845,0.5079397273229489,0.015026708545726134,0.23296888989490278,0.005805620952677637
IDN.26.1_1,2011.0,0.1879454465464144,0.3546805494451778,0.0057461993449674925,0.4423009238891333,0.0048614166300044
IDN.26.1_1,2012.0,0.17060419416336703,0.3703060077235176,0.0057461993449674925,0.4440167179938408,0.0048614166300044
IDN.26.1_1,2013.0,0.165649899789803,0.39087353961969,0.0057461993449674925,0.42840348047123233,0.0048614166300044
IDN.26.1_1,2014.0,0.1367307034266999,0.4103118736862687,0.005215818546218899,0.4384147235665054,0.0048614166300044
IDN.26.1_1,2015.0,0.12021557413110429,0.4035391308598523,0.0057461993449674925,0.4611722148897689,0.0048614166300044
IDN.26.1_1,2016.0,0.1123234100796793,0.4161607273793811,0.0055360023463851,0.44855061837024013,0.012963777680011732
IDN.26.1_1,2017.0,0.11718727086083001,0.4119665640123185,0.005768196705284254,0.4476487265972528,0.012963777680011732
IDN.26.1_1,2018.0,0.11579899300972771,0.3913745906046829,0.0055360023463851,0.46923791367258155,0.013587036222319989
IDN.26.1_1,2019.0,0.10830033729285818,0.3883560639389939,0.0055360023463851,0.47975509605514005,0.013587036222319989
IDN.26.1_1,2020.0,0.12432908051033877,0.3782592755536002,0.005768196705284254,0.47359094686415415,0.013587036222319989
IDN.26.1_1,2021.0,0.1316884196118688,0.33797477636017015,0.005790194065601017,0.5064941095957375,0.013587036222319989
IDN.26.1_1,2022.0,0.14553453585569734,0.30243926284401434,0.005790194065601017,0.5269369897834483,0.014833553306936502
IDN.26.1_1,2023.0,0.14629466686219877,0.3056728748105783,0.005303807987485946,0.5234296328884979,0.014833553306936502
IDN.26.20_1,2011.0,0.2771697952261244,0.37853956593701593,0.0010759463274102525,0.3373052311349191,0.005483670489465976
IDN.26.20_1,2012.0,0.2760687602102002,0.3892510022931061,0.0010845481634721597,0.3276862279586912,0.005483670489465976
IDN.26.20_1,2013.0,0.27098077417958194,0.3938321968157437,0.0011003181962523235,0.3281772494338917,0.005483670489465976
IDN.26.20_1,2014.0,0.2533384084166099,0.4048525824503907,0.0014544271141341788,0.33444512064433485,0.005483670489465976
IDN.26.20_1,2015.0,0.24502114976441722,0.40275301763161353,9.73441114339189E-4,0.3453429301150997,0.005483670489465976
IDN.26.20_1,2016.0,0.2566415134643823,0.4020182774679923,0.0013712760322024068,0.3340594716608927,0.005483670489465976
IDN.26.20_1,2017.0,0.26270580788802705,0.39069252665314746,0.002068741572888733,0.3386234625114064,0.005483670489465976
IDN.26.20_1,2018.0,0.2654598290671811,0.3686044452855127,0.0025038511136868825,0.35752241315908884,0.005483670489465976
IDN.26.20_1,2019.0,0.2521284168105682,0.3579740095523389,0.0022350437367522763,0.38175306852581015,0.005483670489465976
IDN.26.20_1,2020.0,0.2462476282229108,0.3546787895209566,0.003091643244583889,0.3900724776370183,0.005483670489465976
IDN.26.20_1,2021.0,0.24970915041815672,0.3355339697258379,0.0045216984898759985,0.4042834276309612,0.005483670489465976
IDN.26.20_1,2022.0,0.2528617233348458,0.3099886670809884,0.00691444255442991,0.4242769619175212,0.005483670489465976
IDN.26.20_1,2023.0,0.2510259481553004,0.31185526550642234,0.0063531727513904505,0.4247995234582821,0.005483670489465976
IDN.26.22_1,2011.0,0.36261305388077264,0.5052546951562609,4.241782571726662E-4,0.13072363169938647,9.844410064075528E-4
IDN.26.22_1,2012.0,0.3786642679764236,0.5004352773469508,4.902902267206244E-4,0.11942572344349743,9.844410064075528E-4
IDN.26.22_1,2013.0,0.38893912969624217,0.4979707968470865,7.576335196371853E-4,0.11134799893062684,9.844410064075528E-4
IDN.26.22_1,2014.0,0.37378645930349835,0.5078209977406114,5.525416433022785E-4,0.11685556030618045,9.844410064075528E-4
IDN.26.22_1,2015.0,0.3624977198609043,0.5263444134420594,6.152756290047205E-4,0.10955815006162407,9.844410064075528E-4
IDN.26.22_1,2016.0,0.3933560848588148,0.49631413705542127,1.230551258009441E-4,0.1092222819535556,9.844410064075528E-4
IDN.26.22_1,2017.0,0.4367887534370986,0.4618905513931288,3.011231313717221E-4,0.10003513103199335,9.844410064075528E-4
IDN.26.22_1,2018.0,0.42651196144079706,0.4715843998915185,1.7806800557077795E-4,0.10074112965570622,9.844410064075528E-4
IDN.26.22_1,2019.0,0.4205126621311605,0.4847590194581522,1.230551258009441E-4,0.09362082227847905,9.844410064075528E-4
IDN.26.22_1,2020.0,0.4470032940168186,0.4539571150473739,7.943087728170745E-4,0.09726084115658305,9.844410064075528E-4
IDN.26.22_1,2021.0,0.47649647097201975,0.41271627541570927,3.691653774028323E-4,0.10943364722846077,9.844410064075528E-4
IDN.26.22_1,2022.0,0.5119377949100541,0.36884398636838756,4.251433954142422E-4,0.11780863431973677,9.844410064075528E-4
IDN.26.23_1,2011.0,0.45603827205334874,0.4264644126473631,3.1121255502356145E-4,0.11457428092172488,0.0026118218225395094
IDN.26.23_1,2012.0,0.4649633754034928,0.41941761494576635,6.043038726660042E-4,0.11240288395553519,0.0026118218225395094
IDN.26.23_1,2013.0,0.4696213212903264,0.42114464765617554,0.0017735176236912326,0.10484869160726706,0.0026118218225395094
IDN.26.23_1,2014.0,0.453889723603857,0.4450512870411879,3.0254587627606986E-4,0.09814462165613926,0.0026118218225395094
IDN.26.23_1,2015.0,0.4287626582752205,0.4809746704495405,2.0090937096457764E-4,0.08744994008173462,0.0026118218225395094
IDN.26.23_1,2017.0,0.4963950555809864,0.42935908334902534,1.1030318405898381E-4,0.07152373606338965,0.0026118218225395094
IDN.26.23_1,2018.0,0.48890783302303975,0.43710709414928267,5.121219259881391E-4,0.0708611290791496,0.0026118218225395094
IDN.26.23_1,2019.0,0.47804690879266054,0.4532389348179091,6.02728112893733E-4,0.06549960645399686,0.0026118218225395094
IDN.26.23_1,2020.0,0.5024286397490126,0.42900847679969495,0.001314971529960314,0.06463609009879223,0.0026118218225395094
IDN.26.23_1,2021.0,0.534055714138268,0.39239254697142906,8.036374838583106E-4,0.07013627958390485,0.0026118218225395094
IDN.26.23_1,2022.0,0.5640376953252719,0.3661939649976481,7.122434170665811E-4,0.06644427443747343,0.0026118218225395094
IDN.26.23_1,2023.0,0.5336861984716704,0.3952486115586706,2.0090937096457764E-4,0.06825245877615463,0.0026118218225395094
IDN.26.24_1,2011.0,0.009910175145792356,0.13584317793198117,0.03026787576990645,0.7171688890535346,0.004013359667919057
IDN.26.24_1,2012.0,0.008836644329062743,0.1413703213378386,0.03098577269457017,0.7119973795397432,0.004013359667919057
IDN.26.24_1,2013.0,0.010323131605987293,0.14760600288172643,0.032900814409411845,0.7019624205721733,0.004013359667919057
IDN.26.24_1,2014.0,0.008624901781484038,0.14753464213364745,0.03147983863892048,0.704954112699289,0.004013359667919057
IDN.26.24_1,2015.0,0.006643568661323064,0.14206638109369127,0.02725005703010606,0.7167329255761994,0.004013359667919057
IDN.26.24_1,2016.0,0.009380233852681007,0.14869357187840604,0.031946218172813914,0.7026729084574188,0.004013359667919057
IDN.26.24_1,2017.0,0.011846664080002038,0.15106290469440645,0.034141633537211925,0.6952439816177836,0.004013359667919057
IDN.26.24_1,2018.0,0.010699822767978139,0.14858984532655348,0.03345610241632175,0.6989527907706767,0.004013359667919057
IDN.26.24_1,2019.0,0.009705451688188633,0.13840904526728115,0.03293668975817288,0.7106473745678875,0.004013359667919057
IDN.26.24_1,2020.0,0.010103200120104436,0.1292358745688622,0.03497534544646289,0.7174835782540796,0.004013359667919057
IDN.26.24_1,2021.0,0.010103200120104436,0.12389668679455713,0.04121375663645212,0.7142208712640409,0.004013359667919057
IDN.26.24_1,2022.0,0.011124477711464718,0.1305679418663371,0.04880022305108147,0.6961081095835928,0.004013359667919057
IDN.26.24_1,2023.0,0.011826386708963191,0.12989917857149821,0.04374569837020634,0.7011868111299373,0.004013359667919057
IDN.26.2_1,2011.0,0.39052737175152746,0.48330648096494344,0.02505198623997554,0.0885511962791737,0.0030555010109690754
IDN.26.2_1,2012.0,0.396029574029145,0.4766524065664926,0.02406114617027167,0.09069390846971076,0.0030555010109690754
IDN.26.2_1,2013.0,0.39341362479039127,0.4810627129464017,0.024387318233018304,0.08857337926580885,0.0030555010109690754
IDN.26.2_1,2014.0,0.364738417400006,0.5006987640790074,0.02422875095818178,0.09777110279842482,0.0030555010109690754
IDN.26.2_1,2015.0,0.35388189942233855,0.4997859752585754,0.02335375537423931,0.11044991204856594,0.0030555010109690754
IDN.26.2_1,2016.0,0.3934966055922487,0.4684471662877756,0.024189314537497047,0.10130394881809866,0.0030555010109690754
IDN.26.2_1,2017.0,0.4032086457779614,0.46366632187184953,0.023235446112185112,0.097326621473624,0.0030555010109690754
IDN.26.2_1,2018.0,0.40228435466816304,0.45894298890275537,0.022504229145322394,0.10370546251937929,0.0030555010109690754
IDN.26.2_1,2019.0,0.38239360998530164,0.46725010660157457,0.020870904055296437,0.11692241459344746,0.0030555010109690754
IDN.26.2_1,2020.0,0.3993192287879297,0.46151292898404384,0.021669491574162248,0.10496989275758348,0.0030555010109690754
IDN.26.2_1,2021.0,0.4009615913910292,0.4627748944459552,0.022113151306865468,0.10162190495986931,0.0030555010109690754
IDN.26.2_1,2022.0,0.4167575210594594,0.4563467578743439,0.02154460957532726,0.09282265359458863,0.0030555010109690754
IDN.26.2_1,2023.0,0.4149089388398625,0.4630180857068443,0.020310578244734204,0.08923393931227809,0.0030555010109690754
IDN.26.3_1,2011.0,0.15767713792526442,0.3421077021321091,0.038501222774420155,0.44296564842674535,0.002036013256991321
IDN.26.3_1,2012.0,0.1666754681823089,0.34045853139394616,0.03835403598271682,0.43564893786914705,0.002090094859130153
IDN.26.3_1,2013.0,0.16074748833375013,0.35436153275319704,0.037976737276030605,0.42745652952632823,0.002090094859130153
IDN.26.3_1,2014.0,0.14279706228737185,0.37019280833459034,0.037114400827809084,0.4305491488298123,0.002090094859130153
IDN.26.3_1,2015.0,0.13280193387325862,0.37865774553524595,0.03543702282264821,0.4337573543025735,0.002090094859130153
IDN.26.3_1,2016.0,0.14714925270890505,0.3699972662280334,0.03628366500201378,0.42681560951980446,0.002090094859130153
IDN.26.3_1,2017.0,0.1613326300604209,0.3564015756197596,0.036504869358997306,0.42595390932572574,0.002144176461268985
IDN.26.3_1,2018.0,0.16235509046791619,0.33962037260315137,0.03611696641659761,0.4422638601072261,0.002144176461268985
IDN.26.3_1,2019.0,0.152682118734779,0.3350331923182071,0.03485506236669153,0.4574463685476676,0.002144176461268985
IDN.26.3_1,2020.0,0.15746971907470841,0.32197322769817915,0.03554963980592554,0.4650763282282426,0.0021982580634078166
IDN.26.3_1,2021.0,0.15823725365565125,0.30179082211882413,0.03593160437632569,0.4838967257725561,0.0021982580634078166
IDN.26.3_1,2022.0,0.16367298488238957,0.2671989568825416,0.04321056385478393,0.5060241602664807,0.0021982580634078166
IDN.26.3_1,2023.0,0.15783598937625254,0.27980993816246014,0.039349349546785595,0.5030772431616999,0.0021982580634078166
IDN.26.4_1,2011.0,0.056090657727542646,0.6217742050319427,0.029588232387069417,0.2765399090172742,0.005529156437182801
IDN.26.4_1,2012.0,0.053575272667572955,0.6230281282536458,0.03054814956280211,0.27684145367980806,0.005529156437182801
IDN.26.4_1,2013.0,0.04676957715899693,0.6299887842138018,0.029645190823325805,0.2775894519677045,0.005529156437182801
IDN.26.4_1,2014.0,0.04034500059890118,0.6356092416738073,0.030084105832125046,0.2779814600289985,0.005529156437182801
IDN.26.4_1,2015.0,0.035046190778931736,0.62308759956209,0.027672586155917007,0.2982134316368933,0.005529156437182801
IDN.26.4_1,2016.0,0.03483846001140844,0.6280790013510875,0.02944751154455363,0.2916548352267825,0.005529156437182801
IDN.26.4_1,2017.0,0.04121026625556076,0.6204415451483557,0.031119409173491194,0.29124858755642447,0.005529156437182801
IDN.26.4_1,2018.0,0.04148835744434196,0.619896251883607,0.02934113328860419,0.29329406551727893,0.005529156437182801
IDN.26.4_1,2019.0,0.03744765896638865,0.6085430953392085,0.029615873981135018,0.30841317984710004,0.005529156437182801
IDN.26.4_1,2020.0,0.049632576204943143,0.6064079916036563,0.029197061949838038,0.29878217837539456,0.005529156437182801
IDN.26.4_1,2021.0,0.056728089639176665,0.5797480929394155,0.029800151274905692,0.3177434742803343,0.005529156437182801
IDN.26.4_1,2022.0,0.07388765618547677,0.5305309782695189,0.03184981735607313,0.3477513563227633,0.005529156437182801
IDN.26.4_1,2023.0,0.07609395796634928,0.5454633024333816,0.029942547365546662,0.33252000036855456,0.005529156437182801
IDN.26.6_1,2011.0,0.2586809132663078,0.3328606819483408,0.0012481457626587027,0.39173822684346227,0.009404356504607816
IDN.26.6_1,2012.0,0.25869389225170814,0.33793167970243554,0.001055624145888123,0.38670887000086,0.009542258224485619
IDN.26.6_1,2013.0,0.26238965834443323,0.34032738409090085,0.001055624145888123,0.3806173995196697,0.009542258224485619
IDN.26.6_1,2014.0,0.2595845751248012,0.3403976869284856,0.0013314275856437284,0.3830763764619612,0.009680159944363421
IDN.26.6_1,2015.0,0.25576280471548185,0.3380198286449456,0.0012313812398500284,0.38896234634098087,0.009955963384119028
IDN.26.6_1,2016.0,0.2688369693420143,0.3361784350912832,0.0014693293055215316,0.3772677397042849,0.010317752602151382
IDN.26.6_1,2017.0,0.2775923765766089,0.3396140806849446,0.0013314275856437284,0.36481332163061503,0.010719019567442872
IDN.26.6_1,2018.0,0.2707054024485939,0.34273768983794145,0.0016315666230248293,0.36813864584837436,0.010856921287320674
IDN.26.6_1,2019.0,0.2577183051824549,0.34676279768519835,0.0012302996577333398,0.37695029535303687,0.011408528166831886
IDN.26.6_1,2020.0,0.26298290613543696,0.34792171292323015,0.001092397937855537,0.37072254552514355,0.011626466963344649
IDN.26.6_1,2021.0,0.2601248253920872,0.33924309801892055,9.420580236358147E-4,0.3818579742075115,0.011902270403100256
IDN.26.6_1,2022.0,0.2591054342471082,0.3268216681998097,7.360166304066268E-4,0.3953669348449527,0.011902270403100256
IDN.26.6_1,2023.0,0.25296042545114156,0.33926851519866263,7.44669287340136E-4,0.388918542265255,0.01217807384285586
IDN.26.7_1,2011.0,0.021727808678624252,0.14157080868720218,0.011750491084503297,0.7963619920813775,0.013124179738766327
IDN.26.7_1,2012.0,0.0227118158056298,0.1437728769402893,0.012520050830156448,0.7931489576019147,0.013124179738766327
IDN.26.7_1,2013.0,0.021149413455776665,0.14569555089081446,0.012630338054851963,0.7935508932652495,0.013124179738766327
IDN.26.7_1,2014.0,0.020836932985806036,0.1337502190426824,0.014071424457540033,0.8043676191806642,0.013124179738766327
IDN.26.7_1,2015.0,0.01918630085619649,0.12540882861487826,0.013110700189081321,0.8146954050665952,0.013124179738766327
IDN.26.7_1,2016.0,0.025407725742631285,0.12347757676909898,0.013196479141622275,0.8106319335433694,0.013124179738766327
IDN.26.7_1,2017.0,0.030737049522640135,0.1173272258719124,0.013784677673331691,0.8108647621288376,0.013124179738766327
IDN.26.7_1,2018.0,0.029492029297188534,0.1110788418861076,0.013555525328686566,0.8185015397321983,0.013124179738766327
IDN.26.7_1,2019.0,0.02494206857169466,0.10772611025536394,0.012205119532970366,0.8272154558967518,0.013124179738766327
IDN.26.7_1,2020.0,0.02654981122503373,0.10761214678984522,0.011414727755985838,0.8265120684859157,0.013124179738766327
IDN.26.7_1,2021.0,0.02642481903704548,0.1042790217768252,0.013939079787905411,0.8274458336550045,0.013436660208736954
IDN.26.7_1,2022.0,0.025151614298616145,0.10151693950500644,0.015911995696347412,0.8291957242868401,0.014061621148678208
IDN.26.7_1,2023.0,0.026642942659221056,0.09884553784015948,0.014521151251576188,0.8320791225058238,0.014061621148678208
IDN.26.8_1,2011.0,0.46749759124111945,0.40042490840048417,0.08096263673248942,0.00821811853427439,0.001617785808826226
IDN.26.8_1,2012.0,0.48732859471840045,0.38010298486065874,0.08024250951001344,0.009712549217028342,0.001617785808826226
IDN.26.8_1,2013.0,0.46893201132200035,0.3976427502192054,0.08119517781474728,0.00974672192087269,0.001617785808826226
IDN.26.8_1,2014.0,0.44484692295638906,0.4216253204732837,0.08080427542199123,0.01038433456577329,0.001617785808826226
IDN.26.8_1,2015.0,0.40583919825835907,0.46056970064711444,0.07852887343430674,0.012508043087612147,0.001617785808826226
IDN.26.8_1,2016.0,0.423488983053673,0.44180721927540545,0.08182945653732161,0.010526026264640088,0.001617785808826226
IDN.26.8_1,2017.0,0.46658576348488257,0.3992055263096481,0.08266293711889103,0.009429165819294743,0.001617785808826226
IDN.26.8_1,2018.0,0.46949044331165185,0.39948307534331073,0.07905479968127704,0.009854240915895143,0.001617785808826226
IDN.26.8_1,2019.0,0.46622486639306293,0.4011075289967895,0.07779124311961783,0.012738083728125304,0.001617785808826226
IDN.26.8_1,2020.0,0.43653212067465275,0.43026267974008753,0.07848219852173888,0.012583889820534962,0.001617785808826226
IDN.26.8_1,2021.0,0.42778807589340795,0.43561279159318156,0.08234538101731308,0.012229660573367964,0.001617785808826226
IDN.26.8_1,2022.0,0.4648954648654598,0.3962766755460132,0.08597852287237415,0.011011111963113485,0.001617785808826226
IDN.26.8_1,2023.0,0.47357783208366827,0.38954631984984023,0.08359476840908563,0.01144285490436644,0.001617785808826226
IDN.26.9_1,2011.0,0.7014251609341358,0.145298808247767,0.03780798962058859,0.009796180653678231,9.276686225074082E-4
IDN.26.9_1,2012.0,0.6950863102886384,0.14966838211390857,0.038255889859032166,0.011465984174191566,9.276686225074082E-4
IDN.26.9_1,2013.0,0.6869049278630333,0.15626028620796123,0.038900965153710665,0.012208119072197493,9.276686225074082E-4
IDN.26.9_1,2014.0,0.6789229032433629,0.16344124168772522,0.039717750091457185,0.0121339055823969,9.276686225074082E-4
IDN.26.9_1,2015.0,0.6667374847680455,0.17319958801326985,0.040352639220868916,0.014026349572312012,9.276686225074082E-4
IDN.26.9_1,2016.0,0.6534023392674057,0.1862185258407005,0.04007572104226004,0.014137669807012901,9.276686225074082E-4
IDN.26.9_1,2017.0,0.6505234379297293,0.18900691582414939,0.04051212546561687,0.013655282123309048,9.276686225074082E-4
IDN.26.9_1,2018.0,0.6477909263386007,0.1897481776222753,0.04137329298059707,0.015399299133622976,9.276686225074082E-4
IDN.26.9_1,2019.0,0.6443415997459866,0.1910096614322387,0.04021876390593452,0.01877601291954994,9.276686225074082E-4
IDN.26.9_1,2020.0,0.6444067912036937,0.18834903506456416,0.04071221085478512,0.021262164827869797,9.276686225074082E-4
IDN.26.9_1,2021.0,0.648325263465165,0.18388691261114185,0.03994300986049898,0.02204140647077602,9.276686225074082E-4
IDN.26.9_1,2022.0,0.657169619732989,0.1787266012870073,0.038831844746543435,0.019295507348154092,9.276686225074082E-4
IDN.26.9_1,2023.0,0.6582235968048042,0.17811324862130237,0.03737682379651182,0.019889215266558832,9.276686225074082E-4
IDN.27.10_1,2011.0,0.8236639250009292,0.14051705937094225,0.024695470316341183,0.0013401752648409238,6.922879664222216E-4
IDN.27.10_1,2012.0,0.823951351366046,0.1423050470873615,0.022790047363733003,0.0011553235041732101,6.922879664222216E-4
IDN.27.10_1,2013.0,0.8194735893046952,0.14792979620093388,0.02149753485678974,0.001247749384507067,6.922879664222216E-4
IDN.27.10_1,2014.0,0.8101369443460286,0.15677803381156175,0.022170793965496167,0.0010628976238393534,6.922879664222216E-4
IDN.27.10_1,2015.0,0.8074495259549095,0.16100678967766024,0.020026875996183368,0.0017560917263432796,6.922879664222216E-4
IDN.27.10_1,2016.0,0.79825713786045,0.1696868484315238,0.02033731821777532,0.001940943487010993,6.922879664222216E-4
IDN.27.10_1,2017.0,0.786575775176765,0.1811014446527551,0.02093047489685907,0.0016636658460094226,6.922879664222216E-4
IDN.27.10_1,2018.0,0.7785160571844365,0.19054954434947138,0.01964394288805505,0.0016636658460094226,6.922879664222216E-4
IDN.27.10_1,2019.0,0.7645095493150976,0.20503503575159915,0.018787463063627982,0.002031738322397782,6.922879664222216E-4
IDN.27.10_1,2020.0,0.767760040667388,0.20228038206321752,0.018382057780673394,0.00203336936734485,6.922879664222216E-4
IDN.27.10_1,2021.0,0.770585554197359,0.19750486368541856,0.019874282680024332,0.0025417117091810623,6.922879664222216E-4
IDN.27.10_1,2022.0,0.7799954149514271,0.18716041417668025,0.020264102422373597,0.003373544632185774,6.922879664222216E-4
IDN.27.10_1,2023.0,0.7831502183334894,0.1871118452827009,0.0173070179333392,0.003373544632185774,6.922879664222216E-4
IDN.27.11_1,2011.0,0.8331226814704646,0.12450884139844585,0.03090602589359881,0.0,0.004224453229306653
IDN.27.11_1,2012.0,0.8327600884574745,0.12457597818570867,0.03116424430614812,6.931125810534015E-5,0.004224453229306653
IDN.27.11_1,2013.0,0.8282578465780357,0.1279953335855721,0.03210850826951263,2.0793377431602044E-4,0.004224453229306653
IDN.27.11_1,2014.0,0.8020187787301964,0.1544621772541654,0.03167279867444259,4.1586754863204083E-4,0.004224453229306653
IDN.27.11_1,2015.0,0.772122522734094,0.18613959667914837,0.0300286269086418,2.772450324213606E-4,0.004224453229306653
IDN.27.11_1,2016.0,0.7558123605620588,0.20301539307909447,0.029343668593247857,4.158675486320409E-4,0.004224453229306653
IDN.27.11_1,2017.0,0.781804354160416,0.1771209788597947,0.02922842163859427,4.1586754863204083E-4,0.004224453229306653
IDN.27.11_1,2018.0,0.7814575260610341,0.17862054831456786,0.02758887062333383,9.010463553694219E-4,0.004224453229306653
IDN.27.11_1,2019.0,0.7656080798987582,0.19618157483876317,0.02608522403573093,6.931125810534014E-4,0.004224453229306653
IDN.27.11_1,2020.0,0.7636211571664052,0.19738595987666427,0.026659827955866956,9.01046355369422E-4,0.004224453229306653
IDN.27.11_1,2021.0,0.7774994455099364,0.18243756006975728,0.027729939419242348,9.01046355369422E-4,0.004224453229306653
IDN.27.11_1,2022.0,0.7954393735784405,0.16457265124531967,0.027951463636324118,6.238013229480613E-4,0.004224453229306653
IDN.27.11_1,2023.0,0.8135790811556015,0.14583931312815043,0.0284564844894995,6.931125810534015E-4,0.004224453229306653
IDN.27.1_1,2011.0,0.5943014128728429,0.3064950501393655,0.07721045718130277,0.0,9.431967449460175E-4
IDN.27.1_1,2012.0,0.5936904494922002,0.30655239803927903,0.07789254477301133,0.0,9.431967449460175E-4
IDN.27.1_1,2013.0,0.5754925832185322,0.3244792234005067,0.07808765578444889,0.0,9.431967449460175E-4
IDN.27.1_1,2014.0,0.5456245795021318,0.3556915387819183,0.07673565501553849,0.0,9.431967449460174E-4
IDN.27.1_1,2015.0,0.505194310063116,0.39930381571781054,0.07350142568801468,0.0,9.431967449460174E-4
IDN.27.1_1,2016.0,0.5045356101624336,0.39966648511838093,0.07374042866754248,0.0,9.431967449460175E-4
IDN.27.1_1,2017.0,0.5362976964726249,0.36784673052894695,0.07397526671579159,0.0,9.431967449460175E-4
IDN.27.1_1,2018.0,0.5542722583538925,0.34889116714189655,0.0748947553903823,0.0,9.431967449460175E-4
IDN.27.1_1,2019.0,0.534171659244547,0.37078428859770035,0.07311472783776002,0.0,9.431967449460175E-4
IDN.27.1_1,2020.0,0.5327792906801667,0.37215391022971256,0.07317079422035701,0.0,9.431967449460174E-4
IDN.27.1_1,2021.0,0.5400929100054478,0.36199500208246627,0.07608240156345122,0.0,9.431967449460175E-4
IDN.27.1_1,2022.0,0.5654278665940489,0.3339707814051843,0.07868356133662266,0.0,9.431967449460175E-4
IDN.27.1_1,2023.0,0.5819783423573526,0.3233319450229077,0.07289719027328366,0.0,9.431967449460174E-4
IDN.27.2_1,2011.0,0.7772875365260452,0.18201722921150404,0.019582276192309258,0.012701440044793616,0.0013616559640251265
IDN.27.2_1,2012.0,0.7686714143234592,0.19049185491067525,0.01987250150186931,0.012552711238648491,0.0013616559640251265
IDN.27.2_1,2013.0,0.755566481776347,0.20334692306346347,0.01976541676144482,0.012909660373396789,0.0013616559640251265
IDN.27.2_1,2014.0,0.7443608452462191,0.21369249881891833,0.01931666404204067,0.014218473867473883,0.0013616559640251265
IDN.27.2_1,2015.0,0.7369022414305962,0.21920607980029513,0.018407143648696722,0.017073017095063953,0.0013616559640251265
IDN.27.2_1,2016.0,0.7406658384513541,0.2129478049377964,0.018788822592780523,0.019186015992721035,0.0013616559640251265
IDN.27.2_1,2017.0,0.7513662636407645,0.20252302380244147,0.0189891107183893,0.018710083813056638,0.0013616559640251265
IDN.27.2_1,2018.0,0.7561247688871002,0.19733151359264642,0.019094912308329395,0.01903728718657591,0.0013616559640251265
IDN.27.2_1,2019.0,0.7465042898053693,0.20653800166809566,0.018408310149137082,0.02013788035204983,0.0013616559640251265
IDN.27.2_1,2020.0,0.7439691343983482,0.20873743824838295,0.018654791692183866,0.020227117635736907,0.0013616559640251265
IDN.27.2_1,2021.0,0.7437073716995327,0.2088931660571702,0.018879809627128135,0.020108134590820805,0.0013616559640251265
IDN.27.2_1,2022.0,0.7538302625209239,0.1989281027453588,0.01872198211754825,0.020108134590820805,0.0013616559640251265
IDN.27.2_1,2023.0,0.7574828086997603,0.19674079776965117,0.01764343581039702,0.01972143969484348,0.0013616559640251265
IDN.27.3_1,2011.0,0.9143675163265794,0.062451077093281564,0.017772007572552394,2.4248333242823058E-5,7.605388686889608E-4
IDN.27.3_1,2012.0,0.9081157403256095,0.06862253049038465,0.01775710495108024,1.1947355858182612E-4,7.605388686889608E-4
IDN.27.3_1,2013.0,0.896795052329671,0.0805092655154602,0.017146097470722026,1.4473223904310013E-4,7.605388686889608E-4
IDN.27.3_1,2014.0,0.8791854580724849,0.0978902687144721,0.017429752452302133,8.966831563752277E-5,7.605388686889608E-4
IDN.27.3_1,2015.0,0.8680789636868579,0.10875554270169371,0.01737898250457497,4.013604325296441E-4,7.605388686889608E-4
IDN.27.3_1,2016.0,0.8616276441102441,0.11482242516168713,0.017504012972858272,6.607670808669284E-4,7.605388686889608E-4
IDN.27.3_1,2017.0,0.8727760679054364,0.1040326746290447,0.017170598390769457,5.713513520340184E-4,7.605388686889608E-4
IDN.27.3_1,2018.0,0.8623268043854121,0.11495629616813187,0.016670981691245458,6.607670808669284E-4,7.605388686889608E-4
IDN.27.3_1,2019.0,0.8458955275717442,0.13124662954482594,0.01663789281984119,8.347993892451064E-4,7.605388686889608E-4
IDN.27.3_1,2020.0,0.8440945836548552,0.1329750810487909,0.01661566518103527,9.098176702150902E-4,7.605388686889608E-4
IDN.27.3_1,2021.0,0.8479283461752676,0.12927215849316814,0.016624253132392103,7.703897540688576E-4,7.605388686889608E-4
IDN.27.3_1,2022.0,0.858684755249701,0.11900046349678645,0.01668032740301613,2.493031761527746E-4,7.605388686889608E-4
IDN.27.3_1,2023.0,0.8647054143244504,0.11341981063567257,0.016067804401830237,3.379611445718463E-4,7.605388686889608E-4
IDN.27.4_1,2011.0,0.8200269125774926,0.1568966662860285,0.01440244648220702,0.0011319675186993478,0.001614197618053868
IDN.27.4_1,2012.0,0.8222053034966065,0.15585064076523392,0.013560732146246222,8.413164563408686E-4,0.001614197618053868
IDN.27.4_1,2013.0,0.8145198607580486,0.16330591014366233,0.013856953523283708,7.752684394325759E-4,0.0016141976180538671
IDN.27.4_1,2014.0,0.7955636820257491,0.18298244992784454,0.013391036488346301,5.208244224876788E-4,0.0016141976180538676
IDN.27.4_1,2015.0,0.7782010111712667,0.2005384902776126,0.013030358612880235,6.881328026680216E-4,0.0016141976180538676
IDN.27.4_1,2016.0,0.7788982952051932,0.2000685944464759,0.012840768973983844,6.503342387747218E-4,0.0016141976180538676
IDN.27.4_1,2017.0,0.7953163998419628,0.18275466384543496,0.014108214503269174,2.7871467376059506E-4,0.0016141976180538678
IDN.27.4_1,2018.0,0.8025872520165541,0.1757004571238954,0.013672138439826472,4.981452841516989E-4,0.0016141976180538676
IDN.27.4_1,2019.0,0.7915918487198029,0.18693617971108376,0.013149125679429184,7.808387541115886E-4,0.0016141976180538678
IDN.27.4_1,2020.0,0.7924594252310591,0.18489406256179575,0.013929964433540772,0.001174540638031801,0.0016141976180538676
IDN.27.4_1,2021.0,0.7972932647335824,0.17998761002863548,0.014159540974240076,0.0010175771279696245,0.0016141976180538678
IDN.27.4_1,2022.0,0.8116127533150341,0.16503390133301615,0.014390112213989205,0.0014212260023880737,0.0016141976180538678
IDN.27.4_1,2023.0,0.8210683624826579,0.15615979322991913,0.013621209848475497,0.0016086273033748546,0.0016141976180538671
IDN.27.5_1,2011.0,0.8295363601138379,0.14115016147887022,0.013875892593210152,0.00993750542513522,0.0010110513173794335
IDN.27.5_1,2012.0,0.8266232675734848,0.14542382573227766,0.013671191614732018,0.008783573570501102,0.0010110513173794335
IDN.27.5_1,2013.0,0.8200820086557561,0.15257255065025555,0.013810790970546613,0.008004292978480518,0.0010110513173794335
IDN.27.5_1,2014.0,0.811678604698472,0.16121145394817102,0.013877160322402915,0.007689448704843112,0.0010110513173794335
IDN.27.5_1,2015.0,0.8044255531251604,0.16944557877206853,0.013760454664363467,0.006809570072761688,0.0010110513173794335
IDN.27.5_1,2016.0,0.808084890726217,0.16542098601888586,0.013964484492092494,0.0069385055888960025,0.0010110513173794335
IDN.27.5_1,2017.0,0.8158125950237594,0.15762430233879626,0.0143537519265755,0.006579589082733794,0.0010110513173794333
IDN.27.5_1,2018.0,0.8170150734492457,0.1567770863765048,0.014133614480867867,0.006465791744607152,0.0010110513173794335
IDN.27.5_1,2019.0,0.8147169041396869,0.15919628653781961,0.013843229923420198,0.006631789696553356,0.0010110513173794335
IDN.27.5_1,2020.0,0.8164431784386997,0.1553655817788239,0.014005499260093576,0.008596322511499792,0.0010110513173794335
IDN.27.5_1,2021.0,0.8198249579188474,0.15002038806831178,0.01439312610385654,0.010134078022318594,0.0010110513173794335
IDN.27.5_1,2022.0,0.8255891734137194,0.14402813046335347,0.014184025359356473,0.010590236814796096,0.0010110513173794333
IDN.27.5_1,2023.0,0.8255666525774715,0.14661578946269457,0.013461941725621039,0.008585434954903142,0.0010110513173794335
IDN.27.6_1,2011.0,0.3521594600846888,0.41059412811924806,0.004900777486094769,0.10074379167798198,0.12683684861651737
IDN.27.6_1,2012.0,0.3528308339116705,0.4148436478480834,0.005959385655230683,0.09390432797240075,0.1276968105971456
IDN.27.6_1,2013.0,0.35674089496394207,0.4193546764833086,0.005267895758526701,0.08425112901441319,0.1296204097643403
IDN.27.6_1,2014.0,0.3488101344759263,0.4162718887983666,0.005099423674602459,0.0929991048348974,0.1320544542007383
IDN.27.6_1,2015.0,0.3485586836043975,0.40829838166219085,0.005099423674602459,0.09994166339780537,0.1333368536455348
IDN.27.6_1,2016.0,0.34387666837653275,0.3846469126861993,0.0035504863059855375,0.12790048580308386,0.1352604528127295
IDN.27.6_1,2017.0,0.36236585096003954,0.36723393983283537,0.002939460688170746,0.12743530169075568,0.1352604528127295
IDN.27.6_1,2018.0,0.3665851965842915,0.3814459430916387,0.003580660410568984,0.107721553362904,0.13590165253512773
IDN.27.6_1,2019.0,0.35922020055721526,0.3777471007714512,0.002343522122647678,0.11938133027569078,0.136542852257526
IDN.27.6_1,2020.0,0.37566257304647815,0.33135190046568697,0.0040735041187652775,0.1476041760960744,0.136542852257526
IDN.27.6_1,2021.0,0.3772643150981162,0.34483469619705703,0.0036158635325830055,0.13233607917685047,0.13718405197992423
IDN.27.6_1,2022.0,0.37626354062943185,0.3483374068374521,0.003625921567444154,0.12982408497027856,0.13718405197992423
IDN.27.6_1,2023.0,0.3741815274131741,0.38055580700642705,0.003625921567444154,0.09904649829516313,0.13782525170232246
IDN.27.7_1,2011.0,0.6737921285538138,0.27158643041576513,0.02806214822786466,0.014392756811620366,0.004718526505196769
IDN.27.7_1,2012.0,0.6683406007973081,0.273321729734189,0.029430101670113593,0.016855140627710083,0.004718526505196769
IDN.27.7_1,2013.0,0.650880936997393,0.28831816446749386,0.03031896711738805,0.018403639581120887,0.004718526505196769
IDN.27.7_1,2014.0,0.6307277978891052,0.30531851913461217,0.029837343370852313,0.021981585034061904,0.004718526505196769
IDN.27.7_1,2015.0,0.6170306822557913,0.3162558918187525,0.028858036117892834,0.025688853816627295,0.004718526505196769
IDN.27.7_1,2016.0,0.6142756727095319,0.31651622897904214,0.029412689509392922,0.027628703760992905,0.004718526505196769
IDN.27.7_1,2017.0,0.6213658031249252,0.3086663873958947,0.02987537964427124,0.02789073142232333,0.004718526505196769
IDN.27.7_1,2018.0,0.619070947961983,0.30926211996268727,0.029034524426556685,0.030344493683104757,0.004718526505196769
IDN.27.7_1,2019.0,0.6066435676604449,0.3183644537669941,0.02879007797605101,0.03366379247679702,0.004718526505196769
IDN.27.7_1,2020.0,0.6037705611415347,0.32016686597673927,0.031037091959537515,0.03267231361634349,0.004718526505196769
IDN.27.7_1,2021.0,0.6015808551433327,0.32135985256126115,0.03189180928578697,0.03280501794804955,0.004718526505196769
IDN.27.7_1,2022.0,0.607588050591963,0.31682085726660175,0.032104474316724835,0.031210030216015597,0.004718526505196769
IDN.27.7_1,2023.0,0.6092190459961667,0.31545053712289567,0.032297867635797096,0.03077895245060102,0.004718526505196769
IDN.27.8_1,2011.0,0.77870775241246,0.15570610197478613,0.009066329549934748,0.009441101423572565,6.27022173201729E-4
IDN.27.8_1,2012.0,0.7779048223583984,0.15700018605127916,0.00909662627903581,0.00885158313088801,6.27022173201729E-4
IDN.27.8_1,2013.0,0.7734971154043782,0.16148743860241055,0.009323918480177263,0.008544745332635398,6.27022173201729E-4
IDN.27.8_1,2014.0,0.7645518393050807,0.1709627072623262,0.009218213592740958,0.008086423888877472,6.27022173201729E-4
IDN.27.8_1,2015.0,0.7595348611248648,0.17682585840510015,0.009042706109181937,0.007517859721606427,6.27022173201729E-4
IDN.27.8_1,2016.0,0.7610204685769527,0.17402107531232994,0.009197926796162272,0.008579713363580236,6.27022173201729E-4
IDN.27.8_1,2017.0,0.7671888559287758,0.16795785898487542,0.009233295224408007,0.008439173910966056,6.27022173201729E-4
IDN.27.8_1,2018.0,0.767562693542045,0.167982416685997,0.009039502930774778,0.008234570890208659,6.27022173201729E-4
IDN.27.8_1,2019.0,0.7604757947819684,0.17612302767626237,0.008724523720737298,0.0074958378700571955,6.27022173201729E-4
IDN.27.8_1,2020.0,0.7613613401457814,0.17322962331422737,0.008973170444593155,0.009221016373847223,6.27022173201729E-4
IDN.27.8_1,2021.0,0.7639563150528825,0.16850760447900445,0.009018815736895197,0.011302415009666925,6.27022173201729E-4
IDN.27.8_1,2022.0,0.7693555391896859,0.1611134675233745,0.009006403420567449,0.013343773915397115,6.27022173201729E-4
IDN.27.8_1,2023.0,0.7795076127538814,0.15241924053173828,0.008282485100549105,0.012609845662856395,6.27022173201729E-4
IDN.27.9_1,2011.0,0.8637706379178315,0.09706813589815928,4.786438018055048E-4,0.031416978045856664,0.0021761930628294607
IDN.27.9_1,2012.0,0.8617141957084965,0.09913968181874577,3.668044161094026E-4,0.03148350629779807,0.002206400485332588
IDN.27.9_1,2013.0,0.861737930111892,0.09915082979609811,4.327932497918295E-4,0.03147433618739534,0.002206400485332588
IDN.27.9_1,2014.0,0.8538807637515249,0.10674781674954828,3.668044161094026E-4,0.0316996332135645,0.0022614211477489984
IDN.27.9_1,2015.0,0.8508833962924346,0.10868486771756133,4.1265496812307794E-4,0.03266824860061418,0.0023072716997626736
IDN.27.9_1,2016.0,0.8539032395123156,0.10520310266190325,3.668044161094026E-4,0.03313017043639116,0.0023072716997626736
IDN.27.9_1,2017.0,0.8587919871934916,0.10050602826875328,3.668044161094026E-4,0.032984347700379044,0.0023072716997626736
IDN.27.9_1,2018.0,0.8559638172616363,0.10386552518570824,3.668044161094026E-4,0.03249887126729307,0.0023072716997626736
IDN.27.9_1,2019.0,0.8505942681056191,0.10859280700136133,5.043560721504286E-4,0.03295773639960248,0.002353122251776349
IDN.27.9_1,2020.0,0.853515937202365,0.10288396376044293,3.668044161094026E-4,0.03588246219981598,0.002353122251776349
IDN.27.9_1,2021.0,0.8541173885611325,0.10257253961892258,2.2925276006837664E-4,0.03572998663860972,0.002353122251776349
IDN.27.9_1,2022.0,0.8540337787309901,0.10067127006208884,1.834022080547013E-4,0.03776071657759972,0.002353122251776349
IDN.27.9_1,2023.0,0.8615663951055349,0.09220599951776008,2.2925276006837664E-4,0.03860166964335642,0.002353122251776349
IDN.28.10_1,2011.0,0.7874001819553618,0.1512509853102272,0.013656610735366354,0.030925322346245187,0.012593066454216623
IDN.28.10_1,2012.0,0.7816027600501643,0.15731104408282182,0.013558543884493797,0.030760752329720673,0.012593066454216623
IDN.28.10_1,2013.0,0.7662147039511992,0.17220741560933953,0.013400556668630258,0.0314104241180313,0.012593066454216623
IDN.28.10_1,2014.0,0.7546318442138024,0.18432635162620503,0.013811559735540206,0.030463344771652776,0.012593066454216623
IDN.28.10_1,2015.0,0.7473694959768958,0.18895017832638208,0.013247970725103937,0.033665455318818545,0.012593066454216623
IDN.28.10_1,2016.0,0.7431757455865695,0.188298481060945,0.013740161666832645,0.038018712032853244,0.012593066454216623
IDN.28.10_1,2017.0,0.7485751612364187,0.1846254470818783,0.01376311707426581,0.03626937495463776,0.012593066454216623
IDN.28.10_1,2018.0,0.7475681615250491,0.1819913140789228,0.013898655251977797,0.03977496949125079,0.012593066454216623
IDN.28.10_1,2019.0,0.7445989808474257,0.18125859772842745,0.013917053335876436,0.04345846843547084,0.012593066454216623
IDN.28.10_1,2020.0,0.7446469171394184,0.18035844193547848,0.01377813936295369,0.04444960190934977,0.012593066454216623
IDN.28.10_1,2021.0,0.752122615633645,0.17093676629200977,0.01398642592745754,0.04618729249408814,0.012593066454216623
IDN.28.10_1,2022.0,0.7656786276717308,0.15931137153495728,0.013913677540665676,0.04432942359984675,0.012593066454216623
IDN.28.10_1,2023.0,0.7653844271191131,0.16231414137492772,0.013561750889944019,0.041972780963215654,0.012593066454216623
IDN.28.11_1,2011.0,0.3326520654711645,0.6021708680743919,0.041191075438250256,0.00731559792770789,5.428410358058939E-4
IDN.28.11_1,2012.0,0.33016605195470616,0.6067921035763374,0.04004728244635638,0.006321688589956236,5.428410358058939E-4
IDN.28.11_1,2013.0,0.3256826527209908,0.6124320518576183,0.04023897761631133,0.004966357674840346,5.428410358058939E-4
IDN.28.11_1,2014.0,0.3110858273489125,0.6260275268594698,0.040925324278423623,0.005327779252204584,5.428410358058939E-4
IDN.28.11_1,2015.0,0.30404590195766484,0.6317638542280478,0.04058126511016806,0.006954176350343652,5.428410358058939E-4
IDN.28.11_1,2016.0,0.30005183919291023,0.6335351742920123,0.0438829575198543,0.005869911618250939,5.428410358058939E-4
IDN.28.11_1,2017.0,0.30679093427123416,0.622944104735721,0.04893081221704147,0.004604936097476108,5.428410358058939E-4
IDN.28.11_1,2018.0,0.3088049737278403,0.6200984413162974,0.048457775152550044,0.0059602670125919995,5.428410358058939E-4
IDN.28.11_1,2019.0,0.3085973334882958,0.6195304425040279,0.047879146293887495,0.007405953322048949,5.428410358058939E-4
IDN.28.11_1,2020.0,0.30119315184064577,0.6268325757063047,0.04749221260517991,0.007767374899413187,5.428410358058939E-4
IDN.28.11_1,2021.0,0.30363877118081034,0.6185287377989215,0.05027055239744753,0.010839458307009206,5.428410358058939E-4
IDN.28.11_1,2022.0,0.3162077380359714,0.5962556015915307,0.0534237784925106,0.017525757488247598,5.428410358058939E-4
IDN.28.11_1,2023.0,0.3226109236482745,0.5967024178749191,0.05144836153779921,0.012554439125090489,5.428410358058939E-4
IDN.28.12_1,2011.0,0.09232962486722204,0.640774624827289,0.12102963844452076,0.004069196303780081,0.0035560542772484416
IDN.28.12_1,2012.0,0.09439816626600327,0.6449975640728703,0.11476012107755836,0.004069196303780081,0.0035560542772484416
IDN.28.12_1,2013.0,0.08446477489637327,0.6519060131460199,0.11727591467067065,0.00457834500714805,0.0035560542772484416
IDN.28.12_1,2014.0,0.08608207077765977,0.6517083436494182,0.11534713958261789,0.005087493710516019,0.0035560542772484416
IDN.28.12_1,2015.0,0.08202485444337071,0.6599745225982159,0.11155348257713106,0.004704134686803665,0.0035560542772484416
IDN.28.12_1,2016.0,0.08396960282407817,0.6582414203451828,0.11197477817089826,0.0040392463800525535,0.0035560542772484416
IDN.28.12_1,2017.0,0.09130933079890426,0.649252449903761,0.114570438227284,0.0031766885766997587,0.0035560542772484416
IDN.28.12_1,2018.0,0.08959020517694419,0.6548550823023905,0.11062104161841403,0.0032106318235909565,0.0035560542772484416
IDN.28.12_1,2019.0,0.09526072406935604,0.6517882101126916,0.10675151147281747,0.004424602065346742,0.0035560542772484416
IDN.28.12_1,2020.0,0.08302518189587013,0.6611245996693529,0.10812321797953824,0.0059520481754506485,0.0035560542772484416
IDN.28.12_1,2021.0,0.07614668274644797,0.6571272831825189,0.117998706163295,0.007004288829077784,0.0035560542772484416
IDN.28.12_1,2022.0,0.07607679959108374,0.6436518141667134,0.13022825835203541,0.00826817561037945,0.0035560542772484416
IDN.28.12_1,2023.0,0.0859862310217317,0.6456704390259486,0.11868555774744631,0.00788281992508526,0.0035560542772484416
IDN.28.1_1,2011.0,0.5409383130507762,0.4125321023919429,0.013928661351237933,0.0017121275702895507,0.024896349139739822
IDN.28.1_1,2012.0,0.5216349139739824,0.43167771716323955,0.014086445656735206,0.0017121275702895507,0.024896349139739822
IDN.28.1_1,2013.0,0.522074695761645,0.43197314309693663,0.013351237935375576,0.0017121275702895507,0.024896349139739822
IDN.28.1_1,2014.0,0.5063835501468738,0.44482752832563993,0.013619806966009229,0.004280318925723877,0.024896349139739822
IDN.28.1_1,2015.0,0.4881913554343265,0.46201258917331095,0.012914813260595886,0.005992446496013428,0.024896349139739822
IDN.28.1_1,2016.0,0.4973092740243391,0.4559966428871171,0.013237096097356271,0.002568191355434326,0.024896349139739822
IDN.28.1_1,2017.0,0.5276945027276543,0.4287704574066303,0.012646244229962232,0.0,0.024896349139739822
IDN.28.1_1,2018.0,0.5252807385648343,0.4319429290809904,0.011031472933277381,8.560637851447754E-4,0.024896349139739822
IDN.28.1_1,2019.0,0.523387326898867,0.43341334452370966,0.010598405371380612,0.0017121275702895507,0.024896349139739822
IDN.28.1_1,2020.0,0.4948317247167435,0.46111288292068825,0.010598405371380612,0.002568191355434326,0.024896349139739822
IDN.28.1_1,2021.0,0.5001896768778851,0.4555367184221569,0.00996055392362568,0.0034242551405791015,0.024896349139739822
IDN.28.1_1,2022.0,0.5065312631137222,0.4499202685690306,0.010091481326059587,0.002568191355434326,0.024896349139739822
IDN.28.1_1,2023.0,0.5161225346202266,0.43649853126311366,0.010578262694083086,0.005911875786823332,0.024896349139739822
IDN.28.2_1,2011.0,0.46311541343860424,0.39975131028648686,0.04028966413725842,0.08255960275167461,0.00335418130421988
IDN.28.2_1,2012.0,0.4633713573333625,0.40159088874835475,0.04102590503223719,0.08024996504537653,0.00335418130421988
IDN.28.2_1,2013.0,0.4569876778371303,0.4081538752245719,0.041142907955555225,0.08012535693204281,0.00335418130421988
IDN.28.2_1,2014.0,0.44285547974416106,0.40965619275997567,0.041361995929468265,0.09253614951569548,0.00335418130421988
IDN.28.2_1,2015.0,0.42749533597096884,0.40496700810069697,0.04062634004910608,0.1130227763740675,0.00335418130421988
IDN.28.2_1,2016.0,0.41777678065286417,0.398229687268736,0.04160068189303707,0.12849524295364495,0.00335418130421988
IDN.28.2_1,2017.0,0.42242647682552315,0.41062058935542445,0.04167995137358505,0.11115160712290376,0.00335418130421988
IDN.28.2_1,2018.0,0.42337654056286556,0.4110081615389156,0.04117069614984326,0.11033229415236921,0.00335418130421988
IDN.28.2_1,2019.0,0.4186411397488761,0.4026421600143675,0.04055438325126549,0.12412459875309963,0.00335418130421988
IDN.28.2_1,2020.0,0.41120589647932315,0.41146476544716426,0.040305167024598056,0.12298645281652341,0.00335418130421988
IDN.28.2_1,2021.0,0.41254996756093903,0.41726313781949803,0.04106597853347363,0.11508319785369818,0.00335418130421988
IDN.28.2_1,2022.0,0.4243157815298011,0.4050021089776925,0.04147636628701165,0.11531720370033426,0.00335418130421988
IDN.28.2_1,2023.0,0.42296556779471095,0.4060674205945032,0.04190488949366395,0.11530989101762688,0.00335418130421988
IDN.28.3_1,2011.0,0.8691971597044396,0.0597954512961841,0.06100137969832603,0.0,0.002898296357340701
IDN.28.3_1,2012.0,0.8664755391226419,0.0661685649626365,0.0573498866136716,0.0,0.002898296357340701
IDN.28.3_1,2013.0,0.857899789965048,0.07508255524314417,0.05701164549075758,0.0,0.002898296357340701
IDN.28.3_1,2014.0,0.8481123007021693,0.08366295376325207,0.05821873623352811,0.0,0.002898296357340701
IDN.28.3_1,2015.0,0.8375652218385199,0.09278907120847386,0.05963969765195562,0.0,0.002898296357340701
IDN.28.3_1,2016.0,0.8349348449960645,0.0911524956034465,0.06390665009943818,0.0,0.002898296357340701
IDN.28.3_1,2017.0,0.8361895917046064,0.08684428006364972,0.06691594998680736,0.0,0.002898296357340701
IDN.28.3_1,2018.0,0.8334522795243227,0.0939839573746444,0.06255775379998203,0.0,0.002898296357340701
IDN.28.3_1,2019.0,0.8232370489101304,0.10495122237552197,0.06176155046941118,0.0,0.002898296357340701
IDN.28.3_1,2020.0,0.8170074843113065,0.11362402697560124,0.059362479412041556,0.0,0.002898296357340701
IDN.28.3_1,2021.0,0.8120448709976246,0.11656881695808476,0.06138030274324005,0.0,0.002898296357340701
IDN.28.3_1,2022.0,0.8134268940049948,0.11209438670840237,0.06447270998555203,0.0,0.002898296357340701
IDN.28.3_1,2023.0,0.8265160118233281,0.10260910600895229,0.060868872866669,0.0,0.002898296357340701
IDN.28.4_1,2011.0,0.6011717445376619,0.36460959186690384,0.019817755108547882,0.0013169323881307964,0.0012815050066941648
IDN.28.4_1,2012.0,0.594511396827575,0.3714329055315992,0.019736916265451567,0.0012348052766186046,0.0012815050066941648
IDN.28.4_1,2013.0,0.5871412132203397,0.37875864387848673,0.019667671838098155,0.0013484949643197959,0.0012815050066941648
IDN.28.4_1,2014.0,0.5775648699509142,0.3879562362336443,0.019891830542460843,0.0015030871742250987,0.0012815050066941648
IDN.28.4_1,2015.0,0.574252409786589,0.3904960574155468,0.02005962750362889,0.002107929195479595,0.0012815050066941648
IDN.28.4_1,2016.0,0.5788421880852567,0.38500577949418086,0.020927276281722404,0.002140780040084472,0.0012815050066941648
IDN.28.4_1,2017.0,0.5960814739594258,0.3679413760574672,0.0214805875663418,0.0014286896732081716,0.0012815050066941648
IDN.28.4_1,2018.0,0.596868283894423,0.36765087152968673,0.020604565043545083,0.0018084067887880714,0.0012815050066941648
IDN.28.4_1,2019.0,0.6048974167963795,0.3605006597544625,0.01960229221599237,0.0019317584896083439,0.0012815050066941648
IDN.28.4_1,2020.0,0.5835173141664763,0.38186949003572696,0.01936686116299075,0.00216235853605042,0.0012815050066941648
IDN.28.4_1,2021.0,0.5848506719769095,0.37910196741131813,0.02023193340425251,0.0027314511087643155,0.0012815050066941648
IDN.28.4_1,2022.0,0.6010390528908265,0.36106910819296845,0.02061390498956019,0.004130832675511273,0.0012815050066941648
IDN.28.4_1,2023.0,0.60712386668612,0.3555643372519237,0.020363980916879954,0.003784610538744189,0.0012815050066941648
IDN.28.5_1,2011.0,0.3332873404622282,0.4793413336722278,0.024774423122310766,0.021328588805577222,0.13117772008496564
IDN.28.5_1,2012.0,0.32898458633648603,0.4859243659338061,0.024149888346253687,0.01967284544579799,0.13117772008496564
IDN.28.5_1,2013.0,0.30736914725585934,0.4992756122800963,0.022730161035565792,0.028430856375156563,0.13210362920063168
IDN.28.5_1,2014.0,0.2884588151994334,0.5117808318657974,0.02050071712568761,0.03706541275575966,0.13210362920063168
IDN.28.5_1,2015.0,0.2614876273125032,0.5220130353479417,0.019385995170748523,0.054919119115484416,0.13210362920063168
IDN.28.5_1,2016.0,0.25815072347996565,0.5357310143243583,0.0184056208129845,0.04551841832936943,0.13210362920063168
IDN.28.5_1,2017.0,0.2800421197872223,0.5108549227501312,0.018972059330803714,0.04793667507852068,0.13210362920063168
IDN.28.5_1,2018.0,0.28795047293985204,0.5035783664058382,0.01976362084929466,0.04651331675169292,0.13210362920063168
IDN.28.5_1,2019.0,0.2773370127630216,0.4998347887656357,0.018398358780704765,0.0622356166373159,0.13210362920063168
IDN.28.5_1,2020.0,0.26439607124053643,0.5127248960621625,0.018420144877543967,0.06226466476643482,0.13210362920063168
IDN.28.5_1,2021.0,0.26473375574154406,0.5191009604037685,0.01818412882845263,0.055786931972912554,0.13210362920063168
IDN.28.5_1,2022.0,0.2882591093117407,0.4854668579001829,0.017258219712786613,0.06682159002196758,0.13210362920063168
IDN.28.5_1,2023.0,0.28329914126468275,0.4891196601368888,0.01540640148145457,0.06998057406365164,0.13210362920063168
IDN.28.6_1,2011.0,0.8159290173536777,0.16222682312342696,0.015504534264535895,0.0014236609212863907,4.495771330378076E-4
IDN.28.6_1,2012.0,0.8044598051597355,0.17353706719385717,0.01641279760977763,6.743656995567114E-4,4.495771330378076E-4
IDN.28.6_1,2013.0,0.7857823729327538,0.1920602327575417,0.01690028026579706,2.9971808869187175E-4,4.495771330378076E-4
IDN.28.6_1,2014.0,0.7711194000466625,0.20564510204813252,0.017165618926668395,0.001123942832594519,4.495771330378076E-4
IDN.28.6_1,2015.0,0.7622195358600943,0.21383680878985015,0.01750618095097612,0.0014236609212863907,4.495771330378076E-4
IDN.28.6_1,2016.0,0.7605226025638243,0.21541032875548247,0.018334519472566698,7.492952217296794E-4,4.495771330378076E-4
IDN.28.6_1,2017.0,0.7622589105893929,0.21347185794067824,0.019199588152085195,7.492952217296792E-5,4.4957713303780755E-4
IDN.28.6_1,2018.0,0.7615672082552944,0.21472274019907173,0.018640408227790454,7.492952217296794E-5,4.495771330378076E-4
IDN.28.6_1,2019.0,0.7567493869002043,0.2192185115294498,0.01822462284004634,8.242247439026473E-4,4.495771330378076E-4
IDN.28.6_1,2020.0,0.7582406313120779,0.21723331995376124,0.018716219273753693,8.242247439026472E-4,4.4957713303780755E-4
IDN.28.6_1,2021.0,0.7631316191417605,0.21058780594017756,0.019496661669406258,0.0017983085321512304,4.495771330378076E-4
IDN.28.6_1,2022.0,0.7767385265271081,0.1990786313344097,0.018689479718782164,4.495771330378076E-4,4.495771330378076E-4
IDN.28.6_1,2023.0,0.7986881750635729,0.17825410099559308,0.017630769646667648,2.9971808869187175E-4,4.495771330378076E-4
IDN.28.7_1,2011.0,0.7463021687466739,0.21168182628856821,0.014821484758453811,0.014057776211791028,0.008861455120704242
IDN.28.7_1,2012.0,0.7468106794497584,0.21234838565614164,0.014674021004522529,0.013030169895064406,0.008861455120704242
IDN.28.7_1,2013.0,0.7387053929394298,0.21960078937333022,0.015114382283469724,0.01344327140435665,0.008861455120704242
IDN.28.7_1,2014.0,0.7253878354727902,0.23420303598434639,0.014380253486858056,0.012892711056591588,0.008861455120704242
IDN.28.7_1,2015.0,0.707801659075981,0.2490800552735334,0.014173485234049793,0.015788916583654892,0.008861455120704242
IDN.28.7_1,2016.0,0.6947975889603737,0.2598860889625488,0.015054497789493701,0.017084770633688167,0.008861455120704242
IDN.28.7_1,2017.0,0.6992528213136604,0.25468135794252583,0.015635652878733197,0.017272834044552342,0.008861455120704242
IDN.28.7_1,2018.0,0.6928028408159952,0.260366324904555,0.014922113908137495,0.018751386550783667,0.008861455120704242
IDN.28.7_1,2019.0,0.6797641159932205,0.2726135014159136,0.013900452541176046,0.020566626212008533,0.008861455120704242
IDN.28.7_1,2020.0,0.676434799125948,0.27428620728154895,0.01419929501595713,0.021924394738864487,0.008861455120704242
IDN.28.7_1,2021.0,0.6789783676327937,0.2705503138498484,0.014111280759677597,0.02320473391999841,0.008861455120704242
IDN.28.7_1,2022.0,0.6917845144208534,0.2566581262388337,0.014523367277546525,0.023877963231210726,0.008861455120704242
IDN.28.7_1,2023.0,0.6988800294637512,0.2506983865986337,0.013662799549343824,0.023623345382731552,0.008861455120704242
IDN.28.8_1,2011.0,0.455210815174046,0.37021437593868955,0.037683037306987494,0.12249742068402493,0.00873615583430483
IDN.28.8_1,2012.0,0.45718151818515346,0.3811019131706049,0.03703700302538726,0.11028521472260241,0.00873615583430483
IDN.28.8_1,2013.0,0.44081233186234664,0.40103921065355064,0.03698787319729116,0.10676623339055963,0.00873615583430483
IDN.28.8_1,2014.0,0.42753740639505083,0.418862318477912,0.03734831165575326,0.10185761257503202,0.00873615583430483
IDN.28.8_1,2015.0,0.41355790409398413,0.4249578608413687,0.03776912929547367,0.10932075487292132,0.00873615583430483
IDN.28.8_1,2016.0,0.40324132892970926,0.43506712649736906,0.039635603605853886,0.10765424355446498,0.00873615583430483
IDN.28.8_1,2017.0,0.40751355776634696,0.4358210627378719,0.04055965761560546,0.10171137098392352,0.00873615583430483
IDN.28.8_1,2018.0,0.41040808520857003,0.42978130798295394,0.03942485041803973,0.10598405897783326,0.00873615583430483
IDN.28.8_1,2019.0,0.4052499124157505,0.42654769289541355,0.03982362850870769,0.11397706876752543,0.00873615583430483
IDN.28.8_1,2020.0,0.39667606867707167,0.4247613415289844,0.03936952196677262,0.12477667738186685,0.00873615583430483
IDN.28.8_1,2021.0,0.3971997375457034,0.40546755296264325,0.040520858826127694,0.14239546022022098,0.00873615583430483
IDN.28.8_1,2022.0,0.40896105106609437,0.37162513665668295,0.040879231076866133,0.16404816927108318,0.00873615583430483
IDN.28.8_1,2023.0,0.41211041079423655,0.3827310031713992,0.040335359288269486,0.1503684966685844,0.00873615583430483
IDN.28.9_1,2011.0,0.8741583087350359,0.09398881448883739,0.025412045386649006,0.0,0.0024985714258910392
IDN.28.9_1,2012.0,0.8716491050903111,0.0974595042759241,0.02445055924428692,0.0,0.0024985714258910392
IDN.28.9_1,2013.0,0.8697540684393851,0.09855399739114544,0.02525110277999169,0.0,0.0024985714258910392
IDN.28.9_1,2014.0,0.8675373550500235,0.10032144741606863,0.025700366144430175,0.0,0.0024985714258910392
IDN.28.9_1,2015.0,0.8636918274303333,0.10399227308708153,0.025875068093107405,0.0,0.0024985714258910392
IDN.28.9_1,2016.0,0.8624822561818544,0.1040316748392295,0.02690597637020638,1.063221883357889E-4,0.0024985714258910392
IDN.28.9_1,2017.0,0.8676201195770221,0.09719244795581009,0.028713662046793882,0.0,0.0024985714258910392
IDN.28.9_1,2018.0,0.8657473897381586,0.10005001312349374,0.027728826717973748,0.0,0.0024985714258910392
IDN.28.9_1,2019.0,0.8581251312088778,0.10749569343018531,0.027905404940562796,0.0,0.0024985714258910392
IDN.28.9_1,2020.0,0.8572549570635571,0.10827955897556289,0.027975869449695136,0.0,0.0024985714258910392
IDN.28.9_1,2021.0,0.8619452248933189,0.10393077299775004,0.027683170719453084,0.0,0.0024985714258910392
IDN.28.9_1,2022.0,0.8658597576979877,0.09990011968542818,0.0277461301329382,5.316109416789445E-5,0.0024985714258910392
IDN.28.9_1,2023.0,0.8662425175759967,0.10013319460025055,0.027044195215042904,1.063221883357889E-4,0.0024985714258910392
IDN.29.10_1,2011.0,0.8374745457715546,0.1168325235132921,0.009303993394237063,0.010019179082627963,0.018568510117541785
IDN.29.10_1,2012.0,0.8298871296183591,0.12494958500149682,0.009861930343414137,0.008931596798441988,0.018568510117541785
IDN.29.10_1,2013.0,0.8248387213506284,0.12903278866493184,0.011081759475223453,0.008676972270928392,0.018568510117541785
IDN.29.10_1,2014.0,0.8173085463702846,0.13911578836556712,0.011249535326685899,0.006291923402099501,0.018568510117541785
IDN.29.10_1,2015.0,0.7931922480977177,0.1641986071314606,0.010724495603285774,0.005911631472117956,0.018568510117541785
IDN.29.10_1,2016.0,0.8004460863815354,0.15413600371080705,0.01146007757165838,0.00809140165209868,0.018568510117541785
IDN.29.10_1,2017.0,0.8277040697158006,0.12741950871283023,0.010828450836740935,0.008608546041312337,0.018568510117541785
IDN.29.10_1,2018.0,0.8288370501715586,0.12780309036538945,0.010821871391585546,0.007769666784000105,0.018568510117541785
IDN.29.10_1,2019.0,0.8099277247949679,0.14656635205953078,0.010722521769739157,0.0081828559397586,0.018568510117541785
IDN.29.10_1,2020.0,0.8152860249295175,0.14161137191300655,0.009977070633633464,0.00869276293930133,0.018568510117541785
IDN.29.10_1,2021.0,0.8313477664428555,0.12619178424683444,0.00922635594140346,0.00896909963582771,0.018568510117541785
IDN.29.10_1,2022.0,0.8431433957174387,0.11612457521457212,0.007793352786559509,0.00869276293930133,0.018568510117541785
IDN.29.10_1,2023.0,0.8442428210029042,0.11563835421758882,0.007347924349539603,0.009028314642226221,0.018568510117541785
IDN.29.11_1,2011.0,0.8994736357096975,0.05841997185938496,0.02247535633088192,0.0,0.012745800570239442
IDN.29.11_1,2012.0,0.8913381646432289,0.06708634602503498,0.021944453231700696,0.0,0.012745800570239442
IDN.29.11_1,2013.0,0.887976695279501,0.07046294475169279,0.02198571513060079,0.0,0.012745800570239442
IDN.29.11_1,2014.0,0.8725158617616354,0.08326238579050235,0.024647107609656934,0.0,0.012745800570239442
IDN.29.11_1,2015.0,0.8519165464340778,0.10359762496509933,0.024560457621966736,0.0,0.012745800570239442
IDN.29.11_1,2016.0,0.8583561534557526,0.09834498523511721,0.023373490330273996,0.0,0.012745800570239442
IDN.29.11_1,2017.0,0.881378917645376,0.07646242485176666,0.02249598728033197,0.0,0.012745800570239442
IDN.29.11_1,2018.0,0.8783461680762189,0.0804689552349659,0.021465815204459587,0.0,0.012745800570239442
IDN.29.11_1,2019.0,0.8416134502787239,0.11614949461050832,0.02292511102889296,0.0,0.012745800570239442
IDN.29.11_1,2020.0,0.8359701979058212,0.1230209761740042,0.021696881838300125,0.0,0.012745800570239442
IDN.29.11_1,2021.0,0.8543675032287434,0.10497852318162253,0.021692755648410115,0.0,0.012745800570239442
IDN.29.11_1,2022.0,0.872756556171886,0.08603380999995876,0.02253174759271205,0.0,0.012745800570239442
IDN.29.11_1,2023.0,0.871400415094703,0.08902942386010566,0.021181108102048932,0.0,0.012745800570239442
IDN.29.12_1,2011.0,0.6073070185188646,0.2755776632610002,0.08780697966534831,1.4754499876554018E-4,0.01280493862619868
IDN.29.12_1,2012.0,0.5936827133328546,0.2898010011419983,0.08636398957742135,9.915023917044302E-4,0.01280493862619868
IDN.29.12_1,2013.0,0.5697991125660141,0.3129340896817849,0.0873653283023768,7.406758938030117E-4,0.01280493862619868
IDN.29.12_1,2014.0,0.5370628118732412,0.34905310537958906,0.08448426629314837,2.390228980001751E-4,0.01280493862619868
IDN.29.12_1,2015.0,0.47851203819644944,0.41812973926831465,0.07369577598341204,5.016529958028367E-4,0.01280493862619868
IDN.29.12_1,2016.0,0.458921013260361,0.43833061686596725,0.07308592332184781,5.016529958028367E-4,0.01280493862619868
IDN.29.12_1,2017.0,0.5039507632502788,0.3917063972560566,0.07442956644393935,7.524794937042549E-4,0.01280493862619868
IDN.29.12_1,2018.0,0.5154356659541884,0.3807467547477522,0.07323740285391377,0.0014193828881244965,0.01280493862619868
IDN.29.12_1,2019.0,0.4525805128467433,0.44345337922310674,0.07112849300489166,0.0036768213692372617,0.01280493862619868
IDN.29.12_1,2020.0,0.4422720355996575,0.4528480611111713,0.07179146186601149,0.00392764786713868,0.01280493862619868
IDN.29.12_1,2021.0,0.44297533342710654,0.4432281271916581,0.08262913384200296,0.0020066119832113467,0.01280493862619868
IDN.29.12_1,2022.0,0.46865111411228577,0.4137368328384019,0.0867987555071171,0.00165250398617405,0.01280493862619868
IDN.29.12_1,2023.0,0.4825301803294977,0.402639481664583,0.08251208147631564,0.00315746297358256,0.01280493862619868
IDN.29.13_1,2011.0,0.5470873156707327,0.32056696219262903,0.021645997936376987,0.047545568848618755,0.0320183742143777
IDN.29.13_1,2012.0,0.5385097996657846,0.3313513848063424,0.021356887235804946,0.04584397009187955,0.0320183742143777
IDN.29.13_1,2013.0,0.5213564633198218,0.3537544966887923,0.020395445785808805,0.042384815668613005,0.0320183742143777
IDN.29.13_1,2014.0,0.5112960892054882,0.36595140735867276,0.020204683593349256,0.04087143560843389,0.0320183742143777
IDN.29.13_1,2015.0,0.4631307551893674,0.41291536347828145,0.020673534670816514,0.04217370550895777,0.0320183742143777
IDN.29.13_1,2016.0,0.4621286178049798,0.41443891752205836,0.020485315974256423,0.041270764464649216,0.0320183742143777
IDN.29.13_1,2017.0,0.5153970524273853,0.3656877316170953,0.0193153078605045,0.037844675488075664,0.0320183742143777
IDN.29.13_1,2018.0,0.5359111946885025,0.3465114681990946,0.01972396286835119,0.03613375057970511,0.0320183742143777
IDN.29.13_1,2019.0,0.4980902584954882,0.38126579616932554,0.019728202028183622,0.03959290500297165,0.0320183742143777
IDN.29.13_1,2020.0,0.5018707412340534,0.3769308313246781,0.019417895528449417,0.04045769360878829,0.0320183742143777
IDN.29.13_1,2021.0,0.5255294922588704,0.348787897029112,0.019380590921923995,0.04454678718315459,0.0320183742143777
IDN.29.13_1,2022.0,0.5559463118885544,0.31742320126089574,0.018382692697368915,0.046060167243333706,0.0320183742143777
IDN.29.13_1,2023.0,0.5709597203511042,0.30639545087280057,0.017665426853721005,0.042613730299564466,0.0320183742143777
IDN.29.1_1,2011.0,0.641563267813268,0.21101658476658477,0.11194410319410325,0.008614864864864865,0.008046683046683049
IDN.29.1_1,2012.0,0.6331633906633908,0.22507371007371013,0.1094195331695332,0.005482186732186732,0.008046683046683049
IDN.29.1_1,2013.0,0.6317690417690419,0.2300307125307126,0.10350737100737101,0.007831695331695332,0.008046683046683049
IDN.29.1_1,2014.0,0.6176873464373466,0.24591523341523358,0.09972051597051597,0.010181203931203931,0.008046683046683049
IDN.29.1_1,2015.0,0.5943028255528258,0.2789281326781328,0.08774262899262898,0.012530712530712532,0.008046683046683049
IDN.29.1_1,2016.0,0.6198187960687963,0.26579852579852586,0.07535626535626536,0.011747542997543,0.008829852579852582
IDN.29.1_1,2017.0,0.6314465601965604,0.25771805896805905,0.07415847665847664,0.009398034398034398,0.008829852579852582
IDN.29.1_1,2018.0,0.6431756756756759,0.25571253071253075,0.060254914004914,0.013578009828009828,0.008829852579852582
IDN.29.1_1,2019.0,0.6281910319410322,0.2793796068796069,0.04217444717444719,0.022976044226044226,0.009613022113022115
IDN.29.1_1,2020.0,0.620482186732187,0.2773249385749386,0.045672604422604436,0.02845823095823096,0.010396191646191648
IDN.29.1_1,2021.0,0.6041400491400495,0.2822358722358723,0.05893427518427519,0.025844594594594598,0.011179361179361181
IDN.29.1_1,2022.0,0.6096222358722362,0.28347051597051603,0.06239864864864865,0.015663390663390665,0.011179361179361181
IDN.29.1_1,2023.0,0.6328961916461919,0.27593058968058976,0.04039926289926291,0.02192874692874693,0.011179361179361181
IDN.29.2_1,2011.0,0.9470345233783799,0.03607758814361526,0.01106623337182317,0.0,0.0015423001113552591
IDN.29.2_1,2012.0,0.9428823851354541,0.03869771188491378,0.012598247873450185,0.0,0.0015423001113552591
IDN.29.2_1,2013.0,0.9412989425851859,0.040262207259366814,0.012617195049265359,0.0,0.0015423001113552591
IDN.29.2_1,2014.0,0.9301915667744498,0.052203258805970654,0.011783519313397656,0.0,0.0015423001113552591
IDN.29.2_1,2015.0,0.9061800815378186,0.07640908793167757,0.011589175424322001,0.0,0.0015423001113552591
IDN.29.2_1,2016.0,0.8992795201059316,0.08243537253666416,0.012463452251222227,0.0,0.0015423001113552591
IDN.29.2_1,2017.0,0.9177605953960535,0.06464235040257335,0.011775399095191152,0.0,0.0015423001113552591
IDN.29.2_1,2018.0,0.9155735499591019,0.0670112887273507,0.01159350620736547,0.0,0.0015423001113552591
IDN.29.2_1,2019.0,0.903220532675488,0.0800951256495498,0.010862686568780141,0.0,0.0015423001113552591
IDN.29.2_1,2020.0,0.8982774851792492,0.08503654910214749,0.010864310612421444,0.0,0.0015423001113552591
IDN.29.2_1,2021.0,0.9051547686522773,0.07797899678493495,0.011044579456605823,0.0,0.0015423001113552591
IDN.29.2_1,2022.0,0.9190847323115942,0.06305349437350082,0.012040118208723171,0.0,0.0015423001113552591
IDN.29.2_1,2023.0,0.9326563236740638,0.050077385679507994,0.011306591830735678,1.3804370951056198E-4,0.0015423001113552591
IDN.29.3_1,2011.0,0.8624470105119839,0.08665698047463784,0.026066804274394735,0.00656210509373348,0.010811051829102506
IDN.29.3_1,2012.0,0.8592670974702079,0.09066884750990183,0.024820504566503022,0.00669913281030796,0.010811051829102506
IDN.29.3_1,2013.0,0.8427074066743379,0.10982880235600664,0.02305219450975615,0.006144496814649346,0.010811051829102506
IDN.29.3_1,2014.0,0.8198379157866809,0.1342512740315076,0.02297715552210821,0.0046665550144531585,0.010811051829102506
IDN.29.3_1,2015.0,0.7977938537631513,0.15727736802382097,0.02089998934228869,0.005761689225488893,0.010811051829102506
IDN.29.3_1,2016.0,0.7912143483244558,0.16456267495503088,0.020748823845432723,0.005761689225488893,0.010811051829102506
IDN.29.3_1,2017.0,0.8109974530245068,0.14662618186405538,0.01834757624069896,0.006039007223318199,0.010811051829102506
IDN.29.3_1,2018.0,0.8076652869643146,0.149934422449925,0.01811593414839448,0.006294574789945207,0.010811051829102506
IDN.29.3_1,2019.0,0.7767013731047224,0.181417084093692,0.017293767848947594,0.0068753113030465786,0.010811051829102506
IDN.29.3_1,2020.0,0.7621111838542206,0.19601814855979505,0.01645855129077933,0.007699652645613695,0.010811051829102506
IDN.29.3_1,2021.0,0.7647027477319743,0.1915723604220452,0.017480821557287363,0.007699652645613695,0.010811051829102506
IDN.29.3_1,2022.0,0.7957406130576544,0.1611696076874723,0.017677662959668165,0.007145016649955081,0.010811051829102506
IDN.29.3_1,2023.0,0.8196073612159366,0.13979872150965383,0.0149044829813751,0.007422334647784388,0.010811051829102506
IDN.29.4_1,2011.0,0.7915423976255981,0.17444301772610527,0.022813507301960495,0.0034179005237367894,0.0053752884888723955
IDN.29.4_1,2012.0,0.7871735076874156,0.17681476966662957,0.022767734537237322,0.00546081128611832,0.0053752884888723955
IDN.29.4_1,2013.0,0.7848144034845121,0.1782481799303289,0.023296530424433956,0.005857709338125817,0.0053752884888723955
IDN.29.4_1,2014.0,0.7728279618592417,0.188714483948214,0.02267739355423106,0.007996983815714025,0.0053752884888723955
IDN.29.4_1,2015.0,0.7660680472374936,0.19630674016005994,0.021711347309284135,0.008130688470563288,0.0053752884888723955
IDN.29.4_1,2016.0,0.7564581757385076,0.20314916621295398,0.021813733756691232,0.010795747469247921,0.0053752884888723955
IDN.29.4_1,2017.0,0.7747612588955756,0.18913426838258307,0.02175712007400731,0.006564175825234761,0.0053752884888723955
IDN.29.4_1,2018.0,0.7678405373240763,0.19397654507171855,0.021761335986547604,0.008638404795058462,0.0053752884888723955
IDN.29.4_1,2019.0,0.7589305073067788,0.1941572270377311,0.021934188400699578,0.01719490043219125,0.0053752884888723955
IDN.29.4_1,2020.0,0.7476649867258984,0.2034394619050141,0.021428881169084573,0.019683493377403657,0.0053752884888723955
IDN.29.4_1,2021.0,0.7527794909104927,0.20098339171368398,0.022323256900846532,0.01613068365237752,0.0053752884888723955
IDN.29.4_1,2022.0,0.764199795708924,0.18928122304827324,0.024068042419307406,0.01466776200089617,0.0053752884888723955
IDN.29.4_1,2023.0,0.7597676670826371,0.19597187624971676,0.021892029275296657,0.014585250569750454,0.0053752884888723955
IDN.29.5_1,2011.0,0.7710424041403703,0.16580213820786507,0.009056913700722322,0.044823863912429845,0.007792171300152848
IDN.29.5_1,2012.0,0.7678461562777877,0.16758202678408884,0.009884659942057769,0.04541247695745304,0.007792171300152848
IDN.29.5_1,2013.0,0.7683671563872565,0.168672907350375,0.011071545022897665,0.04261371120085843,0.007792171300152848
IDN.29.5_1,2014.0,0.7579963272419248,0.1784709290719818,0.010414148255556999,0.04384391539192381,0.007792171300152848
IDN.29.5_1,2015.0,0.7446408699413961,0.18677473418750037,0.009410783999793946,0.04989893183269693,0.007792171300152848
IDN.29.5_1,2016.0,0.7432204129013675,0.18466585453091558,0.00965606382661117,0.05318298870249315,0.007792171300152848
IDN.29.5_1,2017.0,0.7644795589412107,0.16758056330063534,0.010549374126666254,0.04811582359287531,0.007792171300152848
IDN.29.5_1,2018.0,0.7569988169199761,0.17309321277351783,0.010273068450633489,0.05036022181726011,0.007792171300152848
IDN.29.5_1,2019.0,0.7414645254537822,0.18118393469819755,0.009481031205564988,0.058595828603842666,0.007792171300152848
IDN.29.5_1,2020.0,0.7378061095165643,0.18438164604423352,0.00971518855813513,0.058822375842454276,0.007792171300152848
IDN.29.5_1,2021.0,0.7473342648893343,0.17471211816984966,0.011006566357559451,0.05767237054464418,0.007792171300152848
IDN.29.5_1,2022.0,0.764197984724745,0.16046217978250302,0.010654159541941391,0.05541099591219804,0.007792171300152848
IDN.29.5_1,2023.0,0.7715414519980353,0.157221734719623,0.009444736815916618,0.05251739642781253,0.007792171300152848
IDN.29.7_1,2011.0,0.8326455741010081,0.008058806781017466,0.143702241614147,0.0,9.724819354987656E-4
IDN.29.7_1,2012.0,0.8298926133696555,0.008849489422936343,0.14566451970358066,0.0,9.724819354987656E-4
IDN.29.7_1,2013.0,0.8372434609968379,0.007320066794407128,0.13984309470492737,0.0,9.724819354987656E-4
IDN.29.7_1,2014.0,0.8458620941739584,0.008507052658309677,0.12992589514509323,0.0,9.724819354987656E-4
IDN.29.7_1,2015.0,0.8687409100353217,0.010060522812444697,0.1054936091295951,0.0,9.724819354987656E-4
IDN.29.7_1,2016.0,0.8723509245792654,0.012199790690337137,0.09974432670775915,0.0,9.724819354987656E-4
IDN.29.7_1,2017.0,0.8737716523920562,0.012012219990611852,0.09853810282337198,0.0,9.724819354987656E-4
IDN.29.7_1,2018.0,0.8756550545975028,0.010202884164031064,0.09857561696331703,0.0,9.724819354987656E-4
IDN.29.7_1,2019.0,0.8791890789605319,0.011761163823287245,0.09348331294103171,0.0,9.724819354987656E-4
IDN.29.7_1,2020.0,0.8773326099837638,0.013723441912720957,0.09326592330955522,0.0,9.724819354987656E-4
IDN.29.7_1,2021.0,0.865441589522205,0.010785796184715785,0.108094589499119,0.0,9.724819354987656E-4
IDN.29.7_1,2022.0,0.8549674492693404,0.008823518095282073,0.12053100784141726,0.0,9.724819354987656E-4
IDN.29.7_1,2023.0,0.8530042092788824,0.010049941901178142,0.12126782402597912,0.0,9.724819354987656E-4
IDN.29.8_1,2017.0,0.18800007712032693,0.3957622380318892,0.002853452098636897,0.024582104228121918,0.38880212852102486
IDN.29.9_1,2011.0,0.15230979237014144,0.4620482793304113,0.10806571353306027,0.026576382402950387,0.2317455755921162
IDN.29.9_1,2012.0,0.1336123284718729,0.48100318509471424,0.10683238738415111,0.027552266685825118,0.2317455755921162
IDN.29.9_1,2013.0,0.12169217137246442,0.5006525851952961,0.10826328519769136,0.01839212587111142,0.2317455755921162
IDN.29.9_1,2014.0,0.12059055966664266,0.5128661062815811,0.10325813636037068,0.012285365327968957,0.2317455755921162
IDN.29.9_1,2015.0,0.10113274421055149,0.5324735972411806,0.09713940177694752,0.0182544244078837,0.2317455755921162
IDN.29.9_1,2016.0,0.10761668702253509,0.5314378427569025,0.09446919079435778,0.01547644706276791,0.2317455755921162
IDN.29.9_1,2017.0,0.12380558948200296,0.5237505088967114,0.09228392844313524,0.00763345067892808,0.2332722657279018
IDN.29.9_1,2018.0,0.1396652058337524,0.5020475608879942,0.09367890413583348,0.010555116507411927,0.23479895586368743
IDN.29.9_1,2019.0,0.11560935890988333,0.5114232344277602,0.09309217616208056,0.025822017865268086,0.23479895586368743
IDN.29.9_1,2020.0,0.10716766051200989,0.5196673611610025,0.09176305769092603,0.0273487080010537,0.23479895586368743
IDN.29.9_1,2021.0,0.12275786095744419,0.4932586153219814,0.09176305769092603,0.0381672533946404,0.23479895586368743
IDN.29.9_1,2022.0,0.12384151160284498,0.48652920468424415,0.10136623799602458,0.03420983308187847,0.23479895586368743
IDN.29.9_1,2023.0,0.12436238235505419,0.47483655435016836,0.09879780635582054,0.04642335416816339,0.23632564599947303
IDN.3.1_1,2011.0,0.27625181483607403,0.635848330350812,0.051387041226322726,0.0038116622210217104,6.685349630279907E-5
IDN.3.1_1,2012.0,0.25395684910693195,0.6632501603808622,0.046316980112773076,0.0037748590336630986,6.685349630279907E-5
IDN.3.1_1,2013.0,0.2361012256474323,0.6833055339838606,0.04463382516797786,0.0032582638349596517,6.685349630279907E-5
IDN.3.1_1,2014.0,0.2197258331363745,0.7027001384340076,0.042473917007124294,0.0023989600567241795,6.685349630279907E-5
IDN.3.1_1,2015.0,0.19951379275416156,0.7250248168281733,0.039373670527062164,0.0033865685248337103,6.685349630279907E-5
IDN.3.1_1,2016.0,0.19712293615153464,0.7249481716581694,0.042870986257892436,0.0023567545666340283,6.685349630279907E-5
IDN.3.1_1,2017.0,0.20279873045885818,0.7185356383158322,0.044309349360164785,0.001655130499375359,6.685349630279907E-5
IDN.3.1_1,2018.0,0.20338319208562658,0.7168602491812136,0.0439497585845967,0.0031056487827936666,6.685349630279907E-5
IDN.3.1_1,2019.0,0.19015565384745248,0.7319306479386842,0.04181179727859001,0.0034007495695040006,6.685349630279907E-5
IDN.3.1_1,2020.0,0.1741145288179087,0.7488172333457138,0.04104804672991864,0.0033190397406894683,6.685349630279907E-5
IDN.3.1_1,2021.0,0.17228483641152048,0.7466873754938046,0.04397440659080934,0.004352230138096363,6.685349630279907E-5
IDN.3.1_1,2022.0,0.16522335145355713,0.7499290947766486,0.04452240267413986,0.007623999729884864,6.685349630279907E-5
IDN.3.1_1,2023.0,0.14801364081439716,0.7661630144849247,0.042945605564371825,0.01017658777053719,6.685349630279907E-5
IDN.3.2_1,2011.0,0.36448280932358246,0.5775481820524127,0.041525260251206265,0.009257483107447279,0.0012459142887591155
IDN.3.2_1,2012.0,0.3330969927276696,0.6123018522790271,0.038438533231350686,0.00898175240084013,0.0012459142887591155
IDN.3.2_1,2013.0,0.29968474429484265,0.6454480826328769,0.03961726851233566,0.008063639294593427,0.0012459142887591155
IDN.3.2_1,2014.0,0.27057033358828947,0.6785770460931617,0.03574570722093389,0.007926043736501798,0.0012459142887591155
IDN.3.2_1,2015.0,0.2343551826985723,0.716230745052966,0.03334129229208565,0.008891910595262653,0.0012459142887591155
IDN.3.2_1,2016.0,0.19853690056562537,0.753095562813045,0.03301349110957324,0.008143228882117017,0.0012459142887591155
IDN.3.2_1,2017.0,0.20515686568110453,0.7446113127830304,0.03585227632965193,0.0071687285765739414,0.0012459142887591155
IDN.3.2_1,2018.0,0.21357663465546453,0.73392283587143,0.03814229808863578,0.007108564244310346,0.0012459142887591155
IDN.3.2_1,2019.0,0.2005134202883299,0.748235741660291,0.037167797783092704,0.0069021709071729,0.0012459142887591155
IDN.3.2_1,2020.0,0.22664416574599028,0.7193093782164633,0.03776215663500615,0.009103430041427042,0.0012459142887591155
IDN.3.2_1,2021.0,0.23491042124475386,0.7061258351848015,0.04026046029761105,0.011522413911720293,0.0012459142887591155
IDN.3.2_1,2022.0,0.233532577097354,0.7052927075703175,0.041135406169946646,0.012858439801268828,0.0012459142887591155
IDN.3.2_1,2023.0,0.19648969449739148,0.7427831804268954,0.04022484732963438,0.013316012480726485,0.0012459142887591155
IDN.3.3_1,2011.0,0.2418071972959038,0.6765555741654875,0.020924304028845122,0.04927880652601958,0.0031022902964738014
IDN.3.3_1,2012.0,0.2221836835444097,0.7062539481996211,0.019739569389622097,0.04062826543858703,0.0032143894923928632
IDN.3.3_1,2013.0,0.2010817792208536,0.7289696413397219,0.02054580439085958,0.03820824162080494,0.0032143894923928632
IDN.3.3_1,2014.0,0.18033727351016884,0.7495413824072841,0.018355693825884027,0.04036801946217886,0.003326488688311925
IDN.3.3_1,2015.0,0.15847836991064165,0.7676297965817219,0.017918287159454746,0.0443517171618594,0.003326488688311925
IDN.3.3_1,2016.0,0.13123650688355015,0.7917227712152127,0.018379872083827353,0.047151119827006795,0.003326488688311925
IDN.3.3_1,2017.0,0.1331272466547183,0.7925751647088876,0.020690873938519545,0.042257440419277405,0.003326488688311925
IDN.3.3_1,2018.0,0.1393696332509955,0.782765386054245,0.021764388591203266,0.044842315995764,0.003326488688311925
IDN.3.3_1,2019.0,0.13097582130245208,0.7919878528432095,0.020118069027607634,0.045408526836327734,0.003326488688311925
IDN.3.3_1,2020.0,0.13335628069814512,0.783468313953361,0.020644715446082283,0.051272413794619366,0.003326488688311925
IDN.3.3_1,2021.0,0.13394007572630395,0.7754195916863722,0.021586348691802405,0.05777680478606422,0.003326488688311925
IDN.3.3_1,2022.0,0.128914514911611,0.7730285817781222,0.021123884558050043,0.06567474264442448,0.003326488688311925
IDN.3.3_1,2023.0,0.1102880245967617,0.791961916166507,0.020141807680861084,0.06634997544807811,0.003326488688311925
IDN.3.4_1,2011.0,0.24048672382791875,0.6407582536052377,0.027856695596226156,0.08335976929543322,0.0018883893892750207
IDN.3.4_1,2012.0,0.22515620621709997,0.6648758297009152,0.025497565231933278,0.07693184117486736,0.0018883893892750207
IDN.3.4_1,2013.0,0.21327406571480179,0.680362729059367,0.024406722755586814,0.07456345556428598,0.0018883893892750207
IDN.3.4_1,2014.0,0.18983499491599748,0.7040350958939261,0.023077477900705894,0.0756594043834123,0.0018883893892750207
IDN.3.4_1,2015.0,0.16494444618201942,0.7275182088992066,0.02192631675027239,0.07821800126254326,0.0018883893892750207
IDN.3.4_1,2016.0,0.15134051072363897,0.7394708807611514,0.021952167610595406,0.07984564802362194,0.0018883893892750207
IDN.3.4_1,2017.0,0.1600758674878517,0.7307154177722431,0.02271141695267505,0.07915278113768041,0.0018883893892750207
IDN.3.4_1,2018.0,0.16276180379005523,0.7252366311158827,0.022116847165245722,0.08254020127926653,0.0018883893892750207
IDN.3.4_1,2019.0,0.15137274451243682,0.7335768846075044,0.021084089338020105,0.08661474367116687,0.0018883893892750207
IDN.3.4_1,2020.0,0.1481273445294154,0.7242568515949982,0.021856742829896872,0.09838103402164708,0.0018883893892750207
IDN.3.4_1,2021.0,0.14719033062931206,0.710568980627174,0.02303279740138216,0.11185124712848007,0.0018883893892750207
IDN.3.4_1,2022.0,0.14269930215442986,0.7048304087818885,0.023421836891922343,0.12178021151748382,0.0018883893892750207
IDN.3.4_1,2023.0,0.13297140001238286,0.7208346444932245,0.024034278879081168,0.11481069191582961,0.0019691334344814734
IDN.3.5_1,2011.0,0.3826283209752367,0.553077812758576,0.03670878905965942,0.013356235423072462,3.551660975589215E-4
IDN.3.5_1,2012.0,0.358571558696938,0.5766378017667976,0.03583197275631084,0.014754701932210713,3.551660975589215E-4
IDN.3.5_1,2013.0,0.34345709800211377,0.5924342732222361,0.03518899964866107,0.014715664279246261,3.551660975589215E-4
IDN.3.5_1,2014.0,0.312647587205141,0.6241519835337642,0.034342035668167646,0.014556834612773253,3.551660975589215E-4
IDN.3.5_1,2015.0,0.2834030270255373,0.6517982962743529,0.03458659508232729,0.015983239834327242,3.551660975589215E-4
IDN.3.5_1,2016.0,0.2790794155986805,0.6545707350790047,0.0369173725975577,0.015212054827235403,3.551660975589215E-4
IDN.3.5_1,2017.0,0.2965437899131295,0.637060816836097,0.03746543062741155,0.014725997775619204,3.551660975589215E-4
IDN.3.5_1,2018.0,0.286395148308636,0.6441032859753015,0.037741373252777904,0.017556227615541858,3.551660975589215E-4
IDN.3.5_1,2019.0,0.28050007998891613,0.6483522665950204,0.03595597471278614,0.02098771385553463,3.551660975589215E-4
IDN.3.5_1,2020.0,0.2772469422418786,0.6501200599189694,0.03571218074280228,0.022749383626077428,3.551660975589215E-4
IDN.3.5_1,2021.0,0.2838389474836403,0.6376647522907823,0.03794268507100635,0.026382181684298636,3.551660975589215E-4
IDN.3.5_1,2022.0,0.29923202985844616,0.6215245964004215,0.038631202107114654,0.026440738163745314,3.551660975589215E-4
IDN.3.5_1,2023.0,0.2897087561455597,0.6301113491642492,0.03759555613729306,0.028315310950214712,4.527602299700477E-4
IDN.3.6_1,2011.0,0.3695684868312114,0.5641046980455523,0.047286313448624405,0.002055669524720424,0.004973993625988137
IDN.3.6_1,2012.0,0.33307507207094633,0.6023234219589119,0.04570632906258776,0.0019187938720263394,0.005081719834127
IDN.3.6_1,2013.0,0.30675734819476297,0.6291658358370893,0.045055324800854474,0.0020696105634207475,0.005081719834127
IDN.3.6_1,2014.0,0.2591246210572214,0.6779303218436661,0.04378669027912504,0.002244084775033887,0.005081719834127
IDN.3.6_1,2015.0,0.23154840159654516,0.7056628499200733,0.043839497243898996,0.0020700330191389393,0.005081719834127
IDN.3.6_1,2016.0,0.23340636184515198,0.701034425071566,0.046320579676838364,0.0019517454180452856,0.005404898458543589
IDN.3.6_1,2017.0,0.27605284414087783,0.6584293434362228,0.04683513074159575,0.0013045432577757233,0.005620350874821316
IDN.3.6_1,2018.0,0.28596112055534423,0.648652028294396,0.04638521540172168,0.0014122694659145865,0.005835803291099041
IDN.3.6_1,2019.0,0.2887298953323722,0.646767030879825,0.04528852035729624,0.0015022525338894016,0.005943529499237905
IDN.3.6_1,2020.0,0.30657231259019524,0.6275854289953344,0.04609287604473306,0.0018195167782513084,0.006158981915515631
IDN.3.6_1,2021.0,0.3401533176292472,0.592193356292395,0.04732306709610707,0.0024413715954293737,0.006158981915515631
IDN.3.6_1,2022.0,0.3661812368827511,0.5635331154588392,0.04926594094407034,0.0031308193275180977,0.006158981915515631
IDN.3.6_1,2023.0,0.3538366583414738,0.5782797772137541,0.0467671153709669,0.0032165778383109966,0.006158981915515631
IDN.3.7_1,2011.0,0.039710222699221906,0.5545300062606209,0.062373669618102145,0.09357839191485559,0.21447992129505414
IDN.3.7_1,2012.0,0.034540738753242116,0.586727484124855,0.05073785886772204,0.0781862087469815,0.21447992129505414
IDN.3.7_1,2013.0,0.027725605938645922,0.605214202665236,0.04182094624809946,0.07315088095876936,0.21676057597710405
IDN.3.7_1,2014.0,0.025444951256596016,0.6215097039620788,0.03497898220194975,0.06369734370807621,0.21904123065915393
IDN.3.7_1,2015.0,0.019085949378409805,0.6244790269206693,0.03053394150791522,0.07153206332170647,0.21904123065915393
IDN.3.7_1,2016.0,0.00996333065021018,0.6300688668276543,0.03310973973705394,0.07248904391378233,0.21904123065915393
IDN.3.7_1,2017.0,0.008120919416867904,0.6245774081030321,0.032778821214560425,0.08015383239424025,0.21904123065915393
IDN.3.7_1,2018.0,0.008120919416867904,0.6272784187460874,0.030498166532510515,0.07973347643323497,0.21904123065915393
IDN.3.7_1,2019.0,0.008120919416867904,0.638234504963778,0.032778821214560425,0.06649673553349433,0.21904123065915393
IDN.3.7_1,2020.0,0.012243985332260086,0.6308111975673019,0.03965656023611485,0.06291923799302389,0.21904123065915393
IDN.3.7_1,2021.0,0.012288704051515968,0.6211519542080316,0.037295411859404354,0.07489491100974868,0.21904123065915393
IDN.3.7_1,2022.0,0.01636705124765227,0.616286557552992,0.037814149002772565,0.07516322332528397,0.21904123065915393
IDN.3.7_1,2023.0,0.018647705929702177,0.5922010553617747,0.0381361237814149,0.09432966639835437,0.22135766031660856
IDN.30.10_1,2011.0,0.6343669857092261,0.11320107931116392,0.010993668932537363,0.10760254380612223,0.12733254532808183
IDN.30.10_1,2012.0,0.629471111926616,0.11897314665858745,0.01156831536140851,0.1057889938140165,0.127695255326503
IDN.30.10_1,2013.0,0.6294469312600546,0.11985502979200358,0.011436032891396093,0.10470086381875307,0.12805796532492414
IDN.30.10_1,2014.0,0.6353427467245865,0.12026610112354756,0.011295216068479648,0.09817208384717246,0.12842067532334528
IDN.30.10_1,2015.0,0.6434105550031933,0.12115651860986769,0.008594093374355122,0.09155227077794892,0.12878338532176642
IDN.30.10_1,2016.0,0.6368846198159139,0.1211764320999771,0.011135908147604479,0.0951537677034483,0.12914609532018756
IDN.30.10_1,2017.0,0.639003984120414,0.11851798117037268,0.012400414769551133,0.08935040772870997,0.1342240352980836
IDN.30.10_1,2018.0,0.6418857506176738,0.11953499155810257,0.01059824391465078,0.08580296170493612,0.13567487529176817
IDN.30.10_1,2019.0,0.6436438273159034,0.11695903937323712,0.010666518737882996,0.08546443237307638,0.1367630052870316
IDN.30.10_1,2020.0,0.6384492511816524,0.11612551757294383,0.009407701684539025,0.09202592736412243,0.13748842528387392
IDN.30.10_1,2021.0,0.629064307771524,0.12198150605725695,0.008686548864148748,0.09409977511980097,0.1396646852744008
IDN.30.10_1,2022.0,0.6269250299769145,0.1168808078049502,0.009190075685486337,0.09865996435485269,0.14184094526492766
IDN.30.10_1,2023.0,0.6405657707018511,0.11003483438376992,0.008743444550175592,0.09194911818798618,0.1422036552633488
IDN.30.11_1,2011.0,0.1383692937992494,0.609339254474499,0.07684026375992466,0.07625712106939399,0.08147550053080937
IDN.30.11_1,2012.0,0.10140701864561373,0.6272222969841058,0.07685521613660493,0.09532140133674248,0.08147550053080937
IDN.30.11_1,2013.0,0.07932235828885002,0.6495611477444341,0.09077587882593938,0.08114654824384336,0.08147550053080937
IDN.30.11_1,2014.0,0.06321864860419564,0.686583232404791,0.07455255012784281,0.07645150196623754,0.08147550053080937
IDN.30.11_1,2015.0,0.12045634653628196,0.647363148372434,0.07559921649546196,0.05738722169888904,0.08147550053080937
IDN.30.11_1,2016.0,0.1705916655452384,0.6202993465811393,0.06797350438852257,0.04194141658816669,0.08147550053080937
IDN.30.11_1,2017.0,0.18578328025239615,0.6220637270294114,0.058643221340032005,0.0343157044812273,0.08147550053080937
IDN.30.11_1,2018.0,0.1614109062635506,0.6602670494475098,0.044812272910779175,0.0343157044812273,0.08147550053080937
IDN.30.11_1,2019.0,0.11145501577475742,0.6870916132119201,0.04125360726087412,0.06100569685551519,0.08147550053080937
IDN.30.11_1,2020.0,0.08407721407317692,0.7250108404730934,0.03452503775475112,0.05337998474857579,0.08528835658427908
IDN.30.11_1,2021.0,0.06982759909687646,0.7287040775131209,0.021860374706559604,0.07540483559861841,0.08648454671870094
IDN.30.11_1,2022.0,0.06616426681020948,0.6944332301619345,0.02380418367499514,0.11139520626803631,0.08648454671870094
IDN.30.11_1,2023.0,0.09137397389315031,0.688990565050315,0.015206567083837975,0.10022578088787214,0.08648454671870094
IDN.30.12_1,2011.0,0.5093682147023528,0.454498100769405,0.006643912801451286,0.025847447448701967,8.488312708291338E-4
IDN.30.12_1,2012.0,0.5180646229267473,0.45131348218733713,0.006467932402638972,0.020511638205187917,8.488312708291338E-4
IDN.30.12_1,2013.0,0.5155831426443849,0.45834773726805306,0.006507880475366396,0.015918915334106876,8.488312708291338E-4
IDN.30.12_1,2014.0,0.5317963160043991,0.44496983267762785,0.006063229705073559,0.013528297334810799,8.488312708291338E-4
IDN.30.12_1,2015.0,0.5823818033134446,0.3960370989657365,0.0054585255453564645,0.012480247897373658,8.488312708291338E-4
IDN.30.12_1,2016.0,0.5904964840474031,0.38725191724639235,0.0063000460577779666,0.012309228370337951,8.488312708291338E-4
IDN.30.12_1,2017.0,0.5993704392616969,0.3797510791201606,0.006968980452076409,0.010267176887977247,8.488312708291338E-4
IDN.30.12_1,2018.0,0.6132958674371509,0.3694000896090101,0.006152786495567068,0.00750893218018304,8.488312708291338E-4
IDN.30.12_1,2019.0,0.625717368168749,0.35757833216535256,0.005931113856707045,0.007130861531102576,8.488312708291338E-4
IDN.30.12_1,2020.0,0.5986443242927104,0.38257955932837096,0.00633842753941804,0.008795364561411936,8.488312708291338E-4
IDN.30.12_1,2021.0,0.5688015473742367,0.4065366535316706,0.006835820209651661,0.01418365460635221,8.488312708291338E-4
IDN.30.12_1,2022.0,0.5482617105294766,0.4210401538183568,0.006824070776496536,0.02023174059758139,8.488312708291338E-4
IDN.30.12_1,2023.0,0.5990244837299072,0.38034847252147,0.0060083990170163104,0.010976320453517674,8.488312708291338E-4
IDN.30.13_1,2011.0,0.8534330315289094,0.1317708092934522,6.32791713257508E-4,0.01397352995040403,1.898375139772524E-4
IDN.30.13_1,2012.0,0.8500722871474794,0.13607205586831198,5.062333706060064E-4,0.013159586099625746,1.898375139772524E-4
IDN.30.13_1,2013.0,0.8487724585223645,0.13847840145398177,3.796750279545048E-4,0.012179627481722254,1.898375139772524E-4
IDN.30.13_1,2014.0,0.8457822074852066,0.14233197891091345,5.062333706060064E-4,0.01112646354797133,2.531166853030032E-4
IDN.30.13_1,2015.0,0.8547747981146282,0.1349340233989006,5.062333706060064E-4,0.009531828430562408,2.531166853030032E-4
IDN.30.13_1,2016.0,0.8536186504314649,0.13533082102615504,3.796750279545048E-4,0.010354457657797168,3.16395856628754E-4
IDN.30.13_1,2017.0,0.8644540297913378,0.12379937078169886,6.32791713257508E-4,0.010797411857077424,3.16395856628754E-4
IDN.30.13_1,2018.0,0.8650146088031999,0.12453564255159495,6.960708845832588E-4,0.009437281903993344,3.16395856628754E-4
IDN.30.13_1,2019.0,0.8611166118495337,0.12893987287586722,8.226292272347605E-4,0.008804490190735837,3.16395856628754E-4
IDN.30.13_1,2020.0,0.853949191044037,0.1347151519121974,0.0010124667412120128,0.010006794445925102,3.16395856628754E-4
IDN.30.13_1,2021.0,0.8519145795707043,0.13467271764436722,6.32791713257508E-4,0.012463515215042487,3.16395856628754E-4
IDN.30.13_1,2022.0,0.8481088957610896,0.13619042514173302,5.062333706060064E-4,0.014878049869942704,3.16395856628754E-4
IDN.30.13_1,2023.0,0.8656885940162223,0.11943211534576989,7.593500559090096E-4,0.01380354472547015,3.16395856628754E-4
IDN.30.15_1,2011.0,0.7187181327431336,0.2623209394135353,0.009400470807472895,0.005864615173925828,8.416875475359081E-4
IDN.30.15_1,2012.0,0.7123217233460545,0.26855336292651927,0.008759246004103969,0.006669825861389852,8.416875475359081E-4
IDN.30.15_1,2013.0,0.7046431843146942,0.2755065243983798,0.009497582448102867,0.006647907748101043,8.416875475359081E-4
IDN.30.15_1,2014.0,0.7161157967522156,0.26534979868932884,0.008753006541196937,0.006058838455185777,8.416875475359081E-4
IDN.30.15_1,2015.0,0.7453558397693125,0.23798495425513763,0.008041067824881636,0.004895578588595093,8.416875475359081E-4
IDN.30.15_1,2016.0,0.7554360920611953,0.22780167083217473,0.008470470861868213,0.004569206682688754,8.416875475359081E-4
IDN.30.15_1,2017.0,0.7668859864542861,0.21567279488581614,0.009679806762233907,0.004038852335590952,8.416875475359081E-4
IDN.30.15_1,2018.0,0.7746035621253723,0.20817088065059353,0.009636290508113063,0.0038756663826377824,8.416875475359081E-4
IDN.30.15_1,2019.0,0.7670501323246096,0.2167227845027099,0.008176736146552507,0.0043277874640550934,8.416875475359081E-4
IDN.30.15_1,2020.0,0.7695795145953837,0.214158205261691,0.008044427535677731,0.004495293045174671,8.416875475359081E-4
IDN.30.15_1,2021.0,0.7686226369634103,0.2143151517517371,0.008069225401077476,0.005270426321702227,8.416875475359081E-4
IDN.30.15_1,2022.0,0.7665706535981381,0.21596524971130482,0.007940756459683953,0.005800780668800029,8.416875475359081E-4
IDN.30.15_1,2023.0,0.7812441105069676,0.2011401258579661,0.008092423404193371,0.005800780668800029,8.416875475359081E-4
IDN.30.18_1,2011.0,0.8737203819269674,0.12510670805055807,2.949169934361369E-4,2.7572441182846893E-4,1.3786220591423446E-4
IDN.30.18_1,2012.0,0.8584252459759102,0.14053970620752956,2.949169934361369E-4,1.3786220591423446E-4,1.3786220591423446E-4
IDN.30.18_1,2013.0,0.8501148581397899,0.14898795624956404,2.949169934361369E-4,0.0,1.3786220591423446E-4
IDN.30.18_1,2014.0,0.8508236320690196,0.14821025121737724,2.2598589047901965E-4,1.3786220591423446E-4,1.3786220591423446E-4
IDN.30.18_1,2015.0,0.8578383854875968,0.14126442890175714,2.2598589047901965E-4,6.893110295711723E-5,1.3786220591423446E-4
IDN.30.18_1,2016.0,0.8536300740725522,0.14547274031680185,2.949169934361369E-4,6.893110295711723E-5,1.3786220591423446E-4
IDN.30.18_1,2017.0,0.8660349694243251,0.1330870375466365,3.446555147855862E-4,0.0,1.3786220591423446E-4
IDN.30.18_1,2018.0,0.8761764917366472,0.12294551523431428,3.446555147855862E-4,0.0,1.3786220591423446E-4
IDN.30.18_1,2019.0,0.8651061566017343,0.1339469192662702,4.135866177427034E-4,0.0,1.3786220591423446E-4
IDN.30.18_1,2020.0,0.8572231416039482,0.14176100316109919,3.446555147855862E-4,1.3786220591423446E-4,1.3786220591423446E-4
IDN.30.18_1,2021.0,0.8487694852008976,0.15030927088193413,1.3786220591423446E-4,2.7572441182846893E-4,1.3786220591423446E-4
IDN.30.18_1,2023.0,0.8547973074159592,0.14455717307870083,6.893110295711723E-5,6.893110295711723E-5,1.3786220591423446E-4
IDN.30.19_1,2011.0,0.7169534475646173,0.22170917566577775,0.001780278566540504,0.04842291553163006,0.007593169214560697
IDN.30.19_1,2012.0,0.7137846659715131,0.22587678944906064,0.0016269358762963464,0.047424083341451456,0.0077465119048048545
IDN.30.19_1,2013.0,0.712789742516576,0.227924966715616,0.0017027052055934597,0.04637173154565821,0.0077465119048048545
IDN.30.19_1,2014.0,0.7208330176277946,0.2253764713381464,0.0013830909316139704,0.041196566085888724,0.0077465119048048545
IDN.30.19_1,2015.0,0.724435969504649,0.22380245372358137,0.001491934174493157,0.03890544589047602,0.0077465119048048545
IDN.30.19_1,2016.0,0.7233144631622751,0.22268485611644892,0.0013043148829003054,0.040718798370598594,0.007976525940171092
IDN.30.19_1,2017.0,0.7312308547141151,0.21260663330410795,0.0014585595889694282,0.042419699544542125,0.008283211320659406
IDN.30.19_1,2018.0,0.7442150718425538,0.19919245529910237,0.0017856906614902978,0.04259920069371029,0.008359882665781485
IDN.30.19_1,2019.0,0.7454802993730388,0.19920809024006844,0.0020148026810315684,0.04101255485759574,0.008436554010903563
IDN.30.19_1,2020.0,0.7504275555010338,0.19373886762136014,0.001769153704699261,0.04170349897951942,0.008436554010903563
IDN.30.19_1,2021.0,0.7514056413272381,0.1911299371836179,0.0017520154040249142,0.04319813920148746,0.008513225356025642
IDN.30.19_1,2022.0,0.7467037335036338,0.19404585367379013,0.0016993978142352522,0.044960076779587,0.008589896701147721
IDN.30.19_1,2023.0,0.756379957929982,0.18491865621290454,0.0015454537801077842,0.0444116511580079,0.008743239391391879
IDN.30.1_1,2011.0,0.5123536244623739,0.36635917775056936,0.010569822483143048,0.057433976217136355,0.015519208028547806
IDN.30.1_1,2012.0,0.5135675341935348,0.36714664936496466,0.01068711476679329,0.05509292688286816,0.0157415837336096
IDN.30.1_1,2013.0,0.512770033870872,0.3674252730424833,0.011043787956480637,0.05509510703683936,0.016019771380333964
IDN.30.1_1,2014.0,0.5254663785375177,0.35784480443146816,0.010423752167073044,0.052427906668480545,0.016079943629938916
IDN.30.1_1,2015.0,0.5621810434740142,0.3232723587870669,0.009071620674138489,0.05163781886931981,0.016191131482469815
IDN.30.1_1,2016.0,0.5666935261635916,0.3184664273729667,0.008576725722677439,0.05223779724219242,0.016268308933050084
IDN.30.1_1,2017.0,0.5789560201899697,0.3057761871374403,0.008993571161969744,0.051943912486875465,0.016461906605692116
IDN.30.1_1,2018.0,0.587645677888355,0.2983640996661748,0.009535121408414348,0.05001360416078024,0.01668428231075391
IDN.30.1_1,2019.0,0.5827054489896293,0.3042191211712135,0.009074236858903923,0.049448508251446734,0.016906658015815704
IDN.30.1_1,2020.0,0.562693815688039,0.3216389874318483,0.009370301768192075,0.05187763580615116,0.01699560829784042
IDN.30.1_1,2021.0,0.5324428712453386,0.34727541797911926,0.009033249964245475,0.05671801365299622,0.017217984002902215
IDN.30.1_1,2022.0,0.5325959180541165,0.3421472598080765,0.008398825158628002,0.06154923485316225,0.017885111118087597
IDN.30.1_1,2023.0,0.5667619829982871,0.31362997380326985,0.007608737359467275,0.055940134716074175,0.01810748682314939
IDN.30.20_1,2011.0,0.5101809165348952,0.3670601248673005,0.0023859899185615756,0.10177427377267022,0.018189646852705577
IDN.30.20_1,2012.0,0.5067444674580371,0.373595242867642,0.0030088416739048117,0.09786344773316107,0.018378952213387964
IDN.30.20_1,2013.0,0.502135067518912,0.3808051788007689,0.0037727444823055143,0.09439284945398392,0.01866253906742982
IDN.30.20_1,2014.0,0.5004394853863683,0.38874412596601393,0.0034988084897886445,0.08823188793122644,0.018851844428112212
IDN.30.20_1,2015.0,0.5059315679680481,0.3865199735714867,0.002629488578576571,0.08578131147784382,0.018909007223298656
IDN.30.20_1,2016.0,0.501038581174881,0.3937818756820558,0.0017133991076664944,0.08432551613549806,0.018909007223298656
IDN.30.20_1,2017.0,0.519897849342628,0.37481347854168046,0.0014209037660631158,0.08434852972836533,0.019287617944663438
IDN.30.20_1,2018.0,0.5406293846462217,0.3596965175237372,0.0016302532237589351,0.07852460598501886,0.019287617944663438
IDN.30.20_1,2019.0,0.5423249667787651,0.3606786782773953,0.001799514487427896,0.0756776018351484,0.019287617944663438
IDN.30.20_1,2020.0,0.5447369397860479,0.3586750109500159,0.0019323994268872992,0.07494710585510342,0.01947692330534583
IDN.30.20_1,2021.0,0.5462432165579088,0.35367660705403725,0.0022011388016599477,0.07817049360444828,0.01947692330534583
IDN.30.20_1,2022.0,0.5426130078765876,0.35135520367029677,0.001564181941010964,0.08475906253015891,0.01947692330534583
IDN.30.20_1,2023.0,0.5521294997141859,0.35113397622918563,0.0012442187627595518,0.07592555473894416,0.01947692330534583
IDN.30.4_1,2015.0,0.48386588175601897,0.5016571104898206,8.272575859520639E-5,0.014063378961185088,3.3090303438082557E-4
IDN.30.4_1,2017.0,0.4748980851095589,0.513933937480089,8.272575859520639E-5,0.01075434861737683,3.3090303438082557E-4
IDN.30.4_1,2018.0,0.4758213694584292,0.5152442486132894,1.6545151719041278E-4,0.008438027376711052,3.3090303438082557E-4
IDN.30.4_1,2019.0,0.45324113033881297,0.53757631045712,2.481772757856192E-4,0.008603478893901464,3.3090303438082557E-4
IDN.30.4_1,2020.0,0.4291234897682842,0.5597085328213639,4.13628792976032E-4,0.010423445582996006,3.3090303438082557E-4
IDN.30.4_1,2022.0,0.4045049528398298,0.5811834909232003,7.445318273568575E-4,0.013236121375233023,3.3090303438082557E-4
IDN.30.4_1,2023.0,0.4117533513664679,0.5766871026324963,7.445318273568575E-4,0.010484111139299156,3.3090303438082557E-4
IDN.30.5_1,2011.0,0.9327551742025267,0.003180538171185662,0.05392520143680121,0.0,8.314066977471492E-5
IDN.30.5_1,2012.0,0.9352476010656361,0.003874192190580588,0.050736349198638085,0.0,8.314066977471492E-5
IDN.30.5_1,2013.0,0.9339871233034829,0.005079731902313954,0.05077906067997332,0.0,8.314066977471492E-5
IDN.30.5_1,2014.0,0.9344243454139451,0.005842832834108936,0.049580041805085025,0.0,8.314066977471492E-5
IDN.30.5_1,2015.0,0.9351832078017907,0.005557383201215748,0.04906342850603391,0.0,8.314066977471492E-5
IDN.30.5_1,2016.0,0.9322450817403207,0.006051662634072485,0.05151135065767532,0.0,8.314066977471492E-5
IDN.30.5_1,2017.0,0.9292533217958,0.006244353362844471,0.05433226467685505,0.0,8.314066977471492E-5
IDN.30.5_1,2018.0,0.9300682633805135,0.0058814687924160095,0.05385037483400396,0.0,8.314066977471492E-5
IDN.30.5_1,2019.0,0.9311857717948382,0.007584874397270904,0.05106516239655102,0.0,8.314066977471492E-5
IDN.30.5_1,2020.0,0.9293389077793917,0.009174491399179228,0.051300075543894874,0.0,8.314066977471492E-5
IDN.30.5_1,2021.0,0.9264498510151808,0.009571610363044337,0.053717349762364405,0.0,8.314066977471492E-5
IDN.30.5_1,2022.0,0.92663487976066,0.009208236729852494,0.053908736323767394,0.0,8.314066977471492E-5
IDN.30.5_1,2023.0,0.9298234059569808,0.008445624860820894,0.051497167837537265,0.0,8.314066977471492E-5
IDN.30.7_1,2011.0,0.6526178883339586,0.30893222657748404,0.001903001548371614,0.034121787919955154,0.0021967354344261504
IDN.30.7_1,2012.0,0.6514605648825017,0.3097089497192665,0.0022074817961110723,0.03419790798189002,0.0021967354344261504
IDN.30.7_1,2013.0,0.6588445094002304,0.30234679643495443,0.002055241672241343,0.034328356872343105,0.0021967354344261504
IDN.30.7_1,2014.0,0.6678419007209313,0.29359328782249183,0.0022074817961110723,0.033932234040234995,0.0021967354344261504
IDN.30.7_1,2015.0,0.6905283657679423,0.27067428344902106,0.0023597219199808016,0.034012533242825126,0.0021967354344261504
IDN.30.7_1,2016.0,0.6923925610102296,0.26826978502201976,0.001979121610306479,0.03493343673721359,0.0021967354344261504
IDN.30.7_1,2017.0,0.6936758557014373,0.2688835216782476,0.0023597219199808016,0.032655805080103704,0.0021967354344261504
IDN.30.7_1,2018.0,0.6899600026388287,0.2727143011088755,0.0027403222296551242,0.03216027840241007,0.0021967354344261504
IDN.30.7_1,2019.0,0.6829659122422251,0.2796874958022027,0.002816442291589989,0.03210505404375145,0.0021967354344261504
IDN.30.7_1,2020.0,0.688767753511896,0.27110891407716686,0.003120922539329447,0.03457731425137714,0.0021967354344261504
IDN.30.7_1,2021.0,0.6915847928235794,0.26428795950770934,0.0030448024773945827,0.038657349571085874,0.0021967354344261504
IDN.30.7_1,2022.0,0.6818709773905504,0.26855635466695105,0.0028925623535248535,0.04425500996874306,0.0021967354344261504
IDN.30.7_1,2023.0,0.7145867829900616,0.24062865021816623,0.002816442291589989,0.039543028879951536,0.0021967354344261504
IDN.30.9_1,2011.0,0.5853688984460409,0.32232729476878247,0.011946760570494624,0.07163871079473091,0.004968195610525215
IDN.30.9_1,2012.0,0.5711173569343674,0.33784740387425477,0.011414221956033093,0.07071867457055958,0.005152202855359483
IDN.30.9_1,2013.0,0.5682511734971841,0.3405577223511077,0.013646121596316972,0.06845863264577164,0.00533621010019375
IDN.30.9_1,2014.0,0.5639951941637232,0.3487933093522586,0.011832748238401232,0.06629239833599725,0.00533621010019375
IDN.30.9_1,2015.0,0.5986838070016561,0.32505781796271527,0.00892904175521264,0.05824298337079626,0.00533621010019375
IDN.30.9_1,2016.0,0.6155677345100177,0.30744868543059517,0.009631155673737114,0.05826607447603036,0.00533621010019375
IDN.30.9_1,2017.0,0.6292492143612243,0.2927533617402036,0.010092977778419198,0.05881809621053316,0.00533621010019375
IDN.30.9_1,2018.0,0.6221090116646162,0.29982501271814804,0.010386667773115461,0.05859295793450065,0.00533621010019375
IDN.30.9_1,2019.0,0.6101579215118902,0.315797563166801,0.009320868947153843,0.05545328921970106,0.0055202173450280174
IDN.30.9_1,2020.0,0.5835778945963207,0.33815047463045234,0.009332414499770895,0.05948485187416792,0.005704224589862285
IDN.30.9_1,2021.0,0.5557480616099553,0.355836818045699,0.008706068270295821,0.06988667318509327,0.0060722390795308195
IDN.30.9_1,2022.0,0.5430919711505505,0.35874485411111895,0.007423068735725911,0.08091772711364795,0.0060722390795308195
IDN.30.9_1,2023.0,0.5832149312859221,0.32764907292820494,0.007703769983727989,0.0716098469131883,0.0060722390795308195
IDN.31.10_1,2011.0,0.3688682299869938,0.6034725248190368,0.002597533736877055,0.0013557312903703792,3.810799093398605E-4
IDN.31.10_1,2012.0,0.3418177028740144,0.6303149506912016,0.0024390431294211926,0.0017223231386408674,3.8107990933986056E-4
IDN.31.10_1,2013.0,0.32793594520878744,0.6446309111563562,0.0023349925090138802,0.0014984167402960185,3.8107990933986056E-4
IDN.31.10_1,2014.0,0.3213074377534725,0.6516301812654006,0.0023782371761451888,0.0010795800657450658,3.810799093398605E-4
IDN.31.10_1,2015.0,0.3019450221985634,0.6713888233389497,0.002168599322792904,6.747924201098681E-4,3.810799093398605E-4
IDN.31.10_1,2016.0,0.30090868679994964,0.672125080260566,0.002300748001031727,8.986988184547173E-4,3.8107990933986056E-4
IDN.31.10_1,2017.0,0.31945055125974803,0.6540729561681277,0.001978937432430209,6.18815820523656E-4,3.810799093398605E-4
IDN.31.10_1,2018.0,0.3225040198881567,0.6509051196637017,0.0019732300144331832,7.891602961271881E-4,3.810799093398605E-4
IDN.31.10_1,2019.0,0.3090806117913062,0.6639621554283586,0.002085183213605608,0.0010995560287346553,3.8107990933986056E-4
IDN.31.10_1,2020.0,0.30369588242718937,0.6697119400282082,0.0018880577766314179,9.87602829562231E-4,3.8107990933986056E-4
IDN.31.10_1,2021.0,0.3030035287209348,0.6703252679468116,0.0015241001212826335,0.0012674858274932916,3.810799093398605E-4
IDN.31.10_1,2022.0,0.30016233213880006,0.6723599624627511,0.001351340968834206,0.002297894292033214,3.810799093398605E-4
IDN.31.10_1,2023.0,0.3026733765414146,0.6691148562992887,0.0015750278511022465,0.002752292571027173,3.8107990933986056E-4
IDN.31.11_1,2013.0,0.0569736180554618,0.5366165448292635,7.322016845232949E-5,0.40318700115171,7.322016845232949E-4
IDN.31.11_1,2014.0,0.06346867770405668,0.5372169502105727,1.4644033690465897E-4,0.39601831595335363,7.322016845232949E-4
IDN.31.11_1,2016.0,0.056372064122490705,0.5685101016554361,7.322016845232949E-5,0.37189499825850836,7.322016845232949E-4
IDN.31.11_1,2017.0,0.057368432689273385,0.5757993847783022,1.4644033690465897E-4,0.3635361264004072,7.322016845232949E-4
IDN.31.11_1,2018.0,0.06559206258917423,0.5717047981032817,1.4644033690465897E-4,0.359407083175527,7.322016845232949E-4
IDN.31.11_1,2020.0,0.06697463165230351,0.5197308254324942,7.322016845232949E-5,0.4100717069516376,7.322016845232949E-4
IDN.31.11_1,2021.0,0.06579334626793926,0.448286604987528,7.322016845232949E-5,0.48269721278096783,7.322016845232949E-4
IDN.31.11_1,2023.0,0.06894382347679791,0.4039192028362333,7.322016845232949E-5,0.5239141377234038,7.322016845232949E-4
IDN.31.13_1,2015.0,0.6214669282501941,0.3688393856202881,8.42929228653643E-4,0.004214646143268215,0.004636110757595036
IDN.31.14_1,2011.0,0.001388488072615203,0.3906361453393081,0.006934272786178278,0.1007933439693334,0.4737112924918185
IDN.31.14_1,2012.0,6.942440363076015E-4,0.3821064725324386,0.007590401463629776,0.10727840002613619,0.4757940246007413
IDN.31.14_1,2013.0,0.0,0.39199740815559747,0.0061855782372191,0.098481919707274,0.47679863655916294
IDN.31.14_1,2014.0,0.0,0.40246824173849577,0.003653629398920789,0.09054303496267414,0.47679863655916294
IDN.31.14_1,2015.0,0.0,0.39953063658094323,0.003841483667568728,0.0909459687562958,0.4791454536544458
IDN.31.14_1,2016.0,6.942440363076015E-4,0.3922397129368971,0.006087567314446263,0.09516316096116043,0.4792788574104422
IDN.31.14_1,2017.0,6.942440363076015E-4,0.3976003659074449,0.00951250456023043,0.08568332670852093,0.4799731014467498
IDN.31.14_1,2018.0,6.942440363076015E-4,0.38624743401959116,0.011459110387524294,0.09370116469646557,0.481361589519365
IDN.31.14_1,2019.0,0.0,0.39128682896549444,0.008045063244270442,0.09068732882120083,0.4834443216282878
IDN.31.14_1,2020.0,0.0,0.37918792505431415,0.007296368695311263,0.10353492728134034,0.4834443216282878
IDN.31.14_1,2021.0,0.0,0.36837677576734357,0.007467887810163729,0.11278606938084319,0.48483280970090303
IDN.31.14_1,2022.0,0.0,0.3608027094575093,0.009711248931408685,0.11811677456943254,0.48483280970090303
IDN.31.14_1,2023.0,0.0,0.3617583159545444,0.00579081202049517,0.11652954212563907,0.48938487255857477
IDN.31.1_1,2011.0,0.19514341853651676,0.46347836002877135,0.14441694005368325,0.1642008912124348,0.003079331941544883
IDN.31.1_1,2012.0,0.17779986316029536,0.48315862879598626,0.14045700952614867,0.1659359484921317,0.0030793319415448835
IDN.31.1_1,2013.0,0.16930624024139926,0.4963321696110598,0.13914782196803566,0.16257530569639125,0.003113980456483218
IDN.31.1_1,2014.0,0.16297363204154314,0.5024369747899163,0.13779424922369785,0.1641218575112717,0.003148804406940228
IDN.31.1_1,2015.0,0.16320599638602834,0.49901712250662295,0.1318500552621884,0.17321739969474217,0.0031625760951562235
IDN.31.1_1,2016.0,0.15866011122611878,0.5024980263504153,0.1324849564042736,0.17362941001035065,0.0032030139822108367
IDN.31.1_1,2017.0,0.15383537130927524,0.5164006771811026,0.13398800021052262,0.16304845529025802,0.0032030139822108367
IDN.31.1_1,2018.0,0.15239732636269537,0.5236226557428825,0.13524859212996262,0.15600392975561828,0.0032030139822108367
IDN.31.1_1,2019.0,0.1484529218785635,0.5295077279345979,0.1308710373502219,0.15844081682777494,0.0032030139822108367
IDN.31.1_1,2020.0,0.14880554727110049,0.5238410729636324,0.1302786793214154,0.16434720443500986,0.0032253820108419135
IDN.31.1_1,2021.0,0.1551196470237364,0.5102390308941951,0.13264012912054168,0.1692429080191575,0.0032477500394729893
IDN.31.1_1,2022.0,0.16824099577200397,0.4913628708268277,0.13559788424764477,0.1720260170874195,0.0032701180681040665
IDN.31.1_1,2023.0,0.1735945860598936,0.49095042192242266,0.13316634795880775,0.1694171154892019,0.0033694145716741796
IDN.31.2_1,2016.0,0.3533285141349538,0.642714025500911,4.165747751721435E-4,0.0019787301820676814,0.001562155406895538
IDN.31.2_1,2017.0,0.40051050830290685,0.5959486061081297,3.124310813791076E-4,0.001666299100688574,0.001562155406895538
IDN.31.2_1,2018.0,0.425975887671837,0.5706915141267859,3.124310813791076E-4,0.0014580117131025021,0.001562155406895538
IDN.31.2_1,2019.0,0.40387046974931995,0.5926927883555099,1.0414369379303588E-4,0.0017704427944816097,0.001562155406895538
IDN.31.2_1,2020.0,0.3874684505868803,0.6084699453551913,1.0414369379303588E-4,0.002395304957239825,0.001562155406895538
IDN.31.2_1,2021.0,0.39132217566386496,0.6031582085651042,1.0414369379303588E-4,0.003853316670342327,0.001562155406895538
IDN.31.3_1,2016.0,0.3850080878094483,0.611154583214983,5.879108920752375E-5,0.001670589146657714,0.002107948739703489
IDN.31.3_1,2019.0,0.4230399281411498,0.5728633704308949,5.879108920752375E-5,0.0018711705098363245,0.0021667398289110127
IDN.31.3_1,2021.0,0.39790708333486985,0.5957333346859124,5.879108920752375E-5,0.004134051061098464,0.0021667398289110127
IDN.31.5_1,2011.0,0.19529812581516875,0.792426441942113,0.0010187180427428952,0.004915277360035852,0.006074425358788805
IDN.31.5_1,2012.0,0.17118068288100446,0.817169696611781,0.0010703349214393387,0.004208664036151498,0.0061036100684730464
IDN.31.5_1,2013.0,0.16660394815330584,0.8216750146381347,0.0012207220136946095,0.004100508935556953,0.006132794778157289
IDN.31.5_1,2014.0,0.17594076625542526,0.8132143100757521,9.269292695399063E-4,0.0034890034302906586,0.006161979487841531
IDN.31.5_1,2015.0,0.1694372684393572,0.8192503947375046,8.341104477598268E-4,0.004049235406386207,0.006161979487841531
IDN.31.5_1,2016.0,0.17486837123683174,0.8136945416123601,0.0011583468498596607,0.0038497493319562697,0.006161979487841531
IDN.31.5_1,2017.0,0.2105091965025956,0.7784965227849031,0.0012414374350783255,0.003323852308430418,0.006161979487841529
IDN.31.5_1,2018.0,0.2301682458455849,0.7592070319814059,0.0010805209573683486,0.0031152102466485633,0.006161979487841531
IDN.31.5_1,2019.0,0.21322234445465307,0.7757473231326475,9.342540594214413E-4,0.003667087384285484,0.006161979487841529
IDN.31.5_1,2020.0,0.19786386237086026,0.7902683757232658,9.79805096497239E-4,0.0044589658403845845,0.006161979487841531
IDN.31.5_1,2021.0,0.21218794678357,0.773374434560556,0.0011221806998195803,0.006828077567693642,0.006220348907210015
IDN.31.5_1,2022.0,0.23079131078488296,0.7533382729885097,0.0012299924508884271,0.008123878677673987,0.006249533616894257
IDN.31.5_1,2023.0,0.22790545802140003,0.7571984372560788,0.001106272171795621,0.007273287452680707,0.006249533616894257
IDN.31.6_1,2011.0,0.4136859917817223,0.5521664523222664,0.0020277915813003635,0.029541424050267183,2.6943008602942265E-4
IDN.31.6_1,2012.0,0.36248694535290904,0.6064971612436708,0.0017635123645626796,0.026674040774413373,2.6943008602942265E-4
IDN.31.6_1,2013.0,0.3288663630075134,0.6432711321841833,0.0016628723030163955,0.023621292240842754,2.6943008602942265E-4
IDN.31.6_1,2014.0,0.32492608007290463,0.648661913118703,0.0015045160906883178,0.022329150453259984,2.6943008602942265E-4
IDN.31.6_1,2015.0,0.3340023740224492,0.6394624605636572,0.0010233720694112654,0.022933453080038232,2.6943008602942265E-4
IDN.31.6_1,2016.0,0.34311379954203514,0.6318999938915973,0.001322782856190041,0.021085083445733448,2.6943008602942265E-4
IDN.31.6_1,2017.0,0.3781967004719981,0.5984340036617397,0.0017627199231331817,0.019028235678684807,2.6943008602942265E-4
IDN.31.6_1,2018.0,0.4112183952070502,0.5646751402868967,0.002104328216032741,0.019423796025576045,2.6943008602942265E-4
IDN.31.6_1,2019.0,0.3962227618895108,0.5794256450555784,0.00162972183654905,0.02014353095391788,2.6943008602942265E-4
IDN.31.6_1,2020.0,0.3960434059793008,0.5794030604748376,0.0015833640129233994,0.02039182926849401,2.6943008602942265E-4
IDN.31.6_1,2021.0,0.41659128017262015,0.5569240065178307,0.0013623388908791645,0.022544034154225605,2.6943008602942265E-4
IDN.31.6_1,2022.0,0.4396881742974923,0.5329156726754638,0.0015650718232591465,0.023252740939340256,2.6943008602942265E-4
IDN.31.6_1,2023.0,0.4256572723835814,0.5481738682533105,0.0012680383607688666,0.022322480737895046,2.6943008602942265E-4
IDN.31.7_1,2011.0,0.4729025590604907,0.520575604781417,6.1410130728923E-5,0.004623580783782716,0.0017140249821228286
IDN.31.7_1,2012.0,0.44346776024328993,0.5501177308467026,4.0940087152615336E-5,0.004536723579274619,0.0017140249821228286
IDN.31.7_1,2018.0,0.47164433371533365,0.5242469673028386,4.0940087152615336E-5,0.00223091365109477,0.0017140249821228286
IDN.31.7_1,2019.0,0.45280868263790297,0.5427911410146788,4.0940087152615336E-5,0.002522391016685253,0.0017140249821228286
IDN.31.7_1,2020.0,0.4457753362144451,0.5492762113690146,8.188017430523067E-5,0.003029726998654918,0.0017140249821228286
IDN.31.7_1,2021.0,0.4518055702279833,0.5426742610795923,4.0940087152615336E-5,0.003642383361691702,0.0017140249821228286
IDN.31.7_1,2022.0,0.4589445581312312,0.5350924780376508,2.0470043576307668E-5,0.004105648543961786,0.0017140249821228286
IDN.31.7_1,2023.0,0.4557761164843416,0.5383991526846911,4.0940087152615336E-5,0.003946945500234884,0.0017140249821228288
IDN.31.8_1,2011.0,0.036567296743525095,0.6816376431834722,6.12722526332334E-4,0.2659637343575664,0.0061382763710126995
IDN.31.8_1,2012.0,0.028652657136518843,0.6953925885541633,5.914389115231947E-4,0.26014471220869084,0.0061382763710126995
IDN.31.8_1,2013.0,0.028863037482901487,0.7027784121932195,0.002504099142352184,0.25063584799242306,0.0061382763710126995
IDN.31.8_1,2014.0,0.03178544151631022,0.6877198454154685,0.0013891651665811232,0.26384233098149396,0.006182890102054933
IDN.31.8_1,2015.0,0.02983389775842606,0.6723137826959301,5.005742482995621E-4,0.2820885283771981,0.006182890102054933
IDN.31.8_1,2016.0,0.030636535616901477,0.6776981279423576,9.393441535956622E-4,0.27546277536699915,0.006182890102054933
IDN.31.8_1,2017.0,0.03859087735153248,0.6844237502220455,4.289466984611128E-4,0.2612932088078147,0.006182890102054933
IDN.31.8_1,2018.0,0.038514747498561326,0.6852861459221006,1.0437157262174025E-4,0.2608315180865703,0.006182890102054933
IDN.31.8_1,2022.0,0.04255617851058902,0.6136344473668487,8.34972580973922E-4,0.32771118462144233,0.006182890102054933
IDN.31.8_1,2023.0,0.0437120425148392,0.6292521183336243,2.3207326147657538E-4,0.311540548969914,0.006182890102054933
IDN.31.9_1,2011.0,0.3215688742184323,0.542334203016909,0.04608467264821585,0.07500634695697406,2.912421130765587E-4
IDN.31.9_1,2012.0,0.31984279561101653,0.54802786395692,0.04587947068880636,0.0715551143202795,2.9124211307655863E-4
IDN.31.9_1,2013.0,0.3205221429937316,0.548556341942497,0.046900204951779434,0.06921576847345184,2.9124211307655863E-4
IDN.31.9_1,2014.0,0.32584842009175713,0.5464583653763105,0.045748234980336935,0.06703202368834447,2.9124211307655863E-4
IDN.31.9_1,2015.0,0.2959293435212414,0.5791453569535127,0.04348813091852377,0.06674399040527192,2.9124211307655863E-4
IDN.31.9_1,2016.0,0.23703039860630165,0.6434041901010965,0.04338822209280544,0.06135418935055669,2.9124211307655863E-4
IDN.31.9_1,2017.0,0.22136733793940017,0.6617141004257191,0.04502902196384311,0.05707524173367316,2.9124211307655863E-4
IDN.31.9_1,2018.0,0.2221163006171177,0.6639387985835895,0.045584095167589024,0.05363368997393992,2.9124211307655863E-4
IDN.31.9_1,2019.0,0.20950353199725616,0.672549014062507,0.04574524369812979,0.0574473028532916,2.9124211307655863E-4
IDN.31.9_1,2020.0,0.2074580388370677,0.665254962754729,0.04540363927007492,0.06709174055858873,2.9124211307655863E-4
IDN.31.9_1,2021.0,0.2248416850295135,0.6355358126095487,0.046146238674733615,0.078676813385977,2.9124211307655863E-4
IDN.31.9_1,2022.0,0.24797908974085908,0.6041042893681561,0.04677196052551714,0.08641923070312969,2.9124211307655863E-4
IDN.31.9_1,2023.0,0.23680898933602443,0.6178935564735588,0.04672687374461324,0.08384183317956329,2.9124211307655863E-4
IDN.32.10_1,2011.0,0.09078144669313448,0.6119718537167944,0.011958942577708914,0.02469255350053258,0.23645137342242015
IDN.32.10_1,2012.0,0.09489687227655658,0.6078564281333723,0.011958942577708914,0.02469255350053258,0.23645137342242015
IDN.32.10_1,2013.0,0.1151673606403925,0.594961427971983,0.011958942577708914,0.01731706529808592,0.23645137342242015
IDN.32.10_1,2014.0,0.1193473419192408,0.5964946257383559,0.010361189115909749,0.013201639714663824,0.23645137342242015
IDN.32.10_1,2015.0,0.11732997643717115,0.5902811400535813,0.010361189115909749,0.021432490881508018,0.23645137342242015
IDN.32.10_1,2016.0,0.14057002679061362,0.5662018656595978,0.01205577612084826,0.020577127917110485,0.23645137342242015
IDN.32.10_1,2017.0,0.15548239243407247,0.5570995126044996,0.010361189115909749,0.016461702333688388,0.23645137342242015
IDN.32.10_1,2018.0,0.17389690455440432,0.5305509828604629,0.014379781156192503,0.020577127917110485,0.23645137342242015
IDN.32.10_1,2019.0,0.1357767664052161,0.572689713049934,0.010361189115909749,0.020577127917110485,0.23645137342242015
IDN.32.10_1,2020.0,0.1019818598495852,0.6166360027113392,0.008440657176979437,0.01234627675026629,0.23645137342242015
IDN.32.10_1,2021.0,0.09631709757593361,0.6165875859397696,0.010038410638778606,0.016461702333688388,0.23645137342242015
IDN.32.10_1,2022.0,0.08639165940415092,0.6239953519899293,0.008440657176979437,0.020577127917110485,0.23645137342242015
IDN.32.10_1,2023.0,0.11087440689454825,0.5934766469771796,0.010361189115909749,0.02469255350053258,0.23645137342242015
IDN.32.12_1,2011.0,0.4153328863371792,0.4943167762945859,0.00791728624484114,0.07065808154906762,0.0024850158037198404
IDN.32.12_1,2012.0,0.3894838737046712,0.5239796725101226,0.007637684089783426,0.06712380012109673,0.0024850158037198404
IDN.32.12_1,2013.0,0.36812502375929695,0.5467566425483412,0.0074038099719075665,0.06593955414612813,0.0024850158037198404
IDN.32.12_1,2014.0,0.374001627477372,0.5518533904033933,0.007056993111594598,0.055313019433313966,0.0024850158037198404
IDN.32.12_1,2015.0,0.4081048262913079,0.5249085576991419,0.007485624592648593,0.04772602184257549,0.0024850158037198404
IDN.32.12_1,2016.0,0.4262489401287771,0.5062462845969794,0.007158366109684488,0.04857143959023276,0.0024850158037198404
IDN.32.12_1,2017.0,0.4763462086223249,0.45923565861320664,0.0075657863927685864,0.0450773767973736,0.0024850158037198404
IDN.32.12_1,2018.0,0.47994935757617213,0.4568241933271227,0.00834206114444606,0.043109418377932904,0.0024850158037198404
IDN.32.12_1,2019.0,0.4602667432106266,0.48333295685752553,0.008201571391658443,0.03642375896586322,0.0024850158037198404
IDN.32.12_1,2020.0,0.4363540099356562,0.5070085103733781,0.008593289878842746,0.03626922023779685,0.0024850158037198404
IDN.32.12_1,2021.0,0.43707959818828873,0.501156974434722,0.008424151235290592,0.041564306567372596,0.0024850158037198404
IDN.32.12_1,2022.0,0.4343348140769635,0.4945467938310127,0.00853984867876275,0.05080357383893488,0.0024850158037198404
IDN.32.12_1,2023.0,0.4417099751581065,0.49025386773798857,0.007740434438390842,0.04845050821479399,0.00255526068011365
IDN.32.13_1,2011.0,0.21511657671687745,0.7008382783341839,0.01785176632745303,0.04709466655926391,0.007091086468150611
IDN.32.13_1,2012.0,0.2082170251232894,0.7135160969846687,0.01730401238711525,0.0418641534427051,0.007091086468150611
IDN.32.13_1,2013.0,0.19916476474326267,0.7259128784827577,0.0172990002595566,0.03843335212881165,0.00718237879154024
IDN.32.13_1,2014.0,0.218496898746073,0.7124331194228896,0.01738277439160826,0.0324972030538177,0.007182378791540241
IDN.32.13_1,2015.0,0.24504649643333423,0.6893830607988974,0.016972137940910587,0.02931700811785658,0.00727367111492987
IDN.32.13_1,2016.0,0.2631488691387195,0.6718162697240646,0.016531070715749704,0.02922249371246496,0.00727367111492987
IDN.32.13_1,2017.0,0.2947739619973327,0.643559684593973,0.016731913827206894,0.02565314287248609,0.00727367111492987
IDN.32.13_1,2018.0,0.3090001700543277,0.6307855614925401,0.017102811266546725,0.02383016047758414,0.00727367111492987
IDN.32.13_1,2019.0,0.30086369698108817,0.6392678713673265,0.018018598573333683,0.02256853636925059,0.007273671114929872
IDN.32.13_1,2020.0,0.2685021793804652,0.6712105183076912,0.018238416167691462,0.022767589435151114,0.007273671114929872
IDN.32.13_1,2021.0,0.2697813459352541,0.6657243866856415,0.01822624385790618,0.02698672681219736,0.007273671114929872
IDN.32.13_1,2022.0,0.2540071064808599,0.6774083720430689,0.01789436941170152,0.03131756303197914,0.007364963438319501
IDN.32.13_1,2023.0,0.25378728888650204,0.6788242980783863,0.01792480018616473,0.029999731493166478,0.007456255761709131
IDN.32.14_1,2011.0,0.01906314995057274,0.01697622177420784,0.0778744866829888,0.0017326109987138274,0.00116747510036034
IDN.32.14_1,2012.0,0.02167978230752604,0.01573965482420553,0.07692845981866038,0.0016732628714572703,0.001215307919343237
IDN.32.14_1,2013.0,0.02211913560781338,0.015525292931726628,0.07830763943266723,0.0012923719054823487,0.0012153079193432368
IDN.32.14_1,2014.0,0.02201992679807108,0.015376479717113173,0.07788157302654182,0.0013100877643649033,0.001215307919343237
IDN.32.14_1,2015.0,0.025879326655635575,0.012409073354285288,0.07276080401653945,0.0013278036232474578,0.0012153079193432368
IDN.32.14_1,2016.0,0.02356209231379745,0.014782112651603459,0.07461831182037526,0.0014721878731402765,0.0012153079193432368
IDN.32.14_1,2017.0,0.022950009389405193,0.015163889410522505,0.07403900323491575,0.0014916753179110864,0.0012153079193432368
IDN.32.14_1,2018.0,0.0213015487203835,0.015492518592793892,0.07699400849652582,0.0016590901843512261,0.0012153079193432368
IDN.32.14_1,2019.0,0.021871999376401753,0.016513837857373162,0.07656262733273562,0.0014022102305541863,0.0012153079193432368
IDN.32.14_1,2020.0,0.02186934199756937,0.01742443300393646,0.07577781478423848,0.0016838923867868022,0.0012153079193432368
IDN.32.14_1,2021.0,0.021379498499466736,0.018221646653651415,0.07633143537431829,0.0016342879819156498,0.0012153079193432368
IDN.32.14_1,2022.0,0.02749944195044519,0.01905340622818735,0.07021149192333988,0.001541279722782239,0.001215307919343237
IDN.32.14_1,2023.0,0.027830728511548962,0.018030315377719826,0.06694734492422921,0.0017777864388643409,0.0012153079193432368
IDN.32.15_1,2011.0,0.5308583016904039,0.32209129683217524,0.0490190992317143,0.09129087635097295,0.002724632929220198
IDN.32.15_1,2012.0,0.5249153293359302,0.32961773481503776,0.0487609612637883,0.08984564854147348,0.002844533078256867
IDN.32.15_1,2013.0,0.5269100603121258,0.330158617709581,0.048089363696962,0.08784699925975374,0.0028760362546704234
IDN.32.15_1,2014.0,0.5255115387044734,0.33548704302565896,0.04604150049785987,0.08604191427092325,0.0028760362546704234
IDN.32.15_1,2015.0,0.5418309677478004,0.32176811499254965,0.04455787329422445,0.08495121474524198,0.002876036254670424
IDN.32.15_1,2016.0,0.5648601031705518,0.30310600944248933,0.04456069447420178,0.08056427988048857,0.002893120066755387
IDN.32.15_1,2017.0,0.5949178950423876,0.27516629680474713,0.0456144051957358,0.07736631564396022,0.002893120066755387
IDN.32.15_1,2018.0,0.587932496686289,0.28502976893438847,0.04598100186056818,0.07414781948648569,0.0028931200667553867
IDN.32.15_1,2019.0,0.587928264916323,0.2873566154868047,0.0466648245406296,0.07114138202397409,0.0028931200667553867
IDN.32.15_1,2020.0,0.5779146433189991,0.2948662831220242,0.04828167413208355,0.07198851967827892,0.0029330867831009427
IDN.32.15_1,2021.0,0.5663015694067483,0.2998920585194227,0.049580827511645574,0.07719751504198308,0.0029860622737864252
IDN.32.15_1,2022.0,0.5687130513584844,0.293267457735981,0.05006042810779225,0.08093103327754189,0.0029860622737864252
IDN.32.15_1,2023.0,0.5837485300476829,0.2810437550908583,0.049345572447980164,0.0788602871741792,0.0029860622737864257
IDN.32.16_1,2011.0,0.7912050926133235,0.19521052553023208,0.005053209749399248,0.0062441230466126416,6.415021119718211E-4
IDN.32.16_1,2012.0,0.7746643979760904,0.21282929595964142,0.005239182674368278,0.004987835639337906,6.415021119718211E-4
IDN.32.16_1,2013.0,0.7588741623009311,0.22966924879475842,0.005237690114777835,0.003901550769414472,6.795623815280831E-4
IDN.32.16_1,2014.0,0.7546632039284179,0.23483529604919506,0.004648427588471474,0.0035357244137972244,6.795623815280831E-4
IDN.32.16_1,2015.0,0.7652350035075157,0.22465186047552982,0.004455290377468325,0.003340497619367456,6.795623815280831E-4
IDN.32.16_1,2016.0,0.7605950835087096,0.22948014149464946,0.004515291273004079,0.003092135703517966,6.795623815280831E-4
IDN.32.16_1,2017.0,0.7695765608441922,0.21946790250600792,0.004932610934491564,0.003705577695189484,6.795623815280831E-4
IDN.32.16_1,2018.0,0.7752851535097542,0.21430722846609682,0.004793653636621446,0.0032966163674084717,6.795623815280831E-4
IDN.32.16_1,2019.0,0.781377781757937,0.2077529515365904,0.004553948566396518,0.003997970118957003,6.795623815280831E-4
IDN.32.16_1,2020.0,0.7838606546366367,0.20496290989417776,0.0047694741712562905,0.00408961327781012,6.795623815280831E-4
IDN.32.16_1,2021.0,0.7861272556306813,0.20167793549157473,0.00466589053567964,0.005211570321945109,6.795623815280831E-4
IDN.32.16_1,2022.0,0.7823603337363252,0.20432618397289543,0.004898132807952361,0.006059941193152142,7.176226510843452E-4
IDN.32.16_1,2023.0,0.8105416498753716,0.17780160897923875,0.004590217764444248,0.004711115091270023,7.176226510843452E-4
IDN.32.18_1,2011.0,0.5129196886332381,0.39017131424284135,0.0737088908340629,9.964674252844823E-5,5.978804551706894E-4
IDN.32.18_1,2012.0,0.5230973333750164,0.38286349568588257,0.07085469551081666,9.964674252844825E-5,5.978804551706895E-4
IDN.32.18_1,2013.0,0.5036572308365644,0.403756096036014,0.06937406214830573,1.992934850568965E-4,5.978804551706895E-4
IDN.32.18_1,2014.0,0.48224920282606043,0.4271089939977495,0.06723146179817442,2.989402275853447E-4,5.978804551706894E-4
IDN.32.18_1,2015.0,0.48555278541953306,0.4258862698511945,0.06524282543453803,1.9929348505689647E-4,5.978804551706894E-4
IDN.32.18_1,2016.0,0.48190805927222774,0.42689211579342284,0.06775548643241225,2.989402275853447E-4,5.978804551706894E-4
IDN.32.18_1,2017.0,0.4767662873577598,0.4281941665624613,0.07181794735525832,9.964674252844823E-5,5.978804551706894E-4
IDN.32.18_1,2018.0,0.48230625547080214,0.42417429973740184,0.07024001187945492,9.964674252844823E-5,5.978804551706894E-4
IDN.32.18_1,2019.0,0.48869732399649934,0.4220668688258099,0.06609666124796808,9.964674252844823E-5,5.978804551706894E-4
IDN.32.18_1,2020.0,0.46505095660872897,0.44482970176316156,0.06707319932474687,0.0,5.978804551706894E-4
IDN.32.18_1,2021.0,0.45548252469676187,0.4516326434913096,0.06978867075153192,0.0,5.978804551706894E-4
IDN.32.18_1,2022.0,0.4553781886957615,0.4522711641865704,0.06920915655870961,9.964674252844823E-5,5.978804551706894E-4
IDN.32.18_1,2023.0,0.4782176128548211,0.43169039952482224,0.06696378329373524,9.964674252844823E-5,5.978804551706894E-4
IDN.32.1_1,2011.0,0.38062815186838633,0.5707979394014547,0.02028201471560848,0.013894830935846567,0.011297123015873023
IDN.32.1_1,2012.0,0.37026470527447103,0.5810859478339945,0.02028201471560848,0.013970269097222227,0.011297123015873023
IDN.32.1_1,2013.0,0.3643627025462963,0.5896889984292325,0.019231047453703718,0.012320188492063495,0.011297123015873023
IDN.32.1_1,2014.0,0.3722472821593917,0.5843509734623016,0.017870577050264562,0.011134104249338628,0.011297123015873023
IDN.32.1_1,2015.0,0.4115650318287037,0.5459563078703705,0.017660538607804244,0.010421058614417993,0.011297123015873023
IDN.32.1_1,2016.0,0.4351906105324075,0.5227849082341274,0.017743468915343924,0.009883949239417992,0.011297123015873023
IDN.32.1_1,2017.0,0.4706276868386245,0.4871925636574079,0.01803437086640213,0.009748315558862438,0.011297123015873023
IDN.32.1_1,2018.0,0.48057312334656094,0.47597940434854547,0.01882543816137567,0.010224971064814818,0.011297123015873023
IDN.32.1_1,2019.0,0.4595346602182541,0.4985850177744712,0.018297887731481492,0.009185371197089951,0.011297123015873023
IDN.32.1_1,2020.0,0.4373842592592594,0.5208390170304237,0.018855923445767205,0.008523737185846564,0.011297123015873023
IDN.32.1_1,2021.0,0.4289958974041007,0.5249922495039685,0.020147156084656094,0.011467633928571433,0.011297123015873023
IDN.32.1_1,2022.0,0.42196542245370405,0.532312076306217,0.019975353422619056,0.01135008473875662,0.011297123015873023
IDN.32.1_1,2023.0,0.42601092303240773,0.52853835978836,0.019154317542989432,0.011899336557539686,0.011297123015873023
IDN.32.23_1,2012.0,0.09625207392970736,0.7541351803684895,0.0018475181672619782,0.05738174072437203,0.09038348681016932
IDN.32.23_1,2013.0,0.07509617962223687,0.7863761836795317,0.0018475181672619782,0.04629663172080016,0.09038348681016932
IDN.32.23_1,2014.0,0.07958818457793267,0.7806452547763778,0.005542554501785935,0.043840519333734236,0.09038348681016932
IDN.32.23_1,2015.0,0.10593886526158684,0.753519340979402,0.007390072669047913,0.04276823427979395,0.09038348681016932
IDN.32.23_1,2016.0,0.12440680176492327,0.7283206422118054,0.007390072669047913,0.049498996544054256,0.09038348681016932
IDN.32.23_1,2017.0,0.13591213058693116,0.7218651963803135,0.00923759083630989,0.042601595386276205,0.09038348681016932
IDN.32.23_1,2018.0,0.16843569550002535,0.6874941132999572,0.005542554501785935,0.048144149888062135,0.09038348681016932
IDN.32.23_1,2019.0,0.1538584149018642,0.6928338030618085,0.0036950363345239563,0.05922925889163401,0.09038348681016932
IDN.32.23_1,2020.0,0.13610050498829906,0.699506603971802,0.007390072669047913,0.06661933156068192,0.09038348681016932
IDN.32.23_1,2021.0,0.09920085782804314,0.7356455083573029,0.004455779109278888,0.07031436789520588,0.09038348681016932
IDN.32.27_1,2011.0,0.12879226359001966,0.542906638118232,0.012636325185021786,0.3020737415786502,0.012130386476460697
IDN.32.27_1,2012.0,0.13038242895102717,0.547375594730952,0.01240258150166656,0.29624836328827775,0.012130386476460697
IDN.32.27_1,2013.0,0.14252293420165893,0.5419504139590513,0.011781288767553542,0.29015433154365944,0.012130386476460697
IDN.32.27_1,2014.0,0.13634339881529378,0.5482974150579503,0.011407906000635458,0.2903602485980438,0.012130386476460697
IDN.32.27_1,2015.0,0.12445889855119392,0.5567400142877091,0.011503022477844944,0.29370703315517543,0.012130386476460697
IDN.32.27_1,2016.0,0.14356314418646055,0.5422499296745196,0.011777747196593616,0.28874326848548254,0.01220526540532774
IDN.32.27_1,2017.0,0.15855208436629137,0.5312083232988823,0.012117738008746668,0.2844559438691359,0.01220526540532774
IDN.32.27_1,2018.0,0.15786400772264828,0.5300330276788949,0.011854649880294903,0.28657279142575554,0.0122148782407904
IDN.32.27_1,2019.0,0.15763329967154444,0.519771578791859,0.011386656574875894,0.29741657576634534,0.0122148782407904
IDN.32.27_1,2020.0,0.14693117816935175,0.5162856610898728,0.012342880734056354,0.31064839081134343,0.0122148782407904
IDN.32.27_1,2021.0,0.14641360287049374,0.48843828863196176,0.013162501441925318,0.33819371786024355,0.0122148782407904
IDN.32.27_1,2022.0,0.158242449876652,0.4626637470630255,0.01415110567845369,0.3511508081864929,0.0122148782407904
IDN.32.27_1,2023.0,0.16617000350109573,0.46053323916127475,0.01352930700563211,0.3459755611366216,0.0122148782407904
IDN.32.28_1,2011.0,0.1297462659708475,0.37691200287925114,0.09492531941695154,0.0,0.3648551376642071
IDN.32.28_1,2012.0,0.11939895627136939,0.37691200287925114,0.10527262911642966,0.0,0.3648551376642071
IDN.32.28_1,2013.0,0.11939895627136939,0.37691200287925114,0.10527262911642966,0.0,0.3648551376642071
IDN.32.28_1,2014.0,0.15619938815907855,0.340111570991542,0.10527262911642966,0.0,0.3648551376642071
IDN.32.28_1,2015.0,0.189400755803491,0.3069102033471296,0.10527262911642966,0.0,0.3648551376642071
IDN.32.28_1,2016.0,0.22422170235738698,0.28243656649271176,0.09492531941695154,0.0,0.3648551376642071
IDN.32.28_1,2017.0,0.20532661508007907,0.29098434407054147,0.10527262911642966,0.0,0.3648551376642071
IDN.32.28_1,2018.0,0.20532661508007907,0.29098434407054147,0.10527262911642966,0.0,0.3648551376642071
IDN.32.28_1,2019.0,0.2247615619938815,0.2715493971567391,0.10527262911642966,0.0,0.3648551376642071
IDN.32.28_1,2020.0,0.20181752744286477,0.2944934317077558,0.10527262911642966,0.0,0.3648551376642071
IDN.32.28_1,2021.0,0.20181752744286477,0.2944934317077558,0.10527262911642966,0.0,0.3648551376642071
IDN.32.28_1,2022.0,0.20028792513946367,0.2960230340111569,0.10527262911642966,0.0,0.3648551376642071
IDN.32.28_1,2023.0,0.2247615619938815,0.2715493971567391,0.10527262911642966,0.0,0.3648551376642071
IDN.32.29_1,2011.0,0.31145138023910646,0.49397487216065367,0.001570489959155284,0.18579466215281096,0.005731257030720477
IDN.32.29_1,2012.0,0.3141565442034925,0.49939163197882175,0.0017088864758214185,0.17756938456133622,0.005731257030720477
IDN.32.29_1,2013.0,0.3129577730935879,0.5037444685751192,0.0016201707600097938,0.17447498039382672,0.005787813299550388
IDN.32.29_1,2014.0,0.3096650893012396,0.5018401857352227,0.0017931664058424615,0.17949895138023908,0.005787813299550388
IDN.32.29_1,2015.0,0.3195653196072378,0.4935463752532835,0.001609081295533341,0.1779981032579959,0.005844369568380299
IDN.32.29_1,2016.0,0.3287655829154823,0.4911120160114126,0.0017880652521832937,0.17112995432914943,0.00590092583721021
IDN.32.29_1,2017.0,0.35165845159138254,0.47700311214731084,0.0015897856273443124,0.1623424408887185,0.00590092583721021
IDN.32.29_1,2018.0,0.35049915897501416,0.4802450061923571,0.0016816063932093438,0.16007752866404767,0.00595748210604012
IDN.32.29_1,2019.0,0.3446987036859605,0.4897222843232234,0.0016363613781454152,0.15654486886042882,0.00595748210604012
IDN.32.29_1,2020.0,0.33441810474841993,0.4989850922111152,0.00159510857029301,0.1575906053605583,0.006014038374870031
IDN.32.29_1,2021.0,0.32623541070053474,0.4880628568589669,0.0016037583525846436,0.17669198613195916,0.006014038374870031
IDN.32.29_1,2022.0,0.32419827607621027,0.47366274365771344,0.001350031405363397,0.19319510537652712,0.006127150912529852
IDN.32.29_1,2023.0,0.32689811709764754,0.48729435697074874,0.0012826074613465621,0.17684346821670754,0.006183707181359762
IDN.32.2_1,2011.0,0.03820904834193496,0.4937744441868635,0.04276430702699928,0.37957034851361166,0.039598915027973594
IDN.32.2_1,2012.0,0.04097489373021628,0.5085982644293477,0.042491888883309924,0.3619806828828461,0.03987133317166295
IDN.32.2_1,2013.0,0.03947392317381024,0.5325176457517188,0.042529279608914346,0.3392524632475873,0.040143751315352305
IDN.32.2_1,2014.0,0.036844821010596523,0.5380557463669565,0.039805098172020804,0.33906764623245694,0.040143751315352305
IDN.32.2_1,2015.0,0.06018624854576782,0.5250555252275221,0.04087233631141557,0.32765920169732515,0.040143751315352305
IDN.32.2_1,2016.0,0.07847885981789644,0.5225727810473886,0.04098878171401219,0.31173288920273345,0.040143751315352305
IDN.32.2_1,2017.0,0.10640652692506145,0.5083397342694542,0.04425779943828444,0.2947692511492305,0.040143751315352305
IDN.32.2_1,2018.0,0.10507755370643576,0.5179555605884655,0.04589444491331224,0.2845733344301278,0.040416169459041654
IDN.32.2_1,2019.0,0.08621339848578241,0.538728779427836,0.04750224611430235,0.28076375364426026,0.04068858760273101
IDN.32.2_1,2020.0,0.07542991322146737,0.5325219189775022,0.05240577270071071,0.2925781546288113,0.040961005746420365
IDN.32.2_1,2021.0,0.06686743705805495,0.5083546905596962,0.05509576833133734,0.32234544543571403,0.04123342389010972
IDN.32.2_1,2022.0,0.06419880755634512,0.48156370151090555,0.057428949609053224,0.3489270464211199,0.041778260177488424
IDN.32.2_1,2023.0,0.06279825780584809,0.4900727623520259,0.055791235827579576,0.3434562491119702,0.041778260177488424
IDN.32.30_1,2011.0,0.745587642318643,0.2433924206334728,0.002347318849197794,0.007050248449059058,4.5013179385101E-6
IDN.32.30_1,2012.0,0.7244177071423596,0.2638682052013439,0.002381671012412739,0.0077100468942564605,4.5013179385101E-6
IDN.32.30_1,2013.0,0.7051051578943874,0.2832051563307719,0.0024001501071076754,0.0076671659181053895,4.5013179385101E-6
IDN.32.30_1,2014.0,0.7012797483810653,0.28819403807546384,0.0023499248753727203,0.006553918918470707,4.5013179385101E-6
IDN.32.30_1,2015.0,0.7302026114277562,0.2594448311366111,0.0024501384273721825,0.006280049258632935,4.5013179385101E-6
IDN.32.30_1,2016.0,0.7277370737548052,0.26166634999500116,0.0020426506982017946,0.006931555802364661,4.501317938510101E-6
IDN.32.30_1,2017.0,0.7469328256478461,0.24233082033439568,0.0022179651863332393,0.006896019081797476,4.5013179385101E-6
IDN.32.30_1,2018.0,0.75366300670033,0.23733340977676776,0.0021239113325654236,0.005257302440709349,4.5013179385101E-6
IDN.32.30_1,2019.0,0.7524895841872017,0.23806143872545418,0.002314151243335087,0.0055124560943817374,4.5013179385101E-6
IDN.32.30_1,2020.0,0.7443467000364369,0.24663100043449557,0.002114908696688403,0.005285021082751753,4.5013179385101E-6
IDN.32.30_1,2021.0,0.7520989171724329,0.23841230461318746,0.0020274883640931285,0.005838920100658944,4.5013179385101E-6
IDN.32.30_1,2022.0,0.7572858569064193,0.2319723401120022,0.0020942973987594362,0.007025135833191581,4.5013179385101E-6
IDN.32.30_1,2023.0,0.7971402890225171,0.19407763967944927,0.0018607026888978067,0.00529899885950818,4.5013179385101E-6
IDN.32.31_1,2011.0,0.6891266600538788,0.2767899815004951,0.02279837031921698,3.17098839915656E-4,0.0021533705534141604
IDN.32.31_1,2012.0,0.6800800166798145,0.2858415989740092,0.02247629737985167,6.34197679831312E-4,0.0021533705534141604
IDN.32.31_1,2013.0,0.6705185540127104,0.29400036559630954,0.023878993424655045,6.34197679831312E-4,0.0021533705534141604
IDN.32.31_1,2014.0,0.6834234405265592,0.2850026342001669,0.020288937146864847,3.17098839915656E-4,0.0021533705534141604
IDN.32.31_1,2015.0,0.7147602670594003,0.25444259619804716,0.019617848229448575,2.113992266104373E-4,0.0021533705534141604
IDN.32.31_1,2016.0,0.7328228801942559,0.2349345926647785,0.02116893824116673,1.0569961330521866E-4,0.0021533705534141604
IDN.32.31_1,2017.0,0.7390927325505489,0.22753354719197594,0.022194431744371086,2.113992266104373E-4,0.0021533705534141604
IDN.32.31_1,2018.0,0.7371022637541108,0.23002225494995454,0.021484793556219968,4.227984532208746E-4,0.0021533705534141604
IDN.32.31_1,2019.0,0.7366305533229683,0.23327324344859307,0.019022614328639584,1.0569961330521866E-4,0.0021533705534141604
IDN.32.31_1,2020.0,0.7241376880468662,0.24459802437060033,0.020190698682734112,1.0569961330521866E-4,0.0021533705534141604
IDN.32.31_1,2021.0,0.7190015158568074,0.2484977183391317,0.02111007806434578,3.17098839915656E-4,0.002259070166719379
IDN.32.31_1,2022.0,0.7155698017448316,0.251330882483999,0.021920027258064984,1.0569961330521866E-4,0.002259070166719379
IDN.32.31_1,2023.0,0.7518347173074205,0.21722472608256105,0.019655568483608474,2.113992266104373E-4,0.002259070166719379
IDN.32.32_1,2011.0,0.657452801133551,0.21171139447541232,0.0012098634882960686,0.12766687654452058,4.0206149806537475E-4
IDN.32.32_1,2012.0,0.6563509424006175,0.21128778458333294,0.0011796431796179522,0.12922256547821145,4.0206149806537475E-4
IDN.32.32_1,2013.0,0.6479436525263658,0.21928880839483386,0.0012902757879091438,0.1295181989326713,4.0206149806537475E-4
IDN.32.32_1,2014.0,0.6493508677695945,0.22114643763001304,0.0014453191106925235,0.12613010815191514,4.0206149806537475E-4
IDN.32.32_1,2015.0,0.6561761901808701,0.2141355888019829,0.0014550421665280916,0.12632588319509078,4.0206149806537475E-4
IDN.32.32_1,2016.0,0.6500133494928775,0.21660603334009576,0.0014521515283067066,0.1300529670036275,4.0206149806537475E-4
IDN.32.32_1,2017.0,0.6474504045316803,0.2163574384530566,0.001447158607742496,0.1328024895227504,4.0206149806537475E-4
IDN.32.32_1,2018.0,0.646618426294507,0.21901314662263088,0.0016156039804613885,0.13087732446730796,4.0206149806537475E-4
IDN.32.32_1,2019.0,0.6481693850929267,0.21739176136572674,0.0014474213930353492,0.13111593351321865,4.0206149806537475E-4
IDN.32.32_1,2020.0,0.6481155141078917,0.21568812431215956,0.0014960366722131884,0.13275781602296535,4.690717477429372E-4
IDN.32.32_1,2021.0,0.6503528680912437,0.20333301098337417,0.001424559072557122,0.1429470529680548,4.690717477429372E-4
IDN.32.32_1,2022.0,0.6506056675429683,0.19164694901019294,0.0014043246050074263,0.1544005499570609,4.690717477429372E-4
IDN.32.32_1,2023.0,0.6560645064314076,0.19390296074933758,0.0014647652223636594,0.14662236807389945,4.690717477429372E-4
IDN.32.34_1,2011.0,0.5690591445428407,0.31417600812441804,0.0048129532049727515,0.10957044233396843,0.002106178898262324
IDN.32.34_1,2012.0,0.5667372972933626,0.31608881350102097,0.0048839326623348,0.10976472584867096,0.0021985431921372977
IDN.32.34_1,2013.0,0.5658559690311175,0.31991396925770516,0.004952182140567539,0.10668030442907273,0.0021985431921372977
IDN.32.34_1,2014.0,0.5638689992215015,0.32364630572399294,0.0062052425609206265,0.10375422179897442,0.0021985431921372977
IDN.32.34_1,2015.0,0.5695901254834913,0.318761463068615,0.005513647848162205,0.10352808852776328,0.0021985431921372977
IDN.32.34_1,2016.0,0.5528480734764788,0.3361091154458126,0.003941634866201451,0.10456684558646556,0.0021985431921372977
IDN.32.34_1,2017.0,0.5541575534655043,0.3362551693292307,0.004452140963382338,0.10266587011942299,0.0021985431921372977
IDN.32.34_1,2018.0,0.5540196895194742,0.3369312941602564,0.004370241589503052,0.10220950860830673,0.0021985431921372977
IDN.32.34_1,2019.0,0.5577320061388136,0.33593758175718763,0.003928439967076455,0.09992861104576861,0.0021985431921372977
IDN.32.34_1,2020.0,0.5628730118358252,0.32729537782683665,0.004673269272856413,0.10267451505333249,0.0021985431921372977
IDN.32.34_1,2021.0,0.5681441465380002,0.31591727981239603,0.004383436488628048,0.10907131114982635,0.0021985431921372977
IDN.32.34_1,2022.0,0.5681932861623278,0.3097479819766779,0.003964384692279031,0.11560597119235029,0.0021985431921372977
IDN.32.34_1,2023.0,0.5872940401370638,0.2940733518092256,0.00415275325220139,0.1119778289294979,0.0021985431921372977
IDN.32.3_1,2011.0,0.4274492691446108,0.42870450090946777,9.927252389250166E-4,0.13908536065752014,0.0037465950063030966
IDN.32.3_1,2012.0,0.42095223262779813,0.4422627670734541,0.0010412105860654094,0.13198201242596194,0.0037465950063030966
IDN.32.3_1,2013.0,0.4105504115377495,0.4667405211146343,0.0011362222764213312,0.11781106778447435,0.0037465950063030966
IDN.32.3_1,2014.0,0.4028490773581266,0.4626731392156347,0.0015118612790140733,0.12919777809774846,0.0037465950063030966
IDN.32.3_1,2015.0,0.4054775708743133,0.4629782540769323,0.0013869747788039701,0.1263890562204742,0.0037465950063030966
IDN.32.3_1,2016.0,0.40290686797391,0.4587399490854884,0.0020545053662015017,0.13253053352492397,0.0037465950063030966
IDN.32.3_1,2017.0,0.3988644633749523,0.466970704075806,0.001970268197432334,0.12840780976504693,0.0037465950063030966
IDN.32.3_1,2018.0,0.39540437269266066,0.47651839945461366,0.0023449276980626434,0.12194554556790058,0.0037465950063030966
IDN.32.3_1,2019.0,0.39183408803959535,0.4881308849702285,0.002045689848539612,0.1142211930921604,0.0037465950063030966
IDN.32.3_1,2020.0,0.38836371258669816,0.48589272298607084,0.0020373640818589383,0.11993658704295218,0.0037465950063030966
IDN.32.3_1,2021.0,0.38414107962665306,0.4613630553408817,0.002162250582069042,0.14856400114797638,0.0037465950063030966
IDN.32.3_1,2022.0,0.3821208568291366,0.4289052988117666,0.0018277506618984518,0.18337648039477855,0.0037465950063030966
IDN.32.3_1,2023.0,0.3972590596585259,0.44078029085331305,0.0015324308202251489,0.1566586053655159,0.0037465950063030966
IDN.32.4_1,2011.0,0.2355128865541702,0.3126642778567132,0.03876098880882166,0.3426640325602725,0.06881470872934563
IDN.32.4_1,2012.0,0.2273626292759418,0.32115908228940865,0.03739600846084035,0.34215909927146987,0.07034007521166259
IDN.32.4_1,2013.0,0.2225355727011481,0.3289666793088682,0.03687862166043052,0.3381562387375916,0.07187978210128487
IDN.32.4_1,2014.0,0.20506669232844835,0.34342482890573295,0.03618990473063625,0.3407009062760041,0.07303456226850155
IDN.32.4_1,2015.0,0.20526594851416416,0.3457917508693876,0.03534155642478554,0.3377320645846663,0.07428557411631966
IDN.32.4_1,2016.0,0.23141983240592437,0.3189110347547322,0.03666125127601325,0.33668446009309977,0.07474031597955366
IDN.32.4_1,2017.0,0.2575620175443566,0.2922220272430004,0.03876061142968205,0.33437489975866636,0.07549733853361794
IDN.32.4_1,2018.0,0.26050972600387606,0.29135480998016905,0.0395538623811492,0.3310260372737379,0.07597019459555342
IDN.32.4_1,2019.0,0.26683120397153853,0.2875029011021361,0.0392674316141827,0.3278681286334538,0.07694722918801225
IDN.32.4_1,2020.0,0.25568531108305964,0.2978710155838718,0.04180832536119905,0.32474229722003684,0.07830994526115585
IDN.32.4_1,2021.0,0.2512122361412231,0.2939274035749129,0.04201588388798637,0.33156682158080375,0.07969228504955937
IDN.32.4_1,2022.0,0.2525564606365257,0.2884297442690264,0.04444846982193369,0.3326476354366563,0.0803345843451812
IDN.32.4_1,2023.0,0.26346988797500287,0.28259546277060477,0.04526398614263804,0.3255230946598968,0.08156219868634329
IDN.32.5_1,2011.0,0.5413999780911097,0.4262531102799643,0.01726420556798798,0.0,0.001574310261185271
IDN.32.5_1,2012.0,0.5052659582792133,0.4626437770926902,0.017007558567158576,0.0,0.001574310261185271
IDN.32.5_1,2013.0,0.431955681444735,0.5356974069263392,0.01726420556798798,0.0,0.001574310261185271
IDN.32.5_1,2014.0,0.3731553496815387,0.5984037808485,0.013358163409023335,0.0,0.001574310261185271
IDN.32.5_1,2015.0,0.3480008137587832,0.6228259338664495,0.014090546313829205,0.0,0.001574310261185271
IDN.32.5_1,2016.0,0.3213032659895778,0.648725372059905,0.014888655889579194,0.0,0.001574310261185271
IDN.32.5_1,2017.0,0.2906339493904636,0.6785746701929545,0.015708674355643888,0.0,0.001574310261185271
IDN.32.5_1,2018.0,0.2802147071250843,0.685062831567581,0.01963975524639677,0.0,0.001574310261185271
IDN.32.5_1,2019.0,0.2996948404563311,0.6625311027996428,0.0226913506830879,0.0,0.001574310261185271
IDN.32.5_1,2020.0,0.22778047291904677,0.7360197805981125,0.02111704042190263,0.0,0.001574310261185271
IDN.32.5_1,2021.0,0.21539256036681742,0.7468114739988416,0.02271325957340261,0.0,0.001574310261185271
IDN.32.5_1,2022.0,0.20712038935227933,0.7542855354376298,0.023511369149152597,0.0,0.001574310261185271
IDN.32.5_1,2023.0,0.25437160607815223,0.7086117588144157,0.021933929046493796,0.0,0.001574310261185271
IDN.32.6_1,2011.0,0.6913907432878217,0.2069524632497399,4.0333417779016837E-4,0.10109227985222392,9.832716571366438E-5
IDN.32.6_1,2012.0,0.691491384033905,0.2095976568058016,3.705584558856136E-4,0.09834644555007882,9.832716571366438E-5
IDN.32.6_1,2013.0,0.6855593639659088,0.21413265992720718,3.705584558856136E-4,0.09974346249666943,9.832716571366438E-5
IDN.32.6_1,2014.0,0.6898637802437976,0.21169221823386683,5.101444715261881E-4,0.09773990189648041,9.832716571366438E-5
IDN.32.6_1,2015.0,0.6896189263213341,0.21014713214361327,5.71839948052409E-4,0.09943151474348373,9.832716571366438E-5
IDN.32.6_1,2016.0,0.6832708473835143,0.2098278580525901,6.084716372398525E-4,0.10609886777232673,9.832716571366438E-5
IDN.32.6_1,2017.0,0.6768703272906472,0.2077275126736006,6.655399530266068E-4,0.11454266492839664,9.832716571366438E-5
IDN.32.6_1,2018.0,0.6698366573699297,0.21612927978628696,5.066741009715882E-4,0.11333343358848269,9.832716571366438E-5
IDN.32.6_1,2019.0,0.6650078295415681,0.21927150752511307,4.769831528933445E-4,0.1150497246260965,9.832716571366438E-5
IDN.32.6_1,2020.0,0.6710331640178102,0.20517293434868672,7.376465412166274E-4,0.12286538471178382,9.832716571366438E-5
IDN.32.6_1,2021.0,0.6788997228716315,0.18633306380122036,5.55644885464276E-4,0.1340176132873548,9.832716571366438E-5
IDN.32.6_1,2022.0,0.6722844254011076,0.1860126329200123,3.975502268658352E-4,0.14111452107151165,9.832716571366438E-5
IDN.32.6_1,2023.0,0.6735653777324832,0.18626944034105267,4.3880907679274536E-4,0.13953550246916865,9.832716571366438E-5
IDN.32.7_1,2011.0,0.37063038581671626,0.2640026130922274,1.0298123881440019E-4,0.3616778229675386,0.0035861968847041123
IDN.32.7_1,2012.0,0.36564328115466044,0.27555601929877516,1.5061573253912272E-4,0.3550638869293221,0.0035861968847041123
IDN.32.7_1,2013.0,0.3600128839963981,0.28000145171790425,2.4316274891858367E-4,0.35615630465207565,0.0035861968847041123
IDN.32.7_1,2014.0,0.35494412020224253,0.2720782475950254,3.7154905105283594E-4,0.36901988626697585,0.0035861968847041123
IDN.32.7_1,2015.0,0.351423250623218,0.27455025098841607,3.2028526256813457E-4,0.37012001624109436,0.0035861968847041123
IDN.32.7_1,2016.0,0.34433433063328933,0.26902056675974323,3.488659588029681E-4,0.38271003976346113,0.0035861968847041123
IDN.32.7_1,2017.0,0.34493407159237593,0.2672553685208585,3.765393313478069E-4,0.38384782367071446,0.0035861968847041123
IDN.32.7_1,2018.0,0.34104165296229866,0.2693177152682165,4.885938070621543E-4,0.3855658410777194,0.0035861968847041123
IDN.32.7_1,2019.0,0.3424257752513856,0.2754475941178208,4.6046677267231803E-4,0.37750154812104636,0.0035861968847041123
IDN.32.7_1,2020.0,0.3418128780987941,0.2707363158575233,1.7284516294399326E-4,0.3826506100617664,0.0035861968847041123
IDN.32.7_1,2021.0,0.3400771678798343,0.268208512057198,1.80103752463951E-4,0.3870225492620059,0.0035861968847041123
IDN.32.7_1,2022.0,0.33784288329322215,0.25151420982314027,6.714195305960893E-5,0.4064111491935031,0.0035861968847041123
IDN.32.7_1,2023.0,0.34471903587784725,0.2532993691832049,1.8282572353393514E-4,0.3978655210192878,0.0037018806551784387
IDN.32.9_1,2011.0,4.4853879860607935E-5,0.04810061070282579,0.13068695442155745,0.06740848083359209,0.7445295518062313
IDN.32.9_1,2012.0,4.4853879860607935E-5,0.052613601076493106,0.13105613635579477,0.061011627505779244,0.7464134147603768
IDN.32.9_1,2013.0,0.0,0.05723700100058655,0.12682262015664353,0.059786771555739554,0.7472932408653349
IDN.32.9_1,2014.0,0.0,0.06066314736224683,0.12594279405168546,0.05636062519407927,0.748173066970293
IDN.32.9_1,2015.0,0.001314563709760894,0.05730600696960287,0.12770244626160163,0.05488389745713003,0.7499327191802091
IDN.32.9_1,2016.0,0.0,0.0604837318428044,0.12682262015664353,0.05227547182831314,0.7515578097505433
IDN.32.9_1,2017.0,3.450298450815995E-5,0.05739571472932408,0.12725735776144637,0.05478038850360555,0.7516716695994203
IDN.32.9_1,2018.0,3.450298450815995E-5,0.05377290135596729,0.12808887968809302,0.055743021771383204,0.7535003277783527
IDN.32.9_1,2019.0,9.143290894662387E-4,0.05369354449159853,0.12721250388158575,0.053317461960459576,0.7551254183486872
IDN.32.9_1,2020.0,0.0,0.05462512507331884,0.12809232998654382,0.05164406721181382,0.7559017355001207
IDN.32.9_1,2021.0,8.798261049580788E-4,0.05691267294620985,0.12725735776144637,0.047924645481834165,0.7572887554773489
IDN.32.9_1,2022.0,3.450298450815995E-5,0.052692957940861894,0.13247765931753097,0.04572680536866438,0.759331332160232
IDN.32.9_1,2023.0,0.0,0.047320843252941384,0.13264327364317013,0.04988096470344683,0.7604181761722388
IDN.33.1_1,2011.0,0.003549632345977401,0.10039928628523595,0.0013202207818283078,0.7707191320258667,0.11931803114736098
IDN.33.1_1,2012.0,0.004515647552193237,0.1013709839338413,0.0013202207818283078,0.7682984115679377,0.11980103875046888
IDN.33.1_1,2013.0,0.004347068427971257,0.10924116664330559,0.0013202207818283078,0.7596440518087217,0.12075379492444256
IDN.33.1_1,2014.0,0.0038640608248633394,0.10045421656166782,0.0013202207818283078,0.7684310018903594,0.12123680252755047
IDN.33.1_1,2015.0,0.004032639949085318,0.11508839986210612,9.167673721734589E-4,0.7540316928753541,0.12123680252755047
IDN.33.1_1,2016.0,0.009716976486053396,0.12095646870300154,9.167673721734589E-4,0.7424792874974906,0.12123680252755047
IDN.33.1_1,2017.0,0.009965109803728443,0.12364236980577417,9.167673721734588E-4,0.7390622454739347,0.12171981013065836
IDN.33.1_1,2018.0,0.00899909459751261,0.11842020524981917,9.167673721734589E-4,0.7399373416019188,0.12703289376484547
IDN.33.1_1,2019.0,0.01093112500994428,0.126667323304454,9.167673721734589E-4,0.7263771399130968,0.13041394698660091
IDN.33.1_1,2020.0,0.008033079391296776,0.13670819900670914,0.0018695235461471157,0.7173155384492996,0.13137996219281678
IDN.33.1_1,2021.0,0.006584056581973024,0.10220630296509851,0.002837432899826119,0.7498835099310155,0.13379500020835636
IDN.33.1_1,2022.0,0.00879831496641677,0.09762436025169437,0.00298138810702691,0.7516242314496671,0.13427800781146426
IDN.33.1_1,2023.0,0.008959317500786074,0.10348485250273708,0.0028923631762579993,0.7404525497119002,0.13951721969458772
IDN.33.2_1,2011.0,0.014347663115677993,0.7100036953593443,0.002082116447527884,0.26735726177846114,0.004559596609805815
IDN.33.2_1,2012.0,0.018370836594918415,0.6905937872929974,0.0016874149835563134,0.28313869782953927,0.004559596609805815
IDN.33.2_1,2013.0,0.01346223382485586,0.6963414617993889,0.0017536400614038925,0.2822334010153628,0.004559596609805815
IDN.33.2_1,2014.0,0.009384093531001949,0.6824096921725936,0.0016331104197212986,0.30036384057769455,0.004559596609805815
IDN.33.2_1,2015.0,0.01574236325514801,0.678854067742957,0.0017145672654738206,0.2974797384374325,0.004559596609805815
IDN.33.2_1,2016.0,0.01635030946978878,0.7012977466255015,0.0016807924757715551,0.2744618881299494,0.004559596609805814
IDN.33.2_1,2017.0,0.015638389882927307,0.7110407800784374,0.002088076704534166,0.2650234900351125,0.004559596609805815
IDN.33.2_1,2018.0,0.018241697693115635,0.7061897931261021,0.0019437060348264437,0.267415539846967,0.004559596609805814
IDN.33.2_1,2019.0,0.02563705213635479,0.7177096454176886,0.0016655607078666123,0.2487784784391014,0.004559596609805815
IDN.33.2_1,2020.0,0.019797987022533745,0.7335526707911649,0.001584766112892566,0.23885531277442013,0.004559596609805815
IDN.33.2_1,2021.0,0.015173489836437303,0.700358675021623,0.0019350967747062586,0.27632347506824495,0.004559596609805815
IDN.33.2_1,2022.0,0.03360988925842482,0.6743183121611763,0.001663573955531185,0.284198961325879,0.004559596609805815
IDN.33.2_1,2023.0,0.03051982712605679,0.6852586950215963,0.0017158917670307722,0.2762963227863274,0.004559596609805815
IDN.33.4_1,2011.0,0.15564860742102657,0.2894917617108973,0.0012375112386224733,0.5352901164102409,0.008340994117191474
IDN.33.4_1,2012.0,0.15400701087999677,0.2884360888583582,0.0012375112386224733,0.53798738580381,0.008340994117191474
IDN.33.4_1,2013.0,0.16795300487933004,0.285568766900026,0.0012375112386224733,0.5269087137628088,0.008340994117191474
IDN.33.4_1,2014.0,0.160571713355356,0.29241632908707044,0.0015540447255082215,0.5271259096128528,0.008340994117191474
IDN.33.4_1,2015.0,0.17055093663605722,0.28191347860199967,0.001493431930147121,0.5277101496125834,0.008340994117191474
IDN.33.4_1,2016.0,0.21869770041789152,0.24212622951371704,0.002008640690716477,0.5188354261584622,0.008340994117191474
IDN.33.4_1,2017.0,0.21445817212013457,0.25193371654089514,0.0015793000569086803,0.5136968080628488,0.008340994117191474
IDN.33.4_1,2018.0,0.20077483356736606,0.25410062397505456,0.0015035340627073044,0.5252890051756594,0.008340994117191474
IDN.33.4_1,2019.0,0.1980236861334761,0.2483676637471504,0.0010741934288995075,0.5330508103594003,0.008340994117191474
IDN.33.4_1,2020.0,0.18099149063700679,0.26503786616021313,0.001064091296339324,0.534574548687228,0.008340994117191474
IDN.33.4_1,2021.0,0.18952779265036182,0.25393898985409163,0.0019109867426347037,0.5362902275336991,0.008340994117191474
IDN.33.4_1,2022.0,0.23885987331925768,0.20825546272818196,0.0034936541770634448,0.5310590065562841,0.008340994117191474
IDN.33.4_1,2023.0,0.21661497742173372,0.22612276784962648,0.0027191573474493803,0.5362110941619777,0.008340994117191474
IDN.34.10_1,2011.0,0.6500521818194891,0.2773265062810836,0.05447796703097156,0.006597437495656126,0.003784357179162006
IDN.34.10_1,2012.0,0.6359804199728518,0.29254707932060586,0.053536002690115235,0.006186601301586583,0.003948894447821223
IDN.34.10_1,2013.0,0.6277246127290457,0.30146656630354174,0.05338934790331589,0.005574356742239512,0.003972399771915398
IDN.34.10_1,2014.0,0.6158000391939757,0.31420027605390044,0.05229916175405395,0.005691883362710382,0.004089926392386267
IDN.34.10_1,2015.0,0.6026784455071924,0.3283256853461174,0.051121222394840425,0.005856051920403415,0.004160442364668789
IDN.34.10_1,2016.0,0.5903493960422196,0.33942093574049986,0.051833664159247755,0.006161528955886131,0.0042309583369513105
IDN.34.10_1,2017.0,0.6199920063462533,0.3080561686911665,0.053815209069257394,0.005721472417746577,0.004395495605610529
IDN.34.10_1,2018.0,0.6260686396021756,0.2999861917743165,0.055835468630716256,0.005503656414473898,0.004489516901987224
IDN.34.10_1,2019.0,0.6163358684055814,0.30964107277930464,0.05641019684925421,0.0049956648808151035,0.004560032874269746
IDN.34.10_1,2020.0,0.615033304739798,0.30903021088608074,0.05808469770217485,0.005247402292976629,0.00458353819836392
IDN.34.10_1,2021.0,0.6165421621911609,0.30519515594906854,0.05968748427217288,0.005837800727577351,0.0047010648188347895
IDN.34.10_1,2022.0,0.6239684619387965,0.296875285174888,0.06057663076712348,0.005697967093652403,0.004748075467023138
IDN.34.10_1,2023.0,0.6234124458017924,0.30000776136583823,0.05884682326927536,0.0046672355876874886,0.004748075467023138
IDN.34.11_1,2011.0,0.4317472219693713,0.43605009392535915,0.056852705870477645,0.050868099835762064,0.00130230747254114
IDN.34.11_1,2012.0,0.40942353892968053,0.4636265673127734,0.05686261962978419,0.04560539572873191,0.00130230747254114
IDN.34.11_1,2013.0,0.3878917549667184,0.4937229380657415,0.05488287193796271,0.039020556630547536,0.00130230747254114
IDN.34.11_1,2014.0,0.3612748133133977,0.5237859625374057,0.054194616708529784,0.03626272904163689,0.00130230747254114
IDN.34.11_1,2015.0,0.3486942527533966,0.5334837220578441,0.05256695768056489,0.040773189109164616,0.00130230747254114
IDN.34.11_1,2016.0,0.34941855801667143,0.5322793505105737,0.05312363028647461,0.040696582787250433,0.00130230747254114
IDN.34.11_1,2017.0,0.35641707125319255,0.5316845249521813,0.05469991801621471,0.03271660737938185,0.00130230747254114
IDN.34.11_1,2018.0,0.3653703975747942,0.5254052098908076,0.05575137733660548,0.028991136798763004,0.00130230747254114
IDN.34.11_1,2019.0,0.3475580758534771,0.5445360615998945,0.055149341771444586,0.028274642376153864,0.00130230747254114
IDN.34.11_1,2020.0,0.3417489133167925,0.5461616177092187,0.05578111861452511,0.03182647196043389,0.00130230747254114
IDN.34.11_1,2021.0,0.33588477447849885,0.5494962458396008,0.056469674260906724,0.033667427021963785,0.00130230747254114
IDN.34.11_1,2022.0,0.3169017279081639,0.5611971855738579,0.05823762800390664,0.039181580115041664,0.00130230747254114
IDN.34.11_1,2023.0,0.30521190360100797,0.5779271050290699,0.05657932644717604,0.035799786523716265,0.00130230747254114
IDN.34.12_1,2011.0,0.03090876962485649,0.7026113418485097,0.0028826062969502637,0.16854816191695332,0.06818706051045195
IDN.34.12_1,2012.0,0.022952938113666672,0.7465855885871987,0.0032265766318694575,0.13149783568469647,0.06921897151520953
IDN.34.12_1,2013.0,0.018786175899684756,0.7848634167989715,0.0027517626793535505,0.09751761330450272,0.06921897151520953
IDN.34.12_1,2014.0,0.015063202862912307,0.7914919274883554,0.0030957330142727443,0.09358016464713359,0.07025088251996711
IDN.34.12_1,2015.0,0.011484562476478496,0.77070128132322,0.0027517626793535505,0.11760548086378364,0.0709388231898055
IDN.34.12_1,2016.0,0.009169844457963448,0.7564366291986299,0.0024077923444343566,0.13487279167672714,0.0709388231898055
IDN.34.12_1,2017.0,0.012226459277284602,0.7663632083934154,0.0024077923444343566,0.12085768665786276,0.07231470452948228
IDN.34.12_1,2018.0,0.016795194666976012,0.7751472665149598,0.0030957330142727443,0.10716092281170786,0.07300264519932066
IDN.34.12_1,2019.0,0.014685509946138289,0.7869865905525509,0.0024077923444343566,0.09777525382987357,0.07300264519932066
IDN.34.12_1,2020.0,0.011261993436236663,0.7508481229336483,0.0030957330142727443,0.13527341594916245,0.07437852653899744
IDN.34.12_1,2021.0,0.012237250503478144,0.6840814575709216,0.003439703349191938,0.20003291323989023,0.07506646720883584
IDN.34.12_1,2022.0,0.011324042986849537,0.6207828225261449,0.004127644019030326,0.26390078546637646,0.07506646720883584
IDN.34.12_1,2023.0,0.011584381318768771,0.6423396457510219,0.004127644019030326,0.23692406888579234,0.08022602223262373
IDN.34.1_1,2011.0,0.2510966400662983,0.3997699556343006,0.04887549741735901,0.14828038264522433,0.07235502561208225
IDN.34.1_1,2012.0,0.2528148285740819,0.4253623913183254,0.04914697834582379,0.11978738756760222,0.07326591556943117
IDN.34.1_1,2013.0,0.2465332599858542,0.44929915055046293,0.046142827545312265,0.10513634772420387,0.07326591556943117
IDN.34.1_1,2014.0,0.23515249369521243,0.45586470247833477,0.046142827545312265,0.10949611710829937,0.07372136054810563
IDN.34.1_1,2015.0,0.22353953976838373,0.4440785008537358,0.04432104763061443,0.13426160759575048,0.07417680552678009
IDN.34.1_1,2016.0,0.20267480156887385,0.45856343723432347,0.04204382273724214,0.14246318932937055,0.07463225050545455
IDN.34.1_1,2017.0,0.20497345916712495,0.4630214398491134,0.04705371750266118,0.130241189372236,0.075087695484129
IDN.34.1_1,2018.0,0.20973330570895798,0.46393054374772247,0.04628392618576435,0.12534203024869073,0.07554314046280346
IDN.34.1_1,2019.0,0.20820265336886382,0.4601369549841752,0.04432104763061443,0.13217370492880762,0.07554314046280346
IDN.34.1_1,2020.0,0.2143359790816799,0.42824866224200353,0.04848077843584114,0.15331349617426207,0.07599858544147792
IDN.34.1_1,2021.0,0.21989955205646786,0.3804108649525263,0.048984447000492905,0.19417316196695064,0.07690947539882684
IDN.34.1_1,2022.0,0.2206907760782435,0.35113557614682805,0.05041150793367287,0.22123016581769325,0.07690947539882684
IDN.34.1_1,2023.0,0.20931715402256135,0.3774513656205123,0.05041150793367287,0.20583255342101675,0.0773649203775013
IDN.34.2_1,2011.0,0.9030527387121635,0.05873163492009237,0.03413615067464619,6.775066550637384E-5,8.694668739984643E-4
IDN.34.2_1,2012.0,0.8950783968191017,0.06723106661156875,0.03364825732003883,4.516711033758255E-5,8.69466873998464E-4
IDN.34.2_1,2013.0,0.8818579836232914,0.0806457426633115,0.03343862879029559,6.775066550637384E-5,8.694668739984643E-4
IDN.34.2_1,2014.0,0.8703975821603022,0.09186033762680672,0.03368443528978962,6.775066550637384E-5,8.694668739984643E-4
IDN.34.2_1,2015.0,0.8644712587506848,0.09833526430110277,0.033109174573715566,9.03342206751651E-5,8.69466873998464E-4
IDN.34.2_1,2016.0,0.8570564576480405,0.10582968350608726,0.03305581538944422,6.775066550637383E-5,8.69466873998464E-4
IDN.34.2_1,2017.0,0.8604415111604388,0.10203852453397731,0.033466393278708984,5.6458887921978186E-5,8.69466873998464E-4
IDN.34.2_1,2018.0,0.8584697896682806,0.10392535842758947,0.03348800264130187,7.306444319314824E-5,8.69466873998464E-4
IDN.34.2_1,2019.0,0.8504131727840353,0.11218345604912489,0.03333686994759386,6.775066550637384E-5,8.694668739984643E-4
IDN.34.2_1,2020.0,0.8499217811924508,0.11219324225636468,0.03381568559865296,7.904244309076947E-5,8.694668739984643E-4
IDN.34.2_1,2021.0,0.8520038078530905,0.1096834564919397,0.03425159249489134,7.904244309076947E-5,8.694668739984643E-4
IDN.34.2_1,2022.0,0.8559842701552914,0.10564082299080313,0.0343254540047375,6.775066550637383E-5,8.69466873998464E-4
IDN.34.2_1,2023.0,0.8645924128819432,0.09705725648595281,0.03416812190372825,1.0162599825956074E-4,8.69466873998464E-4
IDN.34.3_1,2011.0,0.08685025063769093,0.6360515834265457,0.10955855807870087,0.012073220531576797,0.12190401789677396
IDN.34.3_1,2012.0,0.08034018074321328,0.6437512206381054,0.10836899076161904,0.0120732205315768,0.12190401789677399
IDN.34.3_1,2013.0,0.08329338517716268,0.6529481739253947,0.10074629073972152,0.0075457628322355,0.12190401789677399
IDN.34.3_1,2014.0,0.07812675697909084,0.6579017452905563,0.09633719794755251,0.012073220531576797,0.12190401789677396
IDN.34.3_1,2015.0,0.07664127739407821,0.6477756274819642,0.09300522581065165,0.027016790062082394,0.12190401789677396
IDN.34.3_1,2016.0,0.06501784350975622,0.6289319342601306,0.09933183009901225,0.051157312879877376,0.12190401789677396
IDN.34.3_1,2017.0,0.059170617095443544,0.6566234042930952,0.11204422112931958,0.016600678230918098,0.12190401789677396
IDN.34.3_1,2018.0,0.07125567411773757,0.6532381679479669,0.10183524788570686,0.0181098307973652,0.12190401789677396
IDN.34.3_1,2019.0,0.06799472092514011,0.6598310932774651,0.10303073344814731,0.013582373098023898,0.12190401789677396
IDN.34.3_1,2020.0,0.05336481839864118,0.6682764294042104,0.10639229681184127,0.01640537613408377,0.12190401789677399
IDN.34.3_1,2021.0,0.05369624013872368,0.6596535459167068,0.10616740348821382,0.024921731205132306,0.12190401789677396
IDN.34.3_1,2022.0,0.05912327113257463,0.6458817889672073,0.11036343944747266,0.02907042120152218,0.12190401789677399
IDN.34.3_1,2023.0,0.06582272487852801,0.6519479904597885,0.10476477933822186,0.020394273505791004,0.12341317046322108
IDN.34.5_1,2011.0,0.8623631395034229,0.12787396515817526,0.003674816780534295,0.0,3.0455551661205655E-4
IDN.34.5_1,2012.0,0.8566458255146474,0.13367852687614395,0.0035641417039092593,7.809115810565552E-6,3.045555166120565E-4
IDN.34.5_1,2013.0,0.8452676987867848,0.14486035386931742,0.0037135867437349847,7.809115810565552E-6,3.1236463242262206E-4
IDN.34.5_1,2014.0,0.8314633563365383,0.15878798847741998,0.003590294585878761,7.809115810565552E-6,3.514102114754498E-4
IDN.34.5_1,2015.0,0.8196245223998361,0.17072965775095333,0.0034796501332372974,0.0,3.6702844309658095E-4
IDN.34.5_1,2016.0,0.808434671922967,0.18206472715791525,0.0033188129715232173,1.5618231621131104E-5,3.670284430965809E-4
IDN.34.5_1,2017.0,0.8107179961380094,0.17909867185314457,0.003821934397608635,7.809115810565552E-6,3.6702844309658095E-4
IDN.34.5_1,2018.0,0.809309752253504,0.180638139507251,0.003862511175840005,7.809115810565552E-6,3.6702844309658095E-4
IDN.34.5_1,2019.0,0.8031027301434471,0.18751126388395725,0.003219836256622245,0.0,3.670284430965809E-4
IDN.34.5_1,2020.0,0.7973371527565641,0.19301445497960523,0.0034744134320466823,7.809115810565552E-6,3.670284430965809E-4
IDN.34.5_1,2021.0,0.796760441897958,0.1937427545568871,0.0033072064817498666,2.342734743169665E-5,3.670284430965809E-4
IDN.34.5_1,2022.0,0.7987370975415218,0.19140954387260797,0.003413869816527121,3.123646324226221E-5,3.670284430965809E-4
IDN.34.5_1,2023.0,0.8070070430568612,0.18310848438996033,0.003460602015456231,6.247292648452442E-5,3.670284430965809E-4
IDN.34.6_1,2011.0,0.4814497213161859,0.4387084293103342,0.04769166321388028,0.014188325946638583,7.040931298715967E-4
IDN.34.6_1,2012.0,0.48209730548438384,0.4396935546545415,0.04731902209942582,0.01290867139519078,7.040931298715967E-4
IDN.34.6_1,2013.0,0.4699314341125103,0.4531083632836656,0.047616654063655985,0.011231398535521998,7.040931298715967E-4
IDN.34.6_1,2014.0,0.4583686999149584,0.4654686999498641,0.04660472865595081,0.011553232004271281,7.040931298715967E-4
IDN.34.6_1,2015.0,0.44917049925027813,0.472710573548121,0.046416624013454554,0.013762045920725908,7.139831677760395E-4
IDN.34.6_1,2016.0,0.4424866564966061,0.4787814666584918,0.04617965094837161,0.014601031410721632,7.139831677760395E-4
IDN.34.6_1,2017.0,0.4568586656570306,0.46430749314649555,0.047569220666177026,0.012554414115899871,7.139831677760395E-4
IDN.34.6_1,2018.0,0.46596215466460256,0.4566342199732931,0.04788577944804394,0.011221159437456222,7.139831677760395E-4
IDN.34.6_1,2019.0,0.4587134162165062,0.4651351923579415,0.046955378980241276,0.011219375352187184,7.139831677760395E-4
IDN.34.6_1,2020.0,0.45519267907591165,0.4667821745524991,0.04678794645618842,0.013271150980504206,7.139831677760395E-4
IDN.34.6_1,2021.0,0.4491960194265177,0.4691253766310671,0.04687843060689848,0.016640124519843546,7.139831677760395E-4
IDN.34.6_1,2022.0,0.4433787767000492,0.4716580795927769,0.047014292578581876,0.019108018644932206,7.139831677760395E-4
IDN.34.6_1,2023.0,0.4451036768795088,0.47189067001361173,0.046957201849972686,0.017313306433205965,7.139831677760395E-4
IDN.34.7_1,2011.0,0.6755482221879674,0.31133314784486615,0.007987906044393703,0.0038842451454380858,1.8901458874343512E-4
IDN.34.7_1,2012.0,0.668597988553465,0.3184031558642591,0.008042162817036453,0.0036785719592623144,1.8901458874343512E-4
IDN.34.7_1,2013.0,0.6466686667324116,0.34090436082062936,0.007715691533278711,0.0033145025002941616,1.8901458874343512E-4
IDN.34.7_1,2014.0,0.6329593545423232,0.3550220723313821,0.007606805728832715,0.003069276778315357,1.8901458874343512E-4
IDN.34.7_1,2015.0,0.6246273879688382,0.36406921079537935,0.007262652134951267,0.002761542538969407,1.8901458874343512E-4
IDN.34.7_1,2016.0,0.6136937641658182,0.37543068446019984,0.0070869147895989675,0.0025015195153607625,1.8901458874343515E-4
IDN.34.7_1,2017.0,0.6378982098894552,0.3518412729129005,0.0072568200747701135,0.0016849380252092038,1.8901458874343512E-4
IDN.34.7_1,2018.0,0.6531115731743471,0.3367487387471874,0.00738121667757024,0.0014476228103910062,1.8901458874343515E-4
IDN.34.7_1,2019.0,0.6449340631308724,0.3450963402054133,0.00714784120553399,0.001526727881997072,1.8901458874343512E-4
IDN.34.7_1,2020.0,0.64834550812088,0.34093383133750216,0.00740742992678872,0.0020182030386460535,1.8901458874343512E-4
IDN.34.7_1,2021.0,0.6588152659883215,0.33007019225665596,0.0074226305091757705,0.0023889731625031906,1.8901458874343515E-4
IDN.34.7_1,2022.0,0.6674879427584532,0.3211127062071455,0.007500246544139839,0.0026040769140782734,1.8901458874343515E-4
IDN.34.7_1,2023.0,0.674875270690575,0.3140268461518346,0.007239851261370693,0.0025630043200365357,1.8901458874343512E-4
IDN.35.14,2011.0,0.3136677757870489,0.43375671871000776,0.13422222933196826,0.002039608395188124,0.08652338750959816
IDN.35.14,2012.0,0.3168231699513694,0.43321282313795756,0.131610730739698,0.002039608395188124,0.08652338750959816
IDN.35.14,2013.0,0.319774603276171,0.43162112874328135,0.13025099180957259,0.002039608395188124,0.08652338750959816
IDN.35.14,2014.0,0.2966550422318915,0.46110746736626573,0.12390421039160483,0.001019804197594062,0.08752319554645507
IDN.35.14,2015.0,0.2864570002559509,0.47438091886357825,0.11980899667263889,0.002039608395188124,0.08752319554645507
IDN.35.14,2016.0,0.28849660865113896,0.4720253711287433,0.11910513181469162,0.0030594125927821863,0.08752319554645507
IDN.35.14,2017.0,0.2926838047094958,0.4625111978500129,0.12545191323265936,0.002039608395188124,0.08752319554645507
IDN.35.14,2018.0,0.2923078768876376,0.467010334015869,0.1192890964934733,0.004079216790376248,0.08752319554645507
IDN.35.14,2019.0,0.28516924750447914,0.4823073969797799,0.1131702713079089,0.002039608395188124,0.08752319554645507
IDN.35.14,2020.0,0.28044615433836706,0.48577473125159976,0.1144260302022012,0.002039608395188124,0.08752319554645507
IDN.35.14,2021.0,0.2845253711287433,0.47656050038392633,0.11752143588431023,0.0030594125927821863,0.08854299974404914
IDN.35.14,2022.0,0.2947234131046839,0.4587239250063988,0.12515996928589712,0.002039608395188124,0.0895628039416432
IDN.35.14,2023.0,0.295743217302278,0.4563443818786793,0.12448009982083443,0.0030594125927821863,0.09058260813923727
IDN.35.4,2011.0,0.8014323647205109,0.07190612636778805,0.11563406035051958,3.812622036611513E-5,3.751321054846387E-4
IDN.35.4,2012.0,0.7913851338092068,0.08254468748124118,0.11515038065293375,3.812622036611512E-5,3.7513210548463863E-4
IDN.35.4,2013.0,0.7787857636095127,0.09570929758718658,0.11450066500351819,1.9063110183057563E-5,3.751321054846387E-4
IDN.35.4,2014.0,0.763861441540434,0.11026932735853177,0.11489867284122256,1.9063110183057563E-5,3.751321054846387E-4
IDN.35.4,2015.0,0.7559193012944032,0.11849636765518069,0.11460203589531517,1.906311018305756E-5,3.7513210548463863E-4
IDN.35.4,2016.0,0.7513518548518374,0.12376212198880503,0.11381319692021073,1.9063110183057563E-5,3.751321054846387E-4
IDN.35.4,2017.0,0.7552494759326769,0.11926883478271609,0.11434292711141524,0.0,3.7513210548463863E-4
IDN.35.4,2018.0,0.7589616989223243,0.11533286320962603,0.11438688440077849,0.0,3.7513210548463863E-4
IDN.35.4,2019.0,0.7573044792104108,0.11738995969161506,0.11393654645668934,0.0,3.751321054846387E-4
IDN.35.4,2020.0,0.7558002129237303,0.11845697056080243,0.11446650091977831,0.0,3.751321054846387E-4
IDN.35.4,2021.0,0.757172532585026,0.11664268577243919,0.114894336918122,0.0,3.751321054846387E-4
IDN.35.4,2022.0,0.767445156740259,0.10663290826584756,0.11459216793239688,0.0,3.751321054846387E-4
IDN.35.4,2023.0,0.7780886518351714,0.09589327528977677,0.11429149409256834,0.0,3.7513210548463863E-4
IDN.35.8,2011.0,0.9932752776080511,0.006079674182271418,4.8114993709526065E-4,0.0,2.4955402005347597E-5
IDN.35.8,2012.0,0.992774432476236,0.006614967555286124,4.46701695895722E-4,0.0,2.4955402005347597E-5
IDN.35.8,2013.0,0.9917886940970247,0.007581989382993343,4.6541824739973264E-4,0.0,2.4955402005347597E-5
IDN.35.8,2014.0,0.9909021656738249,0.008446547265996253,4.873887875965976E-4,0.0,2.4955402005347597E-5
IDN.35.8,2015.0,0.990639473368598,0.008678045318716448,5.185830401032821E-4,0.0,2.4955402005347597E-5
IDN.35.8,2016.0,0.9905447896374602,0.008788583069951898,4.902513190030933E-4,1.2477701002673799E-5,2.4955402005347597E-5
IDN.35.8,2017.0,0.9914718338897981,0.007837513126663786,5.267547109560136E-4,0.0,2.4955402005347604E-5
IDN.35.8,2018.0,0.991851743186209,0.0075064625928065705,4.7165709790106963E-4,6.238850501336901E-6,2.4955402005347604E-5
IDN.35.8,2019.0,0.9912326534878331,0.008120585676861697,4.703848617204049E-4,1.2477701002673799E-5,2.4955402005347597E-5
IDN.35.8,2020.0,0.9909674167102447,0.008317537624060763,5.386696921095472E-4,1.2477701002673799E-5,2.4955402005347597E-5
IDN.35.8,2021.0,0.9907648620306347,0.008460908855189526,5.978531405908566E-4,1.2477701002673799E-5,2.4955402005347597E-5
IDN.35.8,2022.0,0.991177849467743,0.007941298239709554,7.169540199653982E-4,0.0,2.4955402005347597E-5
IDN.35.8,2023.0,0.9919013359311744,0.007329890890578538,6.048749056649105E-4,0.0,2.4955402005347597E-5
IDN.35.9,2011.0,0.7976601838945715,0.1025243731999343,0.09226045953476056,2.054099463460074E-4,2.9619504409002554E-4
IDN.35.9,2012.0,0.7945322561184827,0.10712045540022688,0.09093305666286061,1.3493021779206356E-4,2.9619504409002554E-4
IDN.35.9,2013.0,0.7893361606538637,0.11303361453382102,0.09016768977775759,1.7027403447103244E-4,2.9619504409002554E-4
IDN.35.9,2014.0,0.782393942042101,0.1197345942713496,0.09039319718848969,1.989648974221954E-4,2.9619504409002554E-4
IDN.35.9,2015.0,0.7785610090756687,0.12375242391013369,0.09008390414174802,3.0499634745910205E-4,2.9619504409002554E-4
IDN.35.9,2016.0,0.7746404788851536,0.12810837606181327,0.08968382599726238,2.6965253078013317E-4,2.9619504409002554E-4
IDN.35.9,2017.0,0.7855230479454124,0.11655753165991692,0.09038980141002446,1.989648974221954E-4,2.9619504409002554E-4
IDN.35.9,2018.0,0.7881074432622597,0.1130778982570718,0.09122578662688409,2.582177665604668E-4,2.9619504409002554E-4
IDN.35.9,2019.0,0.7862448934248791,0.11581759846250252,0.09035833848302005,2.4075376302497628E-4,2.9619504409002554E-4
IDN.35.9,2020.0,0.7868710333929075,0.11507953640832402,0.09034884416363764,3.46785213061883E-4,2.9619504409002554E-4
IDN.35.9,2021.0,0.7877669644949187,0.11394215852727455,0.09060103269088232,3.357662584502044E-4,2.9619504409002554E-4
IDN.35.9,2022.0,0.7951114789024099,0.10624281992096715,0.09099487369124816,3.002145369672416E-4,2.9619504409002554E-4
IDN.35.9,2023.0,0.8082776743297377,0.09360816777585042,0.09032632114320498,3.885740786646638E-4,2.9619504409002554E-4
IDN.4.1_1,2011.0,0.030454978561219613,0.22957956169604554,0.017049785612196278,0.4685505002382084,0.24446164840400178
IDN.4.1_1,2012.0,0.027417818008575498,0.21994997617913278,0.009051929490233441,0.47890662220104807,0.2547701286326821
IDN.4.1_1,2013.0,0.03349213911386373,0.21768103858980456,0.008295616960457355,0.4692174845164362,0.26039185326345865
IDN.4.1_1,2014.0,0.04275845640781322,0.22257622677465452,0.009581943782753687,0.4516555502620294,0.2619104335397807
IDN.4.1_1,2015.0,0.03668413530252499,0.22779895188184837,0.009730824202000946,0.4523582658408765,0.2619104335397807
IDN.4.1_1,2016.0,0.04310385898046686,0.23624940447832288,0.010564554549785606,0.4290614578370652,0.269503334921391
IDN.4.1_1,2017.0,0.04527155788470698,0.24085278704144816,0.010028585040495468,0.41371486422105747,0.27861481657932335
IDN.4.1_1,2018.0,0.04511672224868983,0.25245950452596455,0.008009766555502616,0.39861838970938507,0.28165197713196743
IDN.4.1_1,2019.0,0.04359814197236778,0.2523523106241065,0.005204859456884228,0.39697474988089526,0.2877262982372557
IDN.4.1_1,2020.0,0.04040614578370651,0.25924845164363963,0.005204859456884228,0.3901143401619815,0.2907634587898998
IDN.4.1_1,2021.0,0.048624344926155284,0.26116007622677445,0.004287756074321103,0.3693544545021435,0.3013935207241542
IDN.4.1_1,2022.0,0.05632444020962359,0.2503275369223437,0.007092663172939491,0.3592722725107191,0.31180323963792267
IDN.4.1_1,2023.0,0.05632444020962359,0.2461588851834205,0.0028406383992377313,0.366174368747022,0.3133218199142447
IDN.4.2_1,2011.0,0.045432095125061744,0.08325285839605462,0.011518359343324513,0.7221956020139619,0.10508429596101822
IDN.4.2_1,2012.0,0.041396062011160834,0.0851215970159156,0.011518359343324513,0.7243628965080019,0.10508429596101822
IDN.4.2_1,2013.0,0.048705152116060836,0.07922051115714357,0.012458257465739793,0.7220149941394587,0.10508429596101822
IDN.4.2_1,2014.0,0.04511879575092331,0.08812927100764448,0.012458257465739793,0.7166925906540954,0.10508429596101822
IDN.4.2_1,2015.0,0.042693490007592906,0.08550861388985129,0.011518359343324513,0.7207986553928037,0.10696409220584877
IDN.4.2_1,2016.0,0.0523689118559855,0.08400109101899697,0.010578461220909233,0.7116908582928502,0.10884388845067933
IDN.4.2_1,2017.0,0.0606142142083109,0.08266680427266626,0.011518359343324513,0.7019601483196096,0.11072368469550989
IDN.4.2_1,2018.0,0.06326435832602302,0.08655908826196249,0.011518359343324513,0.6897783314781096,0.11636307343000157
IDN.4.2_1,2019.0,0.05950476583636189,0.09754299573175673,0.010578461220909233,0.6834939146203917,0.11636307343000157
IDN.4.2_1,2020.0,0.06119658245670939,0.09157924999815704,0.008698664976078671,0.6877658437336438,0.11824286967483214
IDN.4.2_1,2021.0,0.06480505407178612,0.08241247889836566,0.008698664976078671,0.6905044488511127,0.12106256404207798
IDN.4.2_1,2022.0,0.0662536029428026,0.07629024054020182,0.009638563098493952,0.6923584439710142,0.12294236028690854
IDN.4.2_1,2023.0,0.06388358532432013,0.07479377529431709,0.010578461220909233,0.688705741856059,0.1295216471438155
IDN.4.4_1,2011.0,0.17080821767442078,0.7255564197925753,0.001711130284320865,0.09482801355448883,0.005307484122103707
IDN.4.4_1,2012.0,0.16072821739115037,0.7375455445696475,0.0015208079816157506,0.09310921136339224,0.005307484122103707
IDN.4.4_1,2013.0,0.17907617259193598,0.7241787223796603,0.0017078844776080642,0.08794100185660145,0.005307484122103707
IDN.4.4_1,2014.0,0.20065104981192022,0.7069986674488078,0.001957221447818641,0.08329684259725911,0.005307484122103707
IDN.4.4_1,2015.0,0.18931315189077091,0.7154958943495815,0.0017677843651261083,0.08632695070032705,0.005307484122103707
IDN.4.4_1,2016.0,0.25976987820552916,0.65126757604335,0.0018784368666988494,0.07998789019022787,0.005307484122103707
IDN.4.4_1,2017.0,0.3003079385350434,0.615972968921696,0.001817946832505751,0.07480492701656069,0.005307484122103707
IDN.4.4_1,2018.0,0.27970503288887416,0.6389152159877816,0.0013411083190616195,0.0729424241100883,0.005307484122103707
IDN.4.4_1,2019.0,0.25014193027535064,0.6654638493851261,9.687257671021556E-4,0.07632927587822677,0.005307484122103707
IDN.4.4_1,2020.0,0.24423869308477927,0.6714027904495383,0.0012812084315435757,0.07598108933994453,0.005307484122103707
IDN.4.4_1,2021.0,0.27338898809910217,0.6371064164287392,0.0012847493115939034,0.08112362746637049,0.005307484122103707
IDN.4.4_1,2022.0,0.32657389167503686,0.587565373497929,0.0016559515702032584,0.07710856456263639,0.005307484122103707
IDN.4.4_1,2023.0,0.29849235228923787,0.614386654659149,0.0015225784216409141,0.07850219593577787,0.005307484122103707
IDN.4.5_1,2011.0,0.2808412025973314,0.5095653805318193,0.02608187594728044,0.16743140055918093,0.01072899400134771
IDN.4.5_1,2012.0,0.2762601772262013,0.5124568475771758,0.023292295347021718,0.1719182688017381,0.01072899400134771
IDN.4.5_1,2013.0,0.2814778172129068,0.5206393831162218,0.022891424885448014,0.1589189637375602,0.01072899400134771
IDN.4.5_1,2014.0,0.28950822574944507,0.5221023319347956,0.02273508189210858,0.14958194937578745,0.01072899400134771
IDN.4.5_1,2015.0,0.2857696958795014,0.5185036324274342,0.022185246421150783,0.1574690142240504,0.01072899400134771
IDN.4.5_1,2016.0,0.3194768939109147,0.49566525875995066,0.024325915765908517,0.14445952051536273,0.01072899400134771
IDN.4.5_1,2017.0,0.33665002989840165,0.48609847289785435,0.02259068420612541,0.13858840194975522,0.01072899400134771
IDN.4.5_1,2018.0,0.3353016154974202,0.4849889646439983,0.02124613446340625,0.14239087434731193,0.01072899400134771
IDN.4.5_1,2019.0,0.32318450651475983,0.48835121733221964,0.019276564079898643,0.15311530102525872,0.01072899400134771
IDN.4.5_1,2020.0,0.3158346291649598,0.5036643986978213,0.01905908921950064,0.14528374672294547,0.01072899400134771
IDN.4.5_1,2021.0,0.32687911981354084,0.49088994647799655,0.020799590767823273,0.14530307001425707,0.01072899400134771
IDN.4.5_1,2022.0,0.3598256828324152,0.46915686507353765,0.02237426334343532,0.13251491582422975,0.010728994001347712
IDN.4.5_1,2023.0,0.3446779791069548,0.47885891397481534,0.020515362719257867,0.13972988146741777,0.010818583806519748
IDN.4.6_1,2011.0,0.14640978652929232,0.2348892628636597,0.014123152014954257,0.47728771345901705,0.07875294037477804
IDN.4.6_1,2012.0,0.14184281078784353,0.236729815550566,0.01352923138386181,0.48060004021824804,0.07892330006086191
IDN.4.6_1,2013.0,0.14265318843184252,0.24526383370756819,0.015318342126342767,0.46980725304693366,0.07892330006086191
IDN.4.6_1,2014.0,0.14480974163450444,0.2479682102144998,0.015470663728017772,0.4647940017356651,0.0790936597469458
IDN.4.6_1,2015.0,0.1327863562601841,0.25120638040449433,0.013943439248065764,0.4744250026556075,0.07960473880519746
IDN.4.6_1,2016.0,0.14145198562565106,0.25148296436543055,0.015275585185521712,0.4636395643334967,0.07994545817736523
IDN.4.6_1,2017.0,0.15975128821986168,0.241374288247253,0.01515599936666283,0.45488708493198693,0.08062689692170076
IDN.4.6_1,2018.0,0.1671295328202947,0.24176978994984777,0.013724978003558194,0.44837400030598,0.08096761629386853
IDN.4.6_1,2019.0,0.15635611988778989,0.2476508735443436,0.012240510464427241,0.4544100778109521,0.08096761629386853
IDN.4.6_1,2020.0,0.1474833865902209,0.2521269907865477,0.013485806365840427,0.4573990552052238,0.0813083356660363
IDN.4.6_1,2021.0,0.15499925509392173,0.24434455947991557,0.01441042521109571,0.4555484813603126,0.0826712131547074
IDN.4.6_1,2022.0,0.16521615971855258,0.2388770156724233,0.01579267693857633,0.4488971047538376,0.08352367966232714
IDN.4.6_1,2023.0,0.16122506652378735,0.24148585713970785,0.015157335521063488,0.44955449271896136,0.08522460421436469
IDN.4.8_1,2011.0,0.0,0.015858249646762076,0.023140166709339723,0.5086095227257645,0.3971380615060741
IDN.4.8_1,2012.0,0.0,0.01610006353541389,0.02338198059799154,0.5032896171754245,0.40221615316776227
IDN.4.8_1,2013.0,0.0,0.017835433795150457,0.024832863929902436,0.4950944970745266,0.4075095066048385
IDN.4.8_1,2014.0,0.0,0.019727271865191142,0.02531649170720607,0.4873564526376684,0.4130712260438303
IDN.4.8_1,2015.0,0.0,0.01689662693332576,0.022594900097673863,0.4861379002968151,0.41984201492608114
IDN.4.8_1,2016.0,1.8112334404900776E-4,0.016834988098963534,0.026274264364219146,0.47435919319507325,0.42758005936293925
IDN.4.8_1,2017.0,0.0,0.019747185950138937,0.027241519918826413,0.46589570709225964,0.4328288431813228
IDN.4.8_1,2018.0,0.0,0.022155841939062917,0.024349236152598805,0.4591249182100087,0.43959963206357366
IDN.4.8_1,2019.0,0.0,0.02463561965994331,0.020176761211155695,0.4518705015504542,0.4490303737209945
IDN.4.8_1,2020.0,0.0,0.02517993798184975,0.01993494732250388,0.4426208832370823,0.4582193014897636
IDN.4.8_1,2021.0,0.0,0.023771727689112704,0.02041857509980751,0.4370591637980906,0.46474827648336264
IDN.4.8_1,2022.0,0.0,0.02253705442234931,0.021852389216048873,0.4310138165817951,0.47103543758830985
IDN.4.8_1,2023.0,0.0,0.025710980247124336,0.019693133433852063,0.42449527277554966,0.47682379827980276
IDN.5.10_1,2011.0,0.4459231735544557,0.524239003405728,0.007291337974843209,0.019539464705013967,5.073376947132228E-4
IDN.5.10_1,2012.0,0.4263510800722131,0.5484797974150846,0.007088800808875343,0.015073301343867918,5.073376947132228E-4
IDN.5.10_1,2013.0,0.4162795315303415,0.5631866218830067,0.007125806617195602,0.0104010196094972,5.073376947132228E-4
IDN.5.10_1,2014.0,0.42522061231481684,0.5560763338305906,0.006956296140373772,0.008739737354259784,5.073376947132228E-4
IDN.5.10_1,2015.0,0.4251155635686174,0.5576329652515459,0.006722323932929558,0.007522126886948049,5.073376947132228E-4
IDN.5.10_1,2016.0,0.44667124795920937,0.5367712392449383,0.007347443555199732,0.006203048880693671,5.073376947132228E-4
IDN.5.10_1,2017.0,0.48157767300314885,0.5037123192335898,0.007546399513910799,0.004156587889391628,5.073376947132228E-4
IDN.5.10_1,2018.0,0.5237121680270614,0.46195026976438436,0.007359380912722394,0.003971160935872913,5.073376947132228E-4
IDN.5.10_1,2019.0,0.496660524233035,0.48852203178599973,0.007534064244470711,0.00427635937653569,5.073376947132228E-4
IDN.5.10_1,2020.0,0.5025591704969008,0.48251992842360425,0.007434586265115177,0.004479294454420979,5.073376947132228E-4
IDN.5.10_1,2021.0,0.5137285580189399,0.4700227088331272,0.007497058436150452,0.005744654351823371,5.073376947132228E-4
IDN.5.10_1,2022.0,0.5196837077750798,0.4621034658525919,0.007736203498521158,0.007469602513848329,5.073376947132228E-4
IDN.5.10_1,2023.0,0.4992246686289032,0.483484864823353,0.007321181368649869,0.006962264819135106,5.073376947132228E-4
IDN.5.1_1,2011.0,0.560711640491558,0.3951175155113475,0.0066969879465354765,0.03205293945900622,0.004057334108734964
IDN.5.1_1,2012.0,0.5474616601815616,0.409101793739454,0.006774156850172201,0.031241472637259224,0.004057334108734964
IDN.5.1_1,2013.0,0.533735142002716,0.4228124008041478,0.006587201258887354,0.03144433934269597,0.004057334108734964
IDN.5.1_1,2014.0,0.5286976832622239,0.429034441993249,0.00702555245377225,0.029821405699201987,0.004057334108734964
IDN.5.1_1,2015.0,0.5287175721549138,0.42841549965274006,0.007421739196154604,0.030024272404638733,0.004057334108734964
IDN.5.1_1,2016.0,0.5558245417798013,0.40270791251751226,0.0068338235282418315,0.02921280558289174,0.004057334108734964
IDN.5.1_1,2017.0,0.5855958274694247,0.3757918762624476,0.007021574675234274,0.02616980500134052,0.004057334108734964
IDN.5.1_1,2018.0,0.6016867372112432,0.3582530551328062,0.007252285830436849,0.027387005233961006,0.004057334108734964
IDN.5.1_1,2019.0,0.5796076796583566,0.3770591965046466,0.0066707346081848395,0.031241472637259224,0.004057334108734964
IDN.5.1_1,2020.0,0.5802576486714618,0.3770027120494073,0.006077250050318901,0.031241472637259224,0.004057334108734964
IDN.5.1_1,2021.0,0.5891957170462927,0.3654584031764949,0.006451956788596188,0.03347300639706345,0.004057334108734964
IDN.5.1_1,2022.0,0.6027535774151281,0.35211056951446446,0.006444796787227833,0.033270139691626704,0.004057334108734964
IDN.5.1_1,2023.0,0.6075468005533886,0.3438312212655224,0.006279321200048054,0.03692174038948817,0.004057334108734964
IDN.5.3_1,2011.0,0.4441182601565547,0.535253873178718,0.007879439701729517,0.001353907182217901,4.120587076315351E-4
IDN.5.3_1,2012.0,0.44122138356155843,0.5385821994793518,0.007801183174061677,0.0010007140042480138,4.120587076315351E-4
IDN.5.3_1,2013.0,0.43352731256695964,0.5460738192209577,0.007827037838069931,0.0011773105932329573,4.120587076315351E-4
IDN.5.3_1,2014.0,0.4450608011667841,0.5348217309374371,0.0077222341107507616,0.0010007140042480138,4.120587076315351E-4
IDN.5.3_1,2015.0,0.4513841132785169,0.5289051680934056,0.007374350372711141,9.418484745863659E-4,4.120587076315351E-4
IDN.5.3_1,2016.0,0.46047618289127634,0.5198216397535773,0.007601271218426434,7.063863559397744E-4,4.120587076315351E-4
IDN.5.3_1,2017.0,0.47608131938197207,0.5037864386285302,0.007913604793454708,8.241174152630702E-4,4.120587076315351E-4
IDN.5.3_1,2018.0,0.5034343996766322,0.4766588941082993,0.007805800078348865,7.063863559397744E-4,4.120587076315351E-4
IDN.5.3_1,2019.0,0.4964628742029781,0.48400900573350264,0.007368348397137797,7.652518856014223E-4,4.120587076315351E-4
IDN.5.3_1,2020.0,0.49451084707035503,0.48609977083995576,0.0070530138343228525,9.418484745863659E-4,4.120587076315351E-4
IDN.5.3_1,2021.0,0.5000065790886095,0.4799119648690519,0.0073918946090024565,0.0012950416525562532,4.120587076315351E-4
IDN.5.3_1,2022.0,0.4940221477515561,0.4859801930189176,0.007425828855513288,0.0011773105932329573,4.120587076315351E-4
IDN.5.3_1,2023.0,0.4948663487004685,0.48477518099996153,0.007139119099278908,0.001824831419511084,4.120587076315351E-4
IDN.5.4_1,2011.0,0.007978140936727609,0.3475080042132929,0.06256843993450627,0.3881965229906034,0.14554632014767385
IDN.5.4_1,2012.0,0.010246435908934478,0.3985524627947481,0.055935632567501344,0.33982708813499235,0.14723580881662793
IDN.5.4_1,2013.0,0.011555268180253842,0.4264655271308934,0.056436221802746996,0.30922335665940126,0.14723580881662793
IDN.5.4_1,2014.0,0.020826597974699393,0.4492319083921697,0.05444950827536582,0.280053604763941,0.14723580881662793
IDN.5.4_1,2015.0,0.01608142918226663,0.4448673959973718,0.059413684858218546,0.28419910936831905,0.14723580881662793
IDN.5.4_1,2016.0,0.03268430548458082,0.4441217266157036,0.058308216963717734,0.2694473703421737,0.14723580881662793
IDN.5.4_1,2017.0,0.041992136577429694,0.44257302866916237,0.06096759727596027,0.2590288568836235,0.14723580881662793
IDN.5.4_1,2018.0,0.050517796990207246,0.44253131289955866,0.06084766443834934,0.2506648450780607,0.14723580881662793
IDN.5.4_1,2019.0,0.037246967784996934,0.4704391627645038,0.0621773545944706,0.23336844410608323,0.1485654989727492
IDN.5.4_1,2020.0,0.04208599705903825,0.4716072043134104,0.060128067412683714,0.22808097030880103,0.14989518912887045
IDN.5.4_1,2021.0,0.04930282520049644,0.4598902875259418,0.0626257991177115,0.22742394693754112,0.152554569441113
IDN.5.4_1,2022.0,0.050429150979799164,0.4620438641317383,0.06386684326342469,0.22290300040672878,0.152554569441113
IDN.5.4_1,2023.0,0.0357608434928614,0.49656887795008686,0.059637907119839004,0.20594554006278226,0.15388425959723426
IDN.5.5_1,2011.0,0.7252697434387071,0.2655781196813155,0.004474103897435622,1.9660460000794127E-4,0.0013962781592720848
IDN.5.5_1,2012.0,0.7046470773955212,0.2855623990232992,0.004424374498610082,8.847207000357357E-4,0.0013962781592720848
IDN.5.5_1,2013.0,0.6868751780524505,0.30306830390753575,0.004986817854319075,5.882718031610164E-4,0.0013962781592720848
IDN.5.5_1,2014.0,0.676992520158718,0.31265721139890346,0.00518226595667991,6.865741031649871E-4,0.0013962781592720848
IDN.5.5_1,2015.0,0.6549095830864538,0.3357717443723862,0.004444034958610877,3.9320920001588254E-4,0.0013962781592720848
IDN.5.5_1,2016.0,0.6643080539652646,0.3260868475763087,0.00512367007589323,0.0,0.0013962781592720848
IDN.5.5_1,2017.0,0.6736583374421128,0.3166382617994564,0.005221972375897201,0.0,0.0013962781592720848
IDN.5.5_1,2018.0,0.6729968207879684,0.3174489666500774,0.004974481879416616,9.830230000397064E-5,0.0013962781592720848
IDN.5.5_1,2019.0,0.6582934952018844,0.33182924389340335,0.004806018722154909,5.898138000238238E-4,0.0013962781592720848
IDN.5.5_1,2020.0,0.6710072593357311,0.3190345249242591,0.004886973557452297,5.898138000238238E-4,0.0013962781592720848
IDN.5.5_1,2021.0,0.6786359033152549,0.31122816580629675,0.005261293295898788,3.9320920001588254E-4,0.0013962781592720848
IDN.5.5_1,2022.0,0.6912775790957657,0.2990051421740383,0.004842641147646584,3.9320920001588254E-4,0.0013962781592720848
IDN.5.5_1,2023.0,0.7072110326791542,0.2830377646596679,0.004876565078628347,3.9320920001588254E-4,0.0013962781592720848
IDN.5.7_1,2011.0,0.800260794091158,0.18068746209642722,0.018605218566811552,0.0,4.4652524560347725E-4
IDN.5.7_1,2012.0,0.7920254676987141,0.19026236422568135,0.01726564283000112,0.0,4.4652524560347725E-4
IDN.5.7_1,2013.0,0.7834335048029193,0.19930085236707987,0.01667027583586315,1.4884174853449243E-4,4.4652524560347725E-4
IDN.5.7_1,2014.0,0.7886131976519194,0.1944188430151485,0.016372592338794165,1.4884174853449243E-4,4.4652524560347725E-4
IDN.5.7_1,2015.0,0.7919811070207196,0.19358124337143479,0.01354459911663881,4.4652524560347725E-4,4.4652524560347725E-4
IDN.5.7_1,2016.0,0.7945487731062223,0.18892979280644903,0.0157772253446562,2.9768349706898485E-4,4.4652524560347725E-4
IDN.5.7_1,2017.0,0.8093594026251015,0.17277958755075937,0.01726564283000112,1.4884174853449243E-4,4.4652524560347725E-4
IDN.5.7_1,2018.0,0.8098532070143573,0.17392304239538317,0.015628383596121703,1.4884174853449243E-4,4.4652524560347725E-4
IDN.5.7_1,2019.0,0.7983562034030477,0.18556713667583252,0.01533070009905272,2.994345764635083E-4,4.4652524560347725E-4
IDN.5.7_1,2020.0,0.7936352933554125,0.19085189428850427,0.014586491356380257,4.7979575409942265E-4,4.4652524560347725E-4
IDN.5.7_1,2021.0,0.8005152842964952,0.18501379558716313,0.013395757368104317,6.286375026339151E-4,4.4652524560347725E-4
IDN.5.7_1,2022.0,0.8015338288109763,0.1854836685580269,0.011907339882759393,6.286375026339151E-4,4.4652524560347725E-4
IDN.5.7_1,2023.0,0.8144731381502416,0.1710559417334168,0.013246915619569826,7.774792511684074E-4,4.4652524560347725E-4
IDN.5.8_1,2011.0,0.6198913478930094,0.35454877564696713,0.00390714883560181,0.019826350977841474,1.1688443841840236E-4
IDN.5.8_1,2012.0,0.6166357725052968,0.36097260687133853,0.003996072682869144,0.016569171293915327,1.1688443841840236E-4
IDN.5.8_1,2013.0,0.6089042106816795,0.37253797827507945,0.003987822016627844,0.012743612380033029,1.1688443841840236E-4
IDN.5.8_1,2014.0,0.6307013249653247,0.3525014644932581,0.003838393283590985,0.011132440611246032,1.1688443841840236E-4
IDN.5.8_1,2015.0,0.6506149954942199,0.3336195856148719,0.0038285383211361,0.010110503923191804,1.1688443841840236E-4
IDN.5.8_1,2016.0,0.6727272393912479,0.31207365828123973,0.004080412826669088,0.009292312854262987,1.1688443841840236E-4
IDN.5.8_1,2017.0,0.7043460842796393,0.2817882127315116,0.004208068968235853,0.007831257374032957,1.1688443841840236E-4
IDN.5.8_1,2018.0,0.7380853503920446,0.24904636049360998,0.004321057258706975,0.006720855209058135,1.1688443841840236E-4
IDN.5.8_1,2019.0,0.7262110373746018,0.2597671845334846,0.00419363030231358,0.008001771143019804,1.1688443841840236E-4
IDN.5.8_1,2020.0,0.7209503209050803,0.26388060002511887,0.004119832676488628,0.009222869746732055,1.1688443841840236E-4
IDN.5.8_1,2021.0,0.7309049789103808,0.2529521342181716,0.004158564970788059,0.010157945254079273,1.1688443841840236E-4
IDN.5.8_1,2022.0,0.7360499568673508,0.24664404150635177,0.004152835341453823,0.011326789638263297,1.1688443841840236E-4
IDN.5.8_1,2023.0,0.7458208083636091,0.2369417163769309,0.004318077851453173,0.011093020761426492,1.1688443841840236E-4
IDN.5.9_1,2021.0,0.5069269313042275,0.47820123622675087,1.6544443240556851E-4,0.0016161650240089068,0.013090223012606865
IDN.6.1_1,2011.0,0.5166089861010922,0.1952642835480984,0.011632614932871255,0.2728924982097766,1.2384694000145018E-4
IDN.6.1_1,2012.0,0.5152366138129565,0.20088291224491636,0.011906771834241986,0.26824929648057694,1.2384694000145018E-4
IDN.6.1_1,2013.0,0.5121039213434326,0.2044141378162398,0.012120593046894062,0.26770098267783543,1.2384694000145018E-4
IDN.6.1_1,2014.0,0.5054961049078851,0.20232302986775377,0.011967636783387999,0.27651899065802427,1.2384694000145018E-4
IDN.6.1_1,2015.0,0.4997054665721763,0.19592903464485842,0.012099951890227152,0.28860518177714006,1.2384694000145018E-4
IDN.6.1_1,2016.0,0.4950993130728917,0.1968578866948693,0.010375092157471911,0.293943302447459,1.2384694000145018E-4
IDN.6.1_1,2017.0,0.499712346957732,0.20154872186253103,0.011231435528934932,0.28378309002349383,1.2384694000145018E-4
IDN.6.1_1,2018.0,0.4982097766044666,0.19632121662152965,0.011175863184062487,0.2905687379626332,1.2384694000145018E-4
IDN.6.1_1,2019.0,0.49118331517087993,0.1872163494897136,0.010306288301915548,0.30769454687103887,1.2384694000145018E-4
IDN.6.1_1,2020.0,0.4865210600662955,0.1826520075641901,0.01050846578516578,0.3167189664178967,1.2384694000145018E-4
IDN.6.1_1,2021.0,0.48716675778767055,0.1731666021851047,0.010609025266363538,0.3254581145944092,1.2384694000145018E-4
IDN.6.1_1,2022.0,0.492628725397991,0.16327472479780938,0.01059155967226077,0.32996953047719707,1.2384694000145018E-4
IDN.6.1_1,2023.0,0.49392911826800623,0.1675855509786291,0.010558216265337305,0.32432761432157553,1.2384694000145018E-4
IDN.6.2_1,2011.0,0.8580674948168027,0.10474773737918258,3.5101240175495953E-4,0.031515276982092735,0.004227009200111915
IDN.6.2_1,2012.0,0.857871747754802,0.10555173512860377,5.052528877815914E-4,0.030752785808645468,0.004227009200111915
IDN.6.2_1,2013.0,0.8577764363581212,0.10760912898706533,3.827828673152625E-4,0.028913173367331155,0.004227009200111915
IDN.6.2_1,2014.0,0.8461715051719247,0.11943594100532003,5.631571233995628E-4,0.028510918279188606,0.004227009200111915
IDN.6.2_1,2015.0,0.8429985580308055,0.12275800436382718,6.753786065883747E-4,0.02824958057861192,0.004227009200111915
IDN.6.2_1,2016.0,0.8432885916357592,0.12117204322013142,4.0327994187029664E-4,0.029817606782072032,0.004227009200111915
IDN.6.2_1,2017.0,0.8643298635202293,0.10236341518156825,3.9200655086502783E-4,0.027596236327170207,0.004227009200111915
IDN.6.2_1,2018.0,0.8554438692737583,0.1104582223502151,3.18217082466905E-4,0.02846121287339265,0.004227009200111915
IDN.6.2_1,2019.0,0.8434761398679378,0.12213591815108192,2.1060744105297574E-4,0.028858856119760308,0.004227009200111915
IDN.6.2_1,2020.0,0.8444574373122601,0.1210475234922096,2.7261109158195396E-4,0.028903949683781384,0.004227009200111915
IDN.6.2_1,2021.0,0.8511717665096252,0.11257608257861398,2.879838974982296E-4,0.030645688594095416,0.004227009200111915
IDN.6.2_1,2022.0,0.8626911224095544,0.09844027511173471,2.5057673643529227E-4,0.03329954732210846,0.004227009200111915
IDN.6.2_1,2023.0,0.8639214593097204,0.09624196386570727,1.439919487491148E-4,0.034374106455656125,0.004227009200111915
IDN.6.3_1,2011.0,0.0,0.04223320229379305,0.21708082374580734,0.06224979262091102,5.049229992426155E-4
IDN.6.3_1,2012.0,0.0,0.027698633101309194,0.24748440148591624,0.05557759584520503,5.049229992426155E-4
IDN.6.3_1,2013.0,0.006888592346809969,0.04320698236376096,0.2410646662098316,0.030872434810834203,5.049229992426155E-4
IDN.6.3_1,2014.0,0.0,0.060987485122804476,0.20294297976701414,0.06683016554261188,5.049229992426155E-4
IDN.6.3_1,2015.0,0.0,0.05702023298589822,0.1686803476755509,0.10506004977098138,5.049229992426155E-4
IDN.6.3_1,2016.0,0.0,0.07869585602481335,0.1386374292206153,0.11342734518700183,5.049229992426155E-4
IDN.6.3_1,2017.0,6.131207847946045E-4,0.06654163811447324,0.2193169113138818,0.04428896021928085,5.049229992426155E-4
IDN.6.3_1,2018.0,0.0,0.04414469650521152,0.23810726007141053,0.04850867385580842,5.049229992426155E-4
IDN.6.3_1,2019.0,0.0,0.09647635878385688,0.15176542720092326,0.0825188444476503,5.049229992426155E-4
IDN.6.3_1,2020.0,0.0,0.08515165722941537,0.16327045839795146,0.08233851480506364,5.049229992426155E-4
IDN.6.3_1,2021.0,0.004688570707252858,0.04299058679265697,0.23381541457784832,0.049266058354672335,5.049229992426155E-4
IDN.6.3_1,2022.0,0.002380351282143759,0.028131424243517143,0.2621271684639522,0.028924874670898406,5.049229992426155E-4
IDN.6.3_1,2023.0,6.131207847946045E-4,0.04591192700256068,0.22851372308580084,0.028131424243517153,5.049229992426155E-4
IDN.6.5_1,2011.0,0.36106785093032445,0.23628860751846958,0.002936709046134754,0.3890276824985966,0.008810584783572745
IDN.6.5_1,2012.0,0.36180328671607154,0.24160003734384602,0.003371014311022065,0.3825465116225859,0.008810584783572745
IDN.6.5_1,2013.0,0.3573737391303558,0.25886195545373497,0.004040549192507984,0.3690386568297367,0.008810584783572745
IDN.6.5_1,2014.0,0.3455033387503272,0.26317114236014055,0.0032543147930597215,0.37739205408999815,0.008810584783572745
IDN.6.5_1,2015.0,0.3303264520280322,0.2718522135610336,0.002694614752008949,0.384447569652451,0.008810584783572745
IDN.6.5_1,2016.0,0.3209795071070011,0.2683297186992446,0.002063522064675332,0.39794810212260445,0.008810584783572745
IDN.6.5_1,2017.0,0.3331437156851937,0.26408872092294255,0.0024873014906876085,0.3896011118947018,0.008810584783572745
IDN.6.5_1,2018.0,0.3312184024613993,0.25982026443653167,0.0026804277517860756,0.3956017553438087,0.008810584783572745
IDN.6.5_1,2019.0,0.3190390915926468,0.2538804877948325,0.001858039384027911,0.41454323122201825,0.008810584783572745
IDN.6.5_1,2020.0,0.31857046294012353,0.24181009647617827,0.0018836675134627787,0.4270566230637609,0.008810584783572745
IDN.6.5_1,2021.0,0.32173096047364497,0.22450653265595769,0.0025559482659595753,0.4405274085979632,0.008810584783572745
IDN.6.5_1,2022.0,0.33130627033374743,0.20214415914336176,0.0036936541548003104,0.4521767663616161,0.008810584783572745
IDN.6.5_1,2023.0,0.3308943896821156,0.2124173778853958,0.0039686989010566595,0.44204038352495745,0.008810584783572745
IDN.6.6_1,2011.0,0.11985131003057736,0.30773727441693133,0.014269440613945677,0.1550452665027879,0.3987349361472509
IDN.6.6_1,2012.0,0.12758558666586728,0.30527909347083143,0.01821152347263025,0.14582708795491334,0.3987349361472509
IDN.6.6_1,2013.0,0.1274956532166197,0.30481443731638574,0.02022003717249235,0.14437316385874452,0.3987349361472509
IDN.6.6_1,2014.0,0.09075783919899273,0.3569308711553449,0.011181725523112893,0.13803285568679177,0.3987349361472509
IDN.6.6_1,2015.0,0.10216439834522452,0.357500449667246,0.009907668325439172,0.1273307752263325,0.3987349361472509
IDN.6.6_1,2016.0,0.09273637508243898,0.37217459080280574,0.00542598477126926,0.12656634090772828,0.3987349361472509
IDN.6.6_1,2017.0,0.12957911145752146,0.32220157083757994,0.013729839918460338,0.1313927693506805,0.3987349361472509
IDN.6.6_1,2018.0,0.13722345464356378,0.30938605431980326,0.01747706697044187,0.13281671563043349,0.3987349361472509
IDN.6.6_1,2019.0,0.14605192157803226,0.2920288986150248,0.01232088254691528,0.14650158882427003,0.3987349361472509
IDN.6.6_1,2020.0,0.14627675520115113,0.2951166137058575,0.009772768151567838,0.1457371545056658,0.3987349361472509
IDN.6.6_1,2021.0,0.15786318124587806,0.28341027639546723,0.013714851010252412,0.14191498291264462,0.3987349361472509
IDN.6.6_1,2022.0,0.16805563882726782,0.2806972840098326,0.01566340907728281,0.13248695964985907,0.3987349361472509
IDN.6.6_1,2023.0,0.17180286587924937,0.2870076143653696,0.016592721386174226,0.12150008993344923,0.3987349361472509
IDN.6.7_1,2011.0,0.8204568290115439,0.10918521811280978,0.030545395617576847,0.03422893736859878,4.566096598459474E-4
IDN.6.7_1,2012.0,0.8186218848981042,0.11212967893402226,0.032431148747087676,0.03147517822885138,4.566096598459474E-4
IDN.6.7_1,2013.0,0.8161886478333076,0.11404609653578746,0.03342382710072335,0.031075644776486177,4.566096598459474E-4
IDN.6.7_1,2014.0,0.8027589519554856,0.12782899341519613,0.03171243618935957,0.03234922760223296,4.566096598459474E-4
IDN.6.7_1,2015.0,0.7977015523161626,0.12655787270036034,0.03071125236166794,0.03936601987013032,4.566096598459474E-4
IDN.6.7_1,2016.0,0.7944726057706049,0.1277967621450894,0.030286650143664152,0.04142076333943708,4.566096598459474E-4
IDN.6.7_1,2017.0,0.8016261571081912,0.12293386926773005,0.03106355805019614,0.03838520441452005,4.566096598459474E-4
IDN.6.7_1,2018.0,0.799891488057306,0.12168692200547426,0.030498615510269105,0.041719126416189356,4.566096598459474E-4
IDN.6.7_1,2019.0,0.794737170779398,0.11939290612127768,0.028977478623841132,0.05026757549895231,4.566096598459474E-4
IDN.6.7_1,2020.0,0.7951284225859719,0.11709889023708103,0.031231653076933548,0.050166405123339385,4.566096598459474E-4
IDN.6.7_1,2021.0,0.8014249354982887,0.1101899831927355,0.03284209744094903,0.04919610959616675,4.566096598459474E-4
IDN.6.7_1,2022.0,0.8089744390360064,0.10109158806377572,0.03362191511492123,0.05030696927352725,4.566096598459474E-4
IDN.6.7_1,2023.0,0.8074839666218329,0.10483802555715882,0.03161820448995018,0.0489554942116891,4.566096598459474E-4
IDN.7.5_1,2011.0,0.0,0.015058331882291493,0.01986418248302282,0.009952986244123285,0.9036601079575143
IDN.7.5_1,2012.0,0.0,0.01918161239770156,0.02513668814208603,0.005829705728713218,0.9036601079575143
IDN.7.5_1,2013.0,0.0,0.0216611527076441,0.023381507922688505,0.004053630506703816,0.9036601079575143
IDN.7.5_1,2014.0,0.0,0.022733762841720368,0.0216054327006791,0.004053630506703816,0.9054361831795237
IDN.7.5_1,2015.0,0.0,0.023862092982761634,0.02693365836670731,0.002277555284694412,0.9054361831795237
IDN.7.5_1,2016.0,0.0,0.02682918335364793,0.02602124325265542,2.228800278600036E-4,0.9054361831795237
IDN.7.5_1,2017.0,0.0,0.028542573567821708,0.024245168030646018,2.228800278600036E-4,0.9072122584015331
IDN.7.5_1,2018.0,0.0,0.029747518718439857,0.020895002611875338,5.01480062685008E-4,0.9072122584015331
IDN.7.5_1,2019.0,0.0,0.030116663764582986,0.02267107783388474,2.228800278600036E-4,0.9072122584015331
IDN.7.5_1,2020.0,0.001748215218526903,0.03183701897962739,0.020978582622322838,2.228800278600036E-4,0.9072122584015331
IDN.7.5_1,2021.0,0.0,0.03596029949503746,0.019174647396830936,2.228800278600036E-4,0.9072122584015331
IDN.7.5_1,2022.0,0.0,0.03348075918509492,0.020950722618840338,2.228800278600036E-4,0.9072122584015331
IDN.7.5_1,2023.0,0.0,0.030834058854257367,0.024245168030646018,2.228800278600036E-4,0.9072122584015331
IDN.8.10_1,2011.0,0.4597918566773961,0.4205034540056724,0.05202163529690566,0.05595631143187355,0.0015585315852543397
IDN.8.10_1,2012.0,0.4448126035817245,0.44340371468757783,0.050435304476544325,0.04962163466600107,0.0015585315852543397
IDN.8.10_1,2013.0,0.43423331878309546,0.4628239448810172,0.04802958627246166,0.043186407475273476,0.0015585315852543397
IDN.8.10_1,2014.0,0.42639906058301125,0.47444579957500693,0.047509878586347774,0.039918518667482125,0.00155853158525434
IDN.8.10_1,2015.0,0.4268158519519204,0.4770885013294342,0.045811167879383635,0.038561087931938014,0.0015585315852543397
IDN.8.10_1,2016.0,0.4082102773575034,0.5010664259765515,0.044005006228211595,0.034991547849581306,0.0015585315852543397
IDN.8.10_1,2017.0,0.40355242679436193,0.5110830227113834,0.04503121203482119,0.028606595871281268,0.0015585315852543397
IDN.8.10_1,2018.0,0.41638325247896246,0.5011377970624291,0.04727368366678612,0.023478524203670213,0.0015585315852543397
IDN.8.10_1,2019.0,0.41472160741880765,0.5041020630186971,0.04783124563049254,0.021618341343850517,0.0015585315852543397
IDN.8.10_1,2020.0,0.41668096059961185,0.5015971744936298,0.04933201001087914,0.02066311230772689,0.0015585315852543397
IDN.8.10_1,2021.0,0.431846527717809,0.48466606020959424,0.05021172764951354,0.0215177909189954,0.0015585315852543397
IDN.8.10_1,2022.0,0.4509280409898736,0.46086262012325496,0.051076264145571766,0.02538898227591747,0.0015585315852543397
IDN.8.10_1,2023.0,0.45524599168546553,0.4636330800645571,0.049416787820070716,0.01995925933374106,0.0015585315852543397
IDN.8.1_1,2011.0,0.41911720845937417,0.5700162196702698,0.0014117649580113766,0.0,5.920304662628353E-4
IDN.8.1_1,2012.0,0.37738343607696134,0.6118866144679739,0.001275142542719953,0.0,5.920304662628353E-4
IDN.8.1_1,2013.0,0.3390427215613745,0.6502273289835611,0.001275142542719953,0.0,5.920304662628353E-4
IDN.8.1_1,2014.0,0.33987906505262894,0.6494820671025006,0.0011840609325256706,0.0,5.920304662628353E-4
IDN.8.1_1,2015.0,0.331780838358002,0.6576713754073217,0.0010474385172342471,4.554080509714118E-5,5.920304662628353E-4
IDN.8.1_1,2016.0,0.3065796283655989,0.6827815037895302,0.0011840609325256706,0.0,5.920304662628353E-4
IDN.8.1_1,2017.0,0.2935213829260194,0.69552096359343,0.001502846568205659,0.0,5.920304662628353E-4
IDN.8.1_1,2018.0,0.290014562342147,0.699301029007885,0.0012296017376228119,0.0,5.920304662628353E-4
IDN.8.1_1,2019.0,0.2796062559850435,0.7098914985853771,0.0010474385172342471,0.0,5.920304662628353E-4
IDN.8.1_1,2020.0,0.2733501995044441,0.7161020142608796,0.0010474385172342471,4.554080509714118E-5,5.920304662628353E-4
IDN.8.1_1,2021.0,0.28188865398167673,0.7076546413938412,0.0010018977121371059,0.0,5.920304662628353E-4
IDN.8.1_1,2022.0,0.30787673764960105,0.6816210169208197,0.0010474385172342471,0.0,5.920304662628353E-4
IDN.8.1_1,2023.0,0.29150008554527657,0.6978533671799737,0.0011461995573076552,4.554080509714118E-5,5.920304662628353E-4
IDN.8.2_1,2011.0,0.42223812163256885,0.5668086867630127,5.3036550502755237E-5,0.008619583382296804,0.002280571671618475
IDN.8.2_1,2012.0,0.39754887942088235,0.5920428535328057,5.3036550502755237E-5,0.008074658824190065,0.002280571671618475
IDN.8.2_1,2015.0,0.3845805068838322,0.6064099350978212,5.3036550502755237E-5,0.006675949796225246,0.002280571671618475
IDN.8.3_1,2011.0,0.009266598616568115,0.602294694943574,0.00512086495857118,0.05541140846596453,0.3068071007806755
IDN.8.3_1,2012.0,0.007812455449045118,0.6164369500630134,0.003666721791048183,0.04417743968157119,0.3068071007806755
IDN.8.3_1,2013.0,0.0014541431675229965,0.6289824989592901,0.003666721791048183,0.03799020306681648,0.3068071007806755
IDN.8.3_1,2014.0,0.0014541431675229965,0.639366791932072,0.003666721791048183,0.02760591009403461,0.3068071007806755
IDN.8.3_1,2015.0,0.002908286335045993,0.6363444551525145,0.00512086495857118,0.02771996053854622,0.3068071007806755
IDN.8.3_1,2016.0,0.0014541431675229965,0.6305849077046783,0.006575008126094176,0.0320253648188594,0.30826124394819854
IDN.8.3_1,2017.0,0.0014541431675229965,0.6334133587285662,0.00948329446114017,0.02628862745992554,0.30826124394819854
IDN.8.3_1,2018.0,0.0014541431675229965,0.6389619128540559,0.008724859005137978,0.021498508790438027,0.30826124394819854
IDN.8.3_1,2019.0,0.0014541431675229965,0.6384144707204001,0.008724859005137978,0.01913766458904775,0.3111695302832445
IDN.8.3_1,2020.0,0.0014541431675229965,0.6223105479553612,0.008724859005137978,0.03087915785151775,0.3155319597858135
IDN.8.3_1,2021.0,0.0014541431675229965,0.6146463580841812,0.00948329446114017,0.03778491226669558,0.3155319597858135
IDN.8.3_1,2022.0,0.002908286335045993,0.6119148499381282,0.010937437628663166,0.03760813407770259,0.3155319597858135
IDN.8.3_1,2023.0,0.002908286335045993,0.6002360844201398,0.015299867131232155,0.042016183758076225,0.3184402461208595
IDN.8.4_1,2011.0,0.7889761768815615,0.17141598785746867,0.004149176390925238,0.01797335644010364,0.004225210672343893
IDN.8.4_1,2012.0,0.778113603824094,0.18251354988279242,0.004149176390925238,0.017811532535499407,0.004225210672343893
IDN.8.4_1,2013.0,0.7724537840683792,0.1878244727094314,0.004295506517429066,0.01808726440132329,0.004225210672343893
IDN.8.4_1,2014.0,0.7663446447477527,0.19315117623598746,0.004734496896940553,0.018430709815882275,0.004225210672343893
IDN.8.4_1,2015.0,0.7692416943307118,0.19165918278928173,0.004441836643932895,0.017245148869384583,0.004225210672343893
IDN.8.4_1,2016.0,0.7684196633259402,0.19369977074946848,0.003929681201169494,0.016538747356732768,0.004225210672343893
IDN.8.4_1,2017.0,0.7714099624993186,0.1890923802173146,0.0035850880993438103,0.018427266754082183,0.004225210672343893
IDN.8.4_1,2018.0,0.7574747437070872,0.20485127407632692,0.0032192627830842377,0.017115747130064533,0.004225210672343893
IDN.8.4_1,2019.0,0.7457370591087635,0.21483213639115478,0.0032924278463361523,0.0188725694135605,0.004225210672343893
IDN.8.4_1,2020.0,0.7442103481222402,0.21597064215971787,0.003365592909588067,0.018968114378513,0.004225210672343893
IDN.8.4_1,2021.0,0.7446240893818843,0.21584382271674793,0.003658253162595725,0.018434152877682363,0.004225210672343893
IDN.8.4_1,2022.0,0.7471263345450998,0.21852826323355146,0.003146097719832323,0.013878408272529822,0.004225210672343893
IDN.8.4_1,2023.0,0.7805530131094576,0.1868759091835066,0.00292660253007658,0.01220479331586936,0.004225210672343893
IDN.8.5_1,2018.0,0.7340489614134003,0.26313259676650247,3.355287881068597E-5,2.3487015167480182E-4,0.002482913031990762
IDN.8.5_1,2022.0,0.6869971673475493,0.31008373219592145,3.355287881068597E-5,3.3552878810685975E-4,0.002482913031990762
IDN.8.5_1,2023.0,0.6991731781181552,0.29771074628970956,3.355287881068598E-5,5.325039237131222E-4,0.0024829130319907623
IDN.8.6_1,2011.0,0.43468504457424684,0.5516215951739232,3.8187032582669687E-4,0.006631059647684805,4.514139023095012E-4
IDN.8.6_1,2012.0,0.421689774422226,0.5654025484801007,2.9162293649786673E-4,0.005935623882856763,4.514139023095012E-4
IDN.8.6_1,2013.0,0.3969765001106853,0.590916016310357,1.5625185250462155E-4,0.005270801448134381,4.514139023095012E-4
IDN.8.6_1,2014.0,0.38762740144321445,0.600891007166173,2.4649924183345166E-4,0.00455466187046031,4.514139023095012E-4
IDN.8.6_1,2015.0,0.38147571469296454,0.6061437591364417,3.367466311622818E-4,0.0053633492611127685,4.514139023095012E-4
IDN.8.6_1,2016.0,0.37954689794064256,0.6074841983014727,3.367466311622818E-4,0.005951726848403669,4.514139023095012E-4
IDN.8.6_1,2017.0,0.3747880292323677,0.6137792191406567,4.7211771515552695E-4,0.004280203633501457,4.514139023095012E-4
IDN.8.6_1,2018.0,0.38745557749215903,0.6018405512664446,3.6098955731532045E-4,0.0036624514057623466,4.514139023095012E-4
IDN.8.6_1,2019.0,0.3670598444595089,0.6223435194322973,2.7074216798649036E-4,0.0036454636618886843,4.514139023095012E-4
IDN.8.6_1,2020.0,0.3491034452737174,0.6393974447248005,3.6098955731532045E-4,0.004457690165848156,4.514139023095012E-4
IDN.8.6_1,2021.0,0.35708149144605134,0.63039164004811,5.17241409819942E-4,0.005329196817700093,4.514139023095012E-4
IDN.8.6_1,2022.0,0.3722214642621218,0.6144367863930996,7.428598831420172E-4,0.00591845918331775,4.514139023095012E-4
IDN.8.6_1,2023.0,0.3590940082280841,0.6266745093417543,0.001544115135849748,0.006006937015993073,4.514139023095012E-4
IDN.8.9_1,2011.0,0.4416081316361583,0.5350030948723166,0.01574045536830364,0.0019091141469173738,0.0019156379914703691
IDN.8.9_1,2012.0,0.42511921337459296,0.5509649655709038,0.01621056756063765,0.0019660495175616946,0.0019156379914703691
IDN.8.9_1,2013.0,0.37369629368529383,0.6028920005211157,0.015807275351907044,0.0018652264653790435,0.0019156379914703691
IDN.8.9_1,2014.0,0.36059305305447364,0.6164244310466195,0.015579731561588945,0.0016635803610137415,0.0019156379914703691
IDN.8.9_1,2015.0,0.36574155256034196,0.6116697345210412,0.015286751633481713,0.0015627573088310906,0.0019156379914703691
IDN.8.9_1,2016.0,0.36635736394769286,0.6112620930826085,0.014977758632380765,0.0016635803610137415,0.0019156379914703691
IDN.8.9_1,2017.0,0.36223231726760824,0.6158343196529623,0.014681813320385803,0.001512345782739765,0.0019156379914703691
IDN.8.9_1,2018.0,0.3537776124191858,0.6240873783970197,0.01483304789865978,0.0015627573088310906,0.0019156379914703691
IDN.8.9_1,2019.0,0.33428060874191207,0.6438868512308413,0.014530578742111827,0.0015627573088310906,0.0019156379914703691
IDN.8.9_1,2020.0,0.33615769674284207,0.6417709509808195,0.014517333360746655,0.001814814939287718,0.0019156379914703691
IDN.8.9_1,2021.0,0.36050804538302567,0.6174672577138027,0.014369854935397133,0.0019660495175616946,0.0019156379914703691
IDN.8.9_1,2022.0,0.368424038825178,0.6102760040938106,0.014401288004607018,0.001209876626191812,0.0019156379914703691
IDN.8.9_1,2023.0,0.3672019052789169,0.6125534189195834,0.013497241303369245,0.00100823052182651,0.0019660495175616946
IDN.9.11_1,2011.0,0.258589688329122,0.5865848294133781,0.0026452903025193284,0.1346936569913907,0.016519239106940378
IDN.9.11_1,2012.0,0.24825027208158526,0.5816469120478105,0.002698063385845183,0.14991821752116918,0.016519239106940378
IDN.9.11_1,2013.0,0.2499687153577888,0.567410819809309,0.0027710608843378322,0.16228228733079425,0.016599820761120578
IDN.9.11_1,2014.0,0.24853120184851152,0.5579271491285173,0.003118036007043151,0.17285649639815798,0.016599820761120578
IDN.9.11_1,2015.0,0.25074293125089264,0.5583016168155899,0.003195457596353538,0.17011229606521355,0.016680402415300773
IDN.9.11_1,2016.0,0.2871405584213833,0.5352824402779339,0.004283151924542706,0.1556461511041898,0.016680402415300773
IDN.9.11_1,2017.0,0.3012597282597017,0.5210362358318491,0.006646248434187857,0.15341008920231108,0.016680402415300773
IDN.9.11_1,2018.0,0.28381585417185445,0.531374072046951,0.005668840369955114,0.16141295348510906,0.01676098406948097
IDN.9.11_1,2019.0,0.2756502465482612,0.5367913712532689,0.0036998039495754757,0.16580797170604308,0.01708331068620176
IDN.9.11_1,2020.0,0.28403769072571516,0.5273854381682747,0.0037105481701328355,0.16673513473884582,0.017163892340381955
IDN.9.11_1,2021.0,0.30696964947296446,0.4966162025374055,0.003151848701150136,0.17505052943726818,0.01724447399456215
IDN.9.11_1,2022.0,0.36837982210098813,0.4421199358380427,0.0034969277849335677,0.16779154442482386,0.01724447399456215
IDN.9.11_1,2023.0,0.3514273381003965,0.4641376878184553,0.0027995014681661367,0.16318195779922962,0.017486218957102742
IDN.9.12_1,2011.0,1.1922578980072462E-4,0.024306631899491254,0.0418066400816533,0.728989493636382,0.12714892797312882
IDN.9.12_1,2012.0,1.1922578980072462E-4,0.023907342391688045,0.041170769202716104,0.7316872693506965,0.12714892797312882
IDN.9.12_1,2013.0,1.1922578980072462E-4,0.021501319198297734,0.04391109215966531,0.7324030916416177,0.12714892797312882
IDN.9.12_1,2014.0,1.1922578980072462E-4,0.022784282206976904,0.04354546640427643,0.7320636488047734,0.12714892797312882
IDN.9.12_1,2015.0,1.1922578980072462E-4,0.02150692982370012,0.04066300760380009,0.7364829514133868,0.12714892797312882
IDN.9.12_1,2016.0,1.1922578980072462E-4,0.016463445139071033,0.04754771252464586,0.7340245623829075,0.12714892797312882
IDN.9.12_1,2017.0,2.3845157960144923E-4,0.02143773211040401,0.04723398505422905,0.7297628248376776,0.12714892797312882
IDN.9.12_1,2018.0,1.1922578980072462E-4,0.02100384374595275,0.04558212342534293,0.7319678006208158,0.12714892797312882
IDN.9.12_1,2019.0,1.1922578980072462E-4,0.022173659142350446,0.04105154341291539,0.7346132104980413,0.12738737955273027
IDN.9.12_1,2020.0,2.3845157960144923E-4,0.022386862907641154,0.04360391041888463,0.7321094689122261,0.12738737955273027
IDN.9.12_1,2021.0,4.7690315920289846E-4,0.024777924433291767,0.046115600390686566,0.7269986567227683,0.12738737955273027
IDN.9.12_1,2022.0,2.3845157960144923E-4,0.02566206548628459,0.049116817428846764,0.7247824596888255,0.12738737955273027
IDN.9.12_1,2023.0,2.3845157960144923E-4,0.028682452161236282,0.04546430029189281,0.725184086957213,0.12738737955273027
IDN.9.13_1,2011.0,0.014312405259632677,0.04465486789865546,0.029473418541548838,0.6394172040077191,0.1902159224614435
IDN.9.13_1,2012.0,0.013466351746747986,0.04833438323669625,0.03038742200444178,0.6351506624098326,0.1915187222548348
IDN.9.13_1,2013.0,0.014066150553587736,0.05084342236820393,0.032445334776120244,0.6284317917890919,0.19404411024649484
IDN.9.13_1,2014.0,0.014244455309624425,0.05313532820081307,0.03726569401166798,0.6189581382326783,0.19653782232160966
IDN.9.13_1,2015.0,0.013593055412928781,0.053763226611039674,0.03625257558410135,0.6169436521207795,0.19934165183773964
IDN.9.13_1,2016.0,0.015989185229009214,0.051325713742698585,0.03857053741257831,0.6130516016007579,0.20107820732704826
IDN.9.13_1,2017.0,0.023996039488628086,0.051818734056668224,0.03978495118077087,0.6030726660852607,0.2013387672857265
IDN.9.13_1,2018.0,0.023605199550610703,0.0578790521543966,0.037063376867282505,0.5984934525369602,0.20297416420284237
IDN.9.13_1,2019.0,0.02344477636036566,0.05894939159249649,0.03206828918885641,0.6012809331929376,0.20427185497743605
IDN.9.13_1,2020.0,0.02073904000514989,0.05803589903148332,0.03182918710912813,0.602898448544262,0.20651267062206904
IDN.9.13_1,2021.0,0.022972192121586466,0.05045258243018654,0.03267064250509497,0.6045537706346887,0.2091054976618576
IDN.9.13_1,2022.0,0.024266817484901566,0.04655695559700673,0.037628945248178246,0.600242269671383,0.21132025731062276
IDN.9.13_1,2023.0,0.025298328380139606,0.046774599797785046,0.0367982187916864,0.5975304024936102,0.21373988861317222
IDN.9.17_1,2011.0,0.0,0.09110077068489168,0.007488730551112406,0.2038194949348069,0.6580631089137706
IDN.9.17_1,2012.0,0.0,0.0793950850661626,0.00290824487421841,0.20774562551500178,0.6704231496291988
IDN.9.17_1,2013.0,0.0,0.07151858853182105,0.00290824487421841,0.21562212204934336,0.6704231496291988
IDN.9.17_1,2014.0,0.0,0.07745625515001697,0.00290824487421841,0.2096844554311474,0.6704231496291988
IDN.9.17_1,2015.0,0.0,0.07127623479230286,0.00290824487421841,0.2158644757888615,0.6704231496291988
IDN.9.17_1,2016.0,0.0,0.06974940623333818,0.00290824487421841,0.21121128399011208,0.676603169986913
IDN.9.17_1,2017.0,0.0,0.10796859095535845,0.00290824487421841,0.1751005768019001,0.6801415345838788
IDN.9.17_1,2018.0,0.0,0.11414861131307256,0.00290824487421841,0.16274053608647185,0.6863215549415929
IDN.9.17_1,2019.0,0.0,0.11809897726721925,0.00290824487421841,0.15261014977461104,0.692501575299307
IDN.9.17_1,2020.0,0.0,0.08719887547864866,0.00290824487421841,0.1649701904900393,0.7110416363724494
IDN.9.17_1,2021.0,0.0,0.07895884833502982,0.00290824487421841,0.17115021084775342,0.713101643158354
IDN.9.17_1,2022.0,0.0,0.07895884833502982,0.00290824487421841,0.17115021084775342,0.713101643158354
IDN.9.17_1,2023.0,0.0,0.09774126314769038,0.00290824487421841,0.14643012941689693,0.71903930977655
IDN.9.19_1,2011.0,0.006320850847025854,0.5961767078503797,0.0357332399269732,0.0982571222349594,0.2635120791406614
IDN.9.19_1,2012.0,0.00211225746189445,0.5639939710440283,0.01949327049632742,0.1508884218570882,0.2635120791406614
IDN.9.19_1,2013.0,0.008788689338937712,0.5524083980809237,0.016526557126480695,0.15741094552710902,0.26486540992654856
IDN.9.19_1,2014.0,0.010492293975289767,0.5567496709548674,0.017402241752642968,0.15049038339065082,0.26486540992654856
IDN.9.19_1,2015.0,0.009048741137010144,0.5380259414936523,0.014403685305481249,0.1736562221373073,0.26486540992654856
IDN.9.19_1,2016.0,0.014462064280558736,0.523622256188171,0.017572071498322923,0.17947819810639826,0.26486540992654856
IDN.9.19_1,2017.0,0.023542648494883866,0.5606132976690864,0.012615165796289216,0.13836347811319147,0.26486540992654856
IDN.9.19_1,2018.0,0.010285313972742322,0.5884388400628366,0.007721946248885489,0.12733515900309933,0.2662187407124357
IDN.9.19_1,2019.0,0.005763596994013499,0.5953647093788473,0.004622553390226296,0.12803039952447665,0.2662187407124357
IDN.9.19_1,2020.0,0.010168556022587353,0.5693860654693667,0.0035239672228590826,0.15070267057275075,0.2662187407124357
IDN.9.19_1,2021.0,0.017285483802488,0.5543136755402707,0.0020432641277119677,0.157432174245319,0.26892540228420997
IDN.9.19_1,2022.0,0.03664076763045046,0.537288243535855,0.0020698000254744608,0.1523691249522353,0.27163206385598426
IDN.9.19_1,2023.0,0.027273595720290398,0.5452437056850505,0.0020698000254744608,0.14836751156965136,0.27704538699953285
IDN.9.1_1,2011.0,0.1420586787045787,0.4257662088222969,0.013807203785091454,0.38568724060837917,0.03247346062446667
IDN.9.1_1,2012.0,0.13429948588083807,0.4171093718937995,0.013889780925903828,0.4016987952912677,0.032795358553003806
IDN.9.1_1,2013.0,0.14201968394363954,0.42548712867047733,0.016369388959742104,0.3831212324179502,0.032795358553003806
IDN.9.1_1,2014.0,0.14533806163924795,0.4254504277190051,0.017547642422629798,0.3780763807968386,0.03338027996709146
IDN.9.1_1,2015.0,0.13800628197952694,0.4192915493000821,0.01800946272865456,0.3911052185694579,0.03338027996709146
IDN.9.1_1,2016.0,0.15715423880697435,0.4086673884520456,0.02124144026767226,0.3793494450510294,0.03338027996709146
IDN.9.1_1,2017.0,0.17451837647224328,0.4091750849474105,0.02087978297504028,0.3618392681830274,0.03338027996709146
IDN.9.1_1,2018.0,0.166610086033147,0.4196623818305821,0.018703722394003055,0.3614363223199893,0.03338027996709146
IDN.9.1_1,2019.0,0.16636235461070986,0.43296035991399734,0.013362204748491431,0.3533498793456219,0.03377022757648323
IDN.9.1_1,2020.0,0.1683877883700801,0.4203520538769965,0.013584704266791443,0.3635152783002565,0.033965201381179116
IDN.9.1_1,2021.0,0.17785434004043216,0.3893405144861713,0.013119060944988324,0.385135961733141,0.034355148990570884
IDN.9.1_1,2022.0,0.19722556098933516,0.36469200255683293,0.01486082693360491,0.388281539115568,0.03474509659996266
IDN.9.1_1,2023.0,0.18731018726660478,0.3828475044882204,0.014030467906547136,0.3798502601179934,0.03576660641593797
IDN.9.20_1,2011.0,0.2111141210151594,0.4523095341409576,2.0996139180524815E-4,0.29834031695113006,0.03760614371733764
IDN.9.20_1,2012.0,0.2042907874704923,0.4432054435166807,4.199227836104963E-4,0.3142677411200741,0.03760614371733764
IDN.9.20_1,2013.0,0.18537120762382178,0.4452564781323155,6.298841754157445E-4,0.3309263249593046,0.03760614371733764
IDN.9.20_1,2014.0,0.17875207182491046,0.44632192927347625,0.0010498069590262407,0.3360600868334446,0.03760614371733764
IDN.9.20_1,2015.0,0.18073970633400013,0.4386587501615881,0.0010498069590262407,0.341735631436243,0.03760614371733764
IDN.9.20_1,2016.0,0.2149370651020291,0.4319235180636786,8.398455672209926E-4,0.3144834661579289,0.03760614371733764
IDN.9.20_1,2017.0,0.23548693340271673,0.4205329067137421,0.0010498069590262407,0.3051142478153724,0.03760614371733764
IDN.9.20_1,2018.0,0.22641660127673,0.42492398162549655,6.298841754157445E-4,0.31021342781321515,0.03760614371733764
IDN.9.20_1,2019.0,0.22451377470236944,0.42215578476569565,6.298841754157445E-4,0.3148844512473766,0.03760614371733764
IDN.9.20_1,2020.0,0.2208843244471635,0.4227173285665238,6.298841754157445E-4,0.31795235770175445,0.03760614371733764
IDN.9.20_1,2021.0,0.24040661699501611,0.3986862180519042,6.298841754157445E-4,0.3224611756685212,0.03760614371733764
IDN.9.20_1,2022.0,0.26263699980815297,0.368830531515205,4.199227836104963E-4,0.3302964407838889,0.03760614371733764
IDN.9.20_1,2023.0,0.2548824257374792,0.3768436462801018,6.298841754157445E-4,0.32982793869786076,0.03760614371733764
IDN.9.22_1,2011.0,0.0837024710513121,0.2750332618745878,0.012809276213712972,0.5411529335591587,0.03215544843323739
IDN.9.22_1,2012.0,0.08173538155416846,0.2739860556746534,0.012626681353215445,0.5440981393090215,0.03240713324095019
IDN.9.22_1,2013.0,0.08605646425286127,0.2892529600107385,0.012737225268759894,0.5241479235509864,0.03240713324095019
IDN.9.22_1,2014.0,0.08572581950547387,0.3022754280615729,0.012476657467833694,0.5114649832407527,0.032658818048662996
IDN.9.22_1,2015.0,0.08218150521332998,0.2948571417291436,0.011492619219638917,0.5229309534807515,0.033162187664088606
IDN.9.22_1,2016.0,0.08991563130445766,0.29395995941459097,0.013074779010868835,0.5142601651052338,0.033413872471801415
IDN.9.22_1,2017.0,0.1026518695739716,0.3111554602772283,0.012608915366788659,0.4842909200017371,0.03391724208722703
IDN.9.22_1,2018.0,0.0973289826406572,0.3283815581164897,0.01075039578669762,0.47374285906045555,0.03442061170265264
IDN.9.22_1,2019.0,0.09173664491320326,0.33730896629594975,0.011239947412680177,0.4702005187668036,0.0346466345299712
IDN.9.22_1,2020.0,0.08926914679837182,0.33479409221731354,0.007389663354297194,0.47903317501865417,0.03489831933768401
IDN.9.22_1,2021.0,0.09412913108534382,0.3080059456834574,0.006535909006565517,0.5020667764209829,0.03489831933768401
IDN.9.22_1,2022.0,0.09950235498020071,0.2903653081609045,0.006405625106102416,0.5137094195260035,0.035653373760822435
IDN.9.22_1,2023.0,0.10058706715148065,0.30618986707094153,0.006123343321765699,0.4965790606135976,0.035905058568535236
IDN.9.23_1,2011.0,0.05717387142335937,0.24058766901105721,0.036853260653611775,0.577660648554533,0.07278718785107158
IDN.9.23_1,2012.0,0.05440909796951931,0.24216805560070942,0.03685551834873984,0.5795358901279116,0.07278718785107158
IDN.9.23_1,2013.0,0.05596645606886511,0.23917028800965207,0.03764164779233539,0.5800899285123412,0.07278718785107158
IDN.9.23_1,2014.0,0.055454410813817814,0.2385336179835351,0.03892537324215857,0.5798537736019446,0.07278718785107158
IDN.9.23_1,2015.0,0.05070602642045145,0.23261529597480052,0.0396988595930369,0.5898436230046488,0.07301747275413518
IDN.9.23_1,2016.0,0.0610399485606742,0.22802359562332253,0.042599997832612674,0.5809817180879305,0.07313261520566698
IDN.9.23_1,2017.0,0.07442898374820738,0.23072108976234598,0.042947231343310535,0.5645479552506761,0.07313261520566698
IDN.9.23_1,2018.0,0.07358731500446118,0.2346147107802233,0.041792646054813226,0.5626505882650423,0.07313261520566698
IDN.9.23_1,2019.0,0.07025540853444881,0.23995054744591462,0.040180651733368,0.562028367487745,0.07313261520566698
IDN.9.23_1,2020.0,0.0695613930520787,0.2374688889611351,0.04133207624868602,0.563822332036513,0.07336290010873059
IDN.9.23_1,2021.0,0.07116525967106284,0.23302303571493077,0.0418012252962999,0.5661847842185301,0.07347804256026239
IDN.9.23_1,2022.0,0.07531851562866874,0.22756889582452827,0.04296619598238636,0.5663310828628294,0.07382346991485779
IDN.9.23_1,2023.0,0.07583733396910027,0.2369225267401411,0.04311971925109543,0.5563005949478199,0.07382346991485779
IDN.9.24_1,2011.0,0.11073596653690586,0.49936684085974514,0.0017840162283991354,0.37551147900155185,0.01020963246731181
IDN.9.24_1,2012.0,0.10573804577707732,0.5060945674100932,0.0017401315882109433,0.37382555785122046,0.01020963246731181
IDN.9.24_1,2013.0,0.11251810534754293,0.5167169971078382,0.0020757200131794737,0.35608748015804115,0.01020963246731181
IDN.9.24_1,2014.0,0.11727336986162497,0.5317501851603271,0.0020851071019897817,0.33628964050266,0.01020963246731181
IDN.9.24_1,2015.0,0.11431878365858036,0.5345280594165176,0.002086280488091071,0.3364651790634128,0.01020963246731181
IDN.9.24_1,2016.0,0.13769685898621326,0.5458441949773447,0.0023754028234485723,0.3014818458395954,0.01020963246731181
IDN.9.24_1,2017.0,0.15066746894985708,0.5566379390458779,0.0024157673053329,0.27767712732553407,0.01020963246731181
IDN.9.24_1,2018.0,0.14123696485380088,0.5552136829961338,0.002141898989292149,0.288805755787375,0.01020963246731181
IDN.9.24_1,2019.0,0.13527264330095107,0.5686459030520244,0.001839400052379956,0.28163308122741826,0.0102169074611398
IDN.9.24_1,2020.0,0.13558100916836974,0.5563525715460444,0.001972696713486337,0.2934847502048733,0.0102169074611398
IDN.9.24_1,2021.0,0.14357505399922843,0.5232980503955255,0.0020642208293868455,0.3184537024086332,0.0102169074611398
IDN.9.24_1,2022.0,0.17003725735548822,0.4992847038326547,0.002326589961634969,0.3157424764829959,0.0102169074611398
IDN.9.24_1,2023.0,0.15952723804624652,0.5234071753029452,0.0016310066807911068,0.30276576491162543,0.010276750152305517
IDN.9.25_1,2017.0,0.19749128273401545,0.5176924615001783,0.00463520991953727,0.2496688911913461,0.024758100961704214
IDN.9.25_1,2018.0,0.19223052318639183,0.5269114834740192,0.0033565313210442292,0.24714914218843326,0.024758100961704204
IDN.9.25_1,2019.0,0.2001577036938141,0.5238871578672892,0.0031966964962325995,0.2419266176381176,0.024917935786515837
IDN.9.25_1,2020.0,0.19075878919165573,0.5305193628921201,0.0033565313210442292,0.24149663061921262,0.025397440260950727
IDN.9.25_1,2021.0,0.19367091701940017,0.5238865310640547,0.0038360357954791194,0.24409849084585214,0.025557275085762356
IDN.9.25_1,2022.0,0.2189856192533896,0.49701923721807184,7.991741240581499E-4,0.2474092655307738,0.025557275085762356
IDN.9.25_1,2023.0,0.21218731137140162,0.5060101028145346,0.0015983482481162997,0.24441753369224078,0.025717109910573986
IDN.9.26_1,2011.0,0.20352277044998085,0.7280732417811064,0.031185293745137416,0.02556514501800284,0.010494490582424135
IDN.9.26_1,2012.0,0.18463333876133078,0.7506978595596079,0.02506721670375796,0.02794803596953082,0.010494490582424135
IDN.9.26_1,2013.0,0.1871591669832997,0.7446170547684953,0.027356746096365042,0.029213483146067396,0.010494490582424135
IDN.9.26_1,2014.0,0.17685357071776212,0.7452163057048249,0.027371220756662862,0.03890535381497763,0.010494490582424135
IDN.9.26_1,2015.0,0.15398071251515308,0.7676625232951558,0.027768550181837916,0.038934665002080704,0.010494490582424135
IDN.9.26_1,2016.0,0.2103975103584286,0.7183013986140508,0.028759702545730875,0.030887839476017274,0.010494490582424135
IDN.9.26_1,2017.0,0.24497892127594104,0.6923939278800045,0.023687419710868633,0.02728618212741318,0.010494490582424135
IDN.9.26_1,2018.0,0.22934194575621025,0.7112048345365389,0.017726030867213062,0.030073639834265118,0.010494490582424135
IDN.9.26_1,2019.0,0.2052944688704335,0.7363755450614263,0.015504532378005734,0.03117190468436192,0.010494490582424135
IDN.9.26_1,2020.0,0.21126056197868587,0.7307069062222941,0.014473936564801228,0.0319050462284463,0.010494490582424135
IDN.9.26_1,2021.0,0.25150337440518167,0.6845425102679616,0.014397944598237695,0.03790262172284642,0.010494490582424135
IDN.9.26_1,2022.0,0.32086268975374943,0.6213298594148614,0.01392896560458845,0.03222493622102804,0.010494490582424135
IDN.9.26_1,2023.0,0.2852937451374185,0.6570247335757835,0.012827082089417203,0.03310861423220971,0.010586766541822713
IDN.9.2_1,2011.0,0.234179925607553,0.3999233606520905,7.091086254304702E-4,0.27954063108999155,0.08564697402493389
IDN.9.2_1,2012.0,0.22851428673127053,0.37905610133746215,4.254651752582821E-4,0.3059317075558164,0.08607243920019217
IDN.9.2_1,2013.0,0.2234337319914216,0.3782424339500074,2.836434501721881E-4,0.3112586427827756,0.08678154782562264
IDN.9.2_1,2014.0,0.22091319843028362,0.37369190314744105,2.836434501721881E-4,0.31818788542139376,0.08692336955070873
IDN.9.2_1,2015.0,0.22280081778299815,0.378543318472641,4.254651752582821E-4,0.3113070290183932,0.08692336955070873
IDN.9.2_1,2016.0,0.23646019648148633,0.37098894791638837,5.672869003443762E-4,0.30477655570089945,0.08720701300088092
IDN.9.2_1,2017.0,0.2538241811046743,0.3644657047260559,5.672869003443762E-4,0.29322392482447457,0.08791890244445033
IDN.9.2_1,2018.0,0.2556628580581434,0.3574230047073688,5.672869003443762E-4,0.2960169785632289,0.09032987177091394
IDN.9.2_1,2019.0,0.2561934381590538,0.35968937149060737,4.254651752582821E-4,0.2912345275278747,0.09245719764720534
IDN.9.2_1,2020.0,0.2590793712236489,0.3566293592105145,4.254651752582821E-4,0.2887946376927661,0.09507116669781177
IDN.9.2_1,2021.0,0.266645421216085,0.3424688770833889,7.091086254304702E-4,0.2928362787759059,0.09734031429918928
IDN.9.2_1,2022.0,0.28566009948654963,0.3179303816617278,5.672869003443762E-4,0.29665823522606916,0.0991839967253085
IDN.9.2_1,2023.0,0.27732042588785943,0.3196467026170834,2.836434501721881E-4,0.29987786646733744,0.10287136157754695
IDN.9.4_1,2011.0,0.0,0.010759944138161866,0.03527682772470732,0.5008252316996695,0.38977712973257866
IDN.9.4_1,2012.0,0.0,0.011727908220384952,0.03331473836884971,0.4990647374070411,0.39292416717001305
IDN.9.4_1,2013.0,0.0,0.012258826516675835,0.03493288500232757,0.49252828678821353,0.39755623694344944
IDN.9.4_1,2014.0,0.0,0.012739730770562502,0.03650255648701366,0.4853416536181312,0.4024268352268135
IDN.9.4_1,2015.0,0.0,0.010935378009979721,0.035325302873499095,0.485168528086732,0.4058554901953239
IDN.9.4_1,2016.0,0.0,0.00954421818433637,0.03676878508196532,0.4818314372881617,0.4087332212505817
IDN.9.4_1,2017.0,0.0,0.010072058693402376,0.03716120295313684,0.47777183593855194,0.4120687731555396
IDN.9.4_1,2018.0,0.0,0.010155928395280211,0.03559153146845075,0.4727381149322695,0.4183920870090447
IDN.9.4_1,2019.0,0.0,0.010629138181104692,0.03421806891935043,0.4680737283929719,0.42376051737603226
IDN.9.4_1,2020.0,0.0,0.013893900979890505,0.03382565104817891,0.45835638467723633,0.4304093072285679
IDN.9.4_1,2021.0,0.0,0.014172440723741664,0.03560615095776891,0.4486859772166801,0.4382168839712688
IDN.9.4_1,2022.0,1.9620893558576057E-4,0.011465526859464385,0.038941702862726836,0.44420164123003764,0.44168016404605887
IDN.9.4_1,2023.0,0.0,0.012845144983014459,0.037175822442454994,0.4413546880470285,0.4447171705902039
IDN.9.5_1,2011.0,0.16903515137678266,0.3035122022814556,3.3267830497142066E-4,0.44774879526422645,0.07937117277256384
IDN.9.5_1,2012.0,0.16980911766864265,0.3034841529341737,4.158478812142758E-4,0.44469663489371414,0.08159424662225521
IDN.9.5_1,2013.0,0.176887663994912,0.3163522802325487,1.6633915248571033E-4,0.4228292332906613,0.08376448332939229
IDN.9.5_1,2014.0,0.18036023841945192,0.32126515602449424,7.485261861856965E-4,0.41229213721349306,0.08533394215637512
IDN.9.5_1,2015.0,0.17701421221288155,0.31758971306496203,7.485261861856965E-4,0.4171283665332149,0.08751918200275602
IDN.9.5_1,2016.0,0.20127983300853716,0.3002242317006547,0.0011643740673999722,0.4088143443057379,0.08851721691767027
IDN.9.5_1,2017.0,0.2203817646627148,0.2856819497557913,7.485261861856965E-4,0.4031614223628313,0.09002633703247691
IDN.9.5_1,2018.0,0.2164783392177168,0.28915517649073313,4.99017457457131E-4,0.400403127828377,0.0934643390057159
IDN.9.5_1,2019.0,0.20552833065614276,0.2933387692533492,5.821870336999861E-4,0.4039813765380255,0.0965693365187825
IDN.9.5_1,2020.0,0.20351464844546283,0.2924832641612511,7.485261861856965E-4,0.4032419826974664,0.10001157850963384
IDN.9.5_1,2021.0,0.2088443505842255,0.27425249304881727,4.158478812142758E-4,0.4142820100945034,0.1022052983912395
IDN.9.5_1,2022.0,0.21643561288639204,0.25322070107060446,3.3267830497142066E-4,0.4235311192831109,0.10647988845492126
IDN.9.5_1,2023.0,0.21071191526487884,0.2646181945678851,3.3267830497142066E-4,0.4141515480141225,0.1101856638481421
IDN.9.6_1,2011.0,0.244511179014092,0.6270202040976182,0.010875167526939325,0.09814476545155452,0.017277584850807572
IDN.9.6_1,2012.0,0.21615133168491948,0.6543181085756978,0.009330360799465195,0.10075151503012167,0.017277584850807572
IDN.9.6_1,2013.0,0.2201269109337907,0.6529374755661933,0.009091790276838372,0.0983951393133818,0.017277584850807572
IDN.9.6_1,2014.0,0.20489166144160256,0.6623332912466791,0.009465562684851908,0.1038608007170707,0.017277584850807572
IDN.9.6_1,2015.0,0.18682182215658438,0.6745039646701015,0.008559209305037266,0.11066631995848084,0.017277584850807572
IDN.9.6_1,2016.0,0.2406572099266797,0.6276658109841871,0.010078978646328672,0.10214931653300868,0.017277584850807572
IDN.9.6_1,2017.0,0.2734132645925934,0.5976663725369917,0.009135426864185408,0.10033625209643392,0.017277584850807572
IDN.9.6_1,2018.0,0.2552890584118642,0.6142561446216653,0.008676527343150605,0.10232958571352428,0.017277584850807572
IDN.9.6_1,2019.0,0.23230831466557733,0.633583576046947,0.007897149278976922,0.10676227609870301,0.017277584850807572
IDN.9.6_1,2020.0,0.22778083988984976,0.6376360558390939,0.008014109640144797,0.10712031072111601,0.017277584850807572
IDN.9.6_1,2021.0,0.2524240660786697,0.6118182185613587,0.008741982224171158,0.10756704922600488,0.017277584850807572
IDN.9.6_1,2022.0,0.31188034704678674,0.5570485786097022,0.009550689797873175,0.10207170063584221,0.017277584850807572
IDN.9.6_1,2023.0,0.2815922633045988,0.5865794602583355,0.00801053287069012,0.10436905965658001,0.017277584850807572
IDN.9.7_1,2011.0,0.19628928203582255,0.5717517014615566,0.0014665311495837307,0.2137762049000897,0.014764530007347607
IDN.9.7_1,2012.0,0.18854208319186772,0.5750128644275542,0.0014458719526665178,0.21828289997496436,0.014764530007347607
IDN.9.7_1,2013.0,0.1957869373528882,0.5808787171943506,0.0016709484664487846,0.204947116533365,0.014764530007347605
IDN.9.7_1,2014.0,0.1998187427302053,0.5898176255025825,0.0014673466441988835,0.1921748398708365,0.014764530007347605
IDN.9.7_1,2015.0,0.1917649179109529,0.5931690365393235,0.0015619440195566478,0.19678265627799013,0.014764530007347605
IDN.9.7_1,2016.0,0.23106278792056759,0.5747029764737956,0.0021417606909305306,0.17534982680253533,0.014764530007347605
IDN.9.7_1,2017.0,0.2520381249169215,0.5651652232865031,0.0026375814169436397,0.16343762512745502,0.014764530007347607
IDN.9.7_1,2018.0,0.23650376799286937,0.576269541629505,0.0023252469793399876,0.1681851629453382,0.014764530007347607
IDN.9.7_1,2019.0,0.22756485968463736,0.5844266624333437,0.002026504118655554,0.16919719176274323,0.014833847049635623
IDN.9.7_1,2020.0,0.2347134854810698,0.5708011065718266,0.0022211355001387698,0.17541017340405662,0.014903164091923637
IDN.9.7_1,2021.0,0.24540896919034164,0.5447237634315363,0.0016665991618346346,0.19127861128878323,0.014972481134211655
IDN.9.7_1,2022.0,0.26894169729981576,0.5281170310885577,0.0017462458025812577,0.18413433479696492,0.015111115218787689
IDN.9.7_1,2023.0,0.2606339818237124,0.5503955284799265,0.0016682301510649409,0.1701015752909481,0.015249749303363723
IDN.9.9_1,2011.0,0.00999252160779946,0.0931379809072441,0.034355806907547665,0.6283184222603755,0.18334494404005036
IDN.9.9_1,2012.0,0.009798705086220915,0.08868020091093758,0.032072977405747556,0.6369496570727483,0.18334494404005036
IDN.9.9_1,2013.0,0.007940077782592711,0.09535772861664367,0.03736270567864121,0.6303096127509326,0.18334494404005036
IDN.9.9_1,2014.0,0.008053442163138651,0.09488598651695249,0.036858051339436704,0.6311561886895255,0.1838112007664893
IDN.9.9_1,2015.0,0.009004240193523964,0.09336562389721136,0.03425341327350617,0.6342499392037793,0.1838112007664893
IDN.9.9_1,2016.0,0.006767122135492371,0.10283337813054814,0.03929355706342369,0.6212432049938833,0.18404432912970878
IDN.9.9_1,2017.0,0.009156002186835464,0.1221574338692542,0.04008985041387139,0.5986718082898612,0.1841430658482488
IDN.9.9_1,2018.0,0.009807847374974622,0.12917779740322424,0.037274025477730274,0.5934652748446263,0.1841430658482488
IDN.9.9_1,2019.0,0.011316325019335933,0.1260163939521931,0.03343243574342348,0.5981442982287725,0.18484245093790724
IDN.9.9_1,2020.0,0.008577295308725945,0.12767571936099054,0.03745687125280437,0.5951035729892902,0.18600809275400462
IDN.9.9_1,2021.0,0.00864586247437873,0.13196528124422888,0.038075804201430204,0.5884936982203616,0.1875604533843837
IDN.9.9_1,2022.0,0.008363365751889248,0.13171112561687587,0.03975615687436116,0.5882249149310027,0.18779358174760316
IDN.9.9_1,2023.0,0.011012801032712929,0.1387150330310892,0.037452300108427525,0.5799127459961341,0.1894346225788932
IDN.1.15_1,2011.0,0.9016451427455939,0.09159591024605494,0.0,0.0064849356431476496,2.740113652034218E-4
IDN.1.15_1,2012.0,0.9029238624498765,0.0898148363722327,0.0,0.006987289812687256,2.740113652034218E-4
IDN.1.15_1,2014.0,0.9022845025977353,0.08976916781136546,0.0,0.007672318225695811,2.740113652034218E-4
IDN.1.15_1,2022.0,0.9242702432612009,0.0684227870000411,0.0,0.0070329583735544935,2.740113652034218E-4
IDN.1.15_1,2023.0,0.9360942814007175,0.05659874886052457,0.0,0.0070329583735544935,2.740113652034218E-4
IDN.10.11_1,2011.0,0.06362915832954469,0.2342668478749761,0.0,0.6598673030028223,0.04223669079265669
IDN.10.11_1,2012.0,0.0617692608791845,0.2184759538356435,0.0,0.6759681799505481,0.043786605334623516
IDN.10.11_1,2013.0,0.06329486303617927,0.2213666964088177,0.0,0.670674158122889,0.044664282432113754
IDN.10.11_1,2014.0,0.06569692667141572,0.20759129908366625,0.0,0.6802459440863764,0.04646583015854107
IDN.10.11_1,2015.0,0.06519001344474892,0.20118498564353673,0.0,0.685932610931334,0.04769238998037991
IDN.10.11_1,2016.0,0.06812208707237558,0.2121352838349384,0.0,0.6717402562039123,0.04800237288877327
IDN.10.11_1,2017.0,0.06952734292375881,0.20613984970083624,0.0,0.6760204515782381,0.04831235579716664
IDN.10.11_1,2018.0,0.06983367897440639,0.2045315854349365,0.0,0.6757724652515233,0.04986227033913345
IDN.10.11_1,2019.0,0.07067488749443857,0.21146061515196465,0.0,0.6656949816806176,0.05216951567297896
IDN.10.11_1,2020.0,0.0712997157882197,0.20881907452475373,0.0,0.6674017111056539,0.052479498581372325
IDN.10.11_1,2021.0,0.07460498452516699,0.20196298196264165,0.0,0.6692141994053187,0.05421783410687237
IDN.10.11_1,2022.0,0.0838315346220518,0.19141019126553263,0.0,0.6687230892288838,0.05603518488353152
IDN.10.11_1,2023.0,0.08358111705683992,0.1886057576590091,0.0,0.6689880942250789,0.0588250310590718
IDN.10.14_1,2011.0,0.02234143350797013,0.21547486344889086,0.0,0.5710316575632596,0.19114647196522122
IDN.10.14_1,2012.0,0.01492587225504403,0.18732443428826218,0.0,0.6061406197748302,0.19150178352469063
IDN.10.14_1,2013.0,0.012916620220711182,0.17703015271430161,0.0,0.6184441533831236,0.19150178352469063
IDN.10.14_1,2014.0,0.011276613532493592,0.17437576635826554,0.0,0.6224905250250811,0.19185709508416005
IDN.10.14_1,2015.0,0.01272990747965667,0.17635297068331288,0.0,0.6183494036339318,0.19256771820309887
IDN.10.14_1,2019.0,0.016540798127299076,0.1474431501504849,0.0,0.640488797235537,0.19552168097202094
IDN.10.14_1,2021.0,0.016500390146026087,0.14796984728569837,0.0,0.6375153271653107,0.19800886188830674
IDN.10.14_1,2022.0,0.019112975142124625,0.14198249916397282,0.0,0.6386216698249918,0.20027728235425257
IDN.10.14_1,2023.0,0.013257997993534726,0.14375766358265524,0.0,0.6364131646416232,0.20656560026752865
IDN.10.15_1,2011.0,0.0,0.1257149082194019,0.0,0.023476224195217603,0.8508088675853803
IDN.10.15_1,2012.0,0.0,0.11661855220872597,0.0,0.03257258020589356,0.8508088675853803
IDN.10.15_1,2013.0,0.0,0.0790348058173103,0.0,0.07015632659730922,0.8508088675853803
IDN.10.15_1,2014.0,0.0,0.07576665395718721,0.0,0.07342447845743233,0.8508088675853803
IDN.10.15_1,2015.0,0.0,0.09395936597853911,0.0,0.05523176643608038,0.8508088675853803
IDN.10.15_1,2016.0,0.0,0.08633367830491856,0.0,0.06285745410970096,0.8508088675853803
IDN.10.15_1,2017.0,0.0,0.08633367830491856,0.0,0.06285745410970096,0.8508088675853803
IDN.10.15_1,2018.0,0.0,0.06683370553951738,0.0,0.08235742687510213,0.8508088675853803
IDN.10.15_1,2019.0,0.0,0.061713600958657876,0.0,0.08747753145596164,0.8508088675853803
IDN.10.15_1,2020.0,0.0,0.0347513481126423,0.0,0.11443978430197721,0.8508088675853803
IDN.10.15_1,2021.0,0.0,0.044011111716324415,0.0,0.1051800206982951,0.8508088675853803
IDN.10.15_1,2022.0,0.0,0.04417451930933057,0.0,0.10501661310528895,0.8508088675853803
IDN.10.15_1,2023.0,0.0,0.0306116890898197,0.0,0.1051800206982951,0.864208290211885
IDN.10.19_1,2011.0,0.02563809728548331,0.17229858339939352,0.0,0.5474648537045241,0.2545984656105983
IDN.10.19_1,2012.0,0.024543064568861652,0.15871704265029266,0.0,0.5621414271702466,0.2545984656105983
IDN.10.19_1,2013.0,0.022570214214375602,0.16006959839843063,0.0,0.5610486337843339,0.2563115536028591
IDN.10.19_1,2014.0,0.02295537909629569,0.14869155906682607,0.0,0.5703284202417576,0.25802464159512
IDN.10.19_1,2019.0,0.026961541734406413,0.17095274564338206,0.0,0.5423479830348299,0.2597377295873809
IDN.10.19_1,2020.0,0.038879259766840875,0.16427506146962792,0.0,0.536536919845396,0.26030875891813454
IDN.10.19_1,2022.0,0.059698317366905354,0.14399120390897563,0.0,0.5337176024829692,0.262592876241149
IDN.10.19_1,2023.0,0.061138207012688024,0.1373135197352215,0.0,0.5361002503571726,0.26544802289491715
IDN.10.20_1,2011.0,0.11452423295405487,0.4805255797088936,0.0,0.3738315175164458,0.029867741768392676
IDN.10.20_1,2012.0,0.10911390438040637,0.4595757722257711,0.0,0.39997237425971627,0.029867741768392676
IDN.10.20_1,2013.0,0.1197877997824472,0.451481430322703,0.0,0.39734620232401524,0.029867741768392676
IDN.10.20_1,2014.0,0.11328366455444853,0.4270827218260612,0.0,0.428554655800542,0.030087884386276888
IDN.10.20_1,2015.0,0.11051591069979445,0.40514874734533884,0.0,0.45325638413591846,0.030087884386276888
IDN.10.20_1,2016.0,0.12469223198715391,0.42159124264032993,0.0,0.42290432860818045,0.030087884386276888
IDN.10.20_1,2018.0,0.12194692404648018,0.394006940967246,0.0,0.45350415249408627,0.030087884386276888
IDN.10.20_1,2019.0,0.1210611737486402,0.3912719926791786,0.0,0.4571248510799937,0.030087884386276888
IDN.10.20_1,2020.0,0.12496848938998903,0.38133449591657015,0.0,0.46337517481913754,0.030087884386276888
IDN.10.20_1,2021.0,0.14225184315485942,0.3525251653227893,0.0,0.47468705216085066,0.030087884386276888
IDN.10.20_1,2022.0,0.16431617659754458,0.33070342041196865,0.0,0.47428993214427523,0.030087884386276888
IDN.10.20_1,2023.0,0.14207572906055205,0.336409862389281,0.0,0.49081703126888454,0.030094790821347767
IDN.10.24_1,2011.0,0.303911977487107,0.5138374578789086,0.0,0.154982668454171,0.027267896179813268
IDN.10.24_1,2012.0,0.2714518641979781,0.5289297921422274,0.0,0.17235044747998104,0.027267896179813268
IDN.10.24_1,2013.0,0.2719241035303211,0.5153423433216179,0.0,0.18546565696824757,0.027267896179813268
IDN.10.24_1,2014.0,0.27171757430824783,0.5000652197543388,0.0,0.20094930975759978,0.027267896179813268
IDN.10.24_1,2015.0,0.2710532990325736,0.49013490826962325,0.0,0.21154389651798972,0.027267896179813268
IDN.10.24_1,2016.0,0.3240020773699529,0.4578837397490246,0.0,0.19084628670120887,0.027267896179813268
IDN.10.24_1,2018.0,0.33180670797251094,0.43188883655204896,0.0,0.2090365592956266,0.027267896179813268
IDN.10.24_1,2019.0,0.3157892194161624,0.4374711644141695,0.0,0.2194717199898546,0.027267896179813268
IDN.10.24_1,2021.0,0.33732864717320665,0.41414423227894714,0.0,0.2209512421947654,0.027575878353080417
IDN.10.24_1,2022.0,0.3592920033334541,0.3962003454231433,0.0,0.21693177289032206,0.027575878353080417
IDN.10.24_1,2023.0,0.33008804666835745,0.4174281676872349,0.0,0.2245999251180597,0.027883860526347563
IDN.10.27_1,2011.0,0.023027585319684636,0.6579126311726979,0.0,0.018745520371969936,0.30031426313564774
IDN.10.27_1,2012.0,0.009078712807601124,0.6531159833128116,0.0,0.03749104074393987,0.30031426313564774
IDN.10.27_1,2013.0,0.009078712807601124,0.639056843033834,0.0,0.05155018102291732,0.30031426313564774
IDN.10.27_1,2014.0,0.009078712807601124,0.6152757613070409,0.0,0.07533126274971055,0.30031426313564774
IDN.10.27_1,2015.0,0.0059728373734217926,0.5900244426883282,0.0,0.10368845680260232,0.30031426313564774
IDN.10.27_1,2016.0,0.014794258724937056,0.575579365225222,0.0,0.1093121129141933,0.30031426313564774
IDN.10.27_1,2017.0,0.014794258724937056,0.5953908073438334,0.0,0.08950067079558194,0.30031426313564774
IDN.10.27_1,2018.0,0.015161817947916859,0.5769209563890983,0.0,0.10760296252733723,0.30031426313564774
IDN.10.27_1,2019.0,0.01659529891753809,0.5853380625953357,0.0,0.09775237535147852,0.30031426313564774
IDN.10.27_1,2020.0,0.02670317754948266,0.5694962600849063,0.0,0.10348629922996343,0.30031426313564774
IDN.10.27_1,2021.0,0.027475051917740245,0.5505853380625955,0.0,0.12162534688401669,0.30031426313564774
IDN.10.27_1,2022.0,0.027475051917740245,0.5357543234153604,0.0,0.13645636153125174,0.30031426313564774
IDN.10.27_1,2023.0,0.022788671824747763,0.5162553066362818,0.0,0.16064175840332276,0.30031426313564774
IDN.10.2_1,2011.0,0.2168123746632507,0.4332080727055028,0.0,0.2904636563830219,0.059327583711246586
IDN.10.2_1,2012.0,0.20360309338474913,0.44395102187657637,0.0,0.2929391230538108,0.059327583711246586
IDN.10.2_1,2013.0,0.2021703722545366,0.4476624652359596,0.0,0.2906604008246401,0.059327583711246586
IDN.10.2_1,2018.0,0.24126841141511238,0.40886797464245184,0.0,0.290356852257572,0.059327583711246586
IDN.10.2_1,2019.0,0.23993968377546948,0.4107988808051904,0.0,0.2895754957608598,0.05950676168486316
IDN.10.2_1,2020.0,0.22836478667983906,0.4173336069017948,0.0,0.2946156667598859,0.05950676168486316
IDN.10.2_1,2021.0,0.23370218231745266,0.39898226910985757,0.0,0.3074504309405928,0.05968593965847973
IDN.10.2_1,2022.0,0.26158368032963114,0.36790226860394337,0.0,0.31064893343432864,0.05968593965847973
IDN.10.2_1,2023.0,0.2405221878544034,0.38053326175583146,0.0,0.3189002547840517,0.0598651176320963
IDN.10.30_1,2011.0,0.0,0.08999843697754988,0.0,0.7279371467124097,0.18206441631004036
IDN.10.30_1,2012.0,0.0,0.06653925065933829,0.0,0.7503872932210331,0.1830734561196286
IDN.10.30_1,2013.0,5.045199047941264E-4,0.05815037067374183,0.0,0.7566749961913695,0.18467011323009475
IDN.10.30_1,2014.0,5.045199047941264E-4,0.05620945292235737,0.0,0.7564276825125488,0.18685834466029985
IDN.10.30_1,2015.0,5.045199047941264E-4,0.05875183754063365,0.0,0.7526645575756137,0.18807908497895862
IDN.10.30_1,2016.0,5.045199047941264E-4,0.05070128266766384,0.0,0.7597060726389953,0.1890881247885469
IDN.10.30_1,2017.0,0.0010090398095882528,0.050230397423189334,0.0,0.7591679180738816,0.18959264469334103
IDN.10.30_1,2018.0,5.045199047941264E-4,0.055617878602618374,0.0,0.7517623572752762,0.19211524421731166
IDN.10.30_1,2019.0,0.001513559714382379,0.06237646681742909,0.0,0.7416937227831297,0.19441625068505897
IDN.10.30_1,2020.0,0.0010090398095882528,0.06422835164443812,0.0,0.7378237583369441,0.1969388502090296
IDN.10.30_1,2021.0,0.001513559714382379,0.07183374189553074,0.0,0.7291994357291103,0.19745326266097654
IDN.10.30_1,2022.0,0.0027263859953188477,0.07859628712920261,0.0,0.7192059845953256,0.19947134228015304
IDN.10.30_1,2023.0,0.0017173461857305948,0.08277489904655631,0.0,0.7114957333444133,0.20401202142330016
IDN.10.31_1,2011.0,0.0,0.031798545990938794,0.0,0.041786956063639254,0.926414497945422
IDN.10.31_1,2012.0,0.0,0.03314719207670426,0.0,0.03506479822990203,0.9317880096933937
IDN.10.31_1,2013.0,0.0,0.02347487093035508,0.0,0.03936360762827944,0.9371615214413656
IDN.10.31_1,2014.0,0.0,0.016605204930987254,0.0,0.03677167843219894,0.9466231166368138
IDN.10.31_1,2015.0,0.0,0.014266146875987784,0.0,0.03139816668422717,0.9543356864397851
IDN.10.31_1,2016.0,0.0,0.011674217679907286,0.0,0.03399009588030767,0.9543356864397851
IDN.10.31_1,2017.0,0.0,0.011674217679907286,0.0,0.03399009588030767,0.9543356864397851
IDN.10.31_1,2018.0,0.0,0.011674217679907286,0.0,0.028616584132335907,0.9597091981877568
IDN.10.31_1,2019.0,0.0,0.015109050679591195,0.0,0.025181751132651996,0.9597091981877568
IDN.10.31_1,2020.0,0.0,0.019597513433779377,0.0,0.020693288378463816,0.9597091981877568
IDN.10.31_1,2021.0,0.0,0.02044041723738279,0.0,0.0198503845748604,0.9597091981877568
IDN.10.31_1,2022.0,0.0,0.009861974502159945,0.0,0.0198503845748604,0.9702876409229798
IDN.10.31_1,2023.0,0.0,0.005457802128332106,0.0,0.017848488041302294,0.9766937098303657
IDN.10.33_1,2011.0,0.2380226597724183,0.3354493934731268,0.0,0.4021069652186359,0.024420981535819095
IDN.10.33_1,2012.0,0.23197528268804132,0.3352715952193516,0.0,0.4083321405567881,0.024420981535819095
IDN.10.33_1,2013.0,0.22014554855793328,0.3406827005653761,0.0,0.41475076934087174,0.024420981535819095
IDN.10.33_1,2014.0,0.20465249946325068,0.34708231947326995,0.0,0.42384419952766056,0.024420981535819095
IDN.10.33_1,2015.0,0.19908707865168554,0.3461497173119587,0.0,0.4303422225005368,0.024420981535819095
IDN.10.33_1,2016.0,0.22447532741716184,0.33113191512202106,0.0,0.41997177592499824,0.024420981535819095
IDN.10.33_1,2017.0,0.2527620231875762,0.30356423996278536,0.0,0.41925275531381945,0.024420981535819095
IDN.10.33_1,2018.0,0.23922699134044242,0.314364086094611,0.0,0.4217027928862807,0.024706129678666016
IDN.10.33_1,2019.0,0.24322801116438858,0.3135936269949187,0.0,0.4184722321620267,0.024706129678666016
IDN.10.33_1,2020.0,0.26696016424533037,0.2879671956630645,0.0,0.4203665104129392,0.024706129678666016
IDN.10.33_1,2021.0,0.2797772937092966,0.27249762935661637,0.0,0.4227337991125742,0.024991277821512933
IDN.10.33_1,2022.0,0.2930115222214272,0.2570571369784585,0.0,0.4249400629786016,0.024991277821512933
IDN.10.33_1,2023.0,0.27318757603950483,0.2766272454018464,0.0,0.4240533081657482,0.02613187039290061
IDN.10.4_1,2011.0,0.01054550117049804,0.14179153815563167,0.0,0.8342145041585989,0.013448456515271568
IDN.10.4_1,2012.0,0.016881316407106932,0.14904291625805247,0.0,0.8206273108195691,0.013448456515271568
IDN.10.4_1,2013.0,0.016817707827261136,0.15805379783290074,0.0,0.8116800378245665,0.013448456515271568
IDN.10.4_1,2014.0,0.01438505528937897,0.15168592787888924,0.0,0.8204805603164602,0.013448456515271568
IDN.10.4_1,2015.0,0.015538524260913377,0.1199337268717701,0.0,0.851079292352045,0.013448456515271568
IDN.10.4_1,2016.0,0.006497090533540755,0.15727947606564402,0.0,0.8227749768855437,0.013448456515271568
IDN.10.4_1,2017.0,0.005603064430983689,0.1600472005713753,0.0,0.8209012784823695,0.013448456515271568
IDN.10.4_1,2018.0,0.006849692424969422,0.1475042898227274,0.0,0.8321975612370316,0.013448456515271568
IDN.10.4_1,2019.0,0.021836274520606675,0.1289556272557255,0.0,0.8356319236937452,0.013576174529922578
IDN.10.4_1,2020.0,0.02967164950570624,0.13034049121851,0.0,0.8264116847458614,0.013576174529922578
IDN.10.4_1,2021.0,0.01440959718239034,0.12950456429124513,0.0,0.8425096639964419,0.013576174529922578
IDN.10.4_1,2022.0,0.00929486633683698,0.11102852569335854,0.0,0.866100433439882,0.013576174529922578
IDN.10.4_1,2023.0,0.013589196758867387,0.10445480435102719,0.0,0.8682521063455317,0.013703892544573586
IDN.10.9_1,2011.0,0.0033712322476564674,0.05343290113023562,0.0,0.8369734403062047,0.10613923944115748
IDN.10.9_1,2012.0,0.003433261766975778,0.04831570621088602,0.0,0.842028605706235,0.10613923944115748
IDN.10.9_1,2013.0,0.003065412291942659,0.05429313996792746,0.0,0.8364190214242266,0.10613923944115748
IDN.10.9_1,2014.0,0.0029427958002649526,0.04876722340965216,0.0,0.8420675544741798,0.10613923944115748
IDN.10.9_1,2015.0,0.002880766280945642,0.03431338371027893,0.0,0.8563381907095168,0.10638447242451289
IDN.10.9_1,2016.0,0.0028201793085872464,0.0421444903120951,0.0,0.8484450545883814,0.1065070889161906
IDN.10.9_1,2017.0,0.003433261766975778,0.046913550564877414,0.0,0.8429402953855327,0.1066297054078683
IDN.10.9_1,2018.0,0.0028201793085872464,0.03922525611219175,0.0,0.851241672296607,0.1066297054078683
IDN.10.9_1,2019.0,0.0058966511272302465,0.034431672561073885,0.0,0.8528361675374042,0.10675232189954602
IDN.10.9_1,2020.0,0.0077248389756955005,0.038910780874712454,0.0,0.8465288713753003,0.10675232189954602
IDN.10.9_1,2021.0,0.0037390817226895866,0.035664569363668554,0.0,0.853426650093405,0.10708651194549114
IDN.10.9_1,2022.0,0.0036164652310118803,0.025668680622507146,0.0,0.8635451553262442,0.10708651194549114
IDN.10.9_1,2023.0,0.0037390817226895866,0.025254669644724774,0.0,0.8637139333206711,0.10720912843716884
IDN.11.10_1,2011.0,0.06364254508657148,0.13856498419943264,0.0,0.7834030916689263,0.014389379045070231
IDN.11.10_1,2012.0,0.05832463356846732,0.13706343362255652,0.0,0.7897322907714567,0.014879642037520182
IDN.11.10_1,2013.0,0.0595743235492221,0.14610990734990748,0.0,0.7791092850683843,0.015206484032486815
IDN.11.10_1,2014.0,0.054007114901623784,0.14159500175277032,0.0,0.7891913993131197,0.015206484032486815
IDN.11.10_1,2015.0,0.05483895982214671,0.12965501506997948,0.0,0.8002892872088788,0.015206484032486815
IDN.11.10_1,2016.0,0.0658625071857174,0.13350790541064497,0.0,0.7854128495046426,0.015206484032486815
IDN.11.10_1,2017.0,0.0702870505842461,0.131351389110522,0.0,0.7828179804112703,0.015533326027453448
IDN.11.10_1,2018.0,0.06834778808077742,0.1248171126778165,0.0,0.790682696023487,0.016152403217919657
IDN.11.10_1,2019.0,0.0680869553514609,0.12366483442889492,0.0,0.7914421230117918,0.016806087207852927
IDN.11.10_1,2020.0,0.06883420587328659,0.12353922456416264,0.0,0.7908204823546985,0.016806087207852927
IDN.11.10_1,2021.0,0.07061325171255593,0.12199729938790829,0.0,0.7902545970967465,0.017134851802789952
IDN.11.10_1,2022.0,0.07465199338369265,0.11060397196336552,0.0,0.7974457618526692,0.017298272800273268
IDN.11.10_1,2023.0,0.06996725812250423,0.1100855108380165,0.0,0.8014184942581557,0.018528736781324124
IDN.11.11_1,2011.0,0.0,0.014871839734056511,0.0,0.669086985682209,0.31604117458373426
IDN.11.11_1,2012.0,0.0,0.014871839734056511,0.0,0.669086985682209,0.31604117458373426
IDN.11.11_1,2013.0,0.0,0.022307759601084765,0.0,0.6616510658151807,0.31604117458373426
IDN.11.11_1,2014.0,0.0,0.014871839734056511,0.0,0.6616510658151807,0.3234770944507625
IDN.11.11_1,2015.0,0.0,0.029743679468113023,0.0,0.6420552299303063,0.3282010906015804
IDN.11.11_1,2016.0,0.0,0.022307759601084765,0.0,0.6494911497973346,0.3282010906015804
IDN.11.11_1,2017.0,0.0,0.014871839734056511,0.0,0.6569270696643628,0.3282010906015804
IDN.11.11_1,2018.0,0.0,0.022307759601084765,0.0,0.6494911497973346,0.3282010906015804
IDN.11.11_1,2019.0,0.0,0.045257049543638635,0.0,0.6191059399877524,0.33563701046860867
IDN.11.11_1,2020.0,0.0,0.045257049543638635,0.0,0.5696789432245647,0.38506400723179646
IDN.11.11_1,2021.0,0.0,0.044294754031434985,0.0,0.5632053188697401,0.3924999270988247
IDN.11.11_1,2022.0,0.0,0.044294754031434985,0.0,0.5492374537077537,0.4064677922608111
IDN.11.11_1,2023.0,0.0,0.08721896596973143,0.0,0.49887732190242895,0.41390371212783933
IDN.11.12_1,2011.0,0.007237019483191669,0.04616083211533823,0.0,0.5815441812944334,0.36505796710703703
IDN.11.12_1,2012.0,0.01753912957102922,0.04027188488881952,0.0,0.5771310184331145,0.36505796710703703
IDN.11.12_1,2013.0,0.010855529224787502,0.054192504718252904,0.0,0.5698939989499229,0.36505796710703703
IDN.11.12_1,2014.0,0.021171829546905826,0.043876204396134585,0.0,0.5698939989499229,0.36505796710703703
IDN.11.12_1,2015.0,0.02244895063217494,0.038980573569269636,0.0,0.566275489208327,0.3722949865902287
IDN.11.12_1,2016.0,0.03334705055980475,0.02084545415844816,0.0,0.5735125086915187,0.3722949865902287
IDN.11.12_1,2017.0,0.02972854081820891,0.028082473641639828,0.0,0.5698939989499229,0.3722949865902287
IDN.11.12_1,2018.0,0.03334705055980475,0.028039902938797524,0.0,0.5619474677526928,0.3766655787487052
IDN.11.12_1,2019.0,0.03696556030140058,0.03889543216358503,0.0,0.5474734287863093,0.3766655787487052
IDN.11.12_1,2020.0,0.03696556030140058,0.04251394190518087,0.0,0.5402364093031177,0.38028408849030104
IDN.11.12_1,2021.0,0.03334705055980475,0.046175022349619003,0.0,0.532999389819926,0.3874785372706504
IDN.11.12_1,2022.0,0.03334705055980475,0.028082473641639828,0.0,0.5366178995615218,0.40195257623703373
IDN.11.12_1,2023.0,0.03334705055980475,0.028082473641639828,0.0,0.5240595422230423,0.4145109335755134
IDN.11.13_1,2011.0,0.0,0.05497300811169836,0.0,0.3792713603346429,0.5657556315536587
IDN.11.13_1,2012.0,0.0,0.06218026624459454,0.0,0.37206410220174674,0.5657556315536587
IDN.11.13_1,2013.0,0.0,0.047765749978802174,0.0,0.3792713603346429,0.572962889686555
IDN.11.13_1,2014.0,0.0,0.047765749978802174,0.0,0.3792713603346429,0.572962889686555
IDN.11.13_1,2015.0,0.0,0.047765749978802174,0.0,0.36485684406885055,0.5873774059523473
IDN.11.13_1,2016.0,0.0,0.040558491845905986,0.0,0.37206410220174674,0.5873774059523473
IDN.11.13_1,2017.0,0.0,0.0333512337130098,0.0,0.37206410220174674,0.5945846640852435
IDN.11.13_1,2018.0,0.0,0.07693394759899379,0.0,0.3284813883157626,0.5945846640852435
IDN.11.13_1,2019.0,0.0,0.10745880557361294,0.0,0.2979565303411435,0.5945846640852435
IDN.11.13_1,2020.0,0.0,0.11899041858624684,0.0,0.28642491732850955,0.5945846640852435
IDN.11.13_1,2021.0,0.0,0.1260563579322235,0.0,0.2721517198496367,0.6017919222181397
IDN.11.13_1,2022.0,0.0,0.12274949831830644,0.0,0.27545857946355384,0.6017919222181397
IDN.11.13_1,2023.0,0.0,0.0837737768858992,0.0,0.26666855091715874,0.6495576721969418
IDN.11.14_1,2011.0,0.0,0.1723168850511535,0.0,0.08696076171563331,0.7407223532332133
IDN.11.14_1,2012.0,0.0,0.15309668611145597,0.0,0.10618096065533084,0.7407223532332133
IDN.11.14_1,2013.0,0.0,0.1510665082714233,0.0,0.10821113849536344,0.7407223532332133
IDN.11.14_1,2014.0,0.0,0.13491373960531222,0.0,0.12436390716147455,0.7407223532332133
IDN.11.14_1,2015.0,0.0,0.11886735580418098,0.0,0.1404102909626058,0.7407223532332133
IDN.11.14_1,2016.0,0.002260678380822356,0.12222734445646204,0.0,0.13478962392950236,0.7407223532332133
IDN.11.14_1,2017.0,0.006782035142467068,0.1061986914661608,0.0,0.1462969201581589,0.7407223532332133
IDN.11.14_1,2018.0,0.002260678380822356,0.1148247309349457,0.0,0.1421922374510187,0.7407223532332133
IDN.11.14_1,2019.0,0.0,0.10077306335218715,0.0,0.1585045834145996,0.7407223532332133
IDN.11.14_1,2020.0,0.0,0.10018794659479781,0.0,0.1568290217911666,0.7429830316140358
IDN.11.14_1,2021.0,0.0,0.11133176120143978,0.0,0.1456852071845246,0.7429830316140358
IDN.11.14_1,2022.0,0.0,0.11361017039309211,0.0,0.14340679799287231,0.7429830316140358
IDN.11.14_1,2023.0,0.0,0.11825564283054668,0.0,0.13481622014574735,0.746928137023706
IDN.11.15_1,2011.0,0.0,0.023880597014925373,0.0,0.3280693307655272,0.6480500722195474
IDN.11.15_1,2012.0,0.0,0.024747231584015407,0.0,0.32720269619643716,0.6480500722195474
IDN.11.15_1,2013.0,0.0,0.033702455464612424,0.0,0.31738083774675013,0.6489167067886374
IDN.11.15_1,2014.0,0.0,0.033702455464612424,0.0,0.31738083774675013,0.6489167067886374
IDN.11.15_1,2015.0,0.0,0.033702455464612424,0.0,0.31738083774675013,0.6489167067886374
IDN.11.15_1,2016.0,0.0,0.033702455464612424,0.0,0.31738083774675013,0.6489167067886374
IDN.11.15_1,2017.0,0.0,0.02975445353875782,0.0,0.3213288396726047,0.6489167067886374
IDN.11.15_1,2018.0,0.0,0.03220991815117959,0.0,0.31887337506018293,0.6489167067886374
IDN.11.15_1,2019.0,0.0,0.019932595089070776,0.0,0.30698122291766966,0.6730861819932594
IDN.11.15_1,2020.0,0.0,0.027587867116032738,0.0,0.27477130476649014,0.6976408281174771
IDN.11.15_1,2021.0,0.0,0.06658642272508426,0.0,0.21121810303322097,0.7221954742416947
IDN.11.15_1,2022.0,0.0,0.08001925854597977,0.0,0.19778526721232545,0.7221954742416947
IDN.11.15_1,2023.0,0.0,0.08550794415021666,0.0,0.1909484833895041,0.7235435724602792
IDN.11.20_1,2011.0,0.12291283592258874,0.4102629728466667,0.0,0.394031245768893,0.07190195624544132
IDN.11.20_1,2012.0,0.13544171663922364,0.39344424110867,0.0,0.3983210967902549,0.07190195624544132
IDN.11.20_1,2013.0,0.13287357125074797,0.3994217305281731,0.0,0.3949117527592275,0.07190195624544132
IDN.11.20_1,2014.0,0.13505824186863152,0.39273931140509866,0.0,0.3994095012644183,0.07190195624544132
IDN.11.20_1,2015.0,0.13256259854384414,0.39402425761817605,0.0,0.40062019837612833,0.07190195624544132
IDN.11.20_1,2016.0,0.1008058211295472,0.4295406601181869,0.0,0.3968605732904143,0.07190195624544132
IDN.11.20_1,2017.0,0.10320100978777857,0.43452321157936563,0.0,0.38948283317100424,0.07190195624544132
IDN.11.20_1,2018.0,0.12153879078787033,0.4214780812285168,0.0,0.38419018252176146,0.07190195624544132
IDN.11.20_1,2019.0,0.15549770919684314,0.38987067553579463,0.0,0.3818386698055109,0.07190195624544132
IDN.11.20_1,2020.0,0.15116767630885886,0.3897955529155875,0.0,0.3862438253137024,0.07190195624544132
IDN.11.20_1,2021.0,0.11349018819963397,0.4175227879227285,0.0,0.39597133111168364,0.0721247035495438
IDN.11.20_1,2022.0,0.10170117794015521,0.43189129931559794,0.0,0.3933918299782929,0.0721247035495438
IDN.11.20_1,2023.0,0.1093951318795068,0.42392131342292716,0.0,0.3933630038565855,0.07242956162457033
IDN.11.21_1,2011.0,0.05948125005216433,0.08617547803394715,0.0,0.8053825245311468,0.048960747382741546
IDN.11.21_1,2012.0,0.05525941670538419,0.08537979807534478,0.0,0.8104000378365293,0.048960747382741546
IDN.11.21_1,2013.0,0.05282229906994474,0.09320027487125845,0.0,0.8050166786760552,0.048960747382741546
IDN.11.21_1,2014.0,0.05387810516885943,0.09221680331403488,0.0,0.8049443441343641,0.048960747382741546
IDN.11.21_1,2015.0,0.0581820103994814,0.07394398524375351,0.0,0.8189132569740234,0.048960747382741546
IDN.11.21_1,2016.0,0.0636557877370695,0.08596821175102454,0.0,0.8014152531291645,0.048960747382741546
IDN.11.21_1,2017.0,0.06427202239032273,0.08620190796264203,0.0,0.8005653222642938,0.048960747382741546
IDN.11.21_1,2018.0,0.06301173210624274,0.07945392985218716,0.0,0.8085735906588284,0.048960747382741546
IDN.11.21_1,2019.0,0.06339148845012116,0.0712578698590311,0.0,0.816389894308106,0.048960747382741546
IDN.11.21_1,2020.0,0.06488269284806128,0.06859957545188222,0.0,0.8175569843173148,0.048960747382741546
IDN.11.21_1,2021.0,0.06657281723565202,0.06333445544609548,0.0,0.821131979935511,0.048960747382741546
IDN.11.21_1,2022.0,0.06799586023853706,0.05847691276176064,0.0,0.8245664796169606,0.048960747382741546
IDN.11.21_1,2023.0,0.0670791590274899,0.05261781488477942,0.0,0.8313422787049889,0.048960747382741546
IDN.11.23_1,2011.0,0.09170167425261762,0.13853886868974274,0.0,0.7360780349397916,0.03356119573156252
IDN.11.23_1,2012.0,0.08644277173918484,0.14338399205704336,0.0,0.7359808519442108,0.03407215787327537
IDN.11.23_1,2013.0,0.08338200832166966,0.14774219855988824,0.0,0.7329140772073816,0.035841489524775144
IDN.11.23_1,2014.0,0.08636662836120411,0.14368155236309965,0.0,0.7319462547977843,0.03788533809162652
IDN.11.23_1,2015.0,0.08594783978231005,0.138507810206619,0.0,0.7365168612497333,0.038907262375052216
IDN.11.23_1,2016.0,0.10336463560885144,0.12954292933593956,0.0,0.7255101355853072,0.04146207308361644
IDN.11.23_1,2017.0,0.10839510798834202,0.12704322238775614,0.0,0.7214464837288614,0.042994959508754975
IDN.11.23_1,2018.0,0.10558381432236898,0.12982245568405307,0.0,0.7158579605396961,0.04861554306759627
IDN.11.23_1,2019.0,0.1032013281008138,0.13126417043292515,0.0,0.7104036901485496,0.05501058493142586
IDN.11.23_1,2020.0,0.10374936004496463,0.1301089952380332,0.0,0.7061566930530186,0.0598647252776979
IDN.11.23_1,2021.0,0.10753649121295394,0.12419886646555463,0.0,0.7003597774609588,0.06778463847424701
IDN.11.23_1,2022.0,0.1105401470969836,0.11737401527075479,0.0,0.7008597188505956,0.0711058923953805
IDN.11.23_1,2023.0,0.10011050808672727,0.1267095941658142,0.0,0.6973831725138435,0.07567649884732952
IDN.11.24_1,2011.0,0.07814901039802744,0.2556259282601937,0.0,0.6271766590274751,0.03904840231430448
IDN.11.24_1,2012.0,0.07552888605750356,0.252387657345541,0.0,0.6330350542826518,0.03904840231430448
IDN.11.24_1,2013.0,0.07567188446938893,0.2567396513411208,0.0,0.6285400618751865,0.03904840231430448
IDN.11.24_1,2014.0,0.08687796636586563,0.23311616237658828,0.0,0.6409574689432425,0.03904840231430448
IDN.11.24_1,2015.0,0.0933908252521577,0.21050274155949997,0.0,0.6570580308740388,0.03904840231430448
IDN.11.24_1,2016.0,0.07356246874274135,0.25847379081223865,0.0,0.6289153381307165,0.03904840231430448
IDN.11.24_1,2017.0,0.0787111681759683,0.26878329536435475,0.0,0.6132641997801312,0.039241336679546636
IDN.11.24_1,2018.0,0.09092731821988924,0.24278860522072837,0.0,0.6249204618621729,0.041363614697210345
IDN.11.24_1,2019.0,0.10411343632749821,0.21568246181223635,0.0,0.638840487163056,0.041363614697210345
IDN.11.24_1,2020.0,0.10682586652119679,0.21965388331480923,0.0,0.6321566354667845,0.041363614697210345
IDN.11.24_1,2021.0,0.09253813101832276,0.23528383671548544,0.0,0.6306214832037402,0.0415565490624525
IDN.11.24_1,2022.0,0.07387494675389825,0.25412104021130477,0.0,0.6296757265113767,0.042328286523421126
IDN.11.25_1,2011.0,0.024287714711818058,0.17503308108350446,0.0,0.7435170533073024,0.05716215089737473
IDN.11.25_1,2012.0,0.021087833516513926,0.15999125776766257,0.0,0.7617587578184484,0.05716215089737473
IDN.11.25_1,2013.0,0.0183958143760687,0.16435116594620305,0.0,0.7600908687803531,0.05716215089737473
IDN.11.25_1,2014.0,0.01637837614435331,0.15068722492264736,0.0,0.7757722480356242,0.05716215089737473
IDN.11.25_1,2015.0,0.014248858010875956,0.14177967473011513,0.0,0.7868093163616338,0.05716215089737473
IDN.11.25_1,2016.0,0.01573531770799403,0.1594658832281534,0.0,0.7676366481664775,0.05716215089737473
IDN.11.25_1,2017.0,0.01770091898514451,0.16646036959748603,0.0,0.7586765605199942,0.05716215089737473
IDN.11.25_1,2018.0,0.018152040589736428,0.16163813182417747,0.0,0.763047676688711,0.05716215089737473
IDN.11.25_1,2019.0,0.01898493435970504,0.15845996610983973,0.0,0.76539294863308,0.05716215089737473
IDN.11.25_1,2020.0,0.019101917757169087,0.16492557544273315,0.0,0.7588103559027227,0.05716215089737473
IDN.11.25_1,2021.0,0.01958386133474554,0.15875907934766695,0.0,0.7644949084202125,0.05716215089737473
IDN.11.25_1,2022.0,0.022250662497294325,0.1498564326508368,0.0,0.7707307539544938,0.05716215089737473
IDN.11.25_1,2023.0,0.02142757571872989,0.13888170877018227,0.0,0.7823499372702796,0.05734077824080786
IDN.11.29_1,2011.0,0.12399106137241848,0.29376846418000785,0.0,0.5732763433789504,0.008964131068623683
IDN.11.29_1,2012.0,0.1231108464262722,0.2888138948511907,0.0,0.5791111276539137,0.008964131068623682
IDN.11.29_1,2013.0,0.13159799335806485,0.30571857108786854,0.0,0.553719304485443,0.008964131068623682
IDN.11.29_1,2014.0,0.13040966871659562,0.29726933474498585,0.0,0.5633568654697951,0.008964131068623682
IDN.11.29_1,2015.0,0.13730112449699544,0.2708449649912945,0.0,0.5825382448913762,0.009315665620334415
IDN.11.29_1,2016.0,0.14383622074164143,0.2962650487805887,0.0,0.5505830648574356,0.009315665620334415
IDN.11.29_1,2017.0,0.15418650079750096,0.2847333369176072,0.0,0.5515887293887023,0.009491432896189781
IDN.11.29_1,2018.0,0.1535785528080718,0.26520731577866297,0.0,0.5715469312412202,0.009667200172045148
IDN.11.29_1,2020.0,0.15666585331221372,0.27292591168073504,0.0,0.5591591293523082,0.011249105654743444
IDN.11.29_1,2021.0,0.1542905825961447,0.2730148292438147,0.0,0.5614454825052972,0.011249105654743444
IDN.11.29_1,2022.0,0.16719534706110226,0.25516445613469163,0.0,0.5662153238736076,0.01142487293059881
IDN.11.29_1,2023.0,0.15378947353909822,0.2561859741849569,0.0,0.5780723775177803,0.011952174758164909
IDN.11.3_1,2011.0,0.3841029289577251,0.4205320583303897,0.0,0.08430144333384745,0.11106356937803806
IDN.11.3_1,2012.0,0.3673262252914283,0.42864179349529596,0.0,0.09296841183523807,0.11106356937803806
IDN.11.3_1,2013.0,0.3678585821396767,0.42114401994099304,0.0,0.09993382854129253,0.11106356937803806
IDN.11.3_1,2014.0,0.37657530361753905,0.4024966043593559,0.0,0.10986452264506727,0.11106356937803806
IDN.11.3_1,2015.0,0.3828541292482825,0.39971541297458124,0.0,0.10636688839909851,0.11106356937803806
IDN.11.3_1,2016.0,0.40405387252292385,0.38572985128835335,0.0,0.09915270681068497,0.11106356937803806
IDN.11.3_1,2017.0,0.4168254615832394,0.37272939853626746,0.0,0.09938157050245533,0.11106356937803806
IDN.11.3_1,2018.0,0.39418785728856254,0.4004418064310698,0.0,0.09430676690232995,0.11106356937803806
IDN.11.3_1,2019.0,0.38421238550596304,0.41041727821366925,0.0,0.09430676690232995,0.11106356937803806
IDN.11.3_1,2020.0,0.3852920250954015,0.4021135064405229,0.0,0.10153089908603785,0.11106356937803806
IDN.11.3_1,2021.0,0.3913618882249632,0.3904215569696458,0.0,0.10715298542735321,0.11106356937803806
IDN.11.3_1,2022.0,0.40330260257819944,0.37007756489031973,0.0,0.11555626315344318,0.11106356937803806
IDN.11.3_1,2023.0,0.3983024284427818,0.3757394536128126,0.0,0.11489454856636801,0.11106356937803806
IDN.11.5_1,2011.0,0.017003710222739988,0.10631286590436145,0.0,0.8662665197773021,0.010099487997703794
IDN.11.5_1,2012.0,0.022000059093422463,0.09770717520777664,0.0,0.8698758616032046,0.010099487997703794
IDN.11.5_1,2013.0,0.021953206451313333,0.10444889052099286,0.0,0.8630733644840088,0.010207122445792331
IDN.11.5_1,2014.0,0.027307070527999713,0.09053956515682968,0.0,0.8715211913233971,0.01031475689388087
IDN.11.5_1,2015.0,0.03179521596535436,0.07219527843554382,0.0,0.8851620637111511,0.010530025790057948
IDN.11.5_1,2016.0,0.0214154563067455,0.09120141148860549,0.0,0.8765356903166985,0.010530025790057948
IDN.11.5_1,2017.0,0.01929611291908843,0.09455454111846959,0.0,0.8753019040744915,0.010530025790057948
IDN.11.5_1,2018.0,0.024498444576701136,0.08450823720099777,0.0,0.8801458763343506,0.010530025790057948
IDN.11.5_1,2019.0,0.0415781320569154,0.05899465204526554,0.0,0.8883645051136914,0.010745294686235026
IDN.11.5_1,2020.0,0.0392891061275658,0.062044716836982323,0.0,0.8873881973551472,0.010960563582412102
IDN.11.5_1,2021.0,0.033293234225221895,0.06639103806038499,0.0,0.8888224791379111,0.01117583247858918
IDN.11.5_1,2022.0,0.02699345329298096,0.06665273750279634,0.0,0.8948605606277408,0.01117583247858918
IDN.11.5_1,2023.0,0.028450528252987373,0.05424185249437556,0.0,0.9058143706761553,0.01117583247858918
IDN.11.6_1,2013.0,0.24431650140749184,0.2060570820740836,0.0,0.5380468670037778,0.008846195627261702
IDN.11.6_1,2017.0,0.282420195548143,0.20275922436295515,0.0,0.5033132418531545,0.008846195627261702
IDN.11.6_1,2018.0,0.28587880184534326,0.19921270868274688,0.0,0.5034011512361626,0.008846195627261702
IDN.11.6_1,2019.0,0.30138538908378926,0.18411866762027404,0.0,0.502828484398282,0.008846195627261702
IDN.11.6_1,2021.0,0.2814902398607512,0.2055553706667737,0.0,0.5012147192959208,0.008846195627261702
IDN.11.9_1,2011.0,0.049137816779089995,0.16058336879259485,0.0,0.7610022531163463,0.029054214304149804
IDN.11.9_1,2012.0,0.05439218175603567,0.15615212371910697,0.0,0.7601791332128885,0.029054214304149804
IDN.11.9_1,2013.0,0.04337336160773456,0.17175216417754297,0.0,0.7555979129027537,0.029054214304149804
IDN.11.9_1,2014.0,0.045529691609059925,0.1668247800944497,0.0,0.7583689669845216,0.029054214304149804
IDN.11.9_1,2015.0,0.04756307679429678,0.15001883409948605,0.0,0.7731415277942484,0.029054214304149804
IDN.11.9_1,2016.0,0.05404078628877561,0.14820082032966664,0.0,0.768481832069589,0.029054214304149804
IDN.11.9_1,2017.0,0.05489965610329461,0.15834333168244333,0.0,0.757035756886654,0.02949890831978908
IDN.11.9_1,2018.0,0.054335505067767915,0.14307201601596028,0.0,0.7726488765808441,0.02972125532760872
IDN.11.9_1,2019.0,0.06356421381585838,0.13284405365625687,0.0,0.7729810891689982,0.03038829635106764
IDN.11.9_1,2020.0,0.06455300403886804,0.13407262986809168,0.0,0.7705413757263341,0.030610643358887277
IDN.11.9_1,2021.0,0.05999358245499004,0.13140097797805492,0.0,0.7775501021924291,0.03083299036670692
IDN.11.9_1,2022.0,0.06273499026904865,0.12112767426773727,0.0,0.7841926100574096,0.03172237839798547
IDN.11.9_1,2023.0,0.06332878757228463,0.11042013993038366,0.0,0.7916381829976915,0.03439054249182114
IDN.12.5_1,2011.0,0.004906072166157117,0.4453974008639736,0.0,0.09831083213838004,0.4423852168501932
IDN.12.5_1,2012.0,0.003914035514912113,0.45539893401152554,0.0,0.07780272900264239,0.4538838234896239
IDN.12.5_1,2013.0,0.0024349990530559227,0.45191778721715664,0.0,0.07213910157553455,0.4645076341729569
IDN.12.5_1,2014.0,0.002137388057682421,0.4633803197965421,0.0,0.05867445866363642,0.46680735550084307
IDN.12.5_1,2015.0,0.004112442845161115,0.4607018208381805,0.0,0.05018803603798596,0.47599722229737634
IDN.12.5_1,2016.0,0.002137388057682421,0.4585103216904303,0.0,0.04975514731744269,0.4805966649531486
IDN.12.5_1,2017.0,0.002137388057682421,0.4607018208381805,0.0,0.04526392684180621,0.48289638628103476
IDN.12.5_1,2018.0,0.002137388057682421,0.44710190020111257,0.0,0.051116943084151746,0.4906432906757571
IDN.12.5_1,2019.0,0.002137388057682421,0.4330871278735242,0.0,0.06008134700540207,0.49569365908209534
IDN.12.5_1,2020.0,0.00239892499301065,0.4209752622133238,0.0,0.07193167573027422,0.49569365908209534
IDN.12.5_1,2021.0,0.0016594067620825546,0.3998719370868391,0.0,0.0823119865083015,0.5071561916614807
IDN.12.5_1,2022.0,0.0019209436974107835,0.38379192482165875,0.0,0.09583074051026753,0.509455912989367
IDN.12.5_1,2023.0,0.0041304798751837495,0.36079471154279724,0.0,0.10838451340602251,0.5176898171947004
IDN.12.7_1,2016.0,0.37621115605273214,0.6230047538566175,0.0,3.0157311178865854E-5,7.539327794716463E-4
IDN.12.7_1,2017.0,0.39621396836982953,0.603032098850699,0.0,0.0,7.539327794716463E-4
IDN.12.7_1,2018.0,0.40777592668391044,0.5914701405366181,0.0,0.0,7.539327794716463E-4
IDN.12.7_1,2019.0,0.4032136576903923,0.596032409530136,0.0,0.0,7.539327794716463E-4
IDN.12.8_1,2011.0,0.6153349723477389,0.3503743084980506,0.0,0.033866081410461726,9.966187267003734E-5
IDN.12.8_1,2012.0,0.6083814071592011,0.36270531567116515,0.0,0.028488639425885087,9.966187267003734E-5
IDN.12.8_1,2017.0,0.5910018421813212,0.3888589360450222,0.0,0.019714584029907944,9.966187267003734E-5
IDN.12.8_1,2020.0,0.5912851945644026,0.3882560794230868,0.0,0.02003408826876189,9.966187267003734E-5
IDN.12.8_1,2021.0,0.5922426324960631,0.38008781188059415,0.0,0.027244917879594002,9.966187267003734E-5
IDN.13.10_1,2014.0,0.6391006278861169,0.33904415135709765,0.0,0.002170027573834755,0.01968519318295072
IDN.13.10_1,2015.0,0.6343778612006248,0.3421903591242814,0.0,0.00279778080462443,0.02063399887046941
IDN.13.1_1,2011.0,0.5034119502683023,0.48353172887247076,0.0,5.250738192016405E-4,0.012531247040025032
IDN.13.1_1,2012.0,0.49903839422130514,0.48726953377563065,0.0,6.357511438372803E-4,0.013056320859226674
IDN.13.1_1,2013.0,0.4901945038155363,0.4954534784596186,0.0,6.393545916161151E-4,0.013712663133228725
IDN.13.1_1,2014.0,0.4843934676698665,0.5009080688402663,0.0,5.894211009665474E-4,0.014109042388900551
IDN.13.1_1,2015.0,0.47866089703199444,0.504343184130004,0.0,5.24044262693402E-4,0.016471874575307934
IDN.13.1_1,2016.0,0.4892153955762016,0.49321316349769156,0.0,2.6150735309258177E-4,0.017309933573014084
IDN.13.1_1,2017.0,0.5179122241303334,0.4645153053870513,0.0,0.0,0.017572470482614903
IDN.13.1_1,2018.0,0.5201690119963923,0.4622585175209925,0.0,0.0,0.017572470482614903
IDN.13.1_1,2019.0,0.5034690906545095,0.47882614085156666,0.0,1.3229801130864864E-4,0.017572470482614903
IDN.13.1_1,2020.0,0.5031911103972851,0.47844777883478906,0.0,5.26103375709879E-4,0.017835007392215725
IDN.13.1_1,2021.0,0.49586838973243874,0.48445009327781957,0.0,0.0011901673235237185,0.018491349666217776
IDN.13.1_1,2022.0,0.4799020274026759,0.49910685972910307,0.0,0.0017893692113185318,0.019201743656902345
IDN.13.1_1,2023.0,0.49139342236938005,0.48729578746659086,0.0,0.0019777780523261793,0.019333012111702755
IDN.13.2_1,2011.0,0.00823600421674516,0.5913261886019937,0.0,0.3473696800447268,0.053068127136535255
IDN.13.2_1,2012.0,0.008405675360690264,0.6277081322544849,0.0,0.30798094120199515,0.05590525118283045
IDN.13.2_1,2013.0,0.009114956372264062,0.6531810557995549,0.0,0.28108945563377763,0.056614532194404245
IDN.13.2_1,2014.0,0.008597598457939644,0.650285520375836,0.0,0.284502348971821,0.056614532194404245
IDN.13.2_1,2015.0,0.006925920465955909,0.6208100267301593,0.0,0.3149402395979075,0.05732381320597804
IDN.13.2_1,2016.0,0.006583796683902665,0.601514801721189,0.0,0.3345775883889311,0.05732381320597804
IDN.13.2_1,2017.0,0.009954967609500482,0.61754733407692,0.0,0.3137553230844548,0.05874237522912564
IDN.13.2_1,2018.0,0.009954967609500482,0.62521035049608,0.0,0.30396446363057333,0.06087021826384703
IDN.13.2_1,2019.0,0.008366734442407781,0.6490449739791225,0.0,0.2810087923030496,0.06157949927542083
IDN.13.2_1,2020.0,0.008366734442407781,0.6293074913982297,0.0,0.30003977536653165,0.062285998792831594
IDN.13.2_1,2023.0,0.008366734442407781,0.5572751370581254,0.0,0.354565405444497,0.07979272305497076
IDN.14.9_1,2011.0,0.7951131481797892,0.2045133024204003,0.0,6.791807269284635E-5,3.0563132711780854E-4
IDN.14.9_1,2012.0,0.77662531610203,0.22293321642546643,0.0,1.358361453856927E-4,3.0563132711780854E-4
IDN.14.9_1,2013.0,0.7580918057910677,0.24146672673642858,0.0,1.358361453856927E-4,3.0563132711780854E-4
IDN.14.9_1,2014.0,0.7438062379953142,0.255820212604875,0.0,6.791807269284635E-5,3.0563132711780854E-4
IDN.14.9_1,2015.0,0.7188661890117346,0.28076026158845446,0.0,6.791807269284635E-5,3.0563132711780854E-4
IDN.14.9_1,2016.0,0.7149943261774762,0.28470004249540576,0.0,0.0,3.0563132711780854E-4
IDN.14.9_1,2017.0,0.7466854315867246,0.25297497804981095,0.0,3.395903634642318E-5,3.0563132711780854E-4
IDN.14.9_1,2018.0,0.7614673340039022,0.23819307563263334,0.0,3.395903634642318E-5,3.0563132711780854E-4
IDN.14.9_1,2019.0,0.7598530146368772,0.23980739499965825,0.0,3.395903634642318E-5,3.0563132711780854E-4
IDN.14.9_1,2020.0,0.7665208381303245,0.23310561246986455,0.0,6.791807269284635E-5,3.0563132711780854E-4
IDN.14.9_1,2021.0,0.7724470229045041,0.2271454686593384,0.0,1.0187710903926952E-4,3.0563132711780854E-4
IDN.14.9_1,2022.0,0.7886236429203334,0.21086697153447026,0.0,2.0375421807853903E-4,3.0563132711780854E-4
IDN.14.9_1,2023.0,0.8004491115849988,0.19890566672441906,0.0,3.395903634642317E-4,3.0563132711780854E-4
IDN.17.10_1,2011.0,0.03270931308178463,0.45445018727076375,0.0,0.5087166615994672,0.004123838047985306
IDN.17.10_1,2012.0,0.028625904818583486,0.46004243510211024,0.0,0.5072078220313221,0.004123838047985306
IDN.17.10_1,2013.0,0.03209316316167388,0.4742801881117034,0.0,0.48950281067863843,0.004123838047985306
IDN.17.10_1,2021.0,0.036728033689331085,0.45714119374599826,0.0,0.49792352625348546,0.004948605657582367
IDN.17.10_1,2022.0,0.04581503211742106,0.42848779667376125,0.0,0.5178618789176465,0.004948605657582367
IDN.17.10_1,2023.0,0.04297686122557236,0.42775682616486344,0.0,0.5214310203183928,0.0053609894623808975
IDN.17.12_1,2011.0,0.004435960353651055,0.1957600141711556,0.0,0.7990416531818954,3.811861466490375E-4
IDN.17.12_1,2012.0,0.004820136195567927,0.27262582693102555,0.0,0.7217916645801087,3.811861466490375E-4
IDN.17.12_1,2013.0,0.0077119189433819,0.30026331741071466,0.0,0.6912623913526056,3.811861466490375E-4
IDN.17.12_1,2014.0,0.008664884310004494,0.3136870491632965,0.0,0.6768856942334012,3.811861466490375E-4
IDN.17.12_1,2015.0,0.0073367121872685345,0.29599627483969637,0.0,0.6959046406797373,3.811861466490375E-4
IDN.17.12_1,2016.0,0.011520790714604441,0.2955283875302801,0.0,0.6921884494618176,3.811861466490375E-4
IDN.17.12_1,2017.0,0.012406487937700732,0.30541306750956143,0.0,0.6814180722594397,3.8118614664903747E-4
IDN.17.12_1,2018.0,0.011581332043778111,0.275327016605515,0.0,0.7123292790574088,3.811861466490375E-4
IDN.17.12_1,2019.0,0.008664884310004494,0.18316293316013038,0.0,0.8074098102365671,3.811861466490375E-4
IDN.17.12_1,2020.0,0.009727720977720046,0.12122167917729569,0.0,0.8682882275516862,3.811861466490375E-4
IDN.17.12_1,2021.0,0.010575299586151436,0.07093799446756893,0.0,0.9177243336529814,3.811861466490375E-4
IDN.17.14_1,2011.0,0.021384562885688487,0.5209910832188345,0.0,0.4567896587269694,8.346951685061324E-4
IDN.17.14_1,2012.0,0.025489844678504594,0.5412586275701985,0.0,0.4324168325827892,8.346951685061324E-4
IDN.17.14_1,2013.0,0.036732042938246987,0.562750937054436,0.0,0.3996823248388093,8.346951685061324E-4
IDN.17.14_1,2014.0,0.04142597576819912,0.5719721364568379,0.0,0.38576719260645526,8.346951685061324E-4
IDN.17.14_1,2015.0,0.03497154535081608,0.5833119885957715,0.0,0.38088177088490455,8.346951685061324E-4
IDN.17.14_1,2016.0,0.034520373517904594,0.6063198426408654,0.0,0.35832508867272245,8.346951685061324E-4
IDN.17.14_1,2017.0,0.03812702041920788,0.6241599515985902,0.0,0.33687833281369434,8.346951685061324E-4
IDN.17.14_1,2018.0,0.047783570634987484,0.6263187024363542,0.0,0.3250630317601508,8.346951685061324E-4
IDN.17.14_1,2019.0,0.040637379777300024,0.6277556874519392,0.0,0.33077223760225316,8.346951685061324E-4
IDN.17.14_1,2020.0,0.03354547138318534,0.6145320428836908,0.0,0.35108779056461636,8.346951685061324E-4
IDN.17.14_1,2021.0,0.029728241256363502,0.559771129858109,0.0,0.40966593371701976,8.346951685061324E-4
IDN.17.14_1,2022.0,0.03243909112061642,0.5054474770792968,0.0,0.461278736631579,8.346951685061324E-4
IDN.17.14_1,2023.0,0.030757971407053258,0.5167671437795149,0.0,0.4516401896449241,8.346951685061324E-4
IDN.17.6_1,2013.0,0.05648805211951626,0.5194369629687988,0.0,0.41861335895350954,0.0020481097343156085
IDN.17.6_1,2015.0,0.05630293818648007,0.5225089363368705,0.0,0.4157264995184743,0.0020481097343156085
IDN.17.6_1,2016.0,0.054577630434566406,0.5267489633237281,0.0,0.41321178028353006,0.0020481097343156085
IDN.17.6_1,2017.0,0.057268666866059324,0.5250160062357386,0.0,0.4122537009400268,0.0020481097343156085
IDN.17.6_1,2022.0,0.05653892020442083,0.44881064298024237,0.0,0.48918881085716154,0.0020481097343156085
IDN.17.6_1,2023.0,0.053126933847776656,0.44892308822055765,0.0,0.4924883519734903,0.0020481097343156085
IDN.17.8_1,2011.0,0.0,0.0,0.0,0.6650577940475896,0.33494220595241087
IDN.17.8_1,2012.0,0.0,0.0,0.0,0.6586640924704765,0.3413359075295239
IDN.17.8_1,2013.0,0.0,0.0,0.0,0.6554672416819199,0.34453275831808045
IDN.17.8_1,2014.0,0.0,0.0,0.0,0.6522703908933635,0.34772960910663697
IDN.17.8_1,2015.0,0.0,0.0,0.0,0.6490735401048069,0.3509264598951935
IDN.17.8_1,2016.0,0.0,0.0,0.0,0.6458766893162504,0.35412331068375
IDN.17.8_1,2017.0,0.0,0.0,0.0,0.6458766893162504,0.35412331068375
IDN.17.8_1,2018.0,0.0,0.0,0.0,0.6458766893162504,0.35412331068375
IDN.17.8_1,2019.0,0.0,0.0,0.0,0.6394955244088963,0.36050447559110405
IDN.17.8_1,2020.0,0.0,0.00452573778301532,0.0,0.6093949803174288,0.3860792818995562
IDN.17.8_1,2021.0,0.0,0.001617230398916832,0.0,0.593122382970188,0.40526038663089536
IDN.17.8_1,2022.0,0.0,0.001617230398916832,0.0,0.586728681393075,0.4116540882080084
IDN.17.8_1,2023.0,0.0,0.00481408118747336,0.0,0.5383872828021966,0.45679863601033016
IDN.23.9_1,2015.0,0.9673258571083891,0.032619282963529006,0.0,0.0,5.485992808186132E-5
IDN.24.11_1,2011.0,0.37516605500424405,0.5931091908107023,0.0,0.031110392496810104,5.802304833420318E-4
IDN.24.11_1,2012.0,0.37109480457476,0.6064753721940976,0.0,0.02181546154289913,5.802304833420318E-4
IDN.24.11_1,2013.0,0.3419371185419585,0.64196339287734,0.0,0.015485126892458212,5.802304833420318E-4
IDN.24.11_1,2014.0,0.34379733613307434,0.644927587637223,0.0,0.010660714541459322,5.802304833420318E-4
IDN.24.11_1,2015.0,0.38595620042860806,0.6058521765469372,0.0,0.007577261336211249,5.802304833420318E-4
IDN.24.11_1,2016.0,0.4046536760177694,0.5883602686540759,0.0,0.006371693639910977,5.802304833420318E-4
IDN.24.11_1,2017.0,0.43995778973812577,0.5540459598758914,0.0,0.005381888697739276,5.802304833420318E-4
IDN.24.11_1,2018.0,0.47848040915685375,0.5162059645552127,0.0,0.004699264599689826,5.802304833420318E-4
IDN.24.11_1,2019.0,0.48863879267086613,0.5056380065823707,0.0,0.005108839058519495,5.802304833420318E-4
IDN.24.11_1,2020.0,0.48036057007946176,0.5128920253309762,0.0,0.006133042901318395,5.802304833420318E-4
IDN.24.11_1,2021.0,0.4866396409986178,0.5029301304789122,0.0,0.009815866834226356,5.802304833420318E-4
IDN.24.11_1,2022.0,0.47471352876638223,0.5106670723149219,0.0,0.014005037230452171,5.802304833420318E-4
IDN.24.11_1,2023.0,0.518035798681572,0.47057829905868864,0.0,0.010771540571495585,5.802304833420318E-4
IDN.24.4_1,2012.0,0.4447859023003711,0.5527325285719289,0.0,6.160737259051755E-4,8.933069025625043E-4
IDN.24.4_1,2013.0,0.42895945147694625,0.5686933076273549,0.0,4.8174549390389007E-4,8.933069025625043E-4
IDN.24.4_1,2014.0,0.4266322631770319,0.5712053180450408,0.0,2.9692337613233745E-4,8.933069025625043E-4
IDN.24.4_1,2015.0,0.42710736473859756,0.5706882993103596,0.0,3.3884054924784645E-4,8.933069025625043E-4
IDN.24.4_1,2018.0,0.44725237158184783,0.5506665072122903,0.0,2.156258040668114E-4,8.933069025625043E-4
IDN.24.4_1,2021.0,0.4604199206835279,0.5371601175613625,0.0,5.544663533146579E-4,8.933069025625043E-4
IDN.24.7_1,2011.0,0.48332451969677187,0.5094791629584529,0.0,0.0061145180053649145,2.822085233245345E-4
IDN.24.7_1,2012.0,0.46972206887252915,0.5232227180443576,0.0,0.005973413743702646,2.8220852332453447E-4
IDN.24.7_1,2013.0,0.4603079245444501,0.5336245922040725,0.0,0.004985683912066777,2.822085233245345E-4
IDN.24.7_1,2014.0,0.4617739332656156,0.5331933480684299,0.0,0.003950919326543482,2.8220852332453447E-4
IDN.24.7_1,2016.0,0.4532827768138215,0.5413552612430119,0.0,0.004280162603755439,2.8220852332453447E-4
IDN.24.7_1,2017.0,0.4777010076319883,0.5168429609170703,0.0,0.004374232111530284,2.8220852332453447E-4
IDN.24.7_1,2018.0,0.4924468641007334,0.502614486741087,0.0,0.0038568498187686374,2.8220852332453447E-4
IDN.24.7_1,2019.0,0.4846549576567322,0.5093245938456772,0.0,0.004938649158179353,2.8220852332453447E-4
IDN.24.7_1,2020.0,0.4806155023228713,0.5132229449178759,0.0,0.00507975341984162,2.8220852332453447E-4
IDN.24.7_1,2021.0,0.46190895067677484,0.529295550346277,0.0,0.007713699637537275,2.8220852332453447E-4
IDN.24.7_1,2022.0,0.44845719551498714,0.5417125409225414,0.0,0.008748464223060567,2.8220852332453447E-4
IDN.24.8_1,2011.0,0.06797168132753144,0.4418908457518872,0.0,0.302950798179514,0.18639068030990727
IDN.24.8_1,2012.0,0.06923122545683841,0.46746567859305677,0.0,0.2656732864268903,0.1968338150920545
IDN.24.8_1,2013.0,0.06704146038444972,0.4980677625376928,0.0,0.23208388220531043,0.20201090044138684
IDN.24.8_1,2014.0,0.08112275794901892,0.49167327394070326,0.0,0.22100707342502363,0.20540090025409405
IDN.24.8_1,2015.0,0.10046854417300867,0.47130830269014923,0.0,0.21764828908020506,0.2097788696254769
IDN.24.8_1,2016.0,0.10814442772682725,0.462770872222604,0.0,0.21811183877835147,0.21017686684105716
IDN.24.8_1,2017.0,0.12739344600036215,0.4558831792329737,0.0,0.20535251627886655,0.21057486405663745
IDN.24.8_1,2018.0,0.15437921799009852,0.4433064672206374,0.0,0.19054545908588635,0.2109728612722177
IDN.24.8_1,2019.0,0.154713223496507,0.4450077102205688,0.0,0.18811221336396625,0.21137085848779796
IDN.24.8_1,2020.0,0.14086448116770828,0.4422342158986623,0.0,0.20194846950560955,0.21415683899685978
IDN.24.8_1,2021.0,0.1428685142061595,0.4069264001698123,0.0,0.23286426890252668,0.21654482229034136
IDN.24.8_1,2022.0,0.1481064697178747,0.3648011262540816,0.0,0.26895559287538173,0.21734081672150188
IDN.25.2_1,2011.0,0.7921448891746673,0.19914634940108378,0.0,0.008289628447656378,4.1913297659364245E-4
IDN.25.2_1,2012.0,0.7984838234394946,0.19395074415005434,0.0,0.007146299433858189,4.1913297659364245E-4
IDN.25.2_1,2013.0,0.801409207250245,0.1914346313635071,0.0,0.006737028409654989,4.1913297659364245E-4
IDN.25.2_1,2018.0,0.7980331322152516,0.19717790370395222,0.0,0.004369831104203364,4.1913297659364245E-4
IDN.25.2_1,2019.0,0.787070257206294,0.2083902861083883,0.0,0.004120323708725266,4.1913297659364245E-4
IDN.25.2_1,2020.0,0.7939867731494551,0.2017762033718674,0.0,0.003817890502085148,4.1913297659364245E-4
IDN.25.2_1,2021.0,0.8015995429313808,0.19310425990320837,0.0,0.0048770641888182574,4.1913297659364245E-4
IDN.25.2_1,2022.0,0.8155193599987386,0.17810390158560477,0.0,0.005957605439063985,4.1913297659364245E-4
IDN.25.2_1,2023.0,0.8248073467600535,0.1711647031519458,0.0,0.0036088171114078485,4.1913297659364245E-4
IDN.26.22_1,2023.0,0.4912481264253886,0.4042568387282953,0.0,0.10351059383990865,9.844410064075528E-4
IDN.26.23_1,2016.0,0.45153317486442535,0.4685048954916724,0.0,0.0773501078213624,0.0026118218225395094
IDN.26.5_1,2011.0,0.4365699273384913,0.4140785686003831,0.0,0.14675912549359538,0.0021830556358149542
IDN.26.5_1,2012.0,0.4335666206512783,0.42541119565101093,0.0,0.13842980513018083,0.0021830556358149547
IDN.26.5_1,2013.0,0.43436065363254034,0.4301759286012394,0.0,0.13287103919869023,0.0021830556358149547
IDN.26.5_1,2014.0,0.4204319025757915,0.4398627029225124,0.0,0.13711301593416594,0.0021830556358149542
IDN.26.5_1,2015.0,0.40917150898370186,0.44891007737006017,0.0,0.13932603507870775,0.0021830556358149542
IDN.26.5_1,2016.0,0.4179042665896175,0.4400890344259315,0.0,0.13941432041692087,0.0021830556358149542
IDN.26.5_1,2017.0,0.4289196014853338,0.4324547604524493,0.0,0.13603325949468686,0.0021830556358149542
IDN.26.5_1,2018.0,0.42446627500080253,0.4351338191702251,0.0,0.13780752726144235,0.0021830556358149542
IDN.26.5_1,2019.0,0.41106723597333245,0.4447381938424992,0.0,0.14160219161663834,0.0021830556358149542
IDN.26.5_1,2020.0,0.4190359241067128,0.4317468725587767,0.0,0.14662482476698024,0.0021830556358149542
IDN.26.5_1,2021.0,0.4225689428232047,0.409795392040408,0.0,0.16504328656885725,0.0021830556358149542
IDN.26.5_1,2022.0,0.43505088445857026,0.3772186373024283,0.0,0.18513809967147152,0.0021830556358149547
IDN.26.5_1,2023.0,0.44098205399852325,0.3898380900403438,0.0,0.16658747739360286,0.0021830556358149542
IDN.29.15_1,2011.0,0.48082863771958895,0.38328140536957234,0.0,0.033854822671528007,0.10203513423931056
IDN.29.15_1,2012.0,0.4506861120318197,0.4118660921445144,0.0,0.03541266158435532,0.10203513423931056
IDN.29.15_1,2013.0,0.44609214451441825,0.4147696387139542,0.0,0.03710308253231687,0.10203513423931056
IDN.29.15_1,2014.0,0.4405833609545906,0.43380178985747425,0.0,0.02357971494862446,0.10203513423931056
IDN.29.15_1,2015.0,0.4067550546900895,0.4574875704342061,0.0,0.033722240636393765,0.10203513423931056
IDN.29.15_1,2016.0,0.4433742127941663,0.4242492542260523,0.0,0.030341398740470663,0.10203513423931056
IDN.29.15_1,2017.0,0.4974146503148823,0.3769705004971826,0.0,0.02357971494862446,0.10203513423931056
IDN.29.15_1,2018.0,0.5006098773616174,0.37208485250248585,0.0,0.02527013589658601,0.10203513423931056
IDN.29.15_1,2019.0,0.47948955916473307,0.38644348690752395,0.0,0.03203181968843222,0.10203513423931056
IDN.29.15_1,2020.0,0.4777858800132581,0.3830759032151143,0.0,0.03710308253231687,0.10203513423931056
IDN.29.15_1,2021.0,0.4727345044746436,0.3847464368578057,0.0,0.04048392442823997,0.10203513423931056
IDN.29.15_1,2022.0,0.47287371561153463,0.38460722572091477,0.0,0.04048392442823997,0.10203513423931056
IDN.29.15_1,2023.0,0.4863573085846867,0.3645144182963208,0.0,0.0470931388796818,0.10203513423931056
IDN.29.8_1,2011.0,0.17315441417471605,0.41346135307613696,0.0,0.024582104228121918,0.38880212852102486
IDN.29.8_1,2012.0,0.17375209670888997,0.41286367054196305,0.0,0.024582104228121918,0.38880212852102486
IDN.29.8_1,2013.0,0.17328937474694886,0.40840997165827975,0.0,0.0294985250737463,0.38880212852102486
IDN.29.8_1,2014.0,0.16779455144889804,0.3991555324194573,0.0,0.04424778761061945,0.38880212852102486
IDN.29.8_1,2015.0,0.1573640272234753,0.4048817166984787,0.0,0.04895212755702082,0.38880212852102486
IDN.29.8_1,2016.0,0.16274317003104086,0.40428403416430475,0.0,0.04417066728362926,0.38880212852102486
IDN.29.8_1,2018.0,0.16900919659899352,0.41269014980623514,0.0,0.0294985250737463,0.38880212852102486
IDN.29.8_1,2019.0,0.16270460986754576,0.3944126323095609,0.0,0.054080629301868216,0.38880212852102486
IDN.29.8_1,2020.0,0.1442342915533961,0.4079665297780862,0.0,0.0589970501474926,0.38880212852102486
IDN.29.8_1,2021.0,0.14375228950970742,0.4035321109761505,0.0,0.06391347099311698,0.38880212852102486
IDN.29.8_1,2022.0,0.16133572406346994,0.39578151811363677,0.0,0.054080629301868216,0.38880212852102486
IDN.29.8_1,2023.0,0.16127788381822733,0.3588794416488325,0.0,0.09104054601191505,0.38880212852102486
IDN.30.14_1,2011.0,0.041863780701185904,0.08275549219104396,0.0,0.7427516039141983,0.13262912319357134
IDN.30.14_1,2012.0,0.04516881601970058,0.07614542155401462,0.0,0.7427516039141983,0.135934158512086
IDN.30.14_1,2013.0,0.041863780701185904,0.08178342297971612,0.0,0.7371136024884968,0.1392391938306007
IDN.30.14_1,2014.0,0.041863780701185904,0.10498347482340738,0.0,0.7139135506448056,0.1392391938306007
IDN.30.14_1,2015.0,0.041863780701185904,0.09524982178731121,0.0,0.7170371330438723,0.14584926446763005
IDN.30.14_1,2016.0,0.041863780701185904,0.08897673514354218,0.0,0.7133951137320973,0.1557643704231741
IDN.30.14_1,2017.0,0.04109908625494134,0.0957552977772017,0.0,0.7073812455446823,0.1557643704231741
IDN.30.14_1,2018.0,0.04581686216058582,0.09917698140107573,0.0,0.6926317153781346,0.16237444106020343
IDN.30.14_1,2019.0,0.0398548376644417,0.10931242304452071,0.0,0.6818482275938043,0.1689845116972328
IDN.30.14_1,2020.0,0.040619532110686266,0.11015488302767155,0.0,0.6637158965718356,0.18550968828980618
IDN.30.14_1,2021.0,0.0398548376644417,0.07987816732551356,0.0,0.6782321301276647,0.20203486488237957
IDN.30.14_1,2022.0,0.0398548376644417,0.051986261421813215,0.0,0.6929038947573062,0.21525500615643825
IDN.30.14_1,2023.0,0.046464908301471056,0.048966366405288037,0.0,0.6860086838182874,0.21856004147495292
IDN.30.16_1,2011.0,0.3625381730237136,0.590502346744277,0.0,0.007316923203049747,0.039642557028960274
IDN.30.16_1,2012.0,0.3545407964583634,0.5984997233096272,0.0,0.007316923203049747,0.039642557028960274
IDN.30.16_1,2013.0,0.36067307495234796,0.5902768953290569,0.0,0.009407472689635389,0.039642557028960274
IDN.30.16_1,2014.0,0.35868500338177145,0.5922649668996333,0.0,0.009407472689635389,0.039642557028960274
IDN.30.16_1,2015.0,0.34281322375028195,0.6091820212744156,0.0,0.008362197946342567,0.039642557028960274
IDN.30.16_1,2016.0,0.3527412842532436,0.6013445102580397,0.0,0.0062716484597569256,0.039642557028960274
IDN.30.16_1,2017.0,0.4061322784939849,0.5489987907605913,0.0,0.0052263737164641045,0.039642557028960274
IDN.30.16_1,2018.0,0.43746182697628694,0.5197597917648751,0.0,0.0031358242298784628,0.039642557028960274
IDN.30.16_1,2019.0,0.47638703859318354,0.4797893054046857,0.0,0.004181098973171283,0.039642557028960274
IDN.30.16_1,2020.0,0.4827447685023881,0.4692504765223098,0.0,0.008362197946342567,0.039642557028960274
IDN.30.16_1,2021.0,0.4882211883339145,0.45854768297431936,0.0,0.013588571662806673,0.039642557028960274
IDN.30.16_1,2022.0,0.4831341845832227,0.4600438605480522,0.0,0.01717939783976554,0.039642557028960274
IDN.30.16_1,2023.0,0.5153819351929663,0.4298866594248943,0.0,0.015088848353179899,0.039642557028960274
IDN.30.17_1,2011.0,0.779332288029917,0.22009358055480907,0.0,5.683996540563676E-4,5.731761217375135E-6
IDN.30.17_1,2012.0,0.7628859545101954,0.23670231397568978,0.0,4.059997528974054E-4,5.731761217375135E-6
IDN.30.17_1,2013.0,0.7565221074030153,0.24298496113229046,0.0,4.8719970347688645E-4,5.731761217375135E-6
IDN.30.17_1,2014.0,0.7511231067674266,0.24862756161961755,0.0,2.4359985173844323E-4,5.731761217375135E-6
IDN.30.17_1,2015.0,0.7609416137327903,0.23832185495077704,0.0,7.307995552153297E-4,5.731761217375135E-6
IDN.30.17_1,2016.0,0.7712132482655053,0.22837502022037995,0.0,4.059997528974054E-4,5.731761217375135E-6
IDN.30.17_1,2017.0,0.7857362574656193,0.21385201102026627,0.0,4.059997528974054E-4,5.731761217375135E-6
IDN.30.17_1,2018.0,0.7983276631354773,0.2011794053998286,0.0,4.8719970347688645E-4,5.731761217375135E-6
IDN.30.17_1,2019.0,0.7898131318470666,0.2096127367376599,0.0,5.683996540563676E-4,5.731761217375135E-6
IDN.30.17_1,2020.0,0.7829229180014241,0.21617815078098435,0.0,8.931994563742919E-4,5.731761217375135E-6
IDN.30.17_1,2021.0,0.7739065391753143,0.22519452960709416,0.0,8.931994563742919E-4,5.731761217375135E-6
IDN.30.17_1,2022.0,0.7553012422637143,0.24379982651869384,0.0,8.931994563742919E-4,5.731761217375135E-6
IDN.30.17_1,2023.0,0.777127788979479,0.22164848000061138,0.0,0.001217999258692216,5.731761217375135E-6
IDN.30.18_1,2022.0,0.8417366204729161,0.15778140244248567,0.0,1.3786220591423446E-4,1.3786220591423446E-4
IDN.30.2_1,2011.0,0.031852335837961446,0.17608624632473047,0.0,0.16416203854949363,0.6278993792878144
IDN.30.2_1,2012.0,0.0214390721986279,0.19630022868343677,0.0,0.14394805619078732,0.638312642927148
IDN.30.2_1,2013.0,0.0214390721986279,0.19691277360339757,0.0,0.12250898399215944,0.659139170205815
IDN.30.2_1,2014.0,0.0214390721986279,0.186499509964064,0.0,0.12814439725579876,0.6639170205815093
IDN.30.2_1,2015.0,0.0214390721986279,0.1858869650441032,0.0,0.12875694217575956,0.6639170205815093
IDN.30.2_1,2016.0,0.0214390721986279,0.1912773603397582,0.0,0.11948709572035285,0.667796471741261
IDN.30.2_1,2017.0,0.03005553740607644,0.18641783730806918,0.0,0.11303495589676575,0.6704916693890886
IDN.30.2_1,2018.0,0.029810519438092122,0.17563704671675917,0.0,0.1240607644560601,0.6704916693890886
IDN.30.2_1,2019.0,0.03009637373407383,0.18515191114015025,0.0,0.11426004573668734,0.6704916693890886
IDN.30.2_1,2020.0,0.040305455733420446,0.18535609278013715,0.0,0.10180496569748446,0.6725334857889579
IDN.30.2_1,2021.0,0.05071871937275399,0.15640313622999016,0.0,0.12034465860829792,0.6725334857889579
IDN.30.2_1,2022.0,0.0506778830447566,0.14978765109441358,0.0,0.12700098007187194,0.6725334857889579
IDN.30.2_1,2023.0,0.07142273766742893,0.12528585429598169,0.0,0.1307579222476315,0.6725334857889579
IDN.30.4_1,2011.0,0.5614642653920204,0.41562524128346306,0.0,0.022579590290137102,3.3090303438082557E-4
IDN.30.4_1,2012.0,0.5262610487549945,0.4515729897478457,0.0,0.021835058462780246,3.3090303438082557E-4
IDN.30.4_1,2013.0,0.49873056512398894,0.4829043164678763,0.0,0.018034215373754995,3.3090303438082557E-4
IDN.30.4_1,2014.0,0.487246932172016,0.49753152824646685,0.0,0.01489063654713715,3.3090303438082557E-4
IDN.30.4_1,2016.0,0.46941320510732676,0.5172679477588455,0.0,0.012987944099447403,3.3090303438082557E-4
IDN.30.4_1,2021.0,0.41038594323910005,0.5765433869028583,0.0,0.012739766823661784,3.3090303438082557E-4
IDN.30.6_1,2011.0,0.31656866693515895,0.3084333467579541,0.0,0.21053564236810307,0.16446234393878367
IDN.30.6_1,2012.0,0.30324607329842923,0.31344341522351993,0.0,0.218848167539267,0.16446234393878367
IDN.30.6_1,2013.0,0.311461941200161,0.31867901731776077,0.0,0.20539669754329437,0.16446234393878367
IDN.30.6_1,2014.0,0.29913813934756334,0.33306484091824407,0.0,0.20333467579540876,0.16446234393878367
IDN.30.6_1,2015.0,0.311461941200161,0.31287958115183245,0.0,0.2111961337092227,0.16446234393878367
IDN.30.6_1,2016.0,0.31656866693515895,0.3187756745871929,0.0,0.20019331453886424,0.16446234393878367
IDN.30.6_1,2017.0,0.31832460732984286,0.30137736608940796,0.0,0.21583568264196532,0.16446234393878367
IDN.30.6_1,2018.0,0.32666935159081745,0.2903423278292388,0.0,0.21441804269029396,0.16857027788964957
IDN.30.6_1,2019.0,0.3102376157873539,0.33677003624647606,0.0,0.1844220700765203,0.16857027788964957
IDN.30.6_1,2020.0,0.3156987515102697,0.3230930326218284,0.0,0.1926379379782521,0.16857027788964957
IDN.30.6_1,2021.0,0.3126701570680627,0.30746677406363276,0.0,0.21129279097865483,0.16857027788964957
IDN.30.6_1,2022.0,0.29259766411598864,0.30873942811115584,0.0,0.2300926298832058,0.16857027788964957
IDN.30.6_1,2023.0,0.2954490535642367,0.29688280306081355,0.0,0.23909786548530007,0.16857027788964957
IDN.30.8_1,2011.0,0.20600898106569143,0.40493495671496693,0.0,0.19952779963890563,0.1895282625804361
IDN.30.8_1,2012.0,0.21600851812416097,0.40965696032591087,0.0,0.17300124994213234,0.20133327160779596
IDN.30.8_1,2013.0,0.19716679783343366,0.34905791398546365,0.0,0.2524420165733068,0.20133327160779596
IDN.30.8_1,2014.0,0.18587102448960696,0.39859265774732655,0.0,0.2142030461552706,0.20133327160779596
IDN.30.8_1,2015.0,0.1938336188139438,0.4184528494051201,0.0,0.17800101847136707,0.20971251330956903
IDN.30.8_1,2016.0,0.2008240359242628,0.4504421091616129,0.0,0.13902134160455537,0.20971251330956903
IDN.30.8_1,2017.0,0.18105643257256607,0.4749317161242535,0.0,0.13429933799361143,0.20971251330956903
IDN.30.8_1,2018.0,0.18392667006157123,0.4602564696078885,0.0,0.13429933799361143,0.22151752233692887
IDN.30.8_1,2019.0,0.16364983102634137,0.4599787046895978,0.0,0.1548539419471321,0.22151752233692887
IDN.30.8_1,2020.0,0.16364983102634137,0.44558122309152354,0.0,0.16925142354520625,0.22151752233692887
IDN.30.8_1,2021.0,0.15365029396787186,0.43317439007453357,0.0,0.1916577936206657,0.22151752233692887
IDN.30.8_1,2022.0,0.1702698949122726,0.4389611592055923,0.0,0.16925142354520625,0.22151752233692887
IDN.30.8_1,2023.0,0.1702698949122726,0.43021156427943147,0.0,0.17800101847136707,0.22151752233692887
IDN.31.11_1,2011.0,0.04936790894971551,0.5044484841558733,0.0,0.44303399109929875,7.322016845232949E-4
IDN.31.11_1,2012.0,0.04664612864869736,0.5302630441730097,0.0,0.4199412113831805,7.322016845232949E-4
IDN.31.11_1,2015.0,0.060002635926064245,0.5532447015158297,0.0,0.3836030467629936,7.322016845232949E-4
IDN.31.11_1,2019.0,0.06339746750101283,0.5601084462479257,0.0,0.3733444704559491,7.322016845232949E-4
IDN.31.11_1,2022.0,0.06477228384042363,0.39474715640143815,0.0,0.5373309439630255,7.322016845232949E-4
IDN.31.12_1,2011.0,0.3149095765765082,0.680798119576551,0.0,0.0024267763412029347,0.0016095192649988254
IDN.31.12_1,2012.0,0.29016640535648003,0.7056263744032155,0.0,0.002341692734566919,0.0016095192649988254
IDN.31.12_1,2013.0,0.2763937174466838,0.7196333578232735,0.0,0.0021073972243051287,0.0016095192649988254
IDN.31.12_1,2014.0,0.2804032508502048,0.7158361547259273,0.0,0.0018950669181303816,0.0016095192649988254
IDN.31.12_1,2015.0,0.2612862015597818,0.7347009828797644,0.0,0.0021472880547160796,0.0016095192649988254
IDN.31.12_1,2016.0,0.25488246091077316,0.7415473097674464,0.0,0.0017047018160426773,0.0016095192649988254
IDN.31.12_1,2017.0,0.2607037449410599,0.7354632007089457,0.0,0.00190314607365665,0.0016739000355987786
IDN.31.12_1,2018.0,0.2846372332931899,0.711472400847301,0.0,0.001960457583171118,0.0016739000355987783
IDN.31.12_1,2019.0,0.2790613536120136,0.7167087035227641,0.0,0.002300034588884596,0.0016739000355987786
IDN.31.12_1,2020.0,0.26736627104051935,0.7275165938280298,0.0,0.003187226855112968,0.0016739000355987786
IDN.31.12_1,2021.0,0.27118973139332603,0.7221449652975018,0.0,0.004735395032834192,0.0016739000355987786
IDN.31.12_1,2022.0,0.28221525395058067,0.7097833523950906,0.0,0.006007104607390911,0.0017382808061987315
IDN.31.12_1,2023.0,0.2751826015385741,0.7168543807958468,0.0,0.005968728618641134,0.0017382808061987315
IDN.31.13_1,2011.0,0.5844177094472528,0.4067315336518831,0.0,0.004214646143268215,0.004636110757595036
IDN.31.13_1,2012.0,0.5783337437792645,0.4128154993198714,0.0,0.004214646143268215,0.004636110757595036
IDN.31.13_1,2013.0,0.5760446124426267,0.41594755988516285,0.0,0.003371716914614572,0.004636110757595036
IDN.31.13_1,2014.0,0.5860275389937404,0.40427877487674185,0.0,0.005057575371921858,0.004636110757595036
IDN.31.13_1,2016.0,0.6513826518553529,0.34060952047243664,0.0,0.003371716914614572,0.004636110757595036
IDN.31.13_1,2017.0,0.6890401019448521,0.3025306057686106,0.0,0.0037931815289413934,0.004636110757595036
IDN.31.13_1,2018.0,0.6883062576752006,0.3020000561952816,0.0,0.005057575371921858,0.004636110757595036
IDN.31.13_1,2019.0,0.6536469911558539,0.33455199964299437,0.0,0.007164898443555965,0.004636110757595036
IDN.31.13_1,2020.0,0.6509297839952528,0.336004812960615,0.0,0.00842929228653643,0.004636110757595036
IDN.31.13_1,2021.0,0.643819428031198,0.3414293104673625,0.0,0.010115150743843716,0.004636110757595036
IDN.31.13_1,2022.0,0.6217859191151553,0.3643156654265136,0.0,0.009262304700735323,0.004636110757595036
IDN.31.13_1,2023.0,0.6433566433566429,0.33768736581310416,0.0,0.01431988007265718,0.004636110757595036
IDN.31.15_1,2011.0,0.02117888257507557,0.9518853814815612,0.0,0.0,0.026935735943362946
IDN.31.15_1,2012.0,0.011965036358442151,0.9610992276981947,0.0,0.0,0.026935735943362946
IDN.31.15_1,2013.0,0.011011962635668969,0.962052301420968,0.0,0.0,0.026935735943362946
IDN.31.15_1,2014.0,0.015301994732887292,0.9577622693237495,0.0,0.0,0.026935735943362946
IDN.31.15_1,2015.0,0.012639630101765232,0.9604246339548717,0.0,0.0,0.026935735943362946
IDN.31.15_1,2016.0,0.0162718732820066,0.9567923907746304,0.0,0.0,0.026935735943362946
IDN.31.15_1,2017.0,0.029816563316984644,0.9432477007396523,0.0,0.0,0.026935735943362946
IDN.31.15_1,2018.0,0.030111848122780876,0.942952415933856,0.0,0.0,0.026935735943362946
IDN.31.15_1,2019.0,0.023164252773396524,0.9492878354663457,0.0,0.0,0.027547911760257556
IDN.31.15_1,2020.0,0.016375102929561375,0.9554648094932863,0.0,0.0,0.02816008757715217
IDN.31.15_1,2021.0,0.02177425356562406,0.9500656588572238,0.0,0.0,0.02816008757715217
IDN.31.15_1,2022.0,0.03285583619615555,0.9383719004097977,0.0,6.121758168946124E-4,0.02816008757715217
IDN.31.15_1,2023.0,0.035597423580052204,0.9344059613921117,0.0,0.0018365274506838372,0.02816008757715217
IDN.31.2_1,2011.0,0.39445465461050244,0.6000257296184667,0.0,0.003957460364135363,0.001562155406895538
IDN.31.2_1,2012.0,0.36564156599442926,0.6285263871531608,0.0,0.00426989144551447,0.001562155406895538
IDN.31.2_1,2013.0,0.3494943925768009,0.6458191412025126,0.0,0.003124310813791076,0.001562155406895538
IDN.31.2_1,2014.0,0.34557858969018274,0.6497349440891308,0.0,0.003124310813791076,0.001562155406895538
IDN.31.2_1,2015.0,0.3389207446069903,0.6566010765599093,0.0,0.0029160234262050042,0.001562155406895538
IDN.31.2_1,2022.0,0.3918870020502013,0.6023850947911817,0.0,0.004165747751721435,0.001562155406895538
IDN.31.2_1,2023.0,0.40810973069666,0.5855375039819648,0.0,0.00479060991447965,0.001562155406895538
IDN.31.3_1,2011.0,0.3877602024442337,0.6051638865013814,0.0,0.004967962314681261,0.002107948739703489
IDN.31.3_1,2012.0,0.37652049895420986,0.617356927849731,0.0,0.004014624456355337,0.002107948739703489
IDN.31.3_1,2013.0,0.35557012140014055,0.6382542781468682,0.0,0.004067651713287614,0.002107948739703489
IDN.31.3_1,2014.0,0.3647597450265042,0.6291531869842526,0.0,0.00392032816033229,0.002107948739703489
IDN.31.3_1,2015.0,0.3613701505420767,0.6334622279932275,0.0,0.003059672724992344,0.002107948739703489
IDN.31.3_1,2017.0,0.42822253556976153,0.5678087200787938,0.0,0.0018607956117408792,0.002107948739703489
IDN.31.3_1,2018.0,0.4448700970537131,0.5511507836967464,0.0,0.0018711705098363245,0.002107948739703489
IDN.31.3_1,2020.0,0.40562669917775446,0.5892054488042583,0.0,0.00300111218907583,0.0021667398289110127
IDN.31.3_1,2022.0,0.4185397584539277,0.5752087890603383,0.0,0.004084712656822347,0.0021667398289110127
IDN.31.3_1,2023.0,0.4218689479761107,0.5728924201455621,0.0,0.0030718920494158686,0.0021667398289110127
IDN.31.4_1,2011.0,0.16820745037633644,0.7663823706417733,0.0,0.004621025533618422,0.060789153448271266
IDN.31.4_1,2012.0,0.15856241831018392,0.7756800967154392,0.0,0.004968331526104947,0.060789153448271266
IDN.31.4_1,2013.0,0.15605704302087273,0.7786759422994832,0.0,0.004477861231372068,0.060789153448271266
IDN.31.4_1,2014.0,0.17338522597424627,0.7633759202945998,0.0,0.0024497002828820554,0.060789153448271266
IDN.31.4_1,2015.0,0.19463452009470042,0.7422671392856098,0.0,0.0023091871714180415,0.060789153448271266
IDN.31.4_1,2016.0,0.20213739000872233,0.736755313649125,0.0,3.181428938807864E-4,0.060789153448271266
IDN.31.4_1,2017.0,0.24878244063321028,0.6893440688885409,0.0,0.0010843370299770136,0.060789153448271266
IDN.31.4_1,2018.0,0.25990418596512604,0.6779492509060441,0.0,0.001357409680558022,0.060789153448271266
IDN.31.4_1,2019.0,0.2159288844584544,0.7207341677514452,0.0,0.002547794341828631,0.060789153448271266
IDN.31.4_1,2020.0,0.2003292778951665,0.7355172075537725,0.0,0.0033643611027893163,0.060789153448271266
IDN.31.4_1,2021.0,0.19997401833033293,0.7344699871947482,0.0,0.004766841026647116,0.060789153448271266
IDN.31.4_1,2022.0,0.18493381302211875,0.7506104366776334,0.0,0.0036665968519760633,0.060789153448271266
IDN.31.4_1,2023.0,0.20748219062591952,0.7268769767941266,0.0,0.004851679131681993,0.060789153448271266
IDN.31.7_1,2013.0,0.42788283236045765,0.5668542792987338,0.0,0.003426043097228372,0.0017140249821228286
IDN.31.7_1,2014.0,0.43823377078752984,0.5571583822661035,0.0,0.002771001702786527,0.0017140249821228286
IDN.31.7_1,2015.0,0.4430155729669555,0.5525156158336354,0.0,0.0026319659558290175,0.0017140249821228288
IDN.31.7_1,2016.0,0.4381612827508656,0.55739133938947,0.0,0.0026105326160844136,0.0017140249821228288
IDN.31.7_1,2017.0,0.4584766370174809,0.5373039652160181,0.0,0.0023825525229208295,0.0017140249821228286
IDN.31.8_1,2019.0,0.03392239830320476,0.6882212382643378,0.0,0.26259314651231136,0.006182890102054933
IDN.31.8_1,2020.0,0.03595989512089504,0.6674668487234333,0.0,0.2813100392355253,0.006182890102054933
IDN.31.8_1,2021.0,0.03967347660480504,0.6360943911944776,0.0,0.30896891528057124,0.006182890102054933
IDN.32.11_1,2011.0,0.377334981250387,0.6085090844412936,0.0,0.013615427570683031,5.40506737636458E-4
IDN.32.11_1,2012.0,0.34303825750683736,0.6445288305351109,0.0,0.011892405220415184,5.40506737636458E-4
IDN.32.11_1,2013.0,0.31866108939132975,0.6718307057478174,0.0,0.008967698123216048,5.40506737636458E-4
IDN.32.11_1,2014.0,0.34815138839525744,0.644504004934952,0.0,0.006723966665818193,6.206400039720956E-4
IDN.32.11_1,2015.0,0.3930643558118145,0.6009460753397257,0.0,0.005368928844487724,6.206400039720956E-4
IDN.32.11_1,2016.0,0.42582063535310016,0.5707540603211804,0.0,0.0028046643217473186,6.206400039720956E-4
IDN.32.11_1,2017.0,0.4641387920742857,0.5333975027960224,0.0,0.0018430651257196663,6.206400039720956E-4
IDN.32.11_1,2018.0,0.4844178506749576,0.5136793770596998,0.0,0.0012821322613702027,6.206400039720956E-4
IDN.32.11_1,2019.0,0.46771305000095836,0.5301437779346921,0.0,0.0015225320603771157,6.206400039720956E-4
IDN.32.11_1,2020.0,0.4558674677479315,0.5416688271223764,0.0,0.0018430651257196663,6.206400039720956E-4
IDN.32.11_1,2021.0,0.4392475140618169,0.5570066485471208,0.0,0.003125197387089869,6.206400039720956E-4
IDN.32.11_1,2022.0,0.40455766594106773,0.590166108404911,0.0,0.00465558565004891,6.206400039720956E-4
IDN.32.11_1,2023.0,0.4229565781398335,0.5727897595342087,0.0,0.00355288905564988,7.007732703077335E-4
IDN.32.21_1,2011.0,0.39895914243084357,0.4355235872710412,0.0,0.1652656766869168,1.8869520839967489E-4
IDN.32.21_1,2012.0,0.39296702125744043,0.4639645183943303,0.0,0.1428168667370308,1.8869520839967489E-4
IDN.32.21_1,2013.0,0.384053700929688,0.48499009781811686,0.0,0.13070460764099673,1.8869520839967489E-4
IDN.32.21_1,2014.0,0.4111740122545825,0.4729814360914002,0.0,0.11559295804281887,1.8869520839967489E-4
IDN.32.21_1,2015.0,0.4537806503300198,0.44095554266892023,0.0,0.1050122133898614,1.8869520839967489E-4
IDN.32.21_1,2016.0,0.4663324582644435,0.4283625424471726,0.0,0.10505340567718527,1.8869520839967489E-4
IDN.32.21_1,2017.0,0.4913914286003235,0.4159841367761538,0.0,0.09237284101232399,1.8869520839967489E-4
IDN.32.21_1,2018.0,0.5308713994055984,0.3954984969748339,0.0,0.07337851000836926,1.8869520839967489E-4
IDN.32.21_1,2019.0,0.5426812528473867,0.3857223585569089,0.0,0.07134479498450609,1.8869520839967489E-4
IDN.32.21_1,2020.0,0.540587106024755,0.37459427446939064,0.0,0.08456702589465588,1.8869520839967489E-4
IDN.32.21_1,2021.0,0.5270940419919609,0.35716007051527654,0.0,0.11549429388156418,1.8869520839967489E-4
IDN.32.21_1,2022.0,0.49551312393673996,0.3459165493590904,0.0,0.15831873309297115,1.8869520839967489E-4
IDN.32.21_1,2023.0,0.5269359326735502,0.3412450479840818,0.0,0.13156742573116945,1.8869520839967489E-4
IDN.32.23_1,2011.0,0.1065474594813908,0.7438397948168061,0.0,0.05922925889163401,0.09038348681016932
IDN.32.23_1,2022.0,0.09370901951124087,0.7406591655014021,0.0,0.07524832817718785,0.09038348681016932
IDN.32.23_1,2023.0,0.13412257377393622,0.7039406475732305,0.0,0.0715532918426639,0.09038348681016932
IDN.32.25_1,2011.0,0.04622433222303049,0.20680985744732436,0.0,0.43356687979376435,0.3133989305358806
IDN.32.25_1,2012.0,0.04876399045394795,0.20589098612759543,0.0,0.431946092882576,0.3133989305358806
IDN.32.25_1,2013.0,0.04873846625062214,0.2273568411245963,0.0,0.4105057620889008,0.3133989305358806
IDN.32.25_1,2014.0,0.047270824559388434,0.23709432469339045,0.0,0.4022359202113404,0.3133989305358806
IDN.32.25_1,2015.0,0.04582870707148052,0.2433477545082123,0.0,0.39742460788442646,0.3133989305358806
IDN.32.25_1,2016.0,0.04258713324910345,0.24366680704978488,0.0,0.40034712916523096,0.3133989305358806
IDN.32.25_1,2017.0,0.03310489171356738,0.2348481948007197,0.0,0.4186479829498322,0.3133989305358806
IDN.32.25_1,2018.0,0.024847811937669894,0.22726750641295604,0.0,0.4344857511134934,0.3133989305358806
IDN.32.25_1,2019.0,0.018275329581275444,0.2618272777160943,0.0,0.4064984621667497,0.3133989305358806
IDN.32.25_1,2020.0,0.012481335426318005,0.2777543805913958,0.0,0.39311101752236566,0.3166532664599206
IDN.32.25_1,2021.0,0.011473129394948758,0.2628865321541151,0.0,0.4089870719910155,0.3166532664599206
IDN.32.25_1,2022.0,0.008499559707492629,0.27911992546932624,0.0,0.39572724836326056,0.3166532664599206
IDN.32.25_1,2023.0,0.010477685465242416,0.2865091823321464,0.0,0.3863598657426905,0.3166532664599206
IDN.32.33_1,2011.0,7.352400558782442E-5,0.2630688919932358,0.0,0.28083719334362667,0.45602039065754946
IDN.32.33_1,2012.0,2.4508001862608137E-4,0.25547141141582724,0.0,0.2820135774330318,0.46226993113251463
IDN.32.33_1,2013.0,0.0031370242384138416,0.29103252211847164,0.0,0.24356052251059968,0.46226993113251463
IDN.32.33_1,2014.0,0.006004460456338994,0.2753964169301276,0.0,0.2563291914810185,0.46226993113251463
IDN.32.33_1,2015.0,0.006004460456338994,0.23934514619023112,0.0,0.29238046222091507,0.46226993113251463
IDN.32.33_1,2016.0,0.012033428914540595,0.24728573879371604,0.0,0.2570644315368968,0.48361640075484624
IDN.32.33_1,2017.0,0.016077249221870933,0.2560350954586672,0.0,0.24427125456461526,0.48361640075484624
IDN.32.33_1,2018.0,0.01289120897973188,0.24571722667450918,0.0,0.24576624267823438,0.49562532166752427
IDN.32.33_1,2019.0,0.010783520819547582,0.255299855402789,0.0,0.23204176163517384,0.5018748621424893
IDN.32.33_1,2020.0,0.008920912677989362,0.2327770016910521,0.0,0.2564272234884689,0.5018748621424893
IDN.32.33_1,2021.0,0.006176016469377251,0.23157610959978425,0.0,0.24787393083841863,0.5143739430924195
IDN.32.33_1,2022.0,0.008357228635149375,0.20586721564590835,0.0,0.2714016126265225,0.5143739430924195
IDN.32.33_1,2023.0,0.012106952920128419,0.16697301668994927,0.0,0.3002965468225375,0.5206234835673845
IDN.32.8_1,2011.0,0.002608578169006765,0.14311844607725963,0.0,0.548476943702518,0.30579603205121536
IDN.32.8_1,2012.0,0.004572806352043731,0.12914020847839866,0.0,0.5551906548466549,0.3110963303229024
IDN.32.8_1,2013.0,0.01186851103189532,0.1316240737468951,0.0,0.5422101204518762,0.314297294769333
IDN.32.8_1,2014.0,0.005986219224493612,0.13864956714230778,0.0,0.5384167697280218,0.31694744390517654
IDN.32.8_1,2015.0,0.012866214235977589,0.13322455597011043,0.0,0.5369617858887351,0.31694744390517654
IDN.32.8_1,2016.0,0.02329013417029546,0.12794504318184177,0.0,0.5291672296068424,0.3195975930410201
IDN.32.8_1,2017.0,0.03433761860716474,0.11435133702622084,0.0,0.531713451325594,0.3195975930410201
IDN.32.8_1,2018.0,0.026075388948358456,0.1258664948400037,0.0,0.5258103740347739,0.3222477421768636
IDN.32.8_1,2019.0,0.027426445370553196,0.13010673345735332,0.0,0.5202190789952295,0.3222477421768636
IDN.32.8_1,2020.0,0.028767109051038745,0.12820486172457152,0.0,0.5156047016763491,0.3274233275480404
IDN.32.8_1,2021.0,0.021315513245549304,0.11806154581640177,0.0,0.5259558724187026,0.334667068519346
IDN.32.8_1,2022.0,0.03255006703318401,0.1004978123278702,0.0,0.5269847538479124,0.33996736679103307
IDN.32.8_1,2023.0,0.04180999989607257,0.11791604743247311,0.0,0.49765643674457744,0.34261751592687656
IDN.33.5_1,2011.0,0.01220765062583525,0.22945934151025732,0.0,0.5958009349746047,0.16217716970655116
IDN.33.5_1,2012.0,0.0061471268974159984,0.22158524553696507,0.0,0.6084297147359535,0.1630432013965186
IDN.33.5_1,2013.0,0.010112193556384602,0.2130692672522852,0.0,0.6126393079897365,0.16347621724150233
IDN.33.5_1,2014.0,0.017775724961920075,0.19953539946985274,0.0,0.6174194632980863,0.1647752647764535
IDN.33.5_1,2015.0,0.022832670790788816,0.185644930403316,0.0,0.6253869548457869,0.16564129646642095
IDN.33.5_1,2016.0,0.021231361215025477,0.18640907601211085,0.0,0.6261324213397,0.16607431231140465
IDN.33.5_1,2017.0,0.028259802714584812,0.1783447926872963,0.0,0.6268880764417305,0.16650732815638838
IDN.33.5_1,2018.0,0.023100970804543437,0.17767064645020397,0.0,0.630934651965637,0.16810354342809308
IDN.33.5_1,2019.0,0.026396985530478367,0.18157627956182187,0.0,0.6224339565931332,0.16940259096304427
IDN.33.5_1,2020.0,0.02982205595923198,0.1810736415613702,0.0,0.6182124766298801,0.17070163849799544
IDN.33.5_1,2021.0,0.030255071804215702,0.1829721188738871,0.0,0.6141370333829744,0.17243370187793033
IDN.33.5_1,2022.0,0.03635634996510401,0.17443236717026686,0.0,0.6139926947679798,0.1748636849138978
IDN.33.5_1,2023.0,0.031725627575807484,0.18333211636069707,0.0,0.6026018308928786,0.1819855219878654
IDN.4.7_1,2011.0,0.0,0.03197537978932609,0.0,0.04397654425874985,0.9240480759519238
IDN.4.7_1,2012.0,0.0,0.032343732362149984,0.0,0.04014448926727543,0.9275117783705744
IDN.4.7_1,2013.0,0.0,0.03386467201768092,0.0,0.03697190420456637,0.9291634237777525
IDN.4.7_1,2014.0,0.0,0.02780467807767486,0.0,0.0400019011745694,0.9321934207477556
IDN.4.7_1,2015.0,0.0,0.02477468110767183,0.0,0.0400019011745694,0.9352234177177586
IDN.4.7_1,2016.0,0.0,0.021744684137668804,0.0,0.041516899659570915,0.9367384162027601
IDN.4.7_1,2017.0,0.0,0.01719968868266426,0.0,0.044546896629573944,0.9382534146877616
IDN.4.7_1,2018.0,0.0,0.007551227742889904,0.0,0.0400019011745694,0.9524468710825406
IDN.4.7_1,2019.0,0.0,0.007574992425007574,0.0,0.029396911779558797,0.9630280957954337
IDN.4.7_1,2020.0,0.0,0.00302999697000303,0.0,0.030911910264560312,0.9660580927654366
IDN.4.7_1,2021.0,0.0,0.00302999697000303,0.0,0.030911910264560312,0.9660580927654366
IDN.4.7_1,2022.0,0.0,0.00302999697000303,0.0,0.029396911779558797,0.9675730912504382
IDN.4.7_1,2023.0,0.0,0.001514998485001515,0.0,0.029301853051088116,0.9691831484639105
IDN.5.6_1,2011.0,0.30469069770014484,0.685304822062679,0.0,3.526112592232043E-4,0.009651868977952808
IDN.5.6_1,2012.0,0.28485182030377104,0.7047910881998296,0.0,7.052225184464086E-4,0.009651868977952808
IDN.5.6_1,2013.0,0.2576108720422137,0.7327372589798334,0.0,0.0,0.009651868977952808
IDN.5.6_1,2014.0,0.24490303881765982,0.745092480945164,0.0,3.526112592232043E-4,0.009651868977952808
IDN.5.6_1,2015.0,0.22450828014204008,0.765839850880007,0.0,0.0,0.009651868977952808
IDN.5.6_1,2016.0,0.23306636282177495,0.7572817682002722,0.0,0.0,0.009651868977952808
IDN.5.6_1,2017.0,0.2789639036693694,0.7113842273526775,0.0,0.0,0.009651868977952808
IDN.5.6_1,2018.0,0.32123438830934636,0.6691137427127006,0.0,0.0,0.009651868977952808
IDN.5.6_1,2019.0,0.31206787835879496,0.6779276414040287,0.0,3.526112592232043E-4,0.009651868977952808
IDN.5.6_1,2020.0,0.27758941115302493,0.7120534973505758,0.0,7.052225184464086E-4,0.009651868977952808
IDN.5.6_1,2021.0,0.3197326791818312,0.6699102293217695,0.0,7.052225184464086E-4,0.009651868977952808
IDN.5.6_1,2022.0,0.36652211909687255,0.6233849021538325,0.0,4.411097713419692E-4,0.009651868977952808
IDN.5.6_1,2023.0,0.40265025388010645,0.5865957941082115,0.0,0.0011020830337289953,0.009651868977952808
IDN.5.9_1,2011.0,0.4814861192121211,0.5052582133428665,0.0,1.6544443240556851E-4,0.013090223012606865
IDN.5.9_1,2012.0,0.4661945120459767,0.5207152649414165,0.0,0.0,0.013090223012606865
IDN.5.9_1,2013.0,0.44745127985866506,0.5394584971287281,0.0,0.0,0.013090223012606865
IDN.5.9_1,2014.0,0.4459856368280604,0.5409241401593327,0.0,0.0,0.013090223012606865
IDN.5.9_1,2015.0,0.46563719138936344,0.5212725855980296,0.0,0.0,0.013090223012606865
IDN.5.9_1,2016.0,0.47120650514532186,0.5157032718420711,0.0,0.0,0.013090223012606865
IDN.5.9_1,2017.0,0.5039138962293591,0.4826649918932227,0.0,3.3088886481113703E-4,0.013090223012606865
IDN.5.9_1,2018.0,0.5249305295584319,0.46148291413174425,0.0,4.963332972167055E-4,0.013090223012606865
IDN.5.9_1,2019.0,0.5021355307814231,0.4841150636831304,0.0,6.591825228394417E-4,0.013090223012606865
IDN.5.9_1,2020.0,0.49932038022374564,0.4861386761720439,0.0,0.0014507205916033381,0.013090223012606865
IDN.5.9_1,2022.0,0.502426842742796,0.48357071906043125,0.0,9.122151841656053E-4,0.013090223012606865
IDN.5.9_1,2023.0,0.5175465174595778,0.4676037093290546,0.0,0.0017595501987603995,0.013090223012606865
IDN.7.3_1,2011.0,0.0,0.009441087613293049,0.0,0.0,0.9905589123867071
IDN.7.3_1,2012.0,0.0,0.009441087613293049,0.0,0.0,0.9905589123867071
IDN.7.3_1,2013.0,0.0,0.007721460940871816,0.0,0.0,0.9922785390591283
IDN.7.3_1,2014.0,0.0,0.007721460940871816,0.0,0.0,0.9922785390591283
IDN.7.3_1,2015.0,0.0,0.006001834268450581,0.0,0.0,0.9939981657315496
IDN.7.3_1,2016.0,0.0,0.006001834268450581,0.0,0.0,0.9939981657315496
IDN.7.3_1,2017.0,0.0,0.0046598511005610695,0.0,0.0,0.9953401488994391
IDN.7.3_1,2018.0,0.0,0.0046598511005610695,0.0,0.0,0.9953401488994391
IDN.7.3_1,2019.0,0.0,0.0046598511005610695,0.0,0.0,0.9953401488994391
IDN.7.3_1,2020.0,0.0,0.0046598511005610695,0.0,0.0,0.9953401488994391
IDN.7.3_1,2021.0,0.0,0.003466227880880448,0.0,0.0,0.9965337721191198
IDN.7.3_1,2022.0,0.0,0.00287953172205438,0.0,0.0,0.9971204682779456
IDN.7.3_1,2023.0,0.0,0.00287953172205438,0.0,0.0,0.9971204682779456
IDN.7.4_1,2011.0,0.0,0.025204882255530123,0.0,0.0026982556570781615,0.972096862087392
IDN.7.4_1,2012.0,0.0,0.022506626598451956,0.0,0.005396511314156323,0.972096862087392
IDN.7.4_1,2013.0,0.0,0.021162789467279695,0.0,0.005396511314156323,0.9734406992185642
IDN.7.4_1,2014.0,0.0,0.025019707847691426,0.0,0.0013491278285390808,0.9736311643237697
IDN.7.4_1,2015.0,0.0,0.023670580019152343,0.0,0.0026982556570781615,0.9736311643237697
IDN.7.4_1,2016.0,0.0,0.025019707847691426,0.0,0.0013491278285390808,0.9736311643237697
IDN.7.4_1,2017.0,0.0,0.02232145219061326,0.0,0.0,0.9776785478093869
IDN.7.4_1,2018.0,0.0,0.02097232436207418,0.0,0.0,0.979027675637926
IDN.7.4_1,2019.0,0.0,0.02097232436207418,0.0,0.0,0.979027675637926
IDN.7.4_1,2020.0,0.0,0.020575522059562684,0.0,3.9680230251149434E-4,0.979027675637926
IDN.7.4_1,2021.0,0.0,0.01934278957309364,0.0,0.0016295347889805367,0.979027675637926
IDN.7.4_1,2022.0,0.0,0.015575813047917858,0.0,0.0,0.9844241869520823
IDN.7.4_1,2023.0,0.0,0.015575813047917858,0.0,0.0,0.9844241869520823
IDN.8.2_1,2013.0,0.3758868803173041,0.6149444520128409,0.0,0.0068880959982362665,0.002280571671618475
IDN.8.2_1,2014.0,0.3734609261013663,0.6178941161666842,0.0,0.006364386060330629,0.002280571671618475
IDN.8.2_1,2016.0,0.39867013449445243,0.5920551247346871,0.0,0.006994169099241777,0.002280571671618475
IDN.8.2_1,2017.0,0.42795650170912874,0.5632991230250384,0.0,0.0064638035942142244,0.002280571671618475
IDN.8.2_1,2018.0,0.4503591406414924,0.5414732305810829,0.0,0.005887057105805831,0.002280571671618475
IDN.8.2_1,2019.0,0.4261366200742302,0.5653244952948259,0.0,0.006258312959325118,0.002280571671618475
IDN.8.2_1,2020.0,0.41684024871022374,0.5734607181148936,0.0,0.007418461503263819,0.002280571671618475
IDN.8.2_1,2021.0,0.4222204427824013,0.5664894275276334,0.0,0.009009558018346476,0.002280571671618475
IDN.8.2_1,2022.0,0.42454843536976333,0.5624642653241829,0.0,0.010706727634434645,0.002280571671618475
IDN.8.2_1,2023.0,0.4291416086297745,0.5595472550465315,0.0,0.009030564652075017,0.002280571671618475
IDN.8.5_1,2011.0,0.7275144395800817,0.26960001284219987,0.0,3.3552878810685975E-4,0.0024829130319907623
IDN.8.5_1,2012.0,0.7167055441461154,0.28037535539735553,0.0,3.6908166691754576E-4,0.0024829130319907623
IDN.8.5_1,2013.0,0.7089595660178555,0.28815488640442616,0.0,3.3552878810685975E-4,0.0024829130319907623
IDN.8.5_1,2014.0,0.7046132182026609,0.29256833997724185,0.0,2.684230304854878E-4,0.002482913031990762
IDN.8.5_1,2015.0,0.7135053889870773,0.28370972207163625,0.0,2.3487015167480182E-4,0.002482913031990762
IDN.8.5_1,2016.0,0.7228642737367544,0.27435083732195925,0.0,1.6776439405342988E-4,0.0024829130319907623
IDN.8.5_1,2017.0,0.7398263724048497,0.25745584441148517,0.0,1.6776439405342988E-4,0.002482913031990762
IDN.8.5_1,2019.0,0.7167606761312985,0.280387329169794,0.0,3.019759092961738E-4,0.0024829130319907623
IDN.8.5_1,2020.0,0.7036829481901451,0.2933979513533257,0.0,3.690816669175457E-4,0.002482913031990762
IDN.8.5_1,2021.0,0.6942165626483568,0.30262946674343916,0.0,6.039518185923476E-4,0.0024829130319907623
IDN.8.7_1,2011.0,0.5301666794224618,0.46635431606198646,0.0,0.001569794720431789,0.0019092097951197435
IDN.8.7_1,2012.0,0.505900830901413,0.49083229900471526,0.0,0.0013576602987518177,0.0019092097951197435
IDN.8.7_1,2013.0,0.48175394403644367,0.5154034547130444,0.0,9.333914553918746E-4,0.0019092097951197435
IDN.8.7_1,2014.0,0.4825643807172305,0.5148051524539377,0.0,7.212570337119031E-4,0.0019092097951197435
IDN.8.7_1,2015.0,0.4793201382950048,0.5180069679918272,0.0,7.636839180478974E-4,0.0019092097951197435
IDN.8.7_1,2016.0,0.46709154556980115,0.5301507069483589,0.0,8.48537686719886E-4,0.0019092097951197435
IDN.8.7_1,2017.0,0.4715996100054239,0.5257274962814084,0.0,7.636839180478974E-4,0.0019092097951197435
IDN.8.7_1,2018.0,0.46938409474339204,0.5279005846591039,0.0,8.061108023838917E-4,0.0019092097951197435
IDN.8.7_1,2019.0,0.447703956847699,0.549495868786125,0.0,8.909645710558803E-4,0.0019092097951197435
IDN.8.7_1,2020.0,0.4413349327991427,0.5557376121816734,0.0,0.0010182452240638633,0.0019092097951197435
IDN.8.7_1,2021.0,0.4473643753930725,0.5490717663227037,0.0,0.0016546484891037778,0.0019092097951197435
IDN.8.7_1,2022.0,0.4551770781686226,0.5409196484724654,0.0,0.001994063563791732,0.0019092097951197433
IDN.8.7_1,2023.0,0.4580047052246627,0.5375404719200576,0.0,0.002545613060159658,0.0019092097951197435
IDN.8.8_1,2011.0,0.7817524981633183,0.13268299149878748,0.0,0.06918904288168452,0.016375467456209637
IDN.8.8_1,2012.0,0.775405589036253,0.13465776957792225,0.0,0.07356117392961502,0.016375467456209637
IDN.8.8_1,2013.0,0.7708925996917688,0.13900228135201864,0.0,0.07372965150000274,0.016375467456209637
IDN.8.8_1,2014.0,0.7701883082090005,0.14441842095087634,0.0,0.0690178033839134,0.016375467456209637
IDN.8.8_1,2015.0,0.771881369695028,0.14538509553506818,0.0,0.06635806731369417,0.01637546745620964
IDN.8.8_1,2016.0,0.7730054741400739,0.14447642142592784,0.0,0.06614263697778856,0.01637546745620964
IDN.8.8_1,2017.0,0.7786398060022206,0.14504814039429273,0.0,0.059936586147277,0.01637546745620964
IDN.8.8_1,2018.0,0.7707075505570807,0.1558500383907906,0.0,0.05706694359591896,0.016375467456209637
IDN.8.8_1,2019.0,0.7668436141476968,0.16253666458601468,0.0,0.05424425381007881,0.016375467456209637
IDN.8.8_1,2020.0,0.7680754337606955,0.15940740086061653,0.0,0.05614169792247821,0.016375467456209637
IDN.8.8_1,2021.0,0.7705142156402424,0.1588660630934691,0.0,0.05424425381007881,0.016375467456209637
IDN.8.8_1,2022.0,0.7717791783818421,0.15952340181071958,0.0,0.05232195235122878,0.01637546745620964
IDN.8.8_1,2023.0,0.7875332121767856,0.14103782183358834,0.0,0.05505349853341656,0.01637546745620964
IDN.9.10_1,2011.0,0.0,0.10708507466334287,0.0,0.11547767431629884,0.7774372510203582
IDN.9.10_1,2012.0,0.0,0.09511938802942543,0.0,0.11038932473055207,0.7944912872400224
IDN.9.10_1,2013.0,0.0,0.0885499914460982,0.0,0.09986558154312387,0.8115844270107778
IDN.9.10_1,2014.0,0.0,0.08729867781117873,0.0,0.09887332893418382,0.8138279932546373
IDN.9.10_1,2015.0,0.0,0.0929882444949532,0.0,0.08791944668475206,0.8190923088202946
IDN.9.10_1,2016.0,0.0,0.08200014663831658,0.0,0.09641469315932252,0.8215851602023607
IDN.9.10_1,2017.0,0.0,0.07248820783537405,0.0,0.10141017181122759,0.8261016203533983
IDN.9.10_1,2018.0,0.0,0.056279785908057774,0.0,0.09630227044993525,0.8474179436420067
IDN.9.10_1,2019.0,0.0,0.06318156267566047,0.0,0.07440428183884448,0.8624141554854949
IDN.9.10_1,2020.0,0.0,0.05150915267492728,0.0,0.0760759586479947,0.8724148886770778
IDN.9.10_1,2021.0,0.0,0.034200943373170076,0.0,0.07800180853923795,0.8877972480875919
IDN.9.10_1,2022.0,0.0,0.02813500501014248,0.0,0.07017621037710486,0.9016887846127527
IDN.9.10_1,2023.0,0.0,0.02564215362807635,0.0,0.06629518293129993,0.9080626634406236
IDN.9.14_1,2011.0,0.0,0.08123951146746229,0.0,0.03835306731307106,0.8804074212194671
IDN.9.14_1,2012.0,0.0,0.070383880290882,0.0,0.04920869848965134,0.8804074212194671
IDN.9.14_1,2013.0,0.0,0.07099571135558459,0.0,0.048596867424948745,0.8804074212194671
IDN.9.14_1,2014.0,0.0,0.07099571135558459,0.0,0.048596867424948745,0.8804074212194671
IDN.9.14_1,2015.0,0.0,0.06806474920753311,0.0,0.05152782957300021,0.8804074212194671
IDN.9.14_1,2016.0,0.0,0.07804633600596682,0.0,0.04154624277456648,0.8804074212194671
IDN.9.14_1,2017.0,0.0,0.07186392877121016,0.0,0.04181428305053142,0.8863217881782589
IDN.9.14_1,2018.0,0.0,0.07368776804027599,0.0,0.0370186928957673,0.8892935390639573
IDN.9.14_1,2019.0,0.0,0.07466669774380014,0.0,0.034553887749394004,0.8907794145068064
IDN.9.14_1,2020.0,0.0,0.06508134439679286,0.0,0.040322580645161296,0.8945960749580463
IDN.9.14_1,2021.0,0.0,0.05945249860152902,0.0,0.04446555099757599,0.8960819504008954
IDN.9.14_1,2022.0,0.0,0.05229698862576917,0.0,0.05162106097333584,0.8960819504008954
IDN.9.14_1,2023.0,0.0,0.04878333022562001,0.0,0.05216296848778669,0.8990537012865937
IDN.9.15_1,2011.0,0.0,0.043542687792089356,0.0,0.048854439758349466,0.9076028724495611
IDN.9.15_1,2012.0,0.0,0.03823093582582924,0.0,0.043150575629773154,0.9186184885443974
IDN.9.15_1,2013.0,0.0,0.03747862760743188,0.0,0.03343440100307762,0.9290869713894904
IDN.9.15_1,2014.0,0.0,0.03632052889547475,0.0,0.031109084691667607,0.9325703864128575
IDN.9.15_1,2015.0,0.0,0.028970705573919977,0.0,0.02670466203123218,0.9443246323948478
IDN.9.15_1,2016.0,0.0,0.02469394733842471,0.0,0.02749344579961244,0.9478126068619628
IDN.9.15_1,2017.0,0.0,0.024219765188646977,0.0,0.023316995326570153,0.9524632394847827
IDN.9.15_1,2018.0,0.0,0.021187735096318248,0.0,0.02028952467798928,0.9585227402256923
IDN.9.15_1,2019.0,0.0,0.023927960788783762,0.0,0.014626695543143732,0.9614453436680723
IDN.9.15_1,2020.0,0.0,0.022136099395873698,0.0,0.013040009118887488,0.9648238914852385
IDN.9.15_1,2021.0,0.0,0.021019035677647322,0.0,0.012985295793913136,0.9659956685284393
IDN.9.15_1,2022.0,0.0,0.01480451384931038,0.0,0.011786162088225232,0.9734093240624642
IDN.9.15_1,2023.0,0.0,0.011489798244614154,0.0,0.010824119457426189,0.9776860822979593
IDN.9.16_1,2011.0,0.0,0.05235515162107837,0.0,0.30769902997465703,0.6399458184042643
IDN.9.16_1,2012.0,0.0,0.05077339858428732,0.0,0.3007165952984357,0.6485100061172766
IDN.9.16_1,2013.0,0.0,0.05930263042908327,0.0,0.2872760639692388,0.6534213056016777
IDN.9.16_1,2014.0,0.0,0.06817268198898888,0.0,0.2758891898977541,0.6559381281132568
IDN.9.16_1,2015.0,0.0,0.07731364152757142,0.0,0.2637245477584549,0.6589618107139734
IDN.9.16_1,2016.0,0.0,0.07248973171371142,0.0,0.2685484575723149,0.6589618107139734
IDN.9.16_1,2017.0,0.0,0.05889189897754084,0.0,0.2811675259984269,0.6599405750240318
IDN.9.16_1,2018.0,0.0,0.04838766057851961,0.0,0.28685659355064225,0.6647557458708377
IDN.9.16_1,2019.0,0.0,0.051822074630778626,0.0,0.268277549593638,0.679900375775583
IDN.9.16_1,2020.0,0.0,0.04652626059599754,0.0,0.26334877217512886,0.6901249672288733
IDN.9.16_1,2021.0,0.0,0.051787118762562256,0.0,0.24969850563663368,0.6985143756008036
IDN.9.16_1,2022.0,0.0,0.04164991697981297,0.0,0.24386961461155282,0.7144804684086337
IDN.9.16_1,2023.0,0.0,0.029598881412217067,0.0,0.24583588219872404,0.7245652363890583
IDN.9.18_1,2011.0,0.0,0.28215866937896383,0.0,0.3805592118383792,0.3372821187826573
IDN.9.18_1,2012.0,0.0,0.27390211798492287,0.0,0.38881576323242,0.3372821187826573
IDN.9.18_1,2013.0,0.0,0.32384029356627186,0.0,0.33887758765107107,0.3372821187826573
IDN.9.18_1,2014.0,0.0,0.33355271030274036,0.0,0.32916517091460257,0.3372821187826573
IDN.9.18_1,2015.0,0.0,0.3783853855051655,0.0,0.28433249571217745,0.3372821187826573
IDN.9.18_1,2016.0,0.0,0.3492680786566153,0.0,0.3134498025607276,0.3372821187826573
IDN.9.18_1,2017.0,0.0,0.3013242391607834,0.0,0.36139364205655944,0.3372821187826573
IDN.9.18_1,2018.0,0.0,0.2435682661242073,0.0,0.41914961509313564,0.3372821187826573
IDN.9.18_1,2019.0,0.0,0.24043715846994543,0.0,0.4222807227473975,0.3372821187826573
IDN.9.18_1,2020.0,0.0,0.21644529536117432,0.0,0.4462725858561686,0.3372821187826573
IDN.9.18_1,2021.0,0.0,0.25170515735311716,0.0,0.4110127238642257,0.3372821187826573
IDN.9.18_1,2022.0,0.0,0.2658250568385785,0.0,0.3968928243787644,0.3372821187826573
IDN.9.18_1,2023.0,0.0,0.25070798931035865,0.0,0.3967532208527782,0.3525387898368633
IDN.9.21_1,2011.0,0.07409230912654396,0.2601184107698593,0.0,0.6156252981572699,0.05016398194632696
IDN.9.21_1,2012.0,0.06531965736768008,0.2623747557386398,0.0,0.6221416049473533,0.05016398194632696
IDN.9.21_1,2013.0,0.06156588010199438,0.2580368633454647,0.0,0.630233274606214,0.05016398194632696
IDN.9.21_1,2014.0,0.06033574238337909,0.2541264966129334,0.0,0.6353737790573606,0.05016398194632696
IDN.9.21_1,2015.0,0.06151635413108507,0.24458182236636541,0.0,0.6437378415562226,0.05016398194632696
IDN.9.21_1,2016.0,0.0679663835189222,0.2547630510037384,0.0,0.6271065835310123,0.05016398194632696
IDN.9.21_1,2017.0,0.07831439814656338,0.25423647340127614,0.0,0.6172851465058337,0.05016398194632696
IDN.9.21_1,2018.0,0.07696772873169087,0.24899109042349793,0.0,0.6238771988984843,0.05016398194632696
IDN.9.21_1,2019.0,0.06835312308587586,0.24715134626883706,0.0,0.63433154869896,0.05016398194632696
IDN.9.21_1,2020.0,0.06829267226844242,0.24691318461461137,0.0,0.6346301611706192,0.05016398194632696
IDN.9.21_1,2021.0,0.07259560515274027,0.2381572842870845,0.0,0.6390831286138483,0.05016398194632696
IDN.9.21_1,2022.0,0.08645996371494308,0.2217503497771694,0.0,0.6416257045615604,0.05016398194632696
IDN.9.21_1,2023.0,0.08447091332445265,0.22151437309224858,0.0,0.6438507316369718,0.05016398194632696
IDN.9.25_1,2011.0,0.17041714382062892,0.5567667483391279,0.0,0.24821784170335023,0.024598266136892578
IDN.9.25_1,2012.0,0.1691390920253705,0.5525621522417304,0.0,0.25370048959600655,0.024598266136892585
IDN.9.25_1,2013.0,0.15637800497305684,0.5440871457073065,0.0,0.2749365831827438,0.024598266136892574
IDN.9.25_1,2014.0,0.15401871759819027,0.5348593484881817,0.0,0.2865236677767351,0.02459826613689258
IDN.9.25_1,2015.0,0.15576499140966166,0.5220794573388314,0.0,0.29755728511461405,0.024598266136892574
IDN.9.25_1,2016.0,0.17755956667838785,0.5270105183850788,0.0,0.2692333005515241,0.024758100961704204
IDN.9.3_1,2011.0,0.00762690953139371,0.4495016338036599,0.0,0.4837629077966459,0.059108548868301254
IDN.9.3_1,2012.0,0.003813454765696855,0.44085032563912796,0.0,0.4962276707268747,0.059108548868301254
IDN.9.3_1,2013.0,0.009533636914242137,0.45423480413049533,0.0,0.477123010086962,0.059108548868301254
IDN.9.3_1,2014.0,0.009533636914242137,0.4203174888026504,0.0,0.5091335980319585,0.06101527625114968
IDN.9.3_1,2015.0,0.00762690953139371,0.4074639030335663,0.0,0.5238939111838912,0.06101527625114968
IDN.9.3_1,2016.0,0.007724115241107551,0.4323111779088813,0.0,0.49894943059886226,0.06101527625114968
IDN.9.3_1,2017.0,0.011874051309660011,0.4305091335980325,0.0,0.4946948114583101,0.06292200363399811
IDN.9.3_1,2018.0,0.007357724489109227,0.4401025894105601,0.0,0.4896176824663335,0.06292200363399811
IDN.9.3_1,2019.0,0.00762690953139371,0.42485624771005825,0.0,0.5045948391245507,0.06292200363399811
IDN.9.3_1,2020.0,0.005720182148545283,0.4140365044826791,0.0,0.5173213097347782,0.06292200363399811
IDN.9.3_1,2021.0,0.023688283721034584,0.38829942349536817,0.0,0.5250902891495999,0.06292200363399811
IDN.9.3_1,2022.0,0.033117237563277196,0.3766197836051358,0.0,0.5273409751975895,0.06292200363399811
IDN.9.3_1,2023.0,0.019231775798769238,0.3903257886747875,0.0,0.523706977126749,0.06673545839969497
IDN.9.8_1,2011.0,0.0,0.06697907791347153,0.0,0.1072375272176465,0.825783394868882
IDN.9.8_1,2012.0,0.0,0.06430464830067215,0.0,0.10782921518507999,0.8278661365142477
IDN.9.8_1,2013.0,0.0,0.07007952286282305,0.0,0.10205434062292909,0.8278661365142477
IDN.9.8_1,2014.0,0.0,0.07055287323676984,0.0,0.10158099024898229,0.8278661365142477
IDN.9.8_1,2015.0,0.0,0.0655353592729338,0.0,0.10659850421281833,0.8278661365142477
IDN.9.8_1,2016.0,0.0,0.05966581463599355,0.0,0.11246804884975858,0.8278661365142477
IDN.9.8_1,2017.0,0.0,0.06468332859982957,0.0,0.10745053488592256,0.8278661365142477
IDN.9.8_1,2018.0,0.0,0.08091924642620466,0.0,0.09121461705954746,0.8278661365142477
IDN.9.8_1,2019.0,0.0,0.06884881189056137,0.0,0.09121461705954746,0.839936571049891
IDN.9.8_1,2020.0,0.0,0.0658903720533939,0.0,0.09417305689671493,0.839936571049891
IDN.9.8_1,2021.0,0.0,0.053819937517750625,0.0,0.09417305689671493,0.8520070055855344
IDN.9.8_1,2022.0,0.0,0.045630976048471064,0.0,0.1023620183659945,0.8520070055855344
IDN.9.8_1,2023.0,0.0,0.043027548991763684,0.0,0.09417305689671493,0.8627993941115213
IDN.1.22_1,2011.0,0.8223029055021763,0.08611258987124065,0.07132422038909149,0.0,0.0
IDN.1.22_1,2012.0,0.8263091193083771,0.08757988628585746,0.06585071016827376,0.0,0.0
IDN.1.22_1,2013.0,0.822984169259742,0.09352990886169393,0.06322563764107242,0.0,0.0
IDN.1.22_1,2014.0,0.8269707056584256,0.0934017398019177,0.059367270302165216,0.0,0.0
IDN.1.22_1,2015.0,0.8367610136311262,0.08428684554671022,0.05869185658467217,0.0,0.0
IDN.1.22_1,2016.0,0.8483435611533948,0.07346639869937659,0.05792975590973706,0.0,0.0
IDN.1.22_1,2017.0,0.8549248562352662,0.06859384714058023,0.056164107451408776,0.0,0.0
IDN.1.22_1,2018.0,0.8577424482630441,0.06485141695947892,0.05714585053998529,0.0,0.0
IDN.1.22_1,2019.0,0.8623528116622153,0.06078032089065268,0.056606583209640446,0.0,0.0
IDN.1.22_1,2020.0,0.8627431688816167,0.06147753930296244,0.055519007577929186,0.0,0.0
IDN.1.22_1,2021.0,0.8592868588422566,0.06305492283531236,0.057397934084939414,0.0,0.0
IDN.1.22_1,2022.0,0.8616848434502695,0.06119673737946926,0.056858134932769755,0.0,0.0
IDN.1.22_1,2023.0,0.8782362022816228,0.0455840440688837,0.05591946941200185,0.0,0.0
IDN.1.6_1,2011.0,0.5172356912278481,0.3935954797389535,0.05530619467580339,0.004167268860849481,0.0
IDN.1.6_1,2012.0,0.5039366901977769,0.4110540892091742,0.05271186553203925,0.0026045430380309256,0.0
IDN.1.6_1,2013.0,0.49914484170251333,0.4166564102145073,0.05188454009642943,0.0024743158861293794,0.0
IDN.1.6_1,2014.0,0.5225315954051778,0.3967760864136312,0.049069080141789324,0.0020836344304247406,0.0
IDN.1.6_1,2015.0,0.5521207364013492,0.36641630709503076,0.04948121077545421,0.0020836344304247406,0.0
IDN.1.6_1,2016.0,0.5777484185061467,0.33839602025823806,0.05161540398249957,0.0023440887342278333,0.0
IDN.1.6_1,2017.0,0.5932296180463171,0.3206172052027536,0.05400596593564128,0.0023440887342278333,0.0
IDN.1.6_1,2018.0,0.5898166452770699,0.325028075441866,0.05428684802797795,0.0011720443671139166,0.0
IDN.1.6_1,2019.0,0.5839661266410539,0.3316012270972573,0.052951381352595424,0.0015627258228185555,0.0
IDN.1.6_1,2020.0,0.5847617890044365,0.3292173041753891,0.053811391249858974,0.002213861582326287,0.0
IDN.1.6_1,2021.0,0.5805863490281736,0.3289788097442596,0.056451172223110316,0.004167268860849481,0.0
IDN.1.6_1,2022.0,0.5680441975632714,0.3402462672046667,0.056496624052597526,0.0055997675317664905,0.0
IDN.1.6_1,2023.0,0.606547514780782,0.3057549676551505,0.05545838170037853,0.0024743158861293794,0.0
IDN.10.34_1,2011.0,0.0,0.15884964292607612,0.03741233996011066,0.037122820562311004,0.0
IDN.10.34_1,2012.0,0.0,0.17570610564241138,0.025156018786592037,0.03252267901949431,0.0
IDN.10.34_1,2013.0,0.0,0.18497072637200024,0.013961268738338806,0.034452808338158655,0.0
IDN.10.34_1,2014.0,0.0,0.17979154603358424,0.013961268738338806,0.03963198867657467,0.0
IDN.10.34_1,2015.0,0.0,0.15569709837225765,0.020620214887730814,0.05706749018850931,0.0
IDN.10.34_1,2016.0,0.0,0.15656565656565663,0.021360097793218815,0.05545904908962234,0.0
IDN.10.34_1,2017.0,0.0,0.16164833043813942,0.029595316219520044,0.04214115679083832,0.0
IDN.10.34_1,2018.0,0.0,0.15939651289969767,0.02721482339316735,0.04677346715563277,0.0
IDN.10.34_1,2019.0,0.0,0.1491989963327543,0.017885865019622985,0.06629994209612046,0.0
IDN.10.34_1,2020.0,0.0,0.11876729074181304,0.017885865019622985,0.09673164768706168,0.0
IDN.10.34_1,2021.0,0.0,0.15550408544039124,0.012738853503184716,0.06514186450492183,0.0
IDN.10.34_1,2022.0,0.0,0.1572733706491669,0.025542044650324905,0.050569388149005995,0.0
IDN.10.34_1,2023.0,0.0,0.16074760342276273,0.02901627742392074,0.04362092260181433,0.0
IDN.14.10_1,2011.0,0.9798631770569878,0.019244130196130298,2.7920633384814417E-4,0.0,0.0
IDN.14.10_1,2012.0,0.9786190983011239,0.020469919079562165,2.9749620628036655E-4,0.0,0.0
IDN.14.10_1,2013.0,0.977733631686877,0.021485211127591042,1.6767077249807397E-4,0.0,0.0
IDN.14.10_1,2014.0,0.9762944065242585,0.02279824433554892,2.9386272715878657E-4,0.0,0.0
IDN.14.10_1,2015.0,0.9753645216483908,0.023670116022295667,3.518759162797418E-4,0.0,0.0
IDN.14.10_1,2016.0,0.9758524693164934,0.02326610580446247,2.6793846601043576E-4,0.0,0.0
IDN.14.10_1,2017.0,0.9799911245127972,0.01921730777160358,1.7808130256552197E-4,0.0,0.0
IDN.14.10_1,2018.0,0.9815275962739283,0.01769986074385074,1.5905656918736212E-4,0.0,0.0
IDN.14.10_1,2019.0,0.9811348947495409,0.018095460886413763,1.5615795101171973E-4,0.0,0.0
IDN.14.10_1,2020.0,0.9792354016811168,0.019834182710110004,3.0651866567215475E-4,0.0,0.0
IDN.14.10_1,2021.0,0.9785227090403817,0.02055267258719635,3.0072142932087003E-4,0.0,0.0
IDN.14.10_1,2022.0,0.97908949095774,0.019948004505514105,3.490181237122071E-4,0.0,0.0
IDN.14.10_1,2023.0,0.9802749441403615,0.018834853474851216,2.7671597175357813E-4,0.0,0.0
IDN.14.14_1,2011.0,0.27382450957294224,0.7104545509913707,0.006213209986176027,0.0068142391929868215,0.0
IDN.14.14_1,2012.0,0.26139571281677676,0.7237969240258075,0.006208456418549249,0.005905416482342129,0.0
IDN.14.14_1,2013.0,0.2454673989933725,0.7408209351871841,0.0063329404707755076,0.00468523509214345,0.0
IDN.14.14_1,2014.0,0.236964157802996,0.7491144252060291,0.006018610811454787,0.0052093159229957674,0.0
IDN.14.14_1,2015.0,0.22293697393232628,0.7617502992519359,0.0063715632077430825,0.006247673351470173,0.0
IDN.14.14_1,2016.0,0.23460282308439379,0.7515224043069689,0.006057827744375707,0.005123454607737083,0.0
IDN.14.14_1,2017.0,0.2605103608462893,0.7268974385103738,0.006284216402601028,0.0036144939842116188,0.0
IDN.14.14_1,2018.0,0.2684006889107881,0.7183175460420154,0.007049540790512348,0.003538734000159838,0.0
IDN.14.14_1,2019.0,0.26962889194635703,0.7170453725058988,0.006768486104579076,0.0038637591866408105,0.0
IDN.14.14_1,2020.0,0.28850114962062057,0.6965265978449099,0.007581643266734854,0.004697119011210397,0.0
IDN.14.14_1,2021.0,0.2956998335954232,0.6881222902807655,0.007807140631030154,0.005677245236256766,0.0
IDN.14.14_1,2022.0,0.31566214374610235,0.6675060674834279,0.007860915364808084,0.006253615311003646,0.0
IDN.14.14_1,2023.0,0.3039128100625896,0.6777208901174213,0.007623236983469164,0.008025804741861965,0.0
IDN.14.4_1,2013.0,0.8825242866599489,0.11715554839570817,4.925614528360823E-5,7.388421792541235E-5,0.0
IDN.14.4_1,2014.0,0.8711586725874491,0.12847190632292455,9.851229056721645E-5,7.388421792541235E-5,0.0
IDN.14.4_1,2015.0,0.8595979655473548,0.1400079852903767,1.2314036320902058E-4,7.388421792541235E-5,0.0
IDN.14.4_1,2016.0,0.8505370561707426,0.14914277888491445,7.388421792541235E-5,4.925614528360823E-5,0.0
IDN.14.4_1,2017.0,0.8554816005118004,0.14422286261649817,7.388421792541235E-5,2.4628072641804114E-5,0.0
IDN.14.4_1,2018.0,0.8497954131518549,0.1498597938311605,9.851229056721645E-5,4.925614528360823E-5,0.0
IDN.14.4_1,2019.0,0.8445021159860534,0.15512846292432012,1.477684358508247E-4,2.4628072641804114E-5,0.0
IDN.14.4_1,2020.0,0.841916071777987,0.15768987905974477,1.970245811344329E-4,0.0,0.0
IDN.14.4_1,2021.0,0.8437988154959449,0.1556101107606522,3.694210896270617E-4,2.4628072641804114E-5,0.0
IDN.14.4_1,2022.0,0.8485463352558686,0.15091184714601216,3.201649443434535E-4,2.4628072641804114E-5,0.0
IDN.14.4_1,2023.0,0.8508273776858848,0.14804108310207106,7.867461950593582E-4,9.851229056721645E-5,0.0
IDN.16.4_1,2011.0,0.6506318950675917,0.016003890960465107,0.262371169835793,0.0,0.0
IDN.16.4_1,2012.0,0.6591271587496447,0.016791347245061074,0.2536350371725694,0.0,0.0
IDN.16.4_1,2013.0,0.6622661756645145,0.01730396584601374,0.24949703159861414,0.0,0.0
IDN.16.4_1,2014.0,0.6666975473052801,0.018130022928874216,0.24418247369355664,0.0,0.0
IDN.16.4_1,2015.0,0.6712200168299499,0.0188063089144684,0.23832596058086547,0.0,0.0
IDN.16.4_1,2016.0,0.66784167496584,0.0188063089144684,0.24182628096749106,0.0,0.0
IDN.16.4_1,2017.0,0.6660644942137423,0.018412580772170416,0.24421335433216826,0.0,0.0
IDN.16.4_1,2018.0,0.681878469246746,0.01692567802302156,0.22995885154905066,0.0,0.0
IDN.16.4_1,2019.0,0.6809134492901331,0.019681775019107447,0.22826659255313464,0.0,0.0
IDN.16.4_1,2020.0,0.6717264593031802,0.021982382595672135,0.23448440913758165,0.0,0.0
IDN.16.4_1,2021.0,0.6544039650739994,0.025189336915487477,0.24914344828651125,0.0,0.0
IDN.16.4_1,2022.0,0.6429487921810241,0.0228485845087277,0.2637839590522739,0.0,0.0
IDN.16.4_1,2023.0,0.6551759810392898,0.0228485845087277,0.25170654129127457,0.0,0.0
IDN.17.13_1,2011.0,0.05183041884122908,0.2675920257981459,0.09192198711354842,0.5729504420646089,0.0
IDN.17.13_1,2012.0,0.04937240078000265,0.29470721502451697,0.08767456976795551,0.5526403973217385,0.0
IDN.17.13_1,2013.0,0.057552647023557855,0.29484131742195235,0.0861956569755334,0.5454745962729,0.0
IDN.17.13_1,2014.0,0.06307040849167933,0.29170205918175446,0.08611014697622757,0.54321189440935,0.0
IDN.17.13_1,2015.0,0.051801074081319703,0.27774720593710756,0.08393295511198338,0.5705148269921306,0.0
IDN.17.13_1,2016.0,0.04796448337445807,0.27722625756495284,0.08412858684471257,0.5741043537526583,0.0
IDN.17.13_1,2017.0,0.04536289686421265,0.2819621231722632,0.08478679296483047,0.5712459217094428,0.0
IDN.17.13_1,2018.0,0.04054467660812441,0.27050346773023015,0.08602937000271359,0.5864625996301928,0.0
IDN.17.13_1,2019.0,0.03380863430118452,0.25038968579019444,0.08430402433406327,0.6152352944888647,0.0
IDN.17.13_1,2020.0,0.03028536990174239,0.22161635986141698,0.08591640845381511,0.6457147184480724,0.0
IDN.17.13_1,2021.0,0.028192110361540065,0.1877219000258739,0.0867008285950486,0.6809798625529309,0.0
IDN.17.13_1,2022.0,0.030166413186840928,0.17493010898580724,0.08679643571604367,0.6918550936823571,0.0
IDN.17.13_1,2023.0,0.02489287584957813,0.17554382466348187,0.08496191491912836,0.6982039744795246,0.0
IDN.19.2_1,2011.0,0.8213940103406768,0.11554668557453328,0.008786628183704577,0.003470275979141327,0.0
IDN.19.2_1,2012.0,0.822144642894274,0.1145408151024071,0.00855629709876519,0.003955844982609775,0.0
IDN.19.2_1,2013.0,0.8234365991980909,0.11349998366203119,0.00856429470588114,0.003696722512052966,0.0
IDN.19.2_1,2014.0,0.8200840022950843,0.11552817682663634,0.0091597736814288,0.0044256472749067775,0.0
IDN.19.2_1,2015.0,0.8256437102590329,0.11040628072652094,0.008736357510404314,0.004411251582098066,0.0
IDN.19.2_1,2016.0,0.8153096593499221,0.12017387254876204,0.00866049449433301,0.005053573685039152,0.0
IDN.19.2_1,2017.0,0.8241854037272043,0.11393505348913892,0.007977498846630801,0.0030996440150821165,0.0
IDN.19.2_1,2018.0,0.816971333605556,0.12168222125083035,0.008092207382979584,0.0024518378386900927,0.0
IDN.19.2_1,2019.0,0.8134354772480639,0.12517580454213817,0.00823296526822032,0.002353353019633669,0.0
IDN.19.2_1,2020.0,0.8205576891394089,0.11776225124871215,0.008320253437314412,0.0025574062526206444,0.0
IDN.19.2_1,2021.0,0.8265504104029213,0.10986929853444993,0.00900530561256072,0.003772585528124272,0.0
IDN.19.2_1,2022.0,0.8340715886378217,0.1018067965493296,0.009651512267529553,0.003667702623375087,0.0
IDN.19.2_1,2023.0,0.8427350536719408,0.0948783552532511,0.00916457224569837,0.0024196189071658335,0.0
IDN.21.11_1,2011.0,0.26980782740710285,0.5925665985376536,0.008231710002093327,0.1262552324640053,0.0
IDN.21.11_1,2012.0,0.28011931271216933,0.5880175134694241,0.008422751251421803,0.12030179097783984,0.0
IDN.21.11_1,2013.0,0.2746468616055188,0.6010381262782657,0.008752670004694738,0.11249890760987748,0.0
IDN.21.11_1,2014.0,0.2874466253105268,0.577223682882365,0.00842207380018305,0.12384418350528174,0.0
IDN.21.11_1,2015.0,0.3150663123145054,0.5389354937704971,0.008147028597249145,0.13471253372860353,0.0
IDN.21.11_1,2016.0,0.28826092169950845,0.5767501444664763,0.008877321032625375,0.12297298121224477,0.0
IDN.21.11_1,2017.0,0.29986227416316147,0.5655552627460755,0.008636148391629144,0.12280768310998892,0.0
IDN.21.11_1,2018.0,0.3270192619710715,0.5361891064485904,0.008547402279352441,0.12510559771184068,0.0
IDN.21.11_1,2019.0,0.37458582324890705,0.49340873817254804,0.007407251844530364,0.12145955514486954,0.0
IDN.21.11_1,2020.0,0.36944532324924584,0.49469589552617965,0.007460093041153133,0.12526005659427647,0.0
IDN.21.11_1,2021.0,0.357181423474092,0.4981163468306458,0.008210709013691968,0.13352563915830745,0.0
IDN.21.11_1,2022.0,0.3435870094660262,0.500748244893203,0.008436300276196872,0.14408981377542895,0.0
IDN.21.11_1,2023.0,0.3395053657525366,0.5088336254277257,0.008096219754342633,0.1402534074103681,0.0
IDN.21.14_1,2011.0,0.0,0.31987773025667743,0.005530947675243767,0.6568397550368483,0.0
IDN.21.14_1,2012.0,0.0,0.32395762501827047,0.005109400916387578,0.6531814070341115,0.0
IDN.21.14_1,2013.0,5.401729824539107E-4,0.3117920821232399,0.005530947675243767,0.664385230187832,0.0
IDN.21.14_1,2014.0,5.401729824539107E-4,0.284753776444645,0.005153885750236724,0.6918005977914341,0.0
IDN.21.14_1,2015.0,5.401729824539107E-4,0.2666399757663572,0.004259952422411037,0.7108083317975477,0.0
IDN.21.14_1,2016.0,5.401729824539107E-4,0.2632443001158724,0.004387051947694309,0.7140769079227491,0.0
IDN.21.14_1,2017.0,5.401729824539107E-4,0.2519070224606044,0.004677262530424449,0.725123974995287,0.0
IDN.21.14_1,2018.0,5.401729824539107E-4,0.25528363318229674,0.004065066483643351,0.7223595603203757,0.0
IDN.21.14_1,2019.0,5.401729824539107E-4,0.25171849149810094,0.004721747364273596,0.7252680211239414,0.0
IDN.21.14_1,2020.0,0.0,0.2575057565493326,0.00532758843479053,0.7194150879846466,0.0
IDN.21.14_1,2021.0,0.0,0.24303335727041053,0.00532758843479053,0.7338874872635686,0.0
IDN.21.14_1,2022.0,0.0,0.23815273549953286,0.0044844949170781525,0.7396112025521587,0.0
IDN.21.14_1,2023.0,0.0010803459649078213,0.26180383882932867,0.004577701235619219,0.7147865469389141,0.0
IDN.21.7_1,2011.0,0.19834058236283214,0.6887273454901938,0.020697737185970184,0.0716405246601436,0.0
IDN.21.7_1,2012.0,0.20912260890606882,0.6785076099298263,0.02044412456335197,0.07142569072599914,0.0
IDN.21.7_1,2013.0,0.198910629083396,0.6877826966389737,0.02179982751239368,0.07100688089048282,0.0
IDN.21.7_1,2014.0,0.21195577988595973,0.6737176663295507,0.02119177767712554,0.0725409658065037,0.0
IDN.21.7_1,2015.0,0.21221869939381163,0.6630527514255048,0.02178198931569576,0.0825326826786457,0.0
IDN.21.7_1,2016.0,0.19018852647188403,0.683977731725931,0.022397794888658635,0.08292822530107778,0.0
IDN.21.7_1,2017.0,0.19347540810691763,0.6830974554975774,0.02207515620055718,0.08068759268106548,0.0
IDN.21.7_1,2018.0,0.19788687170768943,0.6584543745462896,0.02082338013662508,0.10217098609551348,0.0
IDN.21.7_1,2019.0,0.2218652859385374,0.6277912899963396,0.02020059439973693,0.10983287936415365,0.0
IDN.21.7_1,2020.0,0.25118817901483526,0.6046978054364623,0.020562787350081595,0.10331185511041073,0.0
IDN.21.7_1,2021.0,0.2385455509986289,0.609537385757984,0.020837340464475624,0.11084034969070124,0.0
IDN.21.7_1,2022.0,0.26585427899560105,0.5940484020078057,0.019415713745028575,0.1004422321633545,0.0
IDN.21.7_1,2023.0,0.29604659026748004,0.584524356118657,0.020627159972947992,0.07865636497881136,0.0
IDN.21.8_1,2011.0,0.45658750150568717,0.46745552737331364,0.028524793958203072,0.03479778972920667,0.0
IDN.21.8_1,2012.0,0.4654778249257118,0.4590765928612854,0.028153157709786956,0.034844788953252596,0.0
IDN.21.8_1,2013.0,0.4700551135933897,0.45698995181490215,0.02940844162089431,0.03110196995224444,0.0
IDN.21.8_1,2014.0,0.4754170714254368,0.442502051936322,0.029269311467592814,0.04046259686586765,0.0
IDN.21.8_1,2015.0,0.49962634060617817,0.4157224543306057,0.02915632657799896,0.04313439381427963,0.0
IDN.21.8_1,2016.0,0.5094189868772566,0.4100056679196687,0.029288609162234174,0.038697480312460814,0.0
IDN.21.8_1,2017.0,0.5056736778511334,0.41600413842174183,0.02929981427525175,0.03658687277434553,0.0
IDN.21.8_1,2018.0,0.508733918717488,0.41084916392738025,0.028808968074454253,0.039103665659347774,0.0
IDN.21.8_1,2019.0,0.5316804339117767,0.3907574625274569,0.028113006054807335,0.0369591315290404,0.0
IDN.21.8_1,2020.0,0.5314385902224807,0.3964954141518715,0.027166485257961934,0.03249607276351392,0.0
IDN.21.8_1,2021.0,0.5165401474530623,0.41184175018885333,0.027323356840207938,0.031991220171444464,0.0
IDN.21.8_1,2022.0,0.5168946647788126,0.4101326592005344,0.02733705197834053,0.033499864138004674,0.0
IDN.21.8_1,2023.0,0.5225716107879094,0.4071032323949782,0.027866804821560145,0.030341578532746487,0.0
IDN.21.9_1,2011.0,0.430296944775874,0.5538750795260764,0.00510430365647175,0.009530120310502328,0.0
IDN.21.9_1,2012.0,0.43237387113625264,0.5519636080548491,0.005231545377121295,0.009278889053756588,0.0
IDN.21.9_1,2013.0,0.43580451931696024,0.5491817706925333,0.005708803460324372,0.008152820152161592,0.0
IDN.21.9_1,2014.0,0.45996865707136747,0.5245537901162055,0.005625059708075791,0.008700406726330712,0.0
IDN.21.9_1,2015.0,0.5024560091223781,0.481538771121415,0.005289678176012298,0.009563455202174095,0.0
IDN.21.9_1,2016.0,0.49798100317697824,0.4863333041991808,0.0050713752878691525,0.009462230957951295,0.0
IDN.21.9_1,2017.0,0.5164286135327468,0.46836295192661537,0.005198617008518697,0.008857731154098674,0.0
IDN.21.9_1,2018.0,0.5305581358478143,0.4526195330269511,0.005056740457379109,0.010613504289834699,0.0
IDN.21.9_1,2019.0,0.614623854367176,0.367556206895851,0.004959987966917157,0.011707864392034596,0.0
IDN.21.9_1,2020.0,0.6152791695546748,0.36408043465446577,0.004975435843545536,0.014512873569292884,0.0
IDN.21.9_1,2021.0,0.5940310217754085,0.38615870254097273,0.004962020582262997,0.013696168723334637,0.0
IDN.21.9_1,2022.0,0.5964234100374614,0.3843342270065474,0.004907546490994502,0.01318273008697562,0.0
IDN.21.9_1,2023.0,0.5857672208253641,0.39507741215544667,0.004992509812450586,0.013010770828717613,0.0
IDN.22.5_1,2011.0,0.9843999131111955,0.00964643053993708,0.004898578008561799,0.0,0.0
IDN.22.5_1,2012.0,0.9827419328621438,0.010852234357429215,0.005275391701528091,0.0,0.0
IDN.22.5_1,2013.0,0.9821390309533975,0.011831949959141575,0.004898578008561799,0.0,0.0
IDN.22.5_1,2014.0,0.9795766978412269,0.015072547718651687,0.004371038838408989,0.0,0.0
IDN.22.5_1,2015.0,0.9758085609115641,0.01974503751143371,0.00384349966825618,0.0,0.0
IDN.22.5_1,2016.0,0.9745273943554786,0.021553743237671914,0.003466685975289888,0.0,0.0
IDN.22.5_1,2017.0,0.977238975244079,0.0189175250876646,0.0033913232366966297,0.0,0.0
IDN.22.5_1,2018.0,0.9773143379826723,0.019445064257817404,0.002713058589357304,0.0,0.0
IDN.22.5_1,2019.0,0.9777665144142318,0.019369701519224146,0.00241160763498427,0.0,0.0
IDN.22.5_1,2020.0,0.9800273965720295,0.017636358531579206,0.0018087057262382025,0.0,0.0
IDN.22.5_1,2021.0,0.9813100408288716,0.015298635934431462,0.002562333112170787,0.0,0.0
IDN.22.5_1,2022.0,0.984550638588382,0.010852234357429215,0.003089872282323596,0.0,0.0
IDN.22.5_1,2023.0,0.9849274522813483,0.009495705062750564,0.0036927741910696634,0.0,0.0
IDN.22.6_1,2011.0,0.8680305243421238,0.008957064077342633,0.052010862640961955,0.0,0.0
IDN.22.6_1,2012.0,0.8686892500183053,0.008820503585935537,0.05154763540932025,0.0,0.0
IDN.22.6_1,2013.0,0.8683948110524432,0.008616477948176725,0.05202252483168818,0.0,0.0
IDN.22.6_1,2014.0,0.8667835477337199,0.009160211915799472,0.05303776242437126,0.0,0.0
IDN.22.6_1,2015.0,0.870178750033855,0.009755736042238686,0.04900276983299737,0.0,0.0
IDN.22.6_1,2016.0,0.8697970327373967,0.010285299821129567,0.04885592654976714,0.0,0.0
IDN.22.6_1,2017.0,0.871143326066824,0.00937401874578028,0.04842492709249791,0.0,0.0
IDN.22.6_1,2018.0,0.872930901645344,0.009294013609400364,0.04674757802632589,0.0,0.0
IDN.22.6_1,2019.0,0.874419649261492,0.009741691253407101,0.04488927690404695,0.0,0.0
IDN.22.6_1,2020.0,0.8756829278569328,0.00943358369841423,0.043948903051832244,0.0,0.0
IDN.22.6_1,2021.0,0.876367485912572,0.008854863158612804,0.04381121396132259,0.0,0.0
IDN.22.6_1,2022.0,0.8754375202520807,0.007857432351769784,0.04573359443264564,0.0,0.0
IDN.22.6_1,2023.0,0.8766754680676648,0.007985340250057423,0.04440786668686434,0.0,0.0
IDN.22.9_1,2011.0,0.9805314442925137,0.001230593087052849,0.007777318148578735,0.0,0.0
IDN.22.9_1,2012.0,0.9804136632629809,0.0016151534267568645,0.007510538838407596,0.0,0.0
IDN.22.9_1,2013.0,0.9804136632629806,0.0017689775626384705,0.007356714702525989,0.0,0.0
IDN.22.9_1,2014.0,0.9797630776529874,0.0020766258344016826,0.007699652040756158,0.0,0.0
IDN.22.9_1,2015.0,0.9791862371434313,0.0026919223779281075,0.007661196006785757,0.0,0.0
IDN.22.9_1,2016.0,0.9794554293812242,0.0025380982420465012,0.007545827904874553,0.0,0.0
IDN.22.9_1,2017.0,0.9798609520296415,0.0022689060042536905,0.00740949749425007,0.0,0.0
IDN.22.9_1,2018.0,0.9800147761655231,0.0024227301401352967,0.007101849222486857,0.0,0.0
IDN.22.9_1,2019.0,0.9803224244372863,0.0024227301401352967,0.006794200950723645,0.0,0.0
IDN.22.9_1,2020.0,0.9804377925391975,0.002307362038224092,0.006794200950723645,0.0,0.0
IDN.22.9_1,2021.0,0.9807069847769901,0.002153537902342486,0.0066788328488124405,0.0,0.0
IDN.22.9_1,2022.0,0.9808223528789015,0.0019997137664608798,0.006717288882782842,0.0,0.0
IDN.22.9_1,2023.0,0.9810530890827239,0.0018843456645496752,0.006601920780871637,0.0,0.0
IDN.23.12_1,2013.0,0.6899998702887341,0.309932626909899,6.750280136625668E-5,0.0,0.0
IDN.23.12_1,2014.0,0.6970037491850025,0.3029287480136307,6.750280136625668E-5,0.0,0.0
IDN.23.12_1,2017.0,0.6915704354671892,0.3083882687013863,4.1295831424062915E-5,0.0,0.0
IDN.23.12_1,2018.0,0.6857532822906262,0.314205421877949,4.1295831424062915E-5,0.0,0.0
IDN.23.12_1,2019.0,0.6740154716420722,0.32594323252650265,4.1295831424062915E-5,0.0,0.0
IDN.23.12_1,2020.0,0.6891564823469581,0.3106672162188847,1.7630143415657627E-4,0.0,0.0
IDN.23.12_1,2021.0,0.7027954895422273,0.29702820902361554,1.7630143415657627E-4,0.0,0.0
IDN.23.12_1,2022.0,0.7122686473841601,0.2875645809889345,1.6677162690486945E-4,0.0,0.0
IDN.23.12_1,2023.0,0.7153785411506336,0.2844189504452669,1.3500560273251337E-4,6.750280136625668E-5,0.0
IDN.23.14_1,2011.0,0.9372371372189183,0.033041359344353725,0.023484121720037072,2.4196739418196495E-4,0.0
IDN.23.14_1,2012.0,0.936742132026899,0.034023462297209935,0.02299702395920018,2.4196739418196495E-4,0.0
IDN.23.14_1,2013.0,0.9357448468061726,0.034977731092304044,0.023040040384832528,2.4196739418196495E-4,0.0
IDN.23.14_1,2014.0,0.937155848826363,0.03465352641382494,0.02203389884118177,1.6131159612130998E-4,0.0
IDN.23.14_1,2015.0,0.9362983669889416,0.03566662649691622,0.021878280595511803,1.6131159612130998E-4,0.0
IDN.23.14_1,2016.0,0.9353320788984504,0.035277264585494,0.0232339305974254,1.6131159612130998E-4,0.0
IDN.23.14_1,2017.0,0.9352359245352723,0.03432457727663638,0.02436342806752187,8.065579806065499E-5,0.0
IDN.23.14_1,2018.0,0.9383969992247554,0.03148359540141755,0.024043335253257622,8.065579806065499E-5,0.0
IDN.23.14_1,2019.0,0.9399164912007686,0.03104552371391164,0.022961914964750252,8.065579806065499E-5,0.0
IDN.23.14_1,2020.0,0.9375645048698704,0.03195013384118016,0.02440929116837989,8.065579806065499E-5,0.0
IDN.23.14_1,2021.0,0.936376492409024,0.032700707209015197,0.024846730261391198,0.0,0.0
IDN.23.14_1,2022.0,0.9382780714597718,0.032491634728552085,0.02323487948916729,0.0,0.0
IDN.23.14_1,2023.0,0.938211965335087,0.031009149530472527,0.024702815013871213,0.0,0.0
IDN.23.19_1,2011.0,0.9585612020408263,0.041153211067611994,2.8558689156167713E-4,0.0,0.0
IDN.23.19_1,2012.0,0.9573225388954647,0.04249896929730926,1.784918072260482E-4,0.0,0.0
IDN.23.19_1,2013.0,0.9572374228022934,0.0426137640282311,1.4881316947552096E-4,0.0,0.0
IDN.23.19_1,2014.0,0.9564729178930687,0.04331289193826003,2.1419016867125785E-4,0.0,0.0
IDN.23.19_1,2015.0,0.9554666440810367,0.04424776902740165,2.8558689156167713E-4,0.0,0.0
IDN.23.19_1,2016.0,0.9550738221115651,0.04464059099687325,2.8558689156167713E-4,0.0,0.0
IDN.23.19_1,2017.0,0.9552663132762207,0.04429144702258166,4.422397011977148E-4,0.0,0.0
IDN.23.19_1,2018.0,0.9546210828922953,0.04468678887639057,6.921282313141823E-4,0.0,0.0
IDN.23.19_1,2019.0,0.9538221395637941,0.045521430566337014,6.564298698689728E-4,0.0,0.0
IDN.23.19_1,2020.0,0.9556377162288252,0.04334887028685383,0.001013413484321069,0.0,0.0
IDN.23.19_1,2021.0,0.9570866497227778,0.04214982532301767,7.635249542046016E-4,0.0,0.0
IDN.23.19_1,2022.0,0.9587597129291765,0.04043616398007332,8.04123090750134E-4,0.0,0.0
IDN.23.19_1,2023.0,0.9582949342625172,0.04138378048447576,3.212852530068868E-4,0.0,0.0
IDN.23.1_1,2011.0,0.8514580940640136,0.0016807096537780266,0.12775867525675239,0.0,0.0
IDN.23.1_1,2012.0,0.8497473355007574,0.0019428376082785146,0.1292073058655082,0.0,0.0
IDN.23.1_1,2013.0,0.8513163568702151,0.0019700767495977553,0.12761104535473136,0.0,0.0
IDN.23.1_1,2014.0,0.8495188076904918,0.0018713836430127124,0.1295072876410397,0.0,0.0
IDN.23.1_1,2015.0,0.8498781458183822,0.0023334344069379427,0.12868589874922395,0.0,0.0
IDN.23.1_1,2016.0,0.8509825408031022,0.0013150495475297652,0.1285998886239122,0.0,0.0
IDN.23.1_1,2017.0,0.8509220137140103,0.0013358886613757176,0.12863957659915817,0.0,0.0
IDN.23.1_1,2018.0,0.85256639150451,0.0016091386148389323,0.12672194885519517,0.0,0.0
IDN.23.1_1,2019.0,0.8536571278940127,0.0018334517728661476,0.12540689930766544,0.0,0.0
IDN.23.1_1,2020.0,0.8492755285973912,0.0017827588723307694,0.12983919150482212,0.0,0.0
IDN.23.1_1,2021.0,0.8484981594067333,0.001968242595382849,0.13043107697242806,0.0,0.0
IDN.23.1_1,2022.0,0.8486967944057519,0.00188863249754438,0.13031205207124794,0.0,0.0
IDN.23.1_1,2023.0,0.847734878081428,0.0025043619699440666,0.130658238923172,0.0,0.0
IDN.23.24_1,2011.0,0.9745869720667095,0.0018439926585173125,0.020528881013522883,0.0,0.0
IDN.23.24_1,2012.0,0.9743128763253871,0.0018794540557964916,0.0207675153575663,0.0,0.0
IDN.23.24_1,2013.0,0.9739885783706612,0.0021454145353903345,0.020825852832698128,0.0,0.0
IDN.23.24_1,2014.0,0.9738397100342401,0.0024314002746241843,0.020688735429885297,0.0,0.0
IDN.23.24_1,2015.0,0.9735437116651863,0.002413669575984595,0.02100246449757874,0.0,0.0
IDN.23.24_1,2016.0,0.9722362290878575,0.002251798727227872,0.022471817923664254,0.0,0.0
IDN.23.24_1,2017.0,0.9723351038073299,0.0021099531381111552,0.022514788793308437,0.0,0.0
IDN.23.24_1,2018.0,0.9719911282537222,0.0021541060543313097,0.02281461143069632,0.0,0.0
IDN.23.24_1,2019.0,0.9723695222223364,0.0020212996449132077,0.02256902387150013,0.0,0.0
IDN.23.24_1,2020.0,0.9708113067065983,0.002056761042192387,0.02409177798995899,0.0,0.0
IDN.23.24_1,2021.0,0.969501251439663,0.002213486511736053,0.025245107787350646,0.0,0.0
IDN.23.24_1,2022.0,0.9700956122709226,0.002092222439471566,0.02477201102835548,0.0,0.0
IDN.23.24_1,2023.0,0.9719700600118092,0.001737191273770608,0.023252594453169947,0.0,0.0
IDN.23.25_1,2011.0,0.9003894375099332,7.435909025298132E-4,0.07606205922191231,0.0,0.0
IDN.23.25_1,2012.0,0.8998893361774476,0.0011153863537947198,0.07640032018149451,0.0,0.0
IDN.23.25_1,2013.0,0.8976673115981231,0.002230772707589439,0.07760318781793978,0.0,0.0
IDN.23.25_1,2014.0,0.8962734431612241,0.0032907542490388003,0.07793707471338945,0.0,0.0
IDN.23.25_1,2015.0,0.8969339268452361,0.003595480716938274,0.07697186456147821,0.0,0.0
IDN.23.25_1,2016.0,0.8890533212997975,0.003678587935456311,0.08476936288839867,0.0,0.0
IDN.23.25_1,2017.0,0.8923571977412338,0.0032236852656733666,0.08182415970582961,0.0,0.0
IDN.23.25_1,2018.0,0.9012729984647042,0.003595480716938273,0.07253656353109449,0.0,0.0
IDN.23.25_1,2019.0,0.9067697390579147,0.0032236852656733666,0.06741161838914882,0.0,0.0
IDN.23.25_1,2020.0,0.9118261571951173,0.00357944248178567,0.06199944303583379,0.0,0.0
IDN.23.25_1,2021.0,0.9112983534564589,0.0032076470305207627,0.0628990422257571,0.0,0.0
IDN.23.25_1,2022.0,0.9101887991881742,0.002835851579255856,0.06447662135622231,0.0,0.0
IDN.23.25_1,2023.0,0.910732641161985,0.0031755705602155545,0.06349683099053598,0.0,0.0
IDN.23.26_1,2011.0,0.9210915309529134,0.07692783612840504,0.001844037544979384,1.365953737021766E-4,0.0
IDN.23.26_1,2012.0,0.9209455613868983,0.07741529412867554,0.0015025491107239423,1.365953737021766E-4,0.0
IDN.23.26_1,2013.0,0.9200517991083804,0.07877964086130082,0.00103196465661664,1.365953737021766E-4,0.0
IDN.23.26_1,2014.0,0.9202237485788055,0.07819790526976919,0.0014417507777231698,1.365953737021766E-4,0.0
IDN.23.26_1,2015.0,0.9195587165927223,0.07777767362008543,0.002527014413490267,1.365953737021766E-4,0.0
IDN.23.26_1,2016.0,0.9228635211341166,0.0750875482603508,0.0019123352318304722,1.365953737021766E-4,0.0
IDN.23.26_1,2017.0,0.9244316895910307,0.0729234490064026,0.002508266028864478,1.365953737021766E-4,0.0
IDN.23.26_1,2018.0,0.9240390448501535,0.07329734536265405,0.002527014413490267,1.365953737021766E-4,0.0
IDN.23.26_1,2019.0,0.921821914451121,0.07503639195372902,0.003005098221447885,1.365953737021766E-4,0.0
IDN.23.26_1,2020.0,0.9228611106275217,0.07440698189843467,0.0025953121003413552,1.365953737021766E-4,0.0
IDN.23.26_1,2021.0,0.9240920759952379,0.07307718576033406,0.0026941428707258712,1.365953737021766E-4,0.0
IDN.23.26_1,2022.0,0.9209442222165678,0.07564089344087765,0.003278288968852238,1.365953737021766E-4,0.0
IDN.23.26_1,2023.0,0.9225833667009941,0.07434323739070699,0.0029368005345967968,1.365953737021766E-4,0.0
IDN.23.5_1,2011.0,0.958257079950542,0.04093886990699926,8.040501424587666E-4,0.0,0.0
IDN.23.5_1,2012.0,0.9572880155958403,0.04163991754754828,0.001072066856611689,0.0,0.0
IDN.23.5_1,2013.0,0.9575385849474246,0.04144295153879433,0.0010184635137811043,0.0,0.0
IDN.23.5_1,2014.0,0.9569983473353674,0.042036792493682175,9.648601709505199E-4,0.0,0.0
IDN.23.5_1,2015.0,0.9557873322057714,0.043355014308939406,8.576534852893511E-4,0.0,0.0
IDN.23.5_1,2016.0,0.9555048110576759,0.04331591540005122,0.0011792735422728577,0.0,0.0
IDN.23.5_1,2017.0,0.9560286523531029,0.042899280790285654,0.001072066856611689,0.0,0.0
IDN.23.5_1,2018.0,0.9572949524990296,0.04179379067285019,9.112568281199355E-4,0.0,0.0
IDN.23.5_1,2019.0,0.9583092118290596,0.04072592799998992,9.648601709505199E-4,0.0,0.0
IDN.23.5_1,2020.0,0.9610467660787956,0.038095580435915,8.576534852893511E-4,0.0,0.0
IDN.23.5_1,2021.0,0.9622962494897171,0.03663168365367112,0.001072066856611689,0.0,0.0
IDN.23.5_1,2022.0,0.9621598237269837,0.036875316102065826,9.648601709505199E-4,0.0,0.0
IDN.23.5_1,2023.0,0.9627221333037357,0.03642021321097478,8.040501424587666E-4,5.3603342830584445E-5,0.0
IDN.23.6_1,2011.0,0.9858114541694304,0.013704766355593284,4.8377947497595255E-4,0.0,0.0
IDN.23.6_1,2012.0,0.9848276638384009,0.01415102393664953,0.0010213122249492332,0.0,0.0
IDN.23.6_1,2013.0,0.9848500083370274,0.014612458912999142,5.375327499732806E-4,0.0,0.0
IDN.23.6_1,2014.0,0.9840978840813784,0.015579596268637343,3.225196499839684E-4,0.0,0.0
IDN.23.6_1,2015.0,0.982871466222812,0.016483494477219862,6.450392999679368E-4,0.0,0.0
IDN.23.6_1,2016.0,0.986237053629115,0.013225413620911227,5.375327499732806E-4,0.0,0.0
IDN.23.6_1,2017.0,0.9867208331040912,0.012687880870937947,5.912860249706087E-4,0.0,0.0
IDN.23.6_1,2018.0,0.9862844829894071,0.013339244085611452,3.7627292498129645E-4,0.0,0.0
IDN.23.6_1,2019.0,0.9852703378677905,0.014460895757222364,2.687663749866403E-4,0.0,0.0
IDN.23.6_1,2020.0,0.9843424087833268,0.013937486416758186,0.001720104799914498,0.0,0.0
IDN.23.6_1,2021.0,0.9855249808332682,0.012647407816822312,0.0018276113499091542,0.0,0.0
IDN.23.6_1,2022.0,0.9866131157569396,0.011935124223818502,0.0014517600192415622,0.0,0.0
IDN.23.6_1,2023.0,0.9878831686269746,0.011203025698070579,9.138056749545771E-4,0.0,0.0
IDN.23.7_1,2011.0,0.9673892740881497,0.02097319168230795,0.004943923340517642,0.0,0.0
IDN.23.7_1,2012.0,0.967330232421466,0.021204664944663398,0.004773124233325592,0.0,0.0
IDN.23.7_1,2013.0,0.9659218029855763,0.022533102445046013,0.004853116168832502,0.0,0.0
IDN.23.7_1,2014.0,0.964394133870313,0.023930104461577405,0.00498215077908472,0.0,0.0
IDN.23.7_1,2015.0,0.9629987643422613,0.025268540953898386,0.005023371113197975,0.0,0.0
IDN.23.7_1,2016.0,0.962907072905983,0.02504767886666119,0.005335924636713496,0.0,0.0
IDN.23.7_1,2017.0,0.9650857648228931,0.022917009319196522,0.00528790226726802,0.0,0.0
IDN.23.7_1,2018.0,0.9661708935194421,0.02205335489306452,0.0050837731869480905,0.0,0.0
IDN.23.7_1,2019.0,0.9657205987804492,0.02231169619498224,0.005276678908969857,0.0,0.0
IDN.23.7_1,2020.0,0.963813376093648,0.023976290281483185,0.00550101003422648,0.0,0.0
IDN.23.7_1,2021.0,0.9625849965330024,0.025175625151260258,0.005530054725095061,0.0,0.0
IDN.23.7_1,2022.0,0.9617582091383711,0.026450462613224975,0.005099349847858875,0.0,0.0
IDN.23.7_1,2023.0,0.9623724329288705,0.025937861230588857,0.004997727439995505,0.0,0.0
IDN.26.21_1,2011.0,0.05085124759749146,0.17024269176541265,0.08968568531661897,0.6273440460462302,0.0
IDN.26.21_1,2012.0,0.04793580565541112,0.17203667858106045,0.088466934996569,0.6309900554070519,0.0
IDN.26.21_1,2013.0,0.05010702471297915,0.16887714518832583,0.08641861513093879,0.6331561536649559,0.0
IDN.26.21_1,2014.0,0.046189612969961366,0.17018806990232918,0.08517426081256843,0.6374422629837871,0.0
IDN.26.21_1,2015.0,0.049741741003608425,0.16273047865821383,0.0839281995609767,0.6430922119464837,0.0
IDN.26.21_1,2016.0,0.059850199540493525,0.15576960498151382,0.08510598348371408,0.6390297108796507,0.0
IDN.26.21_1,2017.0,0.06240718550608858,0.1580807925632332,0.08549004345851975,0.6333422093860839,0.0
IDN.26.21_1,2018.0,0.06147349303400547,0.15307265049176738,0.08226052580370945,0.6429983306193092,0.0
IDN.26.21_1,2019.0,0.06137619784038804,0.15233013454047642,0.08205398688392505,0.6438774012283087,0.0
IDN.26.21_1,2020.0,0.06012501578913224,0.1528951294367461,0.08190889756010958,0.6455706789838963,0.0
IDN.26.21_1,2021.0,0.06105017359510856,0.15272102224816753,0.0809001000262867,0.6451644288772129,0.0
IDN.26.21_1,2022.0,0.06065075122131066,0.14490156116112418,0.08356803665127005,0.6492798448739083,0.0
IDN.26.21_1,2023.0,0.06326235904998918,0.14339433912666463,0.08131317786585546,0.6498943408335975,0.0
IDN.29.14_1,2011.0,0.47688065328306706,0.08807687354851887,0.3859840764472625,0.0,0.0
IDN.29.14_1,2012.0,0.4818850715582968,0.08910262387822433,0.3780889072428628,0.0,0.0
IDN.29.14_1,2013.0,0.5118804978663505,0.0819845382569349,0.3552115665560987,0.0,0.0
IDN.29.14_1,2014.0,0.5366583629735214,0.07495526218800093,0.3380890848619677,0.0,0.0
IDN.29.14_1,2015.0,0.5936962979738101,0.09265944645006015,0.26334696559961984,0.0,0.0
IDN.29.14_1,2016.0,0.6118844942962064,0.0998885440117939,0.23792967171548965,0.0,0.0
IDN.29.14_1,2017.0,0.6125994111926679,0.08343657443794654,0.25593136797793964,0.0,0.0
IDN.29.14_1,2018.0,0.6125727683269612,0.07889396583496519,0.2605006194466276,0.0,0.0
IDN.29.14_1,2019.0,0.6281188804667831,0.0934454109884059,0.23040306215336515,0.0,0.0
IDN.29.14_1,2020.0,0.6187983179470785,0.09699335260500618,0.23617568305646952,0.0,0.0
IDN.29.14_1,2021.0,0.584557795036434,0.07893837061114294,0.28847118796097704,0.0,0.0
IDN.29.14_1,2022.0,0.5503616769019676,0.07675365562319882,0.3249585925462141,0.0,0.0
IDN.29.14_1,2023.0,0.5651129435482081,0.07788597741573082,0.3089684326446151,0.0,0.0
IDN.29.6_1,2011.0,0.706507790718883,0.07570220693608484,0.18810417155215095,0.0,0.0
IDN.29.6_1,2012.0,0.7135054326584853,0.07744795330779854,0.17904974074363583,0.0,0.0
IDN.29.6_1,2013.0,0.7302479871804897,0.06970120378331901,0.1700539357461111,0.0,0.0
IDN.29.6_1,2014.0,0.7435381328330601,0.06500951040933844,0.16166393079548705,0.0,0.0
IDN.29.6_1,2015.0,0.7480067224263273,0.07175799265223169,0.1503442637900935,0.0,0.0
IDN.29.6_1,2016.0,0.7505113473514166,0.06822741603481071,0.15136532999817603,0.0,0.0
IDN.29.6_1,2017.0,0.7491417832668912,0.07298424919878059,0.1478575523072513,0.0,0.0
IDN.29.6_1,2018.0,0.7595543786966834,0.06550945829750646,0.1451428515594465,0.0,0.0
IDN.29.6_1,2019.0,0.7738004507673472,0.06293317960342897,0.13337534849787638,0.0,0.0
IDN.29.6_1,2020.0,0.7749127126814148,0.0596110503139738,0.13589625837046296,0.0,0.0
IDN.29.6_1,2021.0,0.7791500560202199,0.05628892102451862,0.13497615883686384,0.0,0.0
IDN.29.6_1,2022.0,0.7670096276609608,0.060526264363323694,0.1429867245108001,0.0,0.0
IDN.29.6_1,2023.0,0.778654993616301,0.056108158107298266,0.1354484223142864,0.0,0.0
IDN.30.3_1,2011.0,0.04534627819991487,0.006575074490341163,0.09052953802403615,0.0,0.0
IDN.30.3_1,2012.0,0.04602552143238812,0.006575074490341163,0.09908800275319923,0.0,0.0
IDN.30.3_1,2013.0,0.04511080721265747,0.005234701178260594,0.09670612315132633,1.8113152865953613E-5,0.0
IDN.30.3_1,2014.0,0.05235606835903891,0.00326036751587165,0.08918916471195559,1.8113152865953613E-5,0.0
IDN.30.3_1,2015.0,0.05660360270610503,0.0032784806687376038,0.08945180542851193,0.0,0.0
IDN.30.3_1,2016.0,0.05677567765833159,0.002472445366202668,0.09011293550811923,1.8113152865953613E-5,0.0
IDN.30.3_1,2017.0,0.05509115444179789,0.007607524203700517,0.08435295289674598,1.8113152865953613E-5,0.0
IDN.30.3_1,2018.0,0.05562549245134354,0.00561507738844562,0.08350163471204616,1.8113152865953613E-5,0.0
IDN.30.3_1,2019.0,0.05479228741950967,0.0061675285508572064,0.08609181557187753,1.8113152865953613E-5,0.0
IDN.30.3_1,2020.0,0.05201191845458579,0.007824882038091962,0.08723294420243263,0.0,0.0
IDN.30.3_1,2021.0,0.05292663267431646,0.009971290652707465,0.0864631352056296,1.8113152865953613E-5,0.0
IDN.30.3_1,2022.0,0.059202840142369366,0.003296593821603558,0.08455219757827147,1.8113152865953613E-5,0.0
IDN.30.3_1,2023.0,0.059329632212431045,0.006303377197351857,0.07912730829491837,0.0,0.0
IDN.32.17_1,2011.0,0.37695576982689716,0.5709889383779552,0.04047770544760413,0.0,0.0
IDN.32.17_1,2012.0,0.4025031406522769,0.5459922013933075,0.03992707160687192,0.0,0.0
IDN.32.17_1,2013.0,0.3358907216158454,0.6134897133441014,0.039041978692509756,0.0,0.0
IDN.32.17_1,2014.0,0.2396032173331376,0.7097629419346418,0.039056254384676886,0.0,0.0
IDN.32.17_1,2015.0,0.23601593982999694,0.7133012742074953,0.0391051996149642,0.0,0.0
IDN.32.17_1,2016.0,0.2588509291436217,0.6904825999706331,0.03908888453820176,0.0,0.0
IDN.32.17_1,2017.0,0.2519578092114924,0.6966272657562855,0.03983733868467852,0.0,0.0
IDN.32.17_1,2018.0,0.2514581599856428,0.6967190380630742,0.04024521560373942,0.0,0.0
IDN.32.17_1,2019.0,0.30306478716982366,0.6446963764214511,0.04066125006118155,0.0,0.0
IDN.32.17_1,2020.0,0.23718654658770175,0.7114841825330789,0.039751684531675734,0.0,0.0
IDN.32.17_1,2021.0,0.20207038324115323,0.7458763643482944,0.04047566606300883,0.0,0.0
IDN.32.17_1,2022.0,0.18228223451291348,0.7651893364658283,0.04095084267371478,0.0,0.0
IDN.32.17_1,2023.0,0.23084406049630474,0.7148552852691173,0.04272306788703442,0.0,0.0
IDN.32.19_1,2011.0,0.48447574581035246,0.46036383919342166,0.046023493319994134,0.0,0.0
IDN.32.19_1,2012.0,0.479420036531472,0.46761581473857644,0.04382722705371974,0.0,0.0
IDN.32.19_1,2013.0,0.42606916982108,0.5232334811833734,0.04156042731931473,0.0,0.0
IDN.32.19_1,2014.0,0.3630471106816046,0.5910056045731633,0.03681036306900036,0.0,0.0
IDN.32.19_1,2015.0,0.3614248409146002,0.594648212300875,0.03479002510829319,0.0,0.0
IDN.32.19_1,2016.0,0.3516344712462615,0.6040867253580792,0.03514188171942759,0.0,0.0
IDN.32.19_1,2017.0,0.3434412387298462,0.6115170613973573,0.0359047781965646,0.0,0.0
IDN.32.19_1,2018.0,0.3635303054747754,0.5923157434754516,0.035017029373541175,0.0,0.0
IDN.32.19_1,2019.0,0.3931438226058954,0.5655170792334067,0.032202176484466015,0.0,0.0
IDN.32.19_1,2020.0,0.3538915422264416,0.6060567980886242,0.03091473800870237,0.0,0.0
IDN.32.19_1,2021.0,0.34050964079007207,0.6148961820314776,0.035457255502218545,0.0,0.0
IDN.32.19_1,2022.0,0.32014006163165803,0.635520330258777,0.035202686433333276,0.0,0.0
IDN.32.19_1,2023.0,0.36970644294855837,0.5890185065227245,0.03213812885248533,0.0,0.0
IDN.32.20_1,2011.0,0.4296942053222745,0.5452016495746974,0.019290394460480684,5.931211897778472E-4,0.0
IDN.32.20_1,2012.0,0.4219987486305881,0.5538053957746514,0.018382104952213044,5.931211897778472E-4,0.0
IDN.32.20_1,2013.0,0.3678398061075202,0.6088342493760601,0.017808754468761123,2.965605948889236E-4,0.0
IDN.32.20_1,2014.0,0.31272954371535777,0.6651005165969265,0.016652749640056853,2.965605948889236E-4,0.0
IDN.32.20_1,2015.0,0.2999413856706573,0.6785364560194822,0.01630152885709036,0.0,0.0
IDN.32.20_1,2016.0,0.28843018265806686,0.6891382065410799,0.017210981348083063,0.0,0.0
IDN.32.20_1,2017.0,0.2698840971416211,0.7074040132207874,0.017491260184821222,0.0,0.0
IDN.32.20_1,2018.0,0.2783354926045929,0.6983525186716874,0.018091359270949393,0.0,0.0
IDN.32.20_1,2019.0,0.26272244952073487,0.7157251546185532,0.016331766407941782,0.0,0.0
IDN.32.20_1,2020.0,0.2261373389559672,0.7526068257782096,0.016035205813052858,0.0,0.0
IDN.32.20_1,2021.0,0.20403136331812932,0.7738242826141056,0.01633060342521673,5.931211897778472E-4,0.0
IDN.32.20_1,2022.0,0.19769659641475695,0.7810475683194199,0.015442084623275008,5.931211897778472E-4,0.0
IDN.32.20_1,2023.0,0.24267960523714394,0.7369030700417976,0.014900134673399568,2.965605948889236E-4,0.0
IDN.32.22_1,2019.0,0.6461278081666947,0.31169943303690617,6.526230712748853E-5,0.04210749648927179,0.0
IDN.32.22_1,2020.0,0.659346112631481,0.2939762378660097,3.263115356374427E-4,0.046351337966871846,0.0
IDN.32.22_1,2021.0,0.6624060190786035,0.2735056275303542,1.3052461425497707E-4,0.06395782877678731,0.0
IDN.32.26_1,2011.0,0.37379600729159546,0.3308541594196384,0.016384002978479396,0.2774986768010691,0.0
IDN.32.26_1,2012.0,0.366339554537488,0.35556465295903583,0.01681941627798932,0.25986286058649877,0.0
IDN.32.26_1,2013.0,0.35456761960653504,0.3713404971441781,0.01576322350979405,0.2568622950224847,0.0
IDN.32.26_1,2014.0,0.36261408893316677,0.3651484783015097,0.015773477808514395,0.254982603187825,0.0
IDN.32.26_1,2015.0,0.3684385306063212,0.3661147487578496,0.013870122207576992,0.2498593977887001,0.0
IDN.32.26_1,2016.0,0.340783475749767,0.40209313900648486,0.015183461235990077,0.24044043001796092,0.0
IDN.32.26_1,2017.0,0.32558187229296404,0.40685586636597937,0.01628224878348523,0.24971347122998752,0.0
IDN.32.26_1,2018.0,0.31853874665650733,0.4141214314054466,0.017535639603994777,0.24855867943563506,0.0
IDN.32.26_1,2019.0,0.3203805764651227,0.42179085805605343,0.016717662082995157,0.23989221943252723,0.0
IDN.32.26_1,2020.0,0.33232998964315863,0.4043262097508918,0.016474714082543966,0.24575294554730753,0.0
IDN.32.26_1,2021.0,0.3325879246955857,0.36454978501468366,0.017260351122964052,0.28455521190508326,0.0
IDN.32.26_1,2022.0,0.33318188522915626,0.3388643443046444,0.015973042237456443,0.31093794492810567,0.0
IDN.32.26_1,2023.0,0.33478707737499447,0.3664602397455043,0.014063376298844979,0.28351242860444537,0.0
IDN.35.13,2011.0,0.629340739979594,0.019162898127130117,0.3314557235959185,0.0,0.0
IDN.35.13,2012.0,0.6196350856652951,0.036003953809485734,0.3247946548149254,0.0,0.0
IDN.35.13,2013.0,0.5972359315065124,0.058463999678934585,0.32418504575700674,0.0,0.0
IDN.35.13,2014.0,0.5798091390846244,0.079563323400373,0.3207972523999465,0.0,0.0
IDN.35.13,2015.0,0.5749090862541457,0.08877492451676713,0.3163345127642518,0.0,0.0
IDN.35.13,2016.0,0.5804661468036868,0.08556184885224312,0.31402097373456817,0.0,0.0
IDN.35.13,2017.0,0.5940827096257684,0.0721117003076069,0.31336500394239225,0.0,0.0
IDN.35.13,2018.0,0.5979683619126499,0.06554819665393127,0.31564532931171263,0.0,0.0
IDN.35.13,2019.0,0.6089741926399216,0.055562994031574386,0.3146444218176383,0.0,0.0
IDN.35.13,2020.0,0.6163490091430976,0.04605835155759956,0.31689706913665583,0.0,0.0
IDN.35.13,2021.0,0.6213535466134692,0.03937410240947805,0.3188103143638356,0.0,0.0
IDN.35.13,2022.0,0.6282824005311415,0.03250510227558549,0.31886359461066843,0.0,0.0
IDN.35.13,2023.0,0.6316940662065877,0.029054687329715095,0.31746758294852184,0.0,0.0
IDN.5.2_1,2011.0,0.23974777259544935,0.7524535085358918,0.0015079827787245481,0.004906082757795911,0.0
IDN.5.2_1,2012.0,0.2457441997787542,0.7461169910604828,0.0015079827787245481,0.0052461730498998375,0.0
IDN.5.2_1,2013.0,0.2253098185188505,0.7670278724549278,0.001746232845995155,0.004531422848088016,0.0
IDN.5.2_1,2014.0,0.21849866953687902,0.7745005157413212,0.001746232845995155,0.003869928543666095,0.0
IDN.5.2_1,2015.0,0.20149228630370422,0.791059362573623,0.001746232845995155,0.004317464944539118,0.0
IDN.5.2_1,2016.0,0.213072173887045,0.7794561171405497,0.002222732980536369,0.0038643226597303163,0.0
IDN.5.2_1,2017.0,0.23601612252219908,0.756273918438125,0.002222732980536369,0.0041025727270009235,0.0
IDN.5.2_1,2018.0,0.2593001614494571,0.7339139160462812,0.0019844829132657617,0.003416786258857294,0.0
IDN.5.2_1,2019.0,0.24399422967680187,0.7487433476843953,0.0019844829132657617,0.0038932863933985084,0.0
IDN.5.2_1,2020.0,0.23635247555834582,0.7561524576195167,0.0019844829132657617,0.0041259305767333354,0.0
IDN.5.2_1,2021.0,0.2629281026698955,0.7290947244894899,0.0019844829132657617,0.004608036595210328,0.0
IDN.5.2_1,2022.0,0.26752305886925565,0.7229759021735871,0.0019844829132657617,0.006131902711752917,0.0
IDN.5.2_1,2023.0,0.26136686399378106,0.727523208359493,0.001746232845995155,0.007979041468592093,0.0
IDN.6.4_1,2011.0,0.6202256231590789,0.2608217682340948,0.03539146413555468,0.07478767353371552,0.0
IDN.6.4_1,2012.0,0.614101762190924,0.2689108042853862,0.03497542386606131,0.07323853872007238,0.0
IDN.6.4_1,2013.0,0.6088832323181453,0.2774868420826733,0.033670076060401906,0.07118637860122337,0.0
IDN.6.4_1,2014.0,0.5968890259793396,0.28524796744012754,0.03355905568587411,0.07553047995710259,0.0
IDN.6.4_1,2015.0,0.5802376866100842,0.29250663976234753,0.03331469640791858,0.08516750628209352,0.0
IDN.6.4_1,2016.0,0.5666514252097508,0.3021167693986643,0.033706129068624864,0.08875220538540371,0.0
IDN.6.4_1,2017.0,0.5756686831552901,0.2986264948406999,0.03369582820913259,0.083235522857321,0.0
IDN.6.4_1,2018.0,0.5763617020911311,0.2880177541036047,0.032726975146887355,0.0941200977208203,0.0
IDN.6.4_1,2019.0,0.5679029796380615,0.2801015435837947,0.03126024720918238,0.1119617586314048,0.0
IDN.6.4_1,2020.0,0.5626918892749163,0.2761626093679448,0.03148801065795592,0.12088401976162655,0.0
IDN.6.4_1,2021.0,0.5668568701296244,0.26904585999872943,0.033366772975351726,0.12195702595873807,0.0
IDN.6.4_1,2022.0,0.5759296382624276,0.26189534670117826,0.032710379317705374,0.12069116478113238,0.0
IDN.6.4_1,2023.0,0.574799405068137,0.2620687445026314,0.032173017814191913,0.12218536167748341,0.0
IDN.7.6_1,2011.0,0.0,0.0,0.17009000692360962,0.0,0.0
IDN.7.6_1,2012.0,0.0,0.0,0.18439879990768532,0.0,0.0
IDN.7.6_1,2013.0,0.0,0.0,0.20655435033464126,0.0,0.0
IDN.7.6_1,2014.0,0.0,0.0,0.18012924071082403,0.0,0.0
IDN.7.6_1,2015.0,0.0,0.0,0.1854373413339489,0.0,0.0
IDN.7.6_1,2016.0,0.0,0.0,0.20505423494114944,0.0,0.0
IDN.7.6_1,2017.0,0.0,0.0,0.2082852527117472,0.0,0.0
IDN.7.6_1,2018.0,0.0,0.0,0.2168243711054698,0.0,0.0
IDN.7.6_1,2019.0,0.0,0.0,0.19236095084237262,0.0,0.0
IDN.7.6_1,2020.0,0.0,0.0,0.23332564043387974,0.0,0.0
IDN.7.6_1,2021.0,0.0,0.0,0.24151857835218107,0.0,0.0
IDN.7.6_1,2022.0,0.0,0.0,0.25213477959843084,0.0,0.0
IDN.7.6_1,2023.0,0.0,0.0,0.2649434571890147,0.0,0.0
IDN.8.11_1,2020.0,0.18825884745578766,0.8091546467343553,4.022682248802425E-5,4.3224115143994686E-5,0.0
IDN.8.11_1,2022.0,0.1988757312999701,0.798457309245197,8.045364497604852E-5,8.345093763201895E-5,0.0
IDN.8.11_1,2023.0,0.1912597684133943,0.8059525916643087,8.04536449760485E-5,2.0413140509609168E-4,0.0
IDN.9.27_1,2011.0,0.06731468176823598,0.07875919195334288,0.327850562082664,0.023058067788014534,0.0
IDN.9.27_1,2012.0,0.07380610261178258,0.07656157552193386,0.32712365818612105,0.02380187642633758,0.0
IDN.9.27_1,2013.0,0.0823768066942777,0.07718705096779645,0.31236581861212054,0.02074211816414503,0.0
IDN.9.27_1,2014.0,0.07737300312737719,0.07568252894937026,0.32403009044036835,0.020218071168962886,0.0
IDN.9.27_1,2015.0,0.0764939565548136,0.08239371143605778,0.3409855464457779,0.02288902037021383,0.0
IDN.9.27_1,2016.0,0.08163299805595467,0.06538754120530807,0.3774997886907275,0.021114022483306554,0.0
IDN.9.27_1,2017.0,0.0922322711520581,0.07480348237680666,0.3579917166765275,0.019288310371059075,0.0
IDN.9.27_1,2018.0,0.08115966528611272,0.06854872791818102,0.4252894937029834,0.025035922576282635,0.0
IDN.9.27_1,2019.0,0.07558110049868985,0.07005324993660718,0.46374778125264116,0.03762995520243427,0.0
IDN.9.27_1,2020.0,0.08460823260924685,0.07155777195503336,0.4808722846758513,0.03582114783196686,0.0
IDN.9.27_1,2021.0,0.08389823345448394,0.08957822669258718,0.48829346631730164,0.04116304623446875,0.0
IDN.9.27_1,2022.0,0.08227537824359729,0.07853943031020197,0.5172850984701205,0.03345448398275714,0.0
IDN.9.27_1,2023.0,0.07221705688445604,0.07941847688276557,0.5008536894598932,0.04192375961457187,0.0
IDN.1.13_1,2011.0,0.7274363216152521,0.2617042067990748,0.0,0.010859471585673129,0.0
IDN.1.13_1,2012.0,0.7052467456756185,0.28389428879544837,0.0,0.010858965528933036,0.0
IDN.1.13_1,2013.0,0.6843582416147662,0.3055064539946348,0.0,0.010135304390598883,0.0
IDN.1.13_1,2014.0,0.676599379675648,0.3126706992641429,0.0,0.010729921060209114,0.0
IDN.1.13_1,2015.0,0.6781868796693221,0.3126317328951557,0.0,0.009181387435522046,0.0
IDN.1.13_1,2016.0,0.6773609950694891,0.3133285730262649,0.0,0.009310431904245969,0.0
IDN.1.13_1,2017.0,0.692755747159883,0.2986428064287425,0.0,0.008601446411374537,0.0
IDN.1.13_1,2018.0,0.6833764915389843,0.30750537811800543,0.0,0.009118130343010318,0.0
IDN.1.13_1,2019.0,0.6872792011185878,0.305280752688553,0.0,0.007440046192859236,0.0
IDN.1.13_1,2020.0,0.6916156013244517,0.30107339695141305,0.0,0.0073110017241353135,0.0
IDN.1.13_1,2021.0,0.690252284466639,0.3001791946916673,0.0,0.009568520841693814,0.0
IDN.1.13_1,2022.0,0.6847929443545069,0.3048642679914559,0.0,0.010342787654037348,0.0
IDN.1.13_1,2023.0,0.702789840202463,0.28699641661222347,0.0,0.010213743185313425,0.0
IDN.1.23_1,2011.0,0.6357976739398756,0.363554268665112,0.0,4.32038263341723E-4,0.0
IDN.1.23_1,2012.0,0.6164677737576574,0.38288416884733056,0.0,4.32038263341723E-4,0.0
IDN.1.23_1,2013.0,0.5857803500526497,0.41378761168400907,0.0,2.160191316708615E-4,0.0
IDN.1.23_1,2014.0,0.5749836291383551,0.42436831346663273,0.0,4.32038263341723E-4,0.0
IDN.1.23_1,2015.0,0.5892205606162394,0.41013138198874854,0.0,4.32038263341723E-4,0.0
IDN.1.23_1,2016.0,0.6201985512316905,0.37936941050496814,0.0,2.160191316708615E-4,0.0
IDN.1.23_1,2017.0,0.616149251430174,0.38298667204314296,0.0,6.480573950125844E-4,0.0
IDN.1.23_1,2018.0,0.5978164277890401,0.401103476552606,0.0,8.64076526683446E-4,0.0
IDN.1.23_1,2019.0,0.5966626314857629,0.40225727285588325,0.0,8.64076526683446E-4,0.0
IDN.1.23_1,2020.0,0.5865631017297629,0.41235680261188334,0.0,8.64076526683446E-4,0.0
IDN.1.23_1,2021.0,0.5861801972297033,0.412739707111943,0.0,8.64076526683446E-4,0.0
IDN.1.23_1,2022.0,0.5863419997949939,0.4119298471516397,0.0,0.0015121339216960304,0.0
IDN.1.23_1,2023.0,0.6449950061459562,0.35327684080067717,0.0,0.0015121339216960304,0.0
IDN.14.4_1,2011.0,0.8973808093035783,0.10227439767943684,0.0,1.477684358508247E-4,0.0
IDN.14.4_1,2012.0,0.8900535230795948,0.10965094004870381,0.0,9.851229056721645E-5,0.0
IDN.23.12_1,2011.0,0.6969068628112768,0.3030931371887226,0.0,0.0,0.0
IDN.23.12_1,2012.0,0.6887824374123286,0.31121756258767075,0.0,0.0,0.0
IDN.23.12_1,2015.0,0.6963403687135363,0.30365963128646295,0.0,0.0,0.0
IDN.23.12_1,2016.0,0.6901346111745985,0.3098653888254008,0.0,0.0,0.0
IDN.32.22_1,2011.0,0.5103975651784901,0.41347894420431075,0.0,0.07612349061719975,0.0
IDN.32.22_1,2012.0,0.5235099143681755,0.40664585268275455,0.0,0.0698442329490706,0.0
IDN.32.22_1,2013.0,0.522143244877741,0.41237665104039656,0.0,0.06548010408186301,0.0
IDN.32.22_1,2014.0,0.5375561543763244,0.40028367349498106,0.0,0.062160172128695235,0.0
IDN.32.22_1,2015.0,0.5577058277192825,0.38661262777016125,0.0,0.05568154451055703,0.0
IDN.32.22_1,2016.0,0.5600104829180393,0.38658114830437035,0.0,0.05340836877759093,0.0
IDN.32.22_1,2017.0,0.5876340980454834,0.36024742348250444,0.0,0.052118478472012335,0.0
IDN.32.22_1,2018.0,0.6220173526076384,0.33540014367944815,0.0,0.04258250371291343,0.0
IDN.32.22_1,2022.0,0.6364871577855754,0.27837957018500464,0.0,0.08513327202941977,0.0
IDN.32.22_1,2023.0,0.6809492159437606,0.24708514222960107,0.0,0.07196564182663824,0.0
IDN.32.24_1,2011.0,0.8303193155161107,0.16648472260794028,0.0,0.0031959618759491125,0.0
IDN.32.24_1,2012.0,0.8224701158730068,0.17477561053433938,0.0,0.0027542735926540884,0.0
IDN.32.24_1,2013.0,0.8188583170346911,0.17862819596187593,0.0,0.002513487003433055,0.0
IDN.32.24_1,2014.0,0.8161033048328677,0.18076573089808964,0.0,0.0031309642690428214,0.0
IDN.32.24_1,2015.0,0.8190599573379347,0.17806833021147853,0.0,0.0028717124505870466,0.0
IDN.32.24_1,2016.0,0.8208636409295842,0.1760763012816346,0.0,0.003060057788781413,0.0
IDN.32.24_1,2017.0,0.8243646483924911,0.1730317542854104,0.0,0.0026035973220985952,0.0
IDN.32.24_1,2018.0,0.8304795937058683,0.16672846363383892,0.0,0.0027919426602929617,0.0
IDN.32.24_1,2019.0,0.8252886484633978,0.17173918823897844,0.0,0.002972163297624042,0.0
IDN.32.24_1,2020.0,0.8258152768011725,0.17091785484261715,0.0,0.0032668683562105207,0.0
IDN.32.24_1,2021.0,0.8216428736032902,0.1738508718542635,0.0,0.004506254542446391,0.0
IDN.32.24_1,2022.0,0.8196774346035444,0.17414853134952757,0.0,0.006174034046928271,0.0
IDN.32.24_1,2023.0,0.8357052535793003,0.1590624390647435,0.0,0.005232307355956439,0.0
IDN.8.11_1,2011.0,0.3069924944636851,0.6904058555109331,0.0,9.859515315692219E-5,0.0
IDN.8.11_1,2012.0,0.25367728370826315,0.7437100236092011,0.0,1.0963781031049749E-4,0.0
IDN.8.11_1,2013.0,0.21520435068071686,0.7822895971544022,0.0,2.9972926559704344E-6,0.0
IDN.8.11_1,2014.0,0.19213986818853424,0.8053570769392407,0.0,0.0,0.0
IDN.8.11_1,2015.0,0.19419080512644327,0.8033031427086758,0.0,2.9972926559704344E-6,0.0
IDN.8.11_1,2016.0,0.18633947589025127,0.8111142451223795,0.0,4.3224115143994686E-5,0.0
IDN.8.11_1,2017.0,0.19736572681034123,0.8001282210247777,0.0,2.9972926559704344E-6,0.0
IDN.8.11_1,2018.0,0.2020762088475663,0.7953805094577208,0.0,4.022682248802425E-5,0.0
IDN.8.11_1,2019.0,0.1899720368370424,0.8074846814682449,0.0,4.022682248802426E-5,0.0
IDN.8.11_1,2021.0,0.19449258517122595,0.802920909018917,0.0,8.345093763201894E-5,0.0
IDN.33.3_1,2011.0,0.0,0.0,0.0,0.0,1.0
IDN.33.3_1,2012.0,0.0,0.0,0.0,0.0,1.0
IDN.33.3_1,2013.0,0.0,0.0,0.0,0.0,1.0
IDN.33.3_1,2014.0,0.0,0.0,0.0,0.0,1.0
IDN.33.3_1,2015.0,0.0,0.0,0.0,0.0,1.0
IDN.33.3_1,2016.0,0.0,0.0,0.0,0.0,1.0
IDN.33.3_1,2017.0,0.0,0.0,0.0,0.0,1.0
IDN.33.3_1,2018.0,0.0,0.0,0.0,0.0,1.0
IDN.33.3_1,2019.0,0.0,0.0,0.0,0.0,1.0
IDN.33.3_1,2020.0,0.0,0.0,0.0,0.0,1.0
IDN.33.3_1,2021.0,0.0,0.0,0.0,0.0,1.0
IDN.33.3_1,2022.0,0.0,0.0,0.0,0.0,1.0
IDN.33.3_1,2023.0,0.0,0.0,0.0,0.0,1.0
IDN.4.3_1,2011.0,0.0,0.0,0.0,0.0,1.0
IDN.4.3_1,2012.0,0.0,0.0,0.0,0.0,1.0
IDN.4.3_1,2013.0,0.0,0.0,0.0,0.0,1.0
IDN.4.3_1,2014.0,0.0,0.0,0.0,0.0,1.0
IDN.4.3_1,2015.0,0.0,0.0,0.0,0.0,1.0
IDN.4.3_1,2016.0,0.0,0.0,0.0,0.0,1.0
IDN.4.3_1,2017.0,0.0,0.0,0.0,0.0,1.0
IDN.4.3_1,2018.0,0.0,0.0,0.0,0.0,1.0
IDN.4.3_1,2019.0,0.0,0.0,0.0,0.0,1.0
IDN.4.3_1,2020.0,0.0,0.0,0.0,0.0,1.0
IDN.4.3_1,2021.0,0.0,0.0,0.0,0.0,1.0
IDN.4.3_1,2022.0,0.0,0.0,0.0,0.0,1.0
IDN.4.3_1,2023.0,0.0,0.0,0.0,0.0,1.0
IDN.7.1_1,2011.0,0.0,0.0,0.0,0.0,1.0
IDN.7.1_1,2012.0,0.0,0.0,0.0,0.0,1.0
IDN.7.1_1,2013.0,0.0,0.0,0.0,0.0,1.0
IDN.7.1_1,2014.0,0.0,0.0,0.0,0.0,1.0
IDN.7.1_1,2015.0,0.0,0.0,0.0,0.0,1.0
IDN.7.1_1,2016.0,0.0,0.0,0.0,0.0,1.0
IDN.7.1_1,2017.0,0.0,0.0,0.0,0.0,1.0
IDN.7.1_1,2018.0,0.0,0.0,0.0,0.0,1.0
IDN.7.1_1,2019.0,0.0,0.0,0.0,0.0,1.0
IDN.7.1_1,2020.0,0.0,0.0,0.0,0.0,1.0
IDN.7.1_1,2021.0,0.0,0.0,0.0,0.0,1.0
IDN.7.1_1,2022.0,0.0,0.0,0.0,0.0,1.0
IDN.7.1_1,2023.0,0.0,0.0,0.0,0.0,1.0
IDN.7.2_1,2011.0,0.0,0.0,0.0,0.0,1.0
IDN.7.2_1,2012.0,0.0,0.0,0.0,0.0,1.0
IDN.7.2_1,2013.0,0.0,0.0,0.0,0.0,1.0
IDN.7.2_1,2014.0,0.0,0.0,0.0,0.0,1.0
IDN.7.2_1,2015.0,0.0,0.0,0.0,0.0,1.0
IDN.7.2_1,2016.0,0.0,0.0,0.0,0.0,1.0
IDN.7.2_1,2017.0,0.0,0.0,0.0,0.0,1.0
IDN.7.2_1,2018.0,0.0,0.0,0.0,0.0,1.0
IDN.7.2_1,2019.0,0.0,0.0,0.0,0.0,1.0
IDN.7.2_1,2020.0,0.0,0.0,0.0,0.0,1.0
IDN.7.2_1,2021.0,0.0,0.0,0.0,0.0,1.0
IDN.7.2_1,2022.0,0.0,0.0,0.0,0.0,1.0
IDN.7.2_1,2023.0,0.0,0.0,0.0,0.0,1.0
