year,country,country_iso2,region,region_trase_id,parent_region,parent_region_trase_id,peatland_area_hectares
"2015","INDONESIA","ID","ACEH BARAT","ID-1105","ACEH","ID-11","23930.71650964687"
"2015","INDONESIA","ID","ACEH BARAT DAYA","ID-1112","ACEH","ID-11","2473.740237747516"
"2015","INDONESIA","ID","ACEH BESAR","ID-1106","ACEH","ID-11","0"
"2015","INDONESIA","ID","ACEH JAYA","ID-1114","ACEH","ID-11","4571.252837132295"
"2015","INDONESIA","ID","ACEH SELATAN","ID-1101","ACEH","ID-11","48836.71827814446"
"2015","INDONESIA","ID","ACEH SINGKIL","ID-1110","ACEH","ID-11","23738.41615852781"
"2015","INDONESIA","ID","ACEH TAMIANG","ID-1116","ACEH","ID-11","0"
"2015","INDONESIA","ID","ACEH TENGAH","ID-1104","ACEH","ID-11","0"
"2015","INDONESIA","ID","ACEH TENGGARA","ID-1102","ACEH","ID-11","0"
"2015","INDONESIA","ID","ACEH TIMUR","ID-1103","ACEH","ID-11","0"
"2015","INDONESIA","ID","ACEH UTARA","ID-1108","ACEH","ID-11","0"
"2015","INDONESIA","ID","ADMINISTRASI KEPULAUAN SERIBU","ID-3101","DAERAH KHUSUS IBUKOTA JAKARTA","ID-31","0"
"2015","INDONESIA","ID","AGAM","ID-1306","SUMATERA BARAT","ID-13","11138.7587677363"
"2015","INDONESIA","ID","ALOR","ID-5305","NUSA TENGGARA TIMUR","ID-53","0"
"2015","INDONESIA","ID","ASAHAN","ID-1209","SUMATERA UTARA","ID-12","28450.41170211967"
"2015","INDONESIA","ID","ASMAT","ID-9304","PAPUA SELATAN","ID-93","300132.9104511264"
"2015","INDONESIA","ID","BADUNG","ID-5103","BALI","ID-51","0"
"2015","INDONESIA","ID","BALANGAN","ID-6311","KALIMANTAN SELATAN","ID-63","2522.051580087205"
"2015","INDONESIA","ID","BANDUNG","ID-3204","JAWA BARAT","ID-32","0"
"2015","INDONESIA","ID","BANDUNG BARAT","ID-3217","JAWA BARAT","ID-32","0"
"2015","INDONESIA","ID","BANGGAI","ID-7201","SULAWESI TENGAH","ID-72","0"
"2015","INDONESIA","ID","BANGGAI KEPULAUAN","ID-7207","SULAWESI TENGAH","ID-72","0"
"2015","INDONESIA","ID","BANGGAI LAUT","ID-7211","SULAWESI TENGAH","ID-72","0"
"2015","INDONESIA","ID","BANGKA","ID-1901","KEPULAUAN BANGKA BELITUNG","ID-19","473.6416326539059"
"2015","INDONESIA","ID","BANGKA BARAT","ID-1905","KEPULAUAN BANGKA BELITUNG","ID-19","3811.70757007356"
"2015","INDONESIA","ID","BANGKALAN","ID-3526","JAWA TIMUR","ID-35","0"
"2015","INDONESIA","ID","BANGKA SELATAN","ID-1903","KEPULAUAN BANGKA BELITUNG","ID-19","3881.9879420374896"
"2015","INDONESIA","ID","BANGKA TENGAH","ID-1904","KEPULAUAN BANGKA BELITUNG","ID-19","15442.352555941152"
"2015","INDONESIA","ID","BANGLI","ID-5106","BALI","ID-51","0"
"2015","INDONESIA","ID","BANJAR","ID-6303","KALIMANTAN SELATAN","ID-63","2378.5928005565956"
"2015","INDONESIA","ID","BANJARNEGARA","ID-3304","JAWA TENGAH","ID-33","0"
"2015","INDONESIA","ID","BANTAENG","ID-7303","SULAWESI SELATAN","ID-73","0"
"2015","INDONESIA","ID","BANTUL","ID-3402","DAERAH ISTIMEWA YOGYAKARTA","ID-34","0"
"2015","INDONESIA","ID","BANYUASIN","ID-1607","SUMATERA SELATAN","ID-16","191935.43837467028"
"2015","INDONESIA","ID","BANYUMAS","ID-3302","JAWA TENGAH","ID-33","0"
"2015","INDONESIA","ID","BANYUWANGI","ID-3510","JAWA TIMUR","ID-35","0"
"2015","INDONESIA","ID","BARITO KUALA","ID-6304","KALIMANTAN SELATAN","ID-63","0"
"2015","INDONESIA","ID","BARITO SELATAN","ID-6204","KALIMANTAN TENGAH","ID-62","145654.26588574494"
"2015","INDONESIA","ID","BARITO TIMUR","ID-6213","KALIMANTAN TENGAH","ID-62","27427.309635697897"
"2015","INDONESIA","ID","BARITO UTARA","ID-6205","KALIMANTAN TENGAH","ID-62","0"
"2015","INDONESIA","ID","BARRU","ID-7311","SULAWESI SELATAN","ID-73","0"
"2015","INDONESIA","ID","BATANG","ID-3325","JAWA TENGAH","ID-33","0"
"2015","INDONESIA","ID","BATANGHARI","ID-1504","JAMBI","ID-15","0"
"2015","INDONESIA","ID","BATU BARA","ID-1219","SUMATERA UTARA","ID-12","0"
"2015","INDONESIA","ID","BEKASI","ID-3216","JAWA BARAT","ID-32","0"
"2015","INDONESIA","ID","BELITUNG","ID-1902","KEPULAUAN BANGKA BELITUNG","ID-19","0"
"2015","INDONESIA","ID","BELITUNG TIMUR","ID-1906","KEPULAUAN BANGKA BELITUNG","ID-19","714.7465418182478"
"2015","INDONESIA","ID","BELU","ID-5304","NUSA TENGGARA TIMUR","ID-53","0"
"2015","INDONESIA","ID","BENER MERIAH","ID-1117","ACEH","ID-11","0"
"2015","INDONESIA","ID","BENGKALIS","ID-1403","RIAU","ID-14","536291.4438363129"
"2015","INDONESIA","ID","BENGKAYANG","ID-6107","KALIMANTAN BARAT","ID-61","30252.381057345367"
"2015","INDONESIA","ID","BENGKULU SELATAN","ID-1701","BENGKULU","ID-17","0"
"2015","INDONESIA","ID","BENGKULU TENGAH","ID-1709","BENGKULU","ID-17","0"
"2015","INDONESIA","ID","BENGKULU UTARA","ID-1703","BENGKULU","ID-17","0"
"2015","INDONESIA","ID","BERAU","ID-6403","KALIMANTAN TIMUR","ID-64","13708.429222667815"
"2015","INDONESIA","ID","BIAK NUMFOR","ID-9106","PAPUA","ID-91","0"
"2015","INDONESIA","ID","BIMA","ID-5206","NUSA TENGGARA BARAT","ID-52","0"
"2015","INDONESIA","ID","BINTAN","ID-2101","KEPULAUAN RIAU","ID-21","0"
"2015","INDONESIA","ID","BIREUEN","ID-1111","ACEH","ID-11","0"
"2015","INDONESIA","ID","BLITAR","ID-3505","JAWA TIMUR","ID-35","0"
"2015","INDONESIA","ID","BLORA","ID-3316","JAWA TENGAH","ID-33","0"
"2015","INDONESIA","ID","BOALEMO","ID-7502","GORONTALO","ID-75","0"
"2015","INDONESIA","ID","BOGOR","ID-3201","JAWA BARAT","ID-32","0"
"2015","INDONESIA","ID","BOJONEGORO","ID-3522","JAWA TIMUR","ID-35","0"
"2015","INDONESIA","ID","BOLAANG MONGONDOW","ID-7101","SULAWESI UTARA","ID-71","0"
"2015","INDONESIA","ID","BOLAANG MONGONDOW SELATAN","ID-7111","SULAWESI UTARA","ID-71","0"
"2015","INDONESIA","ID","BOLAANG MONGONDOW TIMUR","ID-7110","SULAWESI UTARA","ID-71","0"
"2015","INDONESIA","ID","BOLAANG MONGONDOW UTARA","ID-7108","SULAWESI UTARA","ID-71","0"
"2015","INDONESIA","ID","BOMBANA","ID-7406","SULAWESI TENGGARA","ID-74","0"
"2015","INDONESIA","ID","BONDOWOSO","ID-3511","JAWA TIMUR","ID-35","0"
"2015","INDONESIA","ID","BONE","ID-7308","SULAWESI SELATAN","ID-73","0"
"2015","INDONESIA","ID","BONE BOLANGO","ID-7503","GORONTALO","ID-75","0"
"2015","INDONESIA","ID","BOVEN DIGOEL","ID-9302","PAPUA SELATAN","ID-93","123709.12557806344"
"2015","INDONESIA","ID","BOYOLALI","ID-3309","JAWA TENGAH","ID-33","0"
"2015","INDONESIA","ID","BREBES","ID-3329","JAWA TENGAH","ID-33","0"
"2015","INDONESIA","ID","BULELENG","ID-5108","BALI","ID-51","0"
"2015","INDONESIA","ID","BULUKUMBA","ID-7302","SULAWESI SELATAN","ID-73","0"
"2015","INDONESIA","ID","BULUNGAN","ID-6501","KALIMANTAN UTARA","ID-65","0"
"2015","INDONESIA","ID","BUNGO","ID-1508","JAMBI","ID-15","0"
"2015","INDONESIA","ID","BUOL","ID-7205","SULAWESI TENGAH","ID-72","0"
"2015","INDONESIA","ID","BURU","ID-8104","MALUKU","ID-81","0"
"2015","INDONESIA","ID","BURU SELATAN","ID-8109","MALUKU","ID-81","0"
"2015","INDONESIA","ID","BUTON","ID-7404","SULAWESI TENGGARA","ID-74","0"
"2015","INDONESIA","ID","BUTON SELATAN","ID-7415","SULAWESI TENGGARA","ID-74","0"
"2015","INDONESIA","ID","BUTON TENGAH","ID-7414","SULAWESI TENGGARA","ID-74","0"
"2015","INDONESIA","ID","BUTON UTARA","ID-7410","SULAWESI TENGGARA","ID-74","0"
"2015","INDONESIA","ID","CIAMIS","ID-3207","JAWA BARAT","ID-32","0"
"2015","INDONESIA","ID","CIANJUR","ID-3203","JAWA BARAT","ID-32","0"
"2015","INDONESIA","ID","CILACAP","ID-3301","JAWA TENGAH","ID-33","0"
"2015","INDONESIA","ID","CIREBON","ID-3209","JAWA BARAT","ID-32","0"
"2015","INDONESIA","ID","DAIRI","ID-1211","SUMATERA UTARA","ID-12","0"
"2015","INDONESIA","ID","DEIYAI","ID-9408","PAPUA TENGAH","ID-94","1814.530857682557"
"2015","INDONESIA","ID","DELI SERDANG","ID-1207","SUMATERA UTARA","ID-12","0"
"2015","INDONESIA","ID","DEMAK","ID-3321","JAWA TENGAH","ID-33","0"
"2015","INDONESIA","ID","DHARMASRAYA","ID-1310","SUMATERA BARAT","ID-13","0"
"2015","INDONESIA","ID","DOGIYAI","ID-9406","PAPUA TENGAH","ID-94","3220.9081995370793"
"2015","INDONESIA","ID","DOMPU","ID-5205","NUSA TENGGARA BARAT","ID-52","0"
"2015","INDONESIA","ID","DONGGALA","ID-7203","SULAWESI TENGAH","ID-72","584.3060448679521"
"2015","INDONESIA","ID","EMPAT LAWANG","ID-1611","SUMATERA SELATAN","ID-16","0"
"2015","INDONESIA","ID","ENDE","ID-5308","NUSA TENGGARA TIMUR","ID-53","0"
"2015","INDONESIA","ID","ENREKANG","ID-7316","SULAWESI SELATAN","ID-73","0"
"2015","INDONESIA","ID","FAK FAK","ID-9203","PAPUA BARAT","ID-92","26157.623771776725"
"2015","INDONESIA","ID","FLORES TIMUR","ID-5306","NUSA TENGGARA TIMUR","ID-53","0"
"2015","INDONESIA","ID","GARUT","ID-3205","JAWA BARAT","ID-32","0"
"2015","INDONESIA","ID","GAYO LUES","ID-1113","ACEH","ID-11","0"
"2015","INDONESIA","ID","GIANYAR","ID-5104","BALI","ID-51","0"
"2015","INDONESIA","ID","GORONTALO","ID-7501","GORONTALO","ID-75","0"
"2015","INDONESIA","ID","GORONTALO UTARA","ID-7505","GORONTALO","ID-75","0"
"2015","INDONESIA","ID","GOWA","ID-7306","SULAWESI SELATAN","ID-73","0"
"2015","INDONESIA","ID","GRESIK","ID-3525","JAWA TIMUR","ID-35","0"
"2015","INDONESIA","ID","GROBOGAN","ID-3315","JAWA TENGAH","ID-33","0"
"2015","INDONESIA","ID","GUNUNGKIDUL","ID-3403","DAERAH ISTIMEWA YOGYAKARTA","ID-34","0"
"2015","INDONESIA","ID","GUNUNG MAS","ID-6210","KALIMANTAN TENGAH","ID-62","0"
"2015","INDONESIA","ID","HALMAHERA BARAT","ID-8201","MALUKU UTARA","ID-82","0"
"2015","INDONESIA","ID","HALMAHERA SELATAN","ID-8204","MALUKU UTARA","ID-82","0"
"2015","INDONESIA","ID","HALMAHERA TENGAH","ID-8202","MALUKU UTARA","ID-82","0"
"2015","INDONESIA","ID","HALMAHERA TIMUR","ID-8206","MALUKU UTARA","ID-82","0"
"2015","INDONESIA","ID","HALMAHERA UTARA","ID-8203","MALUKU UTARA","ID-82","0"
"2015","INDONESIA","ID","HULU SUNGAI SELATAN","ID-6306","KALIMANTAN SELATAN","ID-63","2262.5626792109333"
"2015","INDONESIA","ID","HULU SUNGAI TENGAH","ID-6307","KALIMANTAN SELATAN","ID-63","1481.7902570695703"
"2015","INDONESIA","ID","HULU SUNGAI UTARA","ID-6308","KALIMANTAN SELATAN","ID-63","20348.114726988577"
"2015","INDONESIA","ID","HUMBANG HASUNDUTAN","ID-1216","SUMATERA UTARA","ID-12","2969.396288606546"
"2015","INDONESIA","ID","INDRAGIRI HILIR","ID-1404","RIAU","ID-14","718274.4908948487"
"2015","INDONESIA","ID","INDRAGIRI HULU","ID-1402","RIAU","ID-14","200397.77769751896"
"2015","INDONESIA","ID","INDRAMAYU","ID-3212","JAWA BARAT","ID-32","0"
"2015","INDONESIA","ID","INTAN JAYA","ID-9407","PAPUA TENGAH","ID-94","1119.980361464453"
"2015","INDONESIA","ID","JAYAPURA","ID-9103","PAPUA","ID-91","25646.883561012397"
"2015","INDONESIA","ID","JAYAWIJAYA","ID-9501","PAPUA PEGUNUNGAN","ID-95","0"
"2015","INDONESIA","ID","JEMBER","ID-3509","JAWA TIMUR","ID-35","0"
"2015","INDONESIA","ID","JEMBRANA","ID-5101","BALI","ID-51","0"
"2015","INDONESIA","ID","JENEPONTO","ID-7304","SULAWESI SELATAN","ID-73","0"
"2015","INDONESIA","ID","JEPARA","ID-3320","JAWA TENGAH","ID-33","0"
"2015","INDONESIA","ID","JOMBANG","ID-3517","JAWA TIMUR","ID-35","0"
"2015","INDONESIA","ID","KAIMANA","ID-9208","PAPUA BARAT","ID-92","86265.34616287949"
"2015","INDONESIA","ID","KAMPAR","ID-1401","RIAU","ID-14","92946.42451525282"
"2015","INDONESIA","ID","KAPUAS","ID-6203","KALIMANTAN TENGAH","ID-62","303700.54693519877"
"2015","INDONESIA","ID","KAPUAS HULU","ID-6106","KALIMANTAN BARAT","ID-61","244173.1306161445"
"2015","INDONESIA","ID","KARANGANYAR","ID-3313","JAWA TENGAH","ID-33","0"
"2015","INDONESIA","ID","KARANGASEM","ID-5107","BALI","ID-51","0"
"2015","INDONESIA","ID","KARAWANG","ID-3215","JAWA BARAT","ID-32","0"
"2015","INDONESIA","ID","KARIMUN","ID-2102","KEPULAUAN RIAU","ID-21","3592.288924627867"
"2015","INDONESIA","ID","KARO","ID-1206","SUMATERA UTARA","ID-12","0"
"2015","INDONESIA","ID","KATINGAN","ID-6206","KALIMANTAN TENGAH","ID-62","565768.5126757957"
"2015","INDONESIA","ID","KAUR","ID-1704","BENGKULU","ID-17","0"
"2015","INDONESIA","ID","KAYONG UTARA","ID-6111","KALIMANTAN BARAT","ID-61","132131.08752515668"
"2015","INDONESIA","ID","KEBUMEN","ID-3305","JAWA TENGAH","ID-33","0"
"2015","INDONESIA","ID","KEDIRI","ID-3506","JAWA TIMUR","ID-35","0"
"2015","INDONESIA","ID","KEEROM","ID-9111","PAPUA","ID-91","600.2167148364724"
"2015","INDONESIA","ID","KENDAL","ID-3324","JAWA TENGAH","ID-33","0"
"2015","INDONESIA","ID","KEPAHIANG","ID-1708","BENGKULU","ID-17","0"
"2015","INDONESIA","ID","KEP. SIAU TAGULANDANG BIARO","ID-7109","SULAWESI UTARA","ID-71","0"
"2015","INDONESIA","ID","KEPULAUAN ANAMBAS","ID-2105","KEPULAUAN RIAU","ID-21","0"
"2015","INDONESIA","ID","KEPULAUAN ARU","ID-8107","MALUKU","ID-81","0"
"2015","INDONESIA","ID","KEPULAUAN MENTAWAI","ID-1309","SUMATERA BARAT","ID-13","0"
"2015","INDONESIA","ID","KEPULAUAN MERANTI","ID-1410","RIAU","ID-14","301248.0443852444"
"2015","INDONESIA","ID","KEPULAUAN SANGIHE","ID-7103","SULAWESI UTARA","ID-71","0"
"2015","INDONESIA","ID","KEPULAUAN SELAYAR","ID-7301","SULAWESI SELATAN","ID-73","0"
"2015","INDONESIA","ID","KEPULAUAN SULA","ID-8205","MALUKU UTARA","ID-82","0"
"2015","INDONESIA","ID","KEPULAUAN TALAUD","ID-7104","SULAWESI UTARA","ID-71","0"
"2015","INDONESIA","ID","KEPULAUAN TANIMBAR","ID-8103","MALUKU","ID-81","0"
"2015","INDONESIA","ID","KEPULAUAN YAPEN","ID-9105","PAPUA","ID-91","613.4908850339178"
"2015","INDONESIA","ID","KERINCI","ID-1501","JAMBI","ID-15","4202.8736435119645"
"2015","INDONESIA","ID","KETAPANG","ID-6104","KALIMANTAN BARAT","ID-61","261272.708776481"
"2015","INDONESIA","ID","KLATEN","ID-3310","JAWA TENGAH","ID-33","0"
"2015","INDONESIA","ID","KLUNGKUNG","ID-5105","BALI","ID-51","0"
"2015","INDONESIA","ID","KOLAKA","ID-7401","SULAWESI TENGGARA","ID-74","0"
"2015","INDONESIA","ID","KOLAKA TIMUR","ID-7411","SULAWESI TENGGARA","ID-74","0"
"2015","INDONESIA","ID","KOLAKA UTARA","ID-7408","SULAWESI TENGGARA","ID-74","0"
"2015","INDONESIA","ID","KONAWE","ID-7402","SULAWESI TENGGARA","ID-74","0"
"2015","INDONESIA","ID","KONAWE KEPULAUAN","ID-7412","SULAWESI TENGGARA","ID-74","0"
"2015","INDONESIA","ID","KONAWE SELATAN","ID-7405","SULAWESI TENGGARA","ID-74","0"
"2015","INDONESIA","ID","KONAWE UTARA","ID-7409","SULAWESI TENGGARA","ID-74","0"
"2015","INDONESIA","ID","KOTA ADMINISTRASI JAKARTA BARAT","ID-3173","DAERAH KHUSUS IBUKOTA JAKARTA","ID-31","0"
"2015","INDONESIA","ID","KOTA ADMINISTRASI JAKARTA PUSAT","ID-3171","DAERAH KHUSUS IBUKOTA JAKARTA","ID-31","0"
"2015","INDONESIA","ID","KOTA ADMINISTRASI JAKARTA SELATAN","ID-3174","DAERAH KHUSUS IBUKOTA JAKARTA","ID-31","0"
"2015","INDONESIA","ID","KOTA ADMINISTRASI JAKARTA TIMUR","ID-3175","DAERAH KHUSUS IBUKOTA JAKARTA","ID-31","0"
"2015","INDONESIA","ID","KOTA ADMINISTRASI JAKARTA UTARA","ID-3172","DAERAH KHUSUS IBUKOTA JAKARTA","ID-31","0"
"2015","INDONESIA","ID","KOTA AMBON","ID-8171","MALUKU","ID-81","0"
"2015","INDONESIA","ID","KOTA BALIKPAPAN","ID-6471","KALIMANTAN TIMUR","ID-64","0"
"2015","INDONESIA","ID","KOTA BANDA ACEH","ID-1171","ACEH","ID-11","0"
"2015","INDONESIA","ID","KOTA BANDAR LAMPUNG","ID-1871","LAMPUNG","ID-18","0"
"2015","INDONESIA","ID","KOTA BANDUNG","ID-3273","JAWA BARAT","ID-32","0"
"2015","INDONESIA","ID","KOTA BANJAR","ID-3279","JAWA BARAT","ID-32","0"
"2015","INDONESIA","ID","KOTA BANJARBARU","ID-6372","KALIMANTAN SELATAN","ID-63","0"
"2015","INDONESIA","ID","KOTA BANJARMASIN","ID-6371","KALIMANTAN SELATAN","ID-63","0"
"2015","INDONESIA","ID","KOTABARU","ID-6302","KALIMANTAN SELATAN","ID-63","0"
"2015","INDONESIA","ID","KOTA BATAM","ID-2171","KEPULAUAN RIAU","ID-21","0"
"2015","INDONESIA","ID","KOTA BATU","ID-3579","JAWA TIMUR","ID-35","0"
"2015","INDONESIA","ID","KOTA BAU BAU","ID-7472","SULAWESI TENGGARA","ID-74","0"
"2015","INDONESIA","ID","KOTA BEKASI","ID-3275","JAWA BARAT","ID-32","0"
"2015","INDONESIA","ID","KOTA BENGKULU","ID-1771","BENGKULU","ID-17","0"
"2015","INDONESIA","ID","KOTA BIMA","ID-5272","NUSA TENGGARA BARAT","ID-52","0"
"2015","INDONESIA","ID","KOTA BINJAI","ID-1275","SUMATERA UTARA","ID-12","0"
"2015","INDONESIA","ID","KOTA BITUNG","ID-7172","SULAWESI UTARA","ID-71","0"
"2015","INDONESIA","ID","KOTA BLITAR","ID-3572","JAWA TIMUR","ID-35","0"
"2015","INDONESIA","ID","KOTA BOGOR","ID-3271","JAWA BARAT","ID-32","0"
"2015","INDONESIA","ID","KOTA BONTANG","ID-6474","KALIMANTAN TIMUR","ID-64","0"
"2015","INDONESIA","ID","KOTA BUKITTINGGI","ID-1375","SUMATERA BARAT","ID-13","0"
"2015","INDONESIA","ID","KOTA CILEGON","ID-3672","BANTEN","ID-36","0"
"2015","INDONESIA","ID","KOTA CIMAHI","ID-3277","JAWA BARAT","ID-32","0"
"2015","INDONESIA","ID","KOTA CIREBON","ID-3274","JAWA BARAT","ID-32","0"
"2015","INDONESIA","ID","KOTA DENPASAR","ID-5171","BALI","ID-51","0"
"2015","INDONESIA","ID","KOTA DEPOK","ID-3276","JAWA BARAT","ID-32","0"
"2015","INDONESIA","ID","KOTA DUMAI","ID-1472","RIAU","ID-14","135283.1805850815"
"2015","INDONESIA","ID","KOTA GORONTALO","ID-7571","GORONTALO","ID-75","0"
"2015","INDONESIA","ID","KOTA GUNUNGSITOLI","ID-1278","SUMATERA UTARA","ID-12","0"
"2015","INDONESIA","ID","KOTA JAMBI","ID-1571","JAMBI","ID-15","0"
"2015","INDONESIA","ID","KOTA JAYAPURA","ID-9171","PAPUA","ID-91","460.8569889148686"
"2015","INDONESIA","ID","KOTA KEDIRI","ID-3571","JAWA TIMUR","ID-35","0"
"2015","INDONESIA","ID","KOTA KENDARI","ID-7471","SULAWESI TENGGARA","ID-74","0"
"2015","INDONESIA","ID","KOTA KOTAMOBAGU","ID-7174","SULAWESI UTARA","ID-71","0"
"2015","INDONESIA","ID","KOTA KUPANG","ID-5371","NUSA TENGGARA TIMUR","ID-53","0"
"2015","INDONESIA","ID","KOTA LANGSA","ID-1174","ACEH","ID-11","0"
"2015","INDONESIA","ID","KOTA LHOKSEUMAWE","ID-1173","ACEH","ID-11","0"
"2015","INDONESIA","ID","KOTA LUBUK LINGGAU","ID-1673","SUMATERA SELATAN","ID-16","0"
"2015","INDONESIA","ID","KOTA MADIUN","ID-3577","JAWA TIMUR","ID-35","0"
"2015","INDONESIA","ID","KOTA MAGELANG","ID-3371","JAWA TENGAH","ID-33","0"
"2015","INDONESIA","ID","KOTA MAKASSAR","ID-7371","SULAWESI SELATAN","ID-73","0"
"2015","INDONESIA","ID","KOTA MALANG","ID-3573","JAWA TIMUR","ID-35","0"
"2015","INDONESIA","ID","KOTA MANADO","ID-7171","SULAWESI UTARA","ID-71","0"
"2015","INDONESIA","ID","KOTA MATARAM","ID-5271","NUSA TENGGARA BARAT","ID-52","0"
"2015","INDONESIA","ID","KOTA MEDAN","ID-1271","SUMATERA UTARA","ID-12","0"
"2015","INDONESIA","ID","KOTA METRO","ID-1872","LAMPUNG","ID-18","0"
"2015","INDONESIA","ID","KOTA MOJOKERTO","ID-3576","JAWA TIMUR","ID-35","0"
"2015","INDONESIA","ID","KOTA PADANG","ID-1371","SUMATERA BARAT","ID-13","0"
"2015","INDONESIA","ID","KOTA PADANG PANJANG","ID-1374","SUMATERA BARAT","ID-13","0"
"2015","INDONESIA","ID","KOTA PADANGSIDIMPUAN","ID-1277","SUMATERA UTARA","ID-12","0"
"2015","INDONESIA","ID","KOTA PAGAR ALAM","ID-1672","SUMATERA SELATAN","ID-16","0"
"2015","INDONESIA","ID","KOTA PALANGKARAYA","ID-6271","KALIMANTAN TENGAH","ID-62","115584.75184339315"
"2015","INDONESIA","ID","KOTA PALEMBANG","ID-1671","SUMATERA SELATAN","ID-16","0"
"2015","INDONESIA","ID","KOTA PALOPO","ID-7373","SULAWESI SELATAN","ID-73","0"
"2015","INDONESIA","ID","KOTA PALU","ID-7271","SULAWESI TENGAH","ID-72","0"
"2015","INDONESIA","ID","KOTA PANGKAL PINANG","ID-1971","KEPULAUAN BANGKA BELITUNG","ID-19","0"
"2015","INDONESIA","ID","KOTA PAREPARE","ID-7372","SULAWESI SELATAN","ID-73","0"
"2015","INDONESIA","ID","KOTA PARIAMAN","ID-1377","SUMATERA BARAT","ID-13","0"
"2015","INDONESIA","ID","KOTA PASURUAN","ID-3575","JAWA TIMUR","ID-35","0"
"2015","INDONESIA","ID","KOTA PAYAKUMBUH","ID-1376","SUMATERA BARAT","ID-13","0"
"2015","INDONESIA","ID","KOTA PEKALONGAN","ID-3375","JAWA TENGAH","ID-33","0"
"2015","INDONESIA","ID","KOTA PEKANBARU","ID-1471","RIAU","ID-14","5511.351383662669"
"2015","INDONESIA","ID","KOTA PEMATANGSIANTAR","ID-1272","SUMATERA UTARA","ID-12","0"
"2015","INDONESIA","ID","KOTA PONTIANAK","ID-6171","KALIMANTAN BARAT","ID-61","4303.5655180525455"
"2015","INDONESIA","ID","KOTA PRABUMULIH","ID-1674","SUMATERA SELATAN","ID-16","0"
"2015","INDONESIA","ID","KOTA PROBOLINGGO","ID-3574","JAWA TIMUR","ID-35","0"
"2015","INDONESIA","ID","KOTA SABANG","ID-1172","ACEH","ID-11","0"
"2015","INDONESIA","ID","KOTA SALATIGA","ID-3373","JAWA TENGAH","ID-33","0"
"2015","INDONESIA","ID","KOTA SAMARINDA","ID-6472","KALIMANTAN TIMUR","ID-64","0"
"2015","INDONESIA","ID","KOTA SAWAHLUNTO","ID-1373","SUMATERA BARAT","ID-13","0"
"2015","INDONESIA","ID","KOTA SEMARANG","ID-3374","JAWA TENGAH","ID-33","0"
"2015","INDONESIA","ID","KOTA SERANG","ID-3673","BANTEN","ID-36","0"
"2015","INDONESIA","ID","KOTA SIBOLGA","ID-1273","SUMATERA UTARA","ID-12","0"
"2015","INDONESIA","ID","KOTA SINGKAWANG","ID-6172","KALIMANTAN BARAT","ID-61","3955.576711656947"
"2015","INDONESIA","ID","KOTA SOLOK","ID-1372","SUMATERA BARAT","ID-13","0"
"2015","INDONESIA","ID","KOTA SORONG","ID-9671","PAPUA BARAT DAYA","ID-96","0"
"2015","INDONESIA","ID","KOTA SUBULUSSALAM","ID-1175","ACEH","ID-11","3927.526711787974"
"2015","INDONESIA","ID","KOTA SUKABUMI","ID-3272","JAWA BARAT","ID-32","0"
"2015","INDONESIA","ID","KOTA SUNGAI PENUH","ID-1572","JAMBI","ID-15","578.8773354669264"
"2015","INDONESIA","ID","KOTA SURABAYA","ID-3578","JAWA TIMUR","ID-35","0"
"2015","INDONESIA","ID","KOTA SURAKARTA","ID-3372","JAWA TENGAH","ID-33","0"
"2015","INDONESIA","ID","KOTA TANGERANG","ID-3671","BANTEN","ID-36","0"
"2015","INDONESIA","ID","KOTA TANGERANG SELATAN","ID-3674","BANTEN","ID-36","0"
"2015","INDONESIA","ID","KOTA TANJUNGBALAI","ID-1274","SUMATERA UTARA","ID-12","0"
"2015","INDONESIA","ID","KOTA TANJUNG PINANG","ID-2172","KEPULAUAN RIAU","ID-21","0"
"2015","INDONESIA","ID","KOTA TARAKAN","ID-6571","KALIMANTAN UTARA","ID-65","3215.5865865918304"
"2015","INDONESIA","ID","KOTA TASIKMALAYA","ID-3278","JAWA BARAT","ID-32","0"
"2015","INDONESIA","ID","KOTA TEBING TINGGI","ID-1276","SUMATERA UTARA","ID-12","0"
"2015","INDONESIA","ID","KOTA TEGAL","ID-3376","JAWA TENGAH","ID-33","0"
"2015","INDONESIA","ID","KOTA TERNATE","ID-8271","MALUKU UTARA","ID-82","0"
"2015","INDONESIA","ID","KOTA TIDORE KEPULAUAN","ID-8272","MALUKU UTARA","ID-82","0"
"2015","INDONESIA","ID","KOTA TOMOHON","ID-7173","SULAWESI UTARA","ID-71","0"
"2015","INDONESIA","ID","KOTA TUAL","ID-8172","MALUKU","ID-81","0"
"2015","INDONESIA","ID","KOTAWARINGIN BARAT","ID-6201","KALIMANTAN TENGAH","ID-62","257892.80736691543"
"2015","INDONESIA","ID","KOTAWARINGIN TIMUR","ID-6202","KALIMANTAN TENGAH","ID-62","275227.77356167"
"2015","INDONESIA","ID","KOTA YOGYAKARTA","ID-3471","DAERAH ISTIMEWA YOGYAKARTA","ID-34","0"
"2015","INDONESIA","ID","KUANTAN SINGINGI","ID-1409","RIAU","ID-14","0"
"2015","INDONESIA","ID","KUBU RAYA","ID-6112","KALIMANTAN BARAT","ID-61","515393.5569979219"
"2015","INDONESIA","ID","KUDUS","ID-3319","JAWA TENGAH","ID-33","0"
"2015","INDONESIA","ID","KULON PROGO","ID-3401","DAERAH ISTIMEWA YOGYAKARTA","ID-34","0"
"2015","INDONESIA","ID","KUNINGAN","ID-3208","JAWA BARAT","ID-32","0"
"2015","INDONESIA","ID","KUPANG","ID-5301","NUSA TENGGARA TIMUR","ID-53","0"
"2015","INDONESIA","ID","KUTAI BARAT","ID-6407","KALIMANTAN TIMUR","ID-64","24592.681700819263"
"2015","INDONESIA","ID","KUTAI KARTANEGARA","ID-6402","KALIMANTAN TIMUR","ID-64","141374.38267315438"
"2015","INDONESIA","ID","KUTAI TIMUR","ID-6408","KALIMANTAN TIMUR","ID-64","1900.9224878902603"
"2015","INDONESIA","ID","LABUHANBATU","ID-1210","SUMATERA UTARA","ID-12","108488.01983083058"
"2015","INDONESIA","ID","LABUHANBATU SELATAN","ID-1222","SUMATERA UTARA","ID-12","41721.96056818482"
"2015","INDONESIA","ID","LABUHANBATU UTARA","ID-1223","SUMATERA UTARA","ID-12","76568.09443976663"
"2015","INDONESIA","ID","LAHAT","ID-1604","SUMATERA SELATAN","ID-16","0"
"2015","INDONESIA","ID","LAMANDAU","ID-6209","KALIMANTAN TENGAH","ID-62","567.4440697236604"
"2015","INDONESIA","ID","LAMONGAN","ID-3524","JAWA TIMUR","ID-35","0"
"2015","INDONESIA","ID","LAMPUNG BARAT","ID-1804","LAMPUNG","ID-18","0"
"2015","INDONESIA","ID","LAMPUNG SELATAN","ID-1801","LAMPUNG","ID-18","0"
"2015","INDONESIA","ID","LAMPUNG TENGAH","ID-1802","LAMPUNG","ID-18","0"
"2015","INDONESIA","ID","LAMPUNG TIMUR","ID-1807","LAMPUNG","ID-18","0"
"2015","INDONESIA","ID","LAMPUNG UTARA","ID-1803","LAMPUNG","ID-18","0"
"2015","INDONESIA","ID","LANDAK","ID-6108","KALIMANTAN BARAT","ID-61","43600.46431762313"
"2015","INDONESIA","ID","LANGKAT","ID-1205","SUMATERA UTARA","ID-12","0"
"2015","INDONESIA","ID","LANNY JAYA","ID-9507","PAPUA PEGUNUNGAN","ID-95","0"
"2015","INDONESIA","ID","LEBAK","ID-3602","BANTEN","ID-36","0"
"2015","INDONESIA","ID","LEBONG","ID-1707","BENGKULU","ID-17","0"
"2015","INDONESIA","ID","LEMBATA","ID-5313","NUSA TENGGARA TIMUR","ID-53","0"
"2015","INDONESIA","ID","LIMA PULUH KOTA","ID-1307","SUMATERA BARAT","ID-13","0"
"2015","INDONESIA","ID","LINGGA","ID-2104","KEPULAUAN RIAU","ID-21","0"
"2015","INDONESIA","ID","LOMBOK BARAT","ID-5201","NUSA TENGGARA BARAT","ID-52","0"
"2015","INDONESIA","ID","LOMBOK TENGAH","ID-5202","NUSA TENGGARA BARAT","ID-52","0"
"2015","INDONESIA","ID","LOMBOK TIMUR","ID-5203","NUSA TENGGARA BARAT","ID-52","0"
"2015","INDONESIA","ID","LOMBOK UTARA","ID-5208","NUSA TENGGARA BARAT","ID-52","0"
"2015","INDONESIA","ID","LUMAJANG","ID-3508","JAWA TIMUR","ID-35","0"
"2015","INDONESIA","ID","LUWU","ID-7317","SULAWESI SELATAN","ID-73","0"
"2015","INDONESIA","ID","LUWU TIMUR","ID-7324","SULAWESI SELATAN","ID-73","0"
"2015","INDONESIA","ID","LUWU UTARA","ID-7322","SULAWESI SELATAN","ID-73","0"
"2015","INDONESIA","ID","MADIUN","ID-3519","JAWA TIMUR","ID-35","0"
"2015","INDONESIA","ID","MAGELANG","ID-3308","JAWA TENGAH","ID-33","0"
"2015","INDONESIA","ID","MAGETAN","ID-3520","JAWA TIMUR","ID-35","0"
"2015","INDONESIA","ID","MAHAKAM ULU","ID-6411","KALIMANTAN TIMUR","ID-64","0"
"2015","INDONESIA","ID","MAJALENGKA","ID-3210","JAWA BARAT","ID-32","0"
"2015","INDONESIA","ID","MAJENE","ID-7605","SULAWESI BARAT","ID-76","0"
"2015","INDONESIA","ID","MALAKA","ID-5321","NUSA TENGGARA TIMUR","ID-53","0"
"2015","INDONESIA","ID","MALANG","ID-3507","JAWA TIMUR","ID-35","0"
"2015","INDONESIA","ID","MALINAU","ID-6502","KALIMANTAN UTARA","ID-65","0"
"2015","INDONESIA","ID","MALUKU BARAT DAYA","ID-8108","MALUKU","ID-81","0"
"2015","INDONESIA","ID","MALUKU TENGAH","ID-8101","MALUKU","ID-81","0"
"2015","INDONESIA","ID","MALUKU TENGGARA","ID-8102","MALUKU","ID-81","0"
"2015","INDONESIA","ID","MAMASA","ID-7603","SULAWESI BARAT","ID-76","0"
"2015","INDONESIA","ID","MAMBERAMO RAYA","ID-9120","PAPUA","ID-91","442552.123923047"
"2015","INDONESIA","ID","MAMBERAMO TENGAH","ID-9505","PAPUA PEGUNUNGAN","ID-95","35800.25921926981"
"2015","INDONESIA","ID","MAMUJU","ID-7602","SULAWESI BARAT","ID-76","3545.815901686274"
"2015","INDONESIA","ID","MAMUJU TENGAH","ID-7606","SULAWESI BARAT","ID-76","5285.072693359358"
"2015","INDONESIA","ID","MANDAILING NATAL","ID-1213","SUMATERA UTARA","ID-12","29834.00592307882"
"2015","INDONESIA","ID","MANGGARAI","ID-5310","NUSA TENGGARA TIMUR","ID-53","0"
"2015","INDONESIA","ID","MANGGARAI BARAT","ID-5315","NUSA TENGGARA TIMUR","ID-53","0"
"2015","INDONESIA","ID","MANGGARAI TIMUR","ID-5319","NUSA TENGGARA TIMUR","ID-53","0"
"2015","INDONESIA","ID","MANOKWARI","ID-9202","PAPUA BARAT","ID-92","736.1033616750423"
"2015","INDONESIA","ID","MANOKWARI SELATAN","ID-9211","PAPUA BARAT","ID-92","0"
"2015","INDONESIA","ID","MAPPI","ID-9303","PAPUA SELATAN","ID-93","389505.5393037975"
"2015","INDONESIA","ID","MAROS","ID-7309","SULAWESI SELATAN","ID-73","0"
"2015","INDONESIA","ID","MAYBRAT","ID-9605","PAPUA BARAT DAYA","ID-96","1388.526419036897"
"2015","INDONESIA","ID","MELAWI","ID-6110","KALIMANTAN BARAT","ID-61","5680.5208547236425"
"2015","INDONESIA","ID","MEMPAWAH","ID-6102","KALIMANTAN BARAT","ID-61","72099.70347832156"
"2015","INDONESIA","ID","MERANGIN","ID-1502","JAMBI","ID-15","1095.9816128019445"
"2015","INDONESIA","ID","MERAUKE","ID-9301","PAPUA SELATAN","ID-93","13749.381393167669"
"2015","INDONESIA","ID","MESUJI","ID-1811","LAMPUNG","ID-18","21276.10784578186"
"2015","INDONESIA","ID","MIMIKA","ID-9404","PAPUA TENGAH","ID-94","264013.68736623693"
"2015","INDONESIA","ID","MINAHASA","ID-7102","SULAWESI UTARA","ID-71","0"
"2015","INDONESIA","ID","MINAHASA SELATAN","ID-7105","SULAWESI UTARA","ID-71","0"
"2015","INDONESIA","ID","MINAHASA TENGGARA","ID-7107","SULAWESI UTARA","ID-71","0"
"2015","INDONESIA","ID","MINAHASA UTARA","ID-7106","SULAWESI UTARA","ID-71","0"
"2015","INDONESIA","ID","MOJOKERTO","ID-3516","JAWA TIMUR","ID-35","0"
"2015","INDONESIA","ID","MOROWALI","ID-7206","SULAWESI TENGAH","ID-72","0"
"2015","INDONESIA","ID","MOROWALI UTARA","ID-7212","SULAWESI TENGAH","ID-72","6304.367176886164"
"2015","INDONESIA","ID","MUARA ENIM","ID-1603","SUMATERA SELATAN","ID-16","20151.41111660912"
"2015","INDONESIA","ID","MUARO JAMBI","ID-1505","JAMBI","ID-15","189704.4234511261"
"2015","INDONESIA","ID","MUKOMUKO","ID-1706","BENGKULU","ID-17","6264.5721966112515"
"2015","INDONESIA","ID","MUNA","ID-7403","SULAWESI TENGGARA","ID-74","0"
"2015","INDONESIA","ID","MUNA BARAT","ID-7413","SULAWESI TENGGARA","ID-74","0"
"2015","INDONESIA","ID","MURUNG RAYA","ID-6212","KALIMANTAN TENGAH","ID-62","0"
"2015","INDONESIA","ID","MUSI BANYUASIN","ID-1606","SUMATERA SELATAN","ID-16","239727.17065908105"
"2015","INDONESIA","ID","MUSI RAWAS","ID-1605","SUMATERA SELATAN","ID-16","3916.980157950604"
"2015","INDONESIA","ID","MUSI RAWAS UTARA","ID-1613","SUMATERA SELATAN","ID-16","34018.14215503354"
"2015","INDONESIA","ID","NABIRE","ID-9401","PAPUA TENGAH","ID-94","149908.774751419"
"2015","INDONESIA","ID","NAGAN RAYA","ID-1115","ACEH","ID-11","42450.63515054629"
"2015","INDONESIA","ID","NAGEKEO","ID-5316","NUSA TENGGARA TIMUR","ID-53","0"
"2015","INDONESIA","ID","NATUNA","ID-2103","KEPULAUAN RIAU","ID-21","0"
"2015","INDONESIA","ID","NDUGA","ID-9508","PAPUA PEGUNUNGAN","ID-95","0"
"2015","INDONESIA","ID","NGADA","ID-5309","NUSA TENGGARA TIMUR","ID-53","0"
"2015","INDONESIA","ID","NGANJUK","ID-3518","JAWA TIMUR","ID-35","0"
"2015","INDONESIA","ID","NGAWI","ID-3521","JAWA TIMUR","ID-35","0"
"2015","INDONESIA","ID","NIAS","ID-1204","SUMATERA UTARA","ID-12","5662.897701149103"
"2015","INDONESIA","ID","NIAS BARAT","ID-1225","SUMATERA UTARA","ID-12","0"
"2015","INDONESIA","ID","NIAS SELATAN","ID-1214","SUMATERA UTARA","ID-12","0"
"2015","INDONESIA","ID","NIAS UTARA","ID-1224","SUMATERA UTARA","ID-12","5951.283636352389"
"2015","INDONESIA","ID","NUNUKAN","ID-6503","KALIMANTAN UTARA","ID-65","115484.64590309486"
"2015","INDONESIA","ID","OGAN ILIR","ID-1610","SUMATERA SELATAN","ID-16","0"
"2015","INDONESIA","ID","OGAN KOMERING ILIR","ID-1602","SUMATERA SELATAN","ID-16","598608.8269867621"
"2015","INDONESIA","ID","OGAN KOMERING ULU","ID-1601","SUMATERA SELATAN","ID-16","0"
"2015","INDONESIA","ID","OGAN KOMERING ULU SELATAN","ID-1609","SUMATERA SELATAN","ID-16","0"
"2015","INDONESIA","ID","OGAN KOMERING ULU TIMUR","ID-1608","SUMATERA SELATAN","ID-16","0"
"2015","INDONESIA","ID","PACITAN","ID-3501","JAWA TIMUR","ID-35","0"
"2015","INDONESIA","ID","PADANG LAWAS","ID-1221","SUMATERA UTARA","ID-12","0"
"2015","INDONESIA","ID","PADANG LAWAS UTARA","ID-1220","SUMATERA UTARA","ID-12","0"
"2015","INDONESIA","ID","PADANG PARIAMAN","ID-1305","SUMATERA BARAT","ID-13","0"
"2015","INDONESIA","ID","PAKPAK BHARAT","ID-1215","SUMATERA UTARA","ID-12","0"
"2015","INDONESIA","ID","PAMEKASAN","ID-3528","JAWA TIMUR","ID-35","0"
"2015","INDONESIA","ID","PANDEGLANG","ID-3601","BANTEN","ID-36","0"
"2015","INDONESIA","ID","PANGANDARAN","ID-3218","JAWA BARAT","ID-32","0"
"2015","INDONESIA","ID","PANGKAJENE DAN KEPULAUAN","ID-7310","SULAWESI SELATAN","ID-73","0"
"2015","INDONESIA","ID","PANIAI","ID-9403","PAPUA TENGAH","ID-94","9634.833036763215"
"2015","INDONESIA","ID","PARIGI MOUTONG","ID-7208","SULAWESI TENGAH","ID-72","0"
"2015","INDONESIA","ID","PASAMAN","ID-1308","SUMATERA BARAT","ID-13","0"
"2015","INDONESIA","ID","PASAMAN BARAT","ID-1312","SUMATERA BARAT","ID-13","34098.13111174724"
"2015","INDONESIA","ID","PASANGKAYU","ID-7601","SULAWESI BARAT","ID-76","7635.402149826805"
"2015","INDONESIA","ID","PASER","ID-6401","KALIMANTAN TIMUR","ID-64","0"
"2015","INDONESIA","ID","PASURUAN","ID-3514","JAWA TIMUR","ID-35","0"
"2015","INDONESIA","ID","PATI","ID-3318","JAWA TENGAH","ID-33","0"
"2015","INDONESIA","ID","PEGUNUNGAN ARFAK","ID-9212","PAPUA BARAT","ID-92","0"
"2015","INDONESIA","ID","PEGUNUNGAN BINTANG","ID-9502","PAPUA PEGUNUNGAN","ID-95","0"
"2015","INDONESIA","ID","PEKALONGAN","ID-3326","JAWA TENGAH","ID-33","0"
"2015","INDONESIA","ID","PELALAWAN","ID-1405","RIAU","ID-14","710910.0372718292"
"2015","INDONESIA","ID","PEMALANG","ID-3327","JAWA TENGAH","ID-33","0"
"2015","INDONESIA","ID","PENAJAM PASER UTARA","ID-6409","KALIMANTAN TIMUR","ID-64","0"
"2015","INDONESIA","ID","PENUKAL ABAB LEMATANG ILIR","ID-1612","SUMATERA SELATAN","ID-16","27355.532538448617"
"2015","INDONESIA","ID","PESAWARAN","ID-1809","LAMPUNG","ID-18","0"
"2015","INDONESIA","ID","PESISIR BARAT","ID-1813","LAMPUNG","ID-18","0"
"2015","INDONESIA","ID","PESISIR SELATAN","ID-1301","SUMATERA BARAT","ID-13","79815.33095244573"
"2015","INDONESIA","ID","PIDIE","ID-1107","ACEH","ID-11","0"
"2015","INDONESIA","ID","PIDIE JAYA","ID-1118","ACEH","ID-11","0"
"2015","INDONESIA","ID","PINRANG","ID-7315","SULAWESI SELATAN","ID-73","0"
"2015","INDONESIA","ID","POHUWATO","ID-7504","GORONTALO","ID-75","0"
"2015","INDONESIA","ID","POLEWALI MANDAR","ID-7604","SULAWESI BARAT","ID-76","0"
"2015","INDONESIA","ID","PONOROGO","ID-3502","JAWA TIMUR","ID-35","0"
"2015","INDONESIA","ID","POSO","ID-7202","SULAWESI TENGAH","ID-72","0"
"2015","INDONESIA","ID","PRINGSEWU","ID-1810","LAMPUNG","ID-18","0"
"2015","INDONESIA","ID","PROBOLINGGO","ID-3513","JAWA TIMUR","ID-35","0"
"2015","INDONESIA","ID","PULANG PISAU","ID-6211","KALIMANTAN TENGAH","ID-62","583408.1448228676"
"2015","INDONESIA","ID","PULAU MOROTAI","ID-8207","MALUKU UTARA","ID-82","0"
"2015","INDONESIA","ID","PULAU TALIABU","ID-8208","MALUKU UTARA","ID-82","0"
"2015","INDONESIA","ID","PUNCAK","ID-9405","PAPUA TENGAH","ID-94","18335.10027966011"
"2015","INDONESIA","ID","PUNCAK JAYA","ID-9402","PAPUA TENGAH","ID-94","98652.42042183325"
"2015","INDONESIA","ID","PURBALINGGA","ID-3303","JAWA TENGAH","ID-33","0"
"2015","INDONESIA","ID","PURWAKARTA","ID-3214","JAWA BARAT","ID-32","0"
"2015","INDONESIA","ID","PURWOREJO","ID-3306","JAWA TENGAH","ID-33","0"
"2015","INDONESIA","ID","RAJA AMPAT","ID-9603","PAPUA BARAT DAYA","ID-96","1450.3839273083736"
"2015","INDONESIA","ID","REJANG LEBONG","ID-1702","BENGKULU","ID-17","0"
"2015","INDONESIA","ID","REMBANG","ID-3317","JAWA TENGAH","ID-33","0"
"2015","INDONESIA","ID","ROKAN HILIR","ID-1407","RIAU","ID-14","382977.69293854304"
"2015","INDONESIA","ID","ROKAN HULU","ID-1406","RIAU","ID-14","80740.1717273693"
"2015","INDONESIA","ID","ROTE NDAO","ID-5314","NUSA TENGGARA TIMUR","ID-53","0"
"2015","INDONESIA","ID","SABU RAIJUA","ID-5320","NUSA TENGGARA TIMUR","ID-53","0"
"2015","INDONESIA","ID","SAMBAS","ID-6101","KALIMANTAN BARAT","ID-61","58066.92890042286"
"2015","INDONESIA","ID","SAMOSIR","ID-1217","SUMATERA UTARA","ID-12","238.54479910622896"
"2015","INDONESIA","ID","SAMPANG","ID-3527","JAWA TIMUR","ID-35","0"
"2015","INDONESIA","ID","SANGGAU","ID-6103","KALIMANTAN BARAT","ID-61","99415.41481529736"
"2015","INDONESIA","ID","SARMI","ID-9110","PAPUA","ID-91","210226.72111773625"
"2015","INDONESIA","ID","SAROLANGUN","ID-1503","JAMBI","ID-15","30355.925550584114"
"2015","INDONESIA","ID","SEKADAU","ID-6109","KALIMANTAN BARAT","ID-61","10294.712191974764"
"2015","INDONESIA","ID","SELUMA","ID-1705","BENGKULU","ID-17","0"
"2015","INDONESIA","ID","SEMARANG","ID-3322","JAWA TENGAH","ID-33","0"
"2015","INDONESIA","ID","SERAM BAGIAN BARAT","ID-8106","MALUKU","ID-81","0"
"2015","INDONESIA","ID","SERAM BAGIAN TIMUR","ID-8105","MALUKU","ID-81","0"
"2015","INDONESIA","ID","SERANG","ID-3604","BANTEN","ID-36","0"
"2015","INDONESIA","ID","SERDANG BEDAGAI","ID-1218","SUMATERA UTARA","ID-12","0"
"2015","INDONESIA","ID","SERUYAN","ID-6207","KALIMANTAN TENGAH","ID-62","223574.7519275211"
"2015","INDONESIA","ID","SIAK","ID-1408","RIAU","ID-14","384998.7723776948"
"2015","INDONESIA","ID","SIDENRENG RAPPANG","ID-7314","SULAWESI SELATAN","ID-73","0"
"2015","INDONESIA","ID","SIDOARJO","ID-3515","JAWA TIMUR","ID-35","0"
"2015","INDONESIA","ID","SIGI","ID-7210","SULAWESI TENGAH","ID-72","0"
"2015","INDONESIA","ID","SIJUNJUNG","ID-1303","SUMATERA BARAT","ID-13","0"
"2015","INDONESIA","ID","SIKKA","ID-5307","NUSA TENGGARA TIMUR","ID-53","0"
"2015","INDONESIA","ID","SIMALUNGUN","ID-1208","SUMATERA UTARA","ID-12","0"
"2015","INDONESIA","ID","SIMEULUE","ID-1109","ACEH","ID-11","0"
"2015","INDONESIA","ID","SINJAI","ID-7307","SULAWESI SELATAN","ID-73","0"
"2015","INDONESIA","ID","SINTANG","ID-6105","KALIMANTAN BARAT","ID-61","65732.36370864959"
"2015","INDONESIA","ID","SITUBONDO","ID-3512","JAWA TIMUR","ID-35","0"
"2015","INDONESIA","ID","SLEMAN","ID-3404","DAERAH ISTIMEWA YOGYAKARTA","ID-34","0"
"2015","INDONESIA","ID","SOLOK","ID-1302","SUMATERA BARAT","ID-13","0"
"2015","INDONESIA","ID","SOLOK SELATAN","ID-1311","SUMATERA BARAT","ID-13","0"
"2015","INDONESIA","ID","SOPPENG","ID-7312","SULAWESI SELATAN","ID-73","0"
"2015","INDONESIA","ID","SORONG","ID-9601","PAPUA BARAT DAYA","ID-96","93838.05414036552"
"2015","INDONESIA","ID","SORONG SELATAN","ID-9602","PAPUA BARAT DAYA","ID-96","254573.5954629692"
"2015","INDONESIA","ID","SRAGEN","ID-3314","JAWA TENGAH","ID-33","0"
"2015","INDONESIA","ID","SUBANG","ID-3213","JAWA BARAT","ID-32","0"
"2015","INDONESIA","ID","SUKABUMI","ID-3202","JAWA BARAT","ID-32","0"
"2015","INDONESIA","ID","SUKAMARA","ID-6208","KALIMANTAN TENGAH","ID-62","49801.13642068545"
"2015","INDONESIA","ID","SUKOHARJO","ID-3311","JAWA TENGAH","ID-33","0"
"2015","INDONESIA","ID","SUMBA BARAT","ID-5312","NUSA TENGGARA TIMUR","ID-53","0"
"2015","INDONESIA","ID","SUMBA BARAT DAYA","ID-5318","NUSA TENGGARA TIMUR","ID-53","0"
"2015","INDONESIA","ID","SUMBA TENGAH","ID-5317","NUSA TENGGARA TIMUR","ID-53","0"
"2015","INDONESIA","ID","SUMBA TIMUR","ID-5311","NUSA TENGGARA TIMUR","ID-53","0"
"2015","INDONESIA","ID","SUMBAWA","ID-5204","NUSA TENGGARA BARAT","ID-52","0"
"2015","INDONESIA","ID","SUMBAWA BARAT","ID-5207","NUSA TENGGARA BARAT","ID-52","0"
"2015","INDONESIA","ID","SUMEDANG","ID-3211","JAWA BARAT","ID-32","0"
"2015","INDONESIA","ID","SUMENEP","ID-3529","JAWA TIMUR","ID-35","0"
"2015","INDONESIA","ID","SUPIORI","ID-9119","PAPUA","ID-91","1681.2885683236836"
"2015","INDONESIA","ID","TABALONG","ID-6309","KALIMANTAN SELATAN","ID-63","9366.28159851501"
"2015","INDONESIA","ID","TABANAN","ID-5102","BALI","ID-51","0"
"2015","INDONESIA","ID","TAKALAR","ID-7305","SULAWESI SELATAN","ID-73","0"
"2015","INDONESIA","ID","TAMBRAUW","ID-9604","PAPUA BARAT DAYA","ID-96","0"
"2015","INDONESIA","ID","TANAH BUMBU","ID-6310","KALIMANTAN SELATAN","ID-63","0"
"2015","INDONESIA","ID","TANAH DATAR","ID-1304","SUMATERA BARAT","ID-13","0"
"2015","INDONESIA","ID","TANAH LAUT","ID-6301","KALIMANTAN SELATAN","ID-63","0"
"2015","INDONESIA","ID","TANA TIDUNG","ID-6504","KALIMANTAN UTARA","ID-65","97929.92607942552"
"2015","INDONESIA","ID","TANA TORAJA","ID-7318","SULAWESI SELATAN","ID-73","0"
"2015","INDONESIA","ID","TANGERANG","ID-3603","BANTEN","ID-36","0"
"2015","INDONESIA","ID","TANGGAMUS","ID-1806","LAMPUNG","ID-18","0"
"2015","INDONESIA","ID","TANJUNG JABUNG BARAT","ID-1506","JAMBI","ID-15","110629.029038218"
"2015","INDONESIA","ID","TANJUNG JABUNG TIMUR","ID-1507","JAMBI","ID-15","153330.26657174778"
"2015","INDONESIA","ID","TAPANULI SELATAN","ID-1203","SUMATERA UTARA","ID-12","18261.797736635577"
"2015","INDONESIA","ID","TAPANULI TENGAH","ID-1201","SUMATERA UTARA","ID-12","11774.693151081216"
"2015","INDONESIA","ID","TAPANULI UTARA","ID-1202","SUMATERA UTARA","ID-12","0"
"2015","INDONESIA","ID","TAPIN","ID-6305","KALIMANTAN SELATAN","ID-63","7567.093948426415"
"2015","INDONESIA","ID","TASIKMALAYA","ID-3206","JAWA BARAT","ID-32","0"
"2015","INDONESIA","ID","TEBO","ID-1509","JAMBI","ID-15","197.2475346170843"
"2015","INDONESIA","ID","TEGAL","ID-3328","JAWA TENGAH","ID-33","0"
"2015","INDONESIA","ID","TELUK BINTUNI","ID-9206","PAPUA BARAT","ID-92","326129.06089021533"
"2015","INDONESIA","ID","TELUK WONDAMA","ID-9207","PAPUA BARAT","ID-92","0"
"2015","INDONESIA","ID","TEMANGGUNG","ID-3323","JAWA TENGAH","ID-33","0"
"2015","INDONESIA","ID","TIMOR TENGAH SELATAN","ID-5302","NUSA TENGGARA TIMUR","ID-53","0"
"2015","INDONESIA","ID","TIMOR TENGAH UTARA","ID-5303","NUSA TENGGARA TIMUR","ID-53","0"
"2015","INDONESIA","ID","TOBA","ID-1212","SUMATERA UTARA","ID-12","0"
"2015","INDONESIA","ID","TOJO UNA UNA","ID-7209","SULAWESI TENGAH","ID-72","209.32670029071667"
"2015","INDONESIA","ID","TOLIKARA","ID-9504","PAPUA PEGUNUNGAN","ID-95","33324.84415361115"
"2015","INDONESIA","ID","TOLI-TOLI","ID-7204","SULAWESI TENGAH","ID-72","1050.3790415448643"
"2015","INDONESIA","ID","TORAJA UTARA","ID-7326","SULAWESI SELATAN","ID-73","0"
"2015","INDONESIA","ID","TRENGGALEK","ID-3503","JAWA TIMUR","ID-35","0"
"2015","INDONESIA","ID","TUBAN","ID-3523","JAWA TIMUR","ID-35","0"
"2015","INDONESIA","ID","TULANG BAWANG","ID-1805","LAMPUNG","ID-18","207.85907915546375"
"2015","INDONESIA","ID","TULANG BAWANG BARAT","ID-1812","LAMPUNG","ID-18","0"
"2015","INDONESIA","ID","TULUNGAGUNG","ID-3504","JAWA TIMUR","ID-35","0"
"2015","INDONESIA","ID","WAJO","ID-7313","SULAWESI SELATAN","ID-73","0"
"2015","INDONESIA","ID","WAKATOBI","ID-7407","SULAWESI TENGGARA","ID-74","0"
"2015","INDONESIA","ID","WAROPEN","ID-9115","PAPUA","ID-91","74637.26598150222"
"2015","INDONESIA","ID","WAY KANAN","ID-1808","LAMPUNG","ID-18","0"
"2015","INDONESIA","ID","WONOGIRI","ID-3312","JAWA TENGAH","ID-33","0"
"2015","INDONESIA","ID","WONOSOBO","ID-3307","JAWA TENGAH","ID-33","0"
"2015","INDONESIA","ID","YAHUKIMO","ID-9503","PAPUA PEGUNUNGAN","ID-95","401.5639098707685"
"2015","INDONESIA","ID","YALIMO","ID-9506","PAPUA PEGUNUNGAN","ID-95","16576.542298267916"
"2016","INDONESIA","ID","ACEH BARAT","ID-1105","ACEH","ID-11","23930.71650964687"
"2016","INDONESIA","ID","ACEH BARAT DAYA","ID-1112","ACEH","ID-11","2473.740237747516"
"2016","INDONESIA","ID","ACEH BESAR","ID-1106","ACEH","ID-11","0"
"2016","INDONESIA","ID","ACEH JAYA","ID-1114","ACEH","ID-11","4571.252837132295"
"2016","INDONESIA","ID","ACEH SELATAN","ID-1101","ACEH","ID-11","48836.71827814446"
"2016","INDONESIA","ID","ACEH SINGKIL","ID-1110","ACEH","ID-11","23738.41615852781"
"2016","INDONESIA","ID","ACEH TAMIANG","ID-1116","ACEH","ID-11","0"
"2016","INDONESIA","ID","ACEH TENGAH","ID-1104","ACEH","ID-11","0"
"2016","INDONESIA","ID","ACEH TENGGARA","ID-1102","ACEH","ID-11","0"
"2016","INDONESIA","ID","ACEH TIMUR","ID-1103","ACEH","ID-11","0"
"2016","INDONESIA","ID","ACEH UTARA","ID-1108","ACEH","ID-11","0"
"2016","INDONESIA","ID","ADMINISTRASI KEPULAUAN SERIBU","ID-3101","DAERAH KHUSUS IBUKOTA JAKARTA","ID-31","0"
"2016","INDONESIA","ID","AGAM","ID-1306","SUMATERA BARAT","ID-13","11138.7587677363"
"2016","INDONESIA","ID","ALOR","ID-5305","NUSA TENGGARA TIMUR","ID-53","0"
"2016","INDONESIA","ID","ASAHAN","ID-1209","SUMATERA UTARA","ID-12","28450.41170211967"
"2016","INDONESIA","ID","ASMAT","ID-9304","PAPUA SELATAN","ID-93","300132.9104511264"
"2016","INDONESIA","ID","BADUNG","ID-5103","BALI","ID-51","0"
"2016","INDONESIA","ID","BALANGAN","ID-6311","KALIMANTAN SELATAN","ID-63","2522.051580087205"
"2016","INDONESIA","ID","BANDUNG","ID-3204","JAWA BARAT","ID-32","0"
"2016","INDONESIA","ID","BANDUNG BARAT","ID-3217","JAWA BARAT","ID-32","0"
"2016","INDONESIA","ID","BANGGAI","ID-7201","SULAWESI TENGAH","ID-72","0"
"2016","INDONESIA","ID","BANGGAI KEPULAUAN","ID-7207","SULAWESI TENGAH","ID-72","0"
"2016","INDONESIA","ID","BANGGAI LAUT","ID-7211","SULAWESI TENGAH","ID-72","0"
"2016","INDONESIA","ID","BANGKA","ID-1901","KEPULAUAN BANGKA BELITUNG","ID-19","473.6416326539059"
"2016","INDONESIA","ID","BANGKA BARAT","ID-1905","KEPULAUAN BANGKA BELITUNG","ID-19","3811.70757007356"
"2016","INDONESIA","ID","BANGKALAN","ID-3526","JAWA TIMUR","ID-35","0"
"2016","INDONESIA","ID","BANGKA SELATAN","ID-1903","KEPULAUAN BANGKA BELITUNG","ID-19","3881.9879420374896"
"2016","INDONESIA","ID","BANGKA TENGAH","ID-1904","KEPULAUAN BANGKA BELITUNG","ID-19","15442.352555941152"
"2016","INDONESIA","ID","BANGLI","ID-5106","BALI","ID-51","0"
"2016","INDONESIA","ID","BANJAR","ID-6303","KALIMANTAN SELATAN","ID-63","2378.5928005565956"
"2016","INDONESIA","ID","BANJARNEGARA","ID-3304","JAWA TENGAH","ID-33","0"
"2016","INDONESIA","ID","BANTAENG","ID-7303","SULAWESI SELATAN","ID-73","0"
"2016","INDONESIA","ID","BANTUL","ID-3402","DAERAH ISTIMEWA YOGYAKARTA","ID-34","0"
"2016","INDONESIA","ID","BANYUASIN","ID-1607","SUMATERA SELATAN","ID-16","191935.43837467028"
"2016","INDONESIA","ID","BANYUMAS","ID-3302","JAWA TENGAH","ID-33","0"
"2016","INDONESIA","ID","BANYUWANGI","ID-3510","JAWA TIMUR","ID-35","0"
"2016","INDONESIA","ID","BARITO KUALA","ID-6304","KALIMANTAN SELATAN","ID-63","0"
"2016","INDONESIA","ID","BARITO SELATAN","ID-6204","KALIMANTAN TENGAH","ID-62","145654.26588574494"
"2016","INDONESIA","ID","BARITO TIMUR","ID-6213","KALIMANTAN TENGAH","ID-62","27427.309635697897"
"2016","INDONESIA","ID","BARITO UTARA","ID-6205","KALIMANTAN TENGAH","ID-62","0"
"2016","INDONESIA","ID","BARRU","ID-7311","SULAWESI SELATAN","ID-73","0"
"2016","INDONESIA","ID","BATANG","ID-3325","JAWA TENGAH","ID-33","0"
"2016","INDONESIA","ID","BATANGHARI","ID-1504","JAMBI","ID-15","0"
"2016","INDONESIA","ID","BATU BARA","ID-1219","SUMATERA UTARA","ID-12","0"
"2016","INDONESIA","ID","BEKASI","ID-3216","JAWA BARAT","ID-32","0"
"2016","INDONESIA","ID","BELITUNG","ID-1902","KEPULAUAN BANGKA BELITUNG","ID-19","0"
"2016","INDONESIA","ID","BELITUNG TIMUR","ID-1906","KEPULAUAN BANGKA BELITUNG","ID-19","714.7465418182478"
"2016","INDONESIA","ID","BELU","ID-5304","NUSA TENGGARA TIMUR","ID-53","0"
"2016","INDONESIA","ID","BENER MERIAH","ID-1117","ACEH","ID-11","0"
"2016","INDONESIA","ID","BENGKALIS","ID-1403","RIAU","ID-14","536291.4438363129"
"2016","INDONESIA","ID","BENGKAYANG","ID-6107","KALIMANTAN BARAT","ID-61","30252.381057345367"
"2016","INDONESIA","ID","BENGKULU SELATAN","ID-1701","BENGKULU","ID-17","0"
"2016","INDONESIA","ID","BENGKULU TENGAH","ID-1709","BENGKULU","ID-17","0"
"2016","INDONESIA","ID","BENGKULU UTARA","ID-1703","BENGKULU","ID-17","0"
"2016","INDONESIA","ID","BERAU","ID-6403","KALIMANTAN TIMUR","ID-64","13708.429222667815"
"2016","INDONESIA","ID","BIAK NUMFOR","ID-9106","PAPUA","ID-91","0"
"2016","INDONESIA","ID","BIMA","ID-5206","NUSA TENGGARA BARAT","ID-52","0"
"2016","INDONESIA","ID","BINTAN","ID-2101","KEPULAUAN RIAU","ID-21","0"
"2016","INDONESIA","ID","BIREUEN","ID-1111","ACEH","ID-11","0"
"2016","INDONESIA","ID","BLITAR","ID-3505","JAWA TIMUR","ID-35","0"
"2016","INDONESIA","ID","BLORA","ID-3316","JAWA TENGAH","ID-33","0"
"2016","INDONESIA","ID","BOALEMO","ID-7502","GORONTALO","ID-75","0"
"2016","INDONESIA","ID","BOGOR","ID-3201","JAWA BARAT","ID-32","0"
"2016","INDONESIA","ID","BOJONEGORO","ID-3522","JAWA TIMUR","ID-35","0"
"2016","INDONESIA","ID","BOLAANG MONGONDOW","ID-7101","SULAWESI UTARA","ID-71","0"
"2016","INDONESIA","ID","BOLAANG MONGONDOW SELATAN","ID-7111","SULAWESI UTARA","ID-71","0"
"2016","INDONESIA","ID","BOLAANG MONGONDOW TIMUR","ID-7110","SULAWESI UTARA","ID-71","0"
"2016","INDONESIA","ID","BOLAANG MONGONDOW UTARA","ID-7108","SULAWESI UTARA","ID-71","0"
"2016","INDONESIA","ID","BOMBANA","ID-7406","SULAWESI TENGGARA","ID-74","0"
"2016","INDONESIA","ID","BONDOWOSO","ID-3511","JAWA TIMUR","ID-35","0"
"2016","INDONESIA","ID","BONE","ID-7308","SULAWESI SELATAN","ID-73","0"
"2016","INDONESIA","ID","BONE BOLANGO","ID-7503","GORONTALO","ID-75","0"
"2016","INDONESIA","ID","BOVEN DIGOEL","ID-9302","PAPUA SELATAN","ID-93","123709.12557806344"
"2016","INDONESIA","ID","BOYOLALI","ID-3309","JAWA TENGAH","ID-33","0"
"2016","INDONESIA","ID","BREBES","ID-3329","JAWA TENGAH","ID-33","0"
"2016","INDONESIA","ID","BULELENG","ID-5108","BALI","ID-51","0"
"2016","INDONESIA","ID","BULUKUMBA","ID-7302","SULAWESI SELATAN","ID-73","0"
"2016","INDONESIA","ID","BULUNGAN","ID-6501","KALIMANTAN UTARA","ID-65","0"
"2016","INDONESIA","ID","BUNGO","ID-1508","JAMBI","ID-15","0"
"2016","INDONESIA","ID","BUOL","ID-7205","SULAWESI TENGAH","ID-72","0"
"2016","INDONESIA","ID","BURU","ID-8104","MALUKU","ID-81","0"
"2016","INDONESIA","ID","BURU SELATAN","ID-8109","MALUKU","ID-81","0"
"2016","INDONESIA","ID","BUTON","ID-7404","SULAWESI TENGGARA","ID-74","0"
"2016","INDONESIA","ID","BUTON SELATAN","ID-7415","SULAWESI TENGGARA","ID-74","0"
"2016","INDONESIA","ID","BUTON TENGAH","ID-7414","SULAWESI TENGGARA","ID-74","0"
"2016","INDONESIA","ID","BUTON UTARA","ID-7410","SULAWESI TENGGARA","ID-74","0"
"2016","INDONESIA","ID","CIAMIS","ID-3207","JAWA BARAT","ID-32","0"
"2016","INDONESIA","ID","CIANJUR","ID-3203","JAWA BARAT","ID-32","0"
"2016","INDONESIA","ID","CILACAP","ID-3301","JAWA TENGAH","ID-33","0"
"2016","INDONESIA","ID","CIREBON","ID-3209","JAWA BARAT","ID-32","0"
"2016","INDONESIA","ID","DAIRI","ID-1211","SUMATERA UTARA","ID-12","0"
"2016","INDONESIA","ID","DEIYAI","ID-9408","PAPUA TENGAH","ID-94","1814.530857682557"
"2016","INDONESIA","ID","DELI SERDANG","ID-1207","SUMATERA UTARA","ID-12","0"
"2016","INDONESIA","ID","DEMAK","ID-3321","JAWA TENGAH","ID-33","0"
"2016","INDONESIA","ID","DHARMASRAYA","ID-1310","SUMATERA BARAT","ID-13","0"
"2016","INDONESIA","ID","DOGIYAI","ID-9406","PAPUA TENGAH","ID-94","3220.9081995370793"
"2016","INDONESIA","ID","DOMPU","ID-5205","NUSA TENGGARA BARAT","ID-52","0"
"2016","INDONESIA","ID","DONGGALA","ID-7203","SULAWESI TENGAH","ID-72","584.3060448679521"
"2016","INDONESIA","ID","EMPAT LAWANG","ID-1611","SUMATERA SELATAN","ID-16","0"
"2016","INDONESIA","ID","ENDE","ID-5308","NUSA TENGGARA TIMUR","ID-53","0"
"2016","INDONESIA","ID","ENREKANG","ID-7316","SULAWESI SELATAN","ID-73","0"
"2016","INDONESIA","ID","FAK FAK","ID-9203","PAPUA BARAT","ID-92","26157.623771776725"
"2016","INDONESIA","ID","FLORES TIMUR","ID-5306","NUSA TENGGARA TIMUR","ID-53","0"
"2016","INDONESIA","ID","GARUT","ID-3205","JAWA BARAT","ID-32","0"
"2016","INDONESIA","ID","GAYO LUES","ID-1113","ACEH","ID-11","0"
"2016","INDONESIA","ID","GIANYAR","ID-5104","BALI","ID-51","0"
"2016","INDONESIA","ID","GORONTALO","ID-7501","GORONTALO","ID-75","0"
"2016","INDONESIA","ID","GORONTALO UTARA","ID-7505","GORONTALO","ID-75","0"
"2016","INDONESIA","ID","GOWA","ID-7306","SULAWESI SELATAN","ID-73","0"
"2016","INDONESIA","ID","GRESIK","ID-3525","JAWA TIMUR","ID-35","0"
"2016","INDONESIA","ID","GROBOGAN","ID-3315","JAWA TENGAH","ID-33","0"
"2016","INDONESIA","ID","GUNUNGKIDUL","ID-3403","DAERAH ISTIMEWA YOGYAKARTA","ID-34","0"
"2016","INDONESIA","ID","GUNUNG MAS","ID-6210","KALIMANTAN TENGAH","ID-62","0"
"2016","INDONESIA","ID","HALMAHERA BARAT","ID-8201","MALUKU UTARA","ID-82","0"
"2016","INDONESIA","ID","HALMAHERA SELATAN","ID-8204","MALUKU UTARA","ID-82","0"
"2016","INDONESIA","ID","HALMAHERA TENGAH","ID-8202","MALUKU UTARA","ID-82","0"
"2016","INDONESIA","ID","HALMAHERA TIMUR","ID-8206","MALUKU UTARA","ID-82","0"
"2016","INDONESIA","ID","HALMAHERA UTARA","ID-8203","MALUKU UTARA","ID-82","0"
"2016","INDONESIA","ID","HULU SUNGAI SELATAN","ID-6306","KALIMANTAN SELATAN","ID-63","2262.5626792109333"
"2016","INDONESIA","ID","HULU SUNGAI TENGAH","ID-6307","KALIMANTAN SELATAN","ID-63","1481.7902570695703"
"2016","INDONESIA","ID","HULU SUNGAI UTARA","ID-6308","KALIMANTAN SELATAN","ID-63","20348.114726988577"
"2016","INDONESIA","ID","HUMBANG HASUNDUTAN","ID-1216","SUMATERA UTARA","ID-12","2969.396288606546"
"2016","INDONESIA","ID","INDRAGIRI HILIR","ID-1404","RIAU","ID-14","718274.4908948487"
"2016","INDONESIA","ID","INDRAGIRI HULU","ID-1402","RIAU","ID-14","200397.77769751896"
"2016","INDONESIA","ID","INDRAMAYU","ID-3212","JAWA BARAT","ID-32","0"
"2016","INDONESIA","ID","INTAN JAYA","ID-9407","PAPUA TENGAH","ID-94","1119.980361464453"
"2016","INDONESIA","ID","JAYAPURA","ID-9103","PAPUA","ID-91","25646.883561012397"
"2016","INDONESIA","ID","JAYAWIJAYA","ID-9501","PAPUA PEGUNUNGAN","ID-95","0"
"2016","INDONESIA","ID","JEMBER","ID-3509","JAWA TIMUR","ID-35","0"
"2016","INDONESIA","ID","JEMBRANA","ID-5101","BALI","ID-51","0"
"2016","INDONESIA","ID","JENEPONTO","ID-7304","SULAWESI SELATAN","ID-73","0"
"2016","INDONESIA","ID","JEPARA","ID-3320","JAWA TENGAH","ID-33","0"
"2016","INDONESIA","ID","JOMBANG","ID-3517","JAWA TIMUR","ID-35","0"
"2016","INDONESIA","ID","KAIMANA","ID-9208","PAPUA BARAT","ID-92","86265.34616287949"
"2016","INDONESIA","ID","KAMPAR","ID-1401","RIAU","ID-14","92946.42451525282"
"2016","INDONESIA","ID","KAPUAS","ID-6203","KALIMANTAN TENGAH","ID-62","303700.54693519877"
"2016","INDONESIA","ID","KAPUAS HULU","ID-6106","KALIMANTAN BARAT","ID-61","244173.1306161445"
"2016","INDONESIA","ID","KARANGANYAR","ID-3313","JAWA TENGAH","ID-33","0"
"2016","INDONESIA","ID","KARANGASEM","ID-5107","BALI","ID-51","0"
"2016","INDONESIA","ID","KARAWANG","ID-3215","JAWA BARAT","ID-32","0"
"2016","INDONESIA","ID","KARIMUN","ID-2102","KEPULAUAN RIAU","ID-21","3592.288924627867"
"2016","INDONESIA","ID","KARO","ID-1206","SUMATERA UTARA","ID-12","0"
"2016","INDONESIA","ID","KATINGAN","ID-6206","KALIMANTAN TENGAH","ID-62","565768.5126757957"
"2016","INDONESIA","ID","KAUR","ID-1704","BENGKULU","ID-17","0"
"2016","INDONESIA","ID","KAYONG UTARA","ID-6111","KALIMANTAN BARAT","ID-61","132131.08752515668"
"2016","INDONESIA","ID","KEBUMEN","ID-3305","JAWA TENGAH","ID-33","0"
"2016","INDONESIA","ID","KEDIRI","ID-3506","JAWA TIMUR","ID-35","0"
"2016","INDONESIA","ID","KEEROM","ID-9111","PAPUA","ID-91","600.2167148364724"
"2016","INDONESIA","ID","KENDAL","ID-3324","JAWA TENGAH","ID-33","0"
"2016","INDONESIA","ID","KEPAHIANG","ID-1708","BENGKULU","ID-17","0"
"2016","INDONESIA","ID","KEP. SIAU TAGULANDANG BIARO","ID-7109","SULAWESI UTARA","ID-71","0"
"2016","INDONESIA","ID","KEPULAUAN ANAMBAS","ID-2105","KEPULAUAN RIAU","ID-21","0"
"2016","INDONESIA","ID","KEPULAUAN ARU","ID-8107","MALUKU","ID-81","0"
"2016","INDONESIA","ID","KEPULAUAN MENTAWAI","ID-1309","SUMATERA BARAT","ID-13","0"
"2016","INDONESIA","ID","KEPULAUAN MERANTI","ID-1410","RIAU","ID-14","301248.0443852444"
"2016","INDONESIA","ID","KEPULAUAN SANGIHE","ID-7103","SULAWESI UTARA","ID-71","0"
"2016","INDONESIA","ID","KEPULAUAN SELAYAR","ID-7301","SULAWESI SELATAN","ID-73","0"
"2016","INDONESIA","ID","KEPULAUAN SULA","ID-8205","MALUKU UTARA","ID-82","0"
"2016","INDONESIA","ID","KEPULAUAN TALAUD","ID-7104","SULAWESI UTARA","ID-71","0"
"2016","INDONESIA","ID","KEPULAUAN TANIMBAR","ID-8103","MALUKU","ID-81","0"
"2016","INDONESIA","ID","KEPULAUAN YAPEN","ID-9105","PAPUA","ID-91","613.4908850339178"
"2016","INDONESIA","ID","KERINCI","ID-1501","JAMBI","ID-15","4202.8736435119645"
"2016","INDONESIA","ID","KETAPANG","ID-6104","KALIMANTAN BARAT","ID-61","261272.708776481"
"2016","INDONESIA","ID","KLATEN","ID-3310","JAWA TENGAH","ID-33","0"
"2016","INDONESIA","ID","KLUNGKUNG","ID-5105","BALI","ID-51","0"
"2016","INDONESIA","ID","KOLAKA","ID-7401","SULAWESI TENGGARA","ID-74","0"
"2016","INDONESIA","ID","KOLAKA TIMUR","ID-7411","SULAWESI TENGGARA","ID-74","0"
"2016","INDONESIA","ID","KOLAKA UTARA","ID-7408","SULAWESI TENGGARA","ID-74","0"
"2016","INDONESIA","ID","KONAWE","ID-7402","SULAWESI TENGGARA","ID-74","0"
"2016","INDONESIA","ID","KONAWE KEPULAUAN","ID-7412","SULAWESI TENGGARA","ID-74","0"
"2016","INDONESIA","ID","KONAWE SELATAN","ID-7405","SULAWESI TENGGARA","ID-74","0"
"2016","INDONESIA","ID","KONAWE UTARA","ID-7409","SULAWESI TENGGARA","ID-74","0"
"2016","INDONESIA","ID","KOTA ADMINISTRASI JAKARTA BARAT","ID-3173","DAERAH KHUSUS IBUKOTA JAKARTA","ID-31","0"
"2016","INDONESIA","ID","KOTA ADMINISTRASI JAKARTA PUSAT","ID-3171","DAERAH KHUSUS IBUKOTA JAKARTA","ID-31","0"
"2016","INDONESIA","ID","KOTA ADMINISTRASI JAKARTA SELATAN","ID-3174","DAERAH KHUSUS IBUKOTA JAKARTA","ID-31","0"
"2016","INDONESIA","ID","KOTA ADMINISTRASI JAKARTA TIMUR","ID-3175","DAERAH KHUSUS IBUKOTA JAKARTA","ID-31","0"
"2016","INDONESIA","ID","KOTA ADMINISTRASI JAKARTA UTARA","ID-3172","DAERAH KHUSUS IBUKOTA JAKARTA","ID-31","0"
"2016","INDONESIA","ID","KOTA AMBON","ID-8171","MALUKU","ID-81","0"
"2016","INDONESIA","ID","KOTA BALIKPAPAN","ID-6471","KALIMANTAN TIMUR","ID-64","0"
"2016","INDONESIA","ID","KOTA BANDA ACEH","ID-1171","ACEH","ID-11","0"
"2016","INDONESIA","ID","KOTA BANDAR LAMPUNG","ID-1871","LAMPUNG","ID-18","0"
"2016","INDONESIA","ID","KOTA BANDUNG","ID-3273","JAWA BARAT","ID-32","0"
"2016","INDONESIA","ID","KOTA BANJAR","ID-3279","JAWA BARAT","ID-32","0"
"2016","INDONESIA","ID","KOTA BANJARBARU","ID-6372","KALIMANTAN SELATAN","ID-63","0"
"2016","INDONESIA","ID","KOTA BANJARMASIN","ID-6371","KALIMANTAN SELATAN","ID-63","0"
"2016","INDONESIA","ID","KOTABARU","ID-6302","KALIMANTAN SELATAN","ID-63","0"
"2016","INDONESIA","ID","KOTA BATAM","ID-2171","KEPULAUAN RIAU","ID-21","0"
"2016","INDONESIA","ID","KOTA BATU","ID-3579","JAWA TIMUR","ID-35","0"
"2016","INDONESIA","ID","KOTA BAU BAU","ID-7472","SULAWESI TENGGARA","ID-74","0"
"2016","INDONESIA","ID","KOTA BEKASI","ID-3275","JAWA BARAT","ID-32","0"
"2016","INDONESIA","ID","KOTA BENGKULU","ID-1771","BENGKULU","ID-17","0"
"2016","INDONESIA","ID","KOTA BIMA","ID-5272","NUSA TENGGARA BARAT","ID-52","0"
"2016","INDONESIA","ID","KOTA BINJAI","ID-1275","SUMATERA UTARA","ID-12","0"
"2016","INDONESIA","ID","KOTA BITUNG","ID-7172","SULAWESI UTARA","ID-71","0"
"2016","INDONESIA","ID","KOTA BLITAR","ID-3572","JAWA TIMUR","ID-35","0"
"2016","INDONESIA","ID","KOTA BOGOR","ID-3271","JAWA BARAT","ID-32","0"
"2016","INDONESIA","ID","KOTA BONTANG","ID-6474","KALIMANTAN TIMUR","ID-64","0"
"2016","INDONESIA","ID","KOTA BUKITTINGGI","ID-1375","SUMATERA BARAT","ID-13","0"
"2016","INDONESIA","ID","KOTA CILEGON","ID-3672","BANTEN","ID-36","0"
"2016","INDONESIA","ID","KOTA CIMAHI","ID-3277","JAWA BARAT","ID-32","0"
"2016","INDONESIA","ID","KOTA CIREBON","ID-3274","JAWA BARAT","ID-32","0"
"2016","INDONESIA","ID","KOTA DENPASAR","ID-5171","BALI","ID-51","0"
"2016","INDONESIA","ID","KOTA DEPOK","ID-3276","JAWA BARAT","ID-32","0"
"2016","INDONESIA","ID","KOTA DUMAI","ID-1472","RIAU","ID-14","135283.1805850815"
"2016","INDONESIA","ID","KOTA GORONTALO","ID-7571","GORONTALO","ID-75","0"
"2016","INDONESIA","ID","KOTA GUNUNGSITOLI","ID-1278","SUMATERA UTARA","ID-12","0"
"2016","INDONESIA","ID","KOTA JAMBI","ID-1571","JAMBI","ID-15","0"
"2016","INDONESIA","ID","KOTA JAYAPURA","ID-9171","PAPUA","ID-91","460.8569889148686"
"2016","INDONESIA","ID","KOTA KEDIRI","ID-3571","JAWA TIMUR","ID-35","0"
"2016","INDONESIA","ID","KOTA KENDARI","ID-7471","SULAWESI TENGGARA","ID-74","0"
"2016","INDONESIA","ID","KOTA KOTAMOBAGU","ID-7174","SULAWESI UTARA","ID-71","0"
"2016","INDONESIA","ID","KOTA KUPANG","ID-5371","NUSA TENGGARA TIMUR","ID-53","0"
"2016","INDONESIA","ID","KOTA LANGSA","ID-1174","ACEH","ID-11","0"
"2016","INDONESIA","ID","KOTA LHOKSEUMAWE","ID-1173","ACEH","ID-11","0"
"2016","INDONESIA","ID","KOTA LUBUK LINGGAU","ID-1673","SUMATERA SELATAN","ID-16","0"
"2016","INDONESIA","ID","KOTA MADIUN","ID-3577","JAWA TIMUR","ID-35","0"
"2016","INDONESIA","ID","KOTA MAGELANG","ID-3371","JAWA TENGAH","ID-33","0"
"2016","INDONESIA","ID","KOTA MAKASSAR","ID-7371","SULAWESI SELATAN","ID-73","0"
"2016","INDONESIA","ID","KOTA MALANG","ID-3573","JAWA TIMUR","ID-35","0"
"2016","INDONESIA","ID","KOTA MANADO","ID-7171","SULAWESI UTARA","ID-71","0"
"2016","INDONESIA","ID","KOTA MATARAM","ID-5271","NUSA TENGGARA BARAT","ID-52","0"
"2016","INDONESIA","ID","KOTA MEDAN","ID-1271","SUMATERA UTARA","ID-12","0"
"2016","INDONESIA","ID","KOTA METRO","ID-1872","LAMPUNG","ID-18","0"
"2016","INDONESIA","ID","KOTA MOJOKERTO","ID-3576","JAWA TIMUR","ID-35","0"
"2016","INDONESIA","ID","KOTA PADANG","ID-1371","SUMATERA BARAT","ID-13","0"
"2016","INDONESIA","ID","KOTA PADANG PANJANG","ID-1374","SUMATERA BARAT","ID-13","0"
"2016","INDONESIA","ID","KOTA PADANGSIDIMPUAN","ID-1277","SUMATERA UTARA","ID-12","0"
"2016","INDONESIA","ID","KOTA PAGAR ALAM","ID-1672","SUMATERA SELATAN","ID-16","0"
"2016","INDONESIA","ID","KOTA PALANGKARAYA","ID-6271","KALIMANTAN TENGAH","ID-62","115584.75184339315"
"2016","INDONESIA","ID","KOTA PALEMBANG","ID-1671","SUMATERA SELATAN","ID-16","0"
"2016","INDONESIA","ID","KOTA PALOPO","ID-7373","SULAWESI SELATAN","ID-73","0"
"2016","INDONESIA","ID","KOTA PALU","ID-7271","SULAWESI TENGAH","ID-72","0"
"2016","INDONESIA","ID","KOTA PANGKAL PINANG","ID-1971","KEPULAUAN BANGKA BELITUNG","ID-19","0"
"2016","INDONESIA","ID","KOTA PAREPARE","ID-7372","SULAWESI SELATAN","ID-73","0"
"2016","INDONESIA","ID","KOTA PARIAMAN","ID-1377","SUMATERA BARAT","ID-13","0"
"2016","INDONESIA","ID","KOTA PASURUAN","ID-3575","JAWA TIMUR","ID-35","0"
"2016","INDONESIA","ID","KOTA PAYAKUMBUH","ID-1376","SUMATERA BARAT","ID-13","0"
"2016","INDONESIA","ID","KOTA PEKALONGAN","ID-3375","JAWA TENGAH","ID-33","0"
"2016","INDONESIA","ID","KOTA PEKANBARU","ID-1471","RIAU","ID-14","5511.351383662669"
"2016","INDONESIA","ID","KOTA PEMATANGSIANTAR","ID-1272","SUMATERA UTARA","ID-12","0"
"2016","INDONESIA","ID","KOTA PONTIANAK","ID-6171","KALIMANTAN BARAT","ID-61","4303.5655180525455"
"2016","INDONESIA","ID","KOTA PRABUMULIH","ID-1674","SUMATERA SELATAN","ID-16","0"
"2016","INDONESIA","ID","KOTA PROBOLINGGO","ID-3574","JAWA TIMUR","ID-35","0"
"2016","INDONESIA","ID","KOTA SABANG","ID-1172","ACEH","ID-11","0"
"2016","INDONESIA","ID","KOTA SALATIGA","ID-3373","JAWA TENGAH","ID-33","0"
"2016","INDONESIA","ID","KOTA SAMARINDA","ID-6472","KALIMANTAN TIMUR","ID-64","0"
"2016","INDONESIA","ID","KOTA SAWAHLUNTO","ID-1373","SUMATERA BARAT","ID-13","0"
"2016","INDONESIA","ID","KOTA SEMARANG","ID-3374","JAWA TENGAH","ID-33","0"
"2016","INDONESIA","ID","KOTA SERANG","ID-3673","BANTEN","ID-36","0"
"2016","INDONESIA","ID","KOTA SIBOLGA","ID-1273","SUMATERA UTARA","ID-12","0"
"2016","INDONESIA","ID","KOTA SINGKAWANG","ID-6172","KALIMANTAN BARAT","ID-61","3955.576711656947"
"2016","INDONESIA","ID","KOTA SOLOK","ID-1372","SUMATERA BARAT","ID-13","0"
"2016","INDONESIA","ID","KOTA SORONG","ID-9671","PAPUA BARAT DAYA","ID-96","0"
"2016","INDONESIA","ID","KOTA SUBULUSSALAM","ID-1175","ACEH","ID-11","3927.526711787974"
"2016","INDONESIA","ID","KOTA SUKABUMI","ID-3272","JAWA BARAT","ID-32","0"
"2016","INDONESIA","ID","KOTA SUNGAI PENUH","ID-1572","JAMBI","ID-15","578.8773354669264"
"2016","INDONESIA","ID","KOTA SURABAYA","ID-3578","JAWA TIMUR","ID-35","0"
"2016","INDONESIA","ID","KOTA SURAKARTA","ID-3372","JAWA TENGAH","ID-33","0"
"2016","INDONESIA","ID","KOTA TANGERANG","ID-3671","BANTEN","ID-36","0"
"2016","INDONESIA","ID","KOTA TANGERANG SELATAN","ID-3674","BANTEN","ID-36","0"
"2016","INDONESIA","ID","KOTA TANJUNGBALAI","ID-1274","SUMATERA UTARA","ID-12","0"
"2016","INDONESIA","ID","KOTA TANJUNG PINANG","ID-2172","KEPULAUAN RIAU","ID-21","0"
"2016","INDONESIA","ID","KOTA TARAKAN","ID-6571","KALIMANTAN UTARA","ID-65","3215.5865865918304"
"2016","INDONESIA","ID","KOTA TASIKMALAYA","ID-3278","JAWA BARAT","ID-32","0"
"2016","INDONESIA","ID","KOTA TEBING TINGGI","ID-1276","SUMATERA UTARA","ID-12","0"
"2016","INDONESIA","ID","KOTA TEGAL","ID-3376","JAWA TENGAH","ID-33","0"
"2016","INDONESIA","ID","KOTA TERNATE","ID-8271","MALUKU UTARA","ID-82","0"
"2016","INDONESIA","ID","KOTA TIDORE KEPULAUAN","ID-8272","MALUKU UTARA","ID-82","0"
"2016","INDONESIA","ID","KOTA TOMOHON","ID-7173","SULAWESI UTARA","ID-71","0"
"2016","INDONESIA","ID","KOTA TUAL","ID-8172","MALUKU","ID-81","0"
"2016","INDONESIA","ID","KOTAWARINGIN BARAT","ID-6201","KALIMANTAN TENGAH","ID-62","257892.80736691543"
"2016","INDONESIA","ID","KOTAWARINGIN TIMUR","ID-6202","KALIMANTAN TENGAH","ID-62","275227.77356167"
"2016","INDONESIA","ID","KOTA YOGYAKARTA","ID-3471","DAERAH ISTIMEWA YOGYAKARTA","ID-34","0"
"2016","INDONESIA","ID","KUANTAN SINGINGI","ID-1409","RIAU","ID-14","0"
"2016","INDONESIA","ID","KUBU RAYA","ID-6112","KALIMANTAN BARAT","ID-61","515393.5569979219"
"2016","INDONESIA","ID","KUDUS","ID-3319","JAWA TENGAH","ID-33","0"
"2016","INDONESIA","ID","KULON PROGO","ID-3401","DAERAH ISTIMEWA YOGYAKARTA","ID-34","0"
"2016","INDONESIA","ID","KUNINGAN","ID-3208","JAWA BARAT","ID-32","0"
"2016","INDONESIA","ID","KUPANG","ID-5301","NUSA TENGGARA TIMUR","ID-53","0"
"2016","INDONESIA","ID","KUTAI BARAT","ID-6407","KALIMANTAN TIMUR","ID-64","24592.681700819263"
"2016","INDONESIA","ID","KUTAI KARTANEGARA","ID-6402","KALIMANTAN TIMUR","ID-64","141374.38267315438"
"2016","INDONESIA","ID","KUTAI TIMUR","ID-6408","KALIMANTAN TIMUR","ID-64","1900.9224878902603"
"2016","INDONESIA","ID","LABUHANBATU","ID-1210","SUMATERA UTARA","ID-12","108488.01983083058"
"2016","INDONESIA","ID","LABUHANBATU SELATAN","ID-1222","SUMATERA UTARA","ID-12","41721.96056818482"
"2016","INDONESIA","ID","LABUHANBATU UTARA","ID-1223","SUMATERA UTARA","ID-12","76568.09443976663"
"2016","INDONESIA","ID","LAHAT","ID-1604","SUMATERA SELATAN","ID-16","0"
"2016","INDONESIA","ID","LAMANDAU","ID-6209","KALIMANTAN TENGAH","ID-62","567.4440697236604"
"2016","INDONESIA","ID","LAMONGAN","ID-3524","JAWA TIMUR","ID-35","0"
"2016","INDONESIA","ID","LAMPUNG BARAT","ID-1804","LAMPUNG","ID-18","0"
"2016","INDONESIA","ID","LAMPUNG SELATAN","ID-1801","LAMPUNG","ID-18","0"
"2016","INDONESIA","ID","LAMPUNG TENGAH","ID-1802","LAMPUNG","ID-18","0"
"2016","INDONESIA","ID","LAMPUNG TIMUR","ID-1807","LAMPUNG","ID-18","0"
"2016","INDONESIA","ID","LAMPUNG UTARA","ID-1803","LAMPUNG","ID-18","0"
"2016","INDONESIA","ID","LANDAK","ID-6108","KALIMANTAN BARAT","ID-61","43600.46431762313"
"2016","INDONESIA","ID","LANGKAT","ID-1205","SUMATERA UTARA","ID-12","0"
"2016","INDONESIA","ID","LANNY JAYA","ID-9507","PAPUA PEGUNUNGAN","ID-95","0"
"2016","INDONESIA","ID","LEBAK","ID-3602","BANTEN","ID-36","0"
"2016","INDONESIA","ID","LEBONG","ID-1707","BENGKULU","ID-17","0"
"2016","INDONESIA","ID","LEMBATA","ID-5313","NUSA TENGGARA TIMUR","ID-53","0"
"2016","INDONESIA","ID","LIMA PULUH KOTA","ID-1307","SUMATERA BARAT","ID-13","0"
"2016","INDONESIA","ID","LINGGA","ID-2104","KEPULAUAN RIAU","ID-21","0"
"2016","INDONESIA","ID","LOMBOK BARAT","ID-5201","NUSA TENGGARA BARAT","ID-52","0"
"2016","INDONESIA","ID","LOMBOK TENGAH","ID-5202","NUSA TENGGARA BARAT","ID-52","0"
"2016","INDONESIA","ID","LOMBOK TIMUR","ID-5203","NUSA TENGGARA BARAT","ID-52","0"
"2016","INDONESIA","ID","LOMBOK UTARA","ID-5208","NUSA TENGGARA BARAT","ID-52","0"
"2016","INDONESIA","ID","LUMAJANG","ID-3508","JAWA TIMUR","ID-35","0"
"2016","INDONESIA","ID","LUWU","ID-7317","SULAWESI SELATAN","ID-73","0"
"2016","INDONESIA","ID","LUWU TIMUR","ID-7324","SULAWESI SELATAN","ID-73","0"
"2016","INDONESIA","ID","LUWU UTARA","ID-7322","SULAWESI SELATAN","ID-73","0"
"2016","INDONESIA","ID","MADIUN","ID-3519","JAWA TIMUR","ID-35","0"
"2016","INDONESIA","ID","MAGELANG","ID-3308","JAWA TENGAH","ID-33","0"
"2016","INDONESIA","ID","MAGETAN","ID-3520","JAWA TIMUR","ID-35","0"
"2016","INDONESIA","ID","MAHAKAM ULU","ID-6411","KALIMANTAN TIMUR","ID-64","0"
"2016","INDONESIA","ID","MAJALENGKA","ID-3210","JAWA BARAT","ID-32","0"
"2016","INDONESIA","ID","MAJENE","ID-7605","SULAWESI BARAT","ID-76","0"
"2016","INDONESIA","ID","MALAKA","ID-5321","NUSA TENGGARA TIMUR","ID-53","0"
"2016","INDONESIA","ID","MALANG","ID-3507","JAWA TIMUR","ID-35","0"
"2016","INDONESIA","ID","MALINAU","ID-6502","KALIMANTAN UTARA","ID-65","0"
"2016","INDONESIA","ID","MALUKU BARAT DAYA","ID-8108","MALUKU","ID-81","0"
"2016","INDONESIA","ID","MALUKU TENGAH","ID-8101","MALUKU","ID-81","0"
"2016","INDONESIA","ID","MALUKU TENGGARA","ID-8102","MALUKU","ID-81","0"
"2016","INDONESIA","ID","MAMASA","ID-7603","SULAWESI BARAT","ID-76","0"
"2016","INDONESIA","ID","MAMBERAMO RAYA","ID-9120","PAPUA","ID-91","442552.123923047"
"2016","INDONESIA","ID","MAMBERAMO TENGAH","ID-9505","PAPUA PEGUNUNGAN","ID-95","35800.25921926981"
"2016","INDONESIA","ID","MAMUJU","ID-7602","SULAWESI BARAT","ID-76","3545.815901686274"
"2016","INDONESIA","ID","MAMUJU TENGAH","ID-7606","SULAWESI BARAT","ID-76","5285.072693359358"
"2016","INDONESIA","ID","MANDAILING NATAL","ID-1213","SUMATERA UTARA","ID-12","29834.00592307882"
"2016","INDONESIA","ID","MANGGARAI","ID-5310","NUSA TENGGARA TIMUR","ID-53","0"
"2016","INDONESIA","ID","MANGGARAI BARAT","ID-5315","NUSA TENGGARA TIMUR","ID-53","0"
"2016","INDONESIA","ID","MANGGARAI TIMUR","ID-5319","NUSA TENGGARA TIMUR","ID-53","0"
"2016","INDONESIA","ID","MANOKWARI","ID-9202","PAPUA BARAT","ID-92","736.1033616750423"
"2016","INDONESIA","ID","MANOKWARI SELATAN","ID-9211","PAPUA BARAT","ID-92","0"
"2016","INDONESIA","ID","MAPPI","ID-9303","PAPUA SELATAN","ID-93","389505.5393037975"
"2016","INDONESIA","ID","MAROS","ID-7309","SULAWESI SELATAN","ID-73","0"
"2016","INDONESIA","ID","MAYBRAT","ID-9605","PAPUA BARAT DAYA","ID-96","1388.526419036897"
"2016","INDONESIA","ID","MELAWI","ID-6110","KALIMANTAN BARAT","ID-61","5680.5208547236425"
"2016","INDONESIA","ID","MEMPAWAH","ID-6102","KALIMANTAN BARAT","ID-61","72099.70347832156"
"2016","INDONESIA","ID","MERANGIN","ID-1502","JAMBI","ID-15","1095.9816128019445"
"2016","INDONESIA","ID","MERAUKE","ID-9301","PAPUA SELATAN","ID-93","13749.381393167669"
"2016","INDONESIA","ID","MESUJI","ID-1811","LAMPUNG","ID-18","21276.10784578186"
"2016","INDONESIA","ID","MIMIKA","ID-9404","PAPUA TENGAH","ID-94","264013.68736623693"
"2016","INDONESIA","ID","MINAHASA","ID-7102","SULAWESI UTARA","ID-71","0"
"2016","INDONESIA","ID","MINAHASA SELATAN","ID-7105","SULAWESI UTARA","ID-71","0"
"2016","INDONESIA","ID","MINAHASA TENGGARA","ID-7107","SULAWESI UTARA","ID-71","0"
"2016","INDONESIA","ID","MINAHASA UTARA","ID-7106","SULAWESI UTARA","ID-71","0"
"2016","INDONESIA","ID","MOJOKERTO","ID-3516","JAWA TIMUR","ID-35","0"
"2016","INDONESIA","ID","MOROWALI","ID-7206","SULAWESI TENGAH","ID-72","0"
"2016","INDONESIA","ID","MOROWALI UTARA","ID-7212","SULAWESI TENGAH","ID-72","6304.367176886164"
"2016","INDONESIA","ID","MUARA ENIM","ID-1603","SUMATERA SELATAN","ID-16","20151.41111660912"
"2016","INDONESIA","ID","MUARO JAMBI","ID-1505","JAMBI","ID-15","189704.4234511261"
"2016","INDONESIA","ID","MUKOMUKO","ID-1706","BENGKULU","ID-17","6264.5721966112515"
"2016","INDONESIA","ID","MUNA","ID-7403","SULAWESI TENGGARA","ID-74","0"
"2016","INDONESIA","ID","MUNA BARAT","ID-7413","SULAWESI TENGGARA","ID-74","0"
"2016","INDONESIA","ID","MURUNG RAYA","ID-6212","KALIMANTAN TENGAH","ID-62","0"
"2016","INDONESIA","ID","MUSI BANYUASIN","ID-1606","SUMATERA SELATAN","ID-16","239727.17065908105"
"2016","INDONESIA","ID","MUSI RAWAS","ID-1605","SUMATERA SELATAN","ID-16","3916.980157950604"
"2016","INDONESIA","ID","MUSI RAWAS UTARA","ID-1613","SUMATERA SELATAN","ID-16","34018.14215503354"
"2016","INDONESIA","ID","NABIRE","ID-9401","PAPUA TENGAH","ID-94","149908.774751419"
"2016","INDONESIA","ID","NAGAN RAYA","ID-1115","ACEH","ID-11","42450.63515054629"
"2016","INDONESIA","ID","NAGEKEO","ID-5316","NUSA TENGGARA TIMUR","ID-53","0"
"2016","INDONESIA","ID","NATUNA","ID-2103","KEPULAUAN RIAU","ID-21","0"
"2016","INDONESIA","ID","NDUGA","ID-9508","PAPUA PEGUNUNGAN","ID-95","0"
"2016","INDONESIA","ID","NGADA","ID-5309","NUSA TENGGARA TIMUR","ID-53","0"
"2016","INDONESIA","ID","NGANJUK","ID-3518","JAWA TIMUR","ID-35","0"
"2016","INDONESIA","ID","NGAWI","ID-3521","JAWA TIMUR","ID-35","0"
"2016","INDONESIA","ID","NIAS","ID-1204","SUMATERA UTARA","ID-12","5662.897701149103"
"2016","INDONESIA","ID","NIAS BARAT","ID-1225","SUMATERA UTARA","ID-12","0"
"2016","INDONESIA","ID","NIAS SELATAN","ID-1214","SUMATERA UTARA","ID-12","0"
"2016","INDONESIA","ID","NIAS UTARA","ID-1224","SUMATERA UTARA","ID-12","5951.283636352389"
"2016","INDONESIA","ID","NUNUKAN","ID-6503","KALIMANTAN UTARA","ID-65","115484.64590309486"
"2016","INDONESIA","ID","OGAN ILIR","ID-1610","SUMATERA SELATAN","ID-16","0"
"2016","INDONESIA","ID","OGAN KOMERING ILIR","ID-1602","SUMATERA SELATAN","ID-16","598608.8269867621"
"2016","INDONESIA","ID","OGAN KOMERING ULU","ID-1601","SUMATERA SELATAN","ID-16","0"
"2016","INDONESIA","ID","OGAN KOMERING ULU SELATAN","ID-1609","SUMATERA SELATAN","ID-16","0"
"2016","INDONESIA","ID","OGAN KOMERING ULU TIMUR","ID-1608","SUMATERA SELATAN","ID-16","0"
"2016","INDONESIA","ID","PACITAN","ID-3501","JAWA TIMUR","ID-35","0"
"2016","INDONESIA","ID","PADANG LAWAS","ID-1221","SUMATERA UTARA","ID-12","0"
"2016","INDONESIA","ID","PADANG LAWAS UTARA","ID-1220","SUMATERA UTARA","ID-12","0"
"2016","INDONESIA","ID","PADANG PARIAMAN","ID-1305","SUMATERA BARAT","ID-13","0"
"2016","INDONESIA","ID","PAKPAK BHARAT","ID-1215","SUMATERA UTARA","ID-12","0"
"2016","INDONESIA","ID","PAMEKASAN","ID-3528","JAWA TIMUR","ID-35","0"
"2016","INDONESIA","ID","PANDEGLANG","ID-3601","BANTEN","ID-36","0"
"2016","INDONESIA","ID","PANGANDARAN","ID-3218","JAWA BARAT","ID-32","0"
"2016","INDONESIA","ID","PANGKAJENE DAN KEPULAUAN","ID-7310","SULAWESI SELATAN","ID-73","0"
"2016","INDONESIA","ID","PANIAI","ID-9403","PAPUA TENGAH","ID-94","9634.833036763215"
"2016","INDONESIA","ID","PARIGI MOUTONG","ID-7208","SULAWESI TENGAH","ID-72","0"
"2016","INDONESIA","ID","PASAMAN","ID-1308","SUMATERA BARAT","ID-13","0"
"2016","INDONESIA","ID","PASAMAN BARAT","ID-1312","SUMATERA BARAT","ID-13","34098.13111174724"
"2016","INDONESIA","ID","PASANGKAYU","ID-7601","SULAWESI BARAT","ID-76","7635.402149826805"
"2016","INDONESIA","ID","PASER","ID-6401","KALIMANTAN TIMUR","ID-64","0"
"2016","INDONESIA","ID","PASURUAN","ID-3514","JAWA TIMUR","ID-35","0"
"2016","INDONESIA","ID","PATI","ID-3318","JAWA TENGAH","ID-33","0"
"2016","INDONESIA","ID","PEGUNUNGAN ARFAK","ID-9212","PAPUA BARAT","ID-92","0"
"2016","INDONESIA","ID","PEGUNUNGAN BINTANG","ID-9502","PAPUA PEGUNUNGAN","ID-95","0"
"2016","INDONESIA","ID","PEKALONGAN","ID-3326","JAWA TENGAH","ID-33","0"
"2016","INDONESIA","ID","PELALAWAN","ID-1405","RIAU","ID-14","710910.0372718292"
"2016","INDONESIA","ID","PEMALANG","ID-3327","JAWA TENGAH","ID-33","0"
"2016","INDONESIA","ID","PENAJAM PASER UTARA","ID-6409","KALIMANTAN TIMUR","ID-64","0"
"2016","INDONESIA","ID","PENUKAL ABAB LEMATANG ILIR","ID-1612","SUMATERA SELATAN","ID-16","27355.532538448617"
"2016","INDONESIA","ID","PESAWARAN","ID-1809","LAMPUNG","ID-18","0"
"2016","INDONESIA","ID","PESISIR BARAT","ID-1813","LAMPUNG","ID-18","0"
"2016","INDONESIA","ID","PESISIR SELATAN","ID-1301","SUMATERA BARAT","ID-13","79815.33095244573"
"2016","INDONESIA","ID","PIDIE","ID-1107","ACEH","ID-11","0"
"2016","INDONESIA","ID","PIDIE JAYA","ID-1118","ACEH","ID-11","0"
"2016","INDONESIA","ID","PINRANG","ID-7315","SULAWESI SELATAN","ID-73","0"
"2016","INDONESIA","ID","POHUWATO","ID-7504","GORONTALO","ID-75","0"
"2016","INDONESIA","ID","POLEWALI MANDAR","ID-7604","SULAWESI BARAT","ID-76","0"
"2016","INDONESIA","ID","PONOROGO","ID-3502","JAWA TIMUR","ID-35","0"
"2016","INDONESIA","ID","POSO","ID-7202","SULAWESI TENGAH","ID-72","0"
"2016","INDONESIA","ID","PRINGSEWU","ID-1810","LAMPUNG","ID-18","0"
"2016","INDONESIA","ID","PROBOLINGGO","ID-3513","JAWA TIMUR","ID-35","0"
"2016","INDONESIA","ID","PULANG PISAU","ID-6211","KALIMANTAN TENGAH","ID-62","583408.1448228676"
"2016","INDONESIA","ID","PULAU MOROTAI","ID-8207","MALUKU UTARA","ID-82","0"
"2016","INDONESIA","ID","PULAU TALIABU","ID-8208","MALUKU UTARA","ID-82","0"
"2016","INDONESIA","ID","PUNCAK","ID-9405","PAPUA TENGAH","ID-94","18335.10027966011"
"2016","INDONESIA","ID","PUNCAK JAYA","ID-9402","PAPUA TENGAH","ID-94","98652.42042183325"
"2016","INDONESIA","ID","PURBALINGGA","ID-3303","JAWA TENGAH","ID-33","0"
"2016","INDONESIA","ID","PURWAKARTA","ID-3214","JAWA BARAT","ID-32","0"
"2016","INDONESIA","ID","PURWOREJO","ID-3306","JAWA TENGAH","ID-33","0"
"2016","INDONESIA","ID","RAJA AMPAT","ID-9603","PAPUA BARAT DAYA","ID-96","1450.3839273083736"
"2016","INDONESIA","ID","REJANG LEBONG","ID-1702","BENGKULU","ID-17","0"
"2016","INDONESIA","ID","REMBANG","ID-3317","JAWA TENGAH","ID-33","0"
"2016","INDONESIA","ID","ROKAN HILIR","ID-1407","RIAU","ID-14","382977.69293854304"
"2016","INDONESIA","ID","ROKAN HULU","ID-1406","RIAU","ID-14","80740.1717273693"
"2016","INDONESIA","ID","ROTE NDAO","ID-5314","NUSA TENGGARA TIMUR","ID-53","0"
"2016","INDONESIA","ID","SABU RAIJUA","ID-5320","NUSA TENGGARA TIMUR","ID-53","0"
"2016","INDONESIA","ID","SAMBAS","ID-6101","KALIMANTAN BARAT","ID-61","58066.92890042286"
"2016","INDONESIA","ID","SAMOSIR","ID-1217","SUMATERA UTARA","ID-12","238.54479910622896"
"2016","INDONESIA","ID","SAMPANG","ID-3527","JAWA TIMUR","ID-35","0"
"2016","INDONESIA","ID","SANGGAU","ID-6103","KALIMANTAN BARAT","ID-61","99415.41481529736"
"2016","INDONESIA","ID","SARMI","ID-9110","PAPUA","ID-91","210226.72111773625"
"2016","INDONESIA","ID","SAROLANGUN","ID-1503","JAMBI","ID-15","30355.925550584114"
"2016","INDONESIA","ID","SEKADAU","ID-6109","KALIMANTAN BARAT","ID-61","10294.712191974764"
"2016","INDONESIA","ID","SELUMA","ID-1705","BENGKULU","ID-17","0"
"2016","INDONESIA","ID","SEMARANG","ID-3322","JAWA TENGAH","ID-33","0"
"2016","INDONESIA","ID","SERAM BAGIAN BARAT","ID-8106","MALUKU","ID-81","0"
"2016","INDONESIA","ID","SERAM BAGIAN TIMUR","ID-8105","MALUKU","ID-81","0"
"2016","INDONESIA","ID","SERANG","ID-3604","BANTEN","ID-36","0"
"2016","INDONESIA","ID","SERDANG BEDAGAI","ID-1218","SUMATERA UTARA","ID-12","0"
"2016","INDONESIA","ID","SERUYAN","ID-6207","KALIMANTAN TENGAH","ID-62","223574.7519275211"
"2016","INDONESIA","ID","SIAK","ID-1408","RIAU","ID-14","384998.7723776948"
"2016","INDONESIA","ID","SIDENRENG RAPPANG","ID-7314","SULAWESI SELATAN","ID-73","0"
"2016","INDONESIA","ID","SIDOARJO","ID-3515","JAWA TIMUR","ID-35","0"
"2016","INDONESIA","ID","SIGI","ID-7210","SULAWESI TENGAH","ID-72","0"
"2016","INDONESIA","ID","SIJUNJUNG","ID-1303","SUMATERA BARAT","ID-13","0"
"2016","INDONESIA","ID","SIKKA","ID-5307","NUSA TENGGARA TIMUR","ID-53","0"
"2016","INDONESIA","ID","SIMALUNGUN","ID-1208","SUMATERA UTARA","ID-12","0"
"2016","INDONESIA","ID","SIMEULUE","ID-1109","ACEH","ID-11","0"
"2016","INDONESIA","ID","SINJAI","ID-7307","SULAWESI SELATAN","ID-73","0"
"2016","INDONESIA","ID","SINTANG","ID-6105","KALIMANTAN BARAT","ID-61","65732.36370864959"
"2016","INDONESIA","ID","SITUBONDO","ID-3512","JAWA TIMUR","ID-35","0"
"2016","INDONESIA","ID","SLEMAN","ID-3404","DAERAH ISTIMEWA YOGYAKARTA","ID-34","0"
"2016","INDONESIA","ID","SOLOK","ID-1302","SUMATERA BARAT","ID-13","0"
"2016","INDONESIA","ID","SOLOK SELATAN","ID-1311","SUMATERA BARAT","ID-13","0"
"2016","INDONESIA","ID","SOPPENG","ID-7312","SULAWESI SELATAN","ID-73","0"
"2016","INDONESIA","ID","SORONG","ID-9601","PAPUA BARAT DAYA","ID-96","93838.05414036552"
"2016","INDONESIA","ID","SORONG SELATAN","ID-9602","PAPUA BARAT DAYA","ID-96","254573.5954629692"
"2016","INDONESIA","ID","SRAGEN","ID-3314","JAWA TENGAH","ID-33","0"
"2016","INDONESIA","ID","SUBANG","ID-3213","JAWA BARAT","ID-32","0"
"2016","INDONESIA","ID","SUKABUMI","ID-3202","JAWA BARAT","ID-32","0"
"2016","INDONESIA","ID","SUKAMARA","ID-6208","KALIMANTAN TENGAH","ID-62","49801.13642068545"
"2016","INDONESIA","ID","SUKOHARJO","ID-3311","JAWA TENGAH","ID-33","0"
"2016","INDONESIA","ID","SUMBA BARAT","ID-5312","NUSA TENGGARA TIMUR","ID-53","0"
"2016","INDONESIA","ID","SUMBA BARAT DAYA","ID-5318","NUSA TENGGARA TIMUR","ID-53","0"
"2016","INDONESIA","ID","SUMBA TENGAH","ID-5317","NUSA TENGGARA TIMUR","ID-53","0"
"2016","INDONESIA","ID","SUMBA TIMUR","ID-5311","NUSA TENGGARA TIMUR","ID-53","0"
"2016","INDONESIA","ID","SUMBAWA","ID-5204","NUSA TENGGARA BARAT","ID-52","0"
"2016","INDONESIA","ID","SUMBAWA BARAT","ID-5207","NUSA TENGGARA BARAT","ID-52","0"
"2016","INDONESIA","ID","SUMEDANG","ID-3211","JAWA BARAT","ID-32","0"
"2016","INDONESIA","ID","SUMENEP","ID-3529","JAWA TIMUR","ID-35","0"
"2016","INDONESIA","ID","SUPIORI","ID-9119","PAPUA","ID-91","1681.2885683236836"
"2016","INDONESIA","ID","TABALONG","ID-6309","KALIMANTAN SELATAN","ID-63","9366.28159851501"
"2016","INDONESIA","ID","TABANAN","ID-5102","BALI","ID-51","0"
"2016","INDONESIA","ID","TAKALAR","ID-7305","SULAWESI SELATAN","ID-73","0"
"2016","INDONESIA","ID","TAMBRAUW","ID-9604","PAPUA BARAT DAYA","ID-96","0"
"2016","INDONESIA","ID","TANAH BUMBU","ID-6310","KALIMANTAN SELATAN","ID-63","0"
"2016","INDONESIA","ID","TANAH DATAR","ID-1304","SUMATERA BARAT","ID-13","0"
"2016","INDONESIA","ID","TANAH LAUT","ID-6301","KALIMANTAN SELATAN","ID-63","0"
"2016","INDONESIA","ID","TANA TIDUNG","ID-6504","KALIMANTAN UTARA","ID-65","97929.92607942552"
"2016","INDONESIA","ID","TANA TORAJA","ID-7318","SULAWESI SELATAN","ID-73","0"
"2016","INDONESIA","ID","TANGERANG","ID-3603","BANTEN","ID-36","0"
"2016","INDONESIA","ID","TANGGAMUS","ID-1806","LAMPUNG","ID-18","0"
"2016","INDONESIA","ID","TANJUNG JABUNG BARAT","ID-1506","JAMBI","ID-15","110629.029038218"
"2016","INDONESIA","ID","TANJUNG JABUNG TIMUR","ID-1507","JAMBI","ID-15","153330.26657174778"
"2016","INDONESIA","ID","TAPANULI SELATAN","ID-1203","SUMATERA UTARA","ID-12","18261.797736635577"
"2016","INDONESIA","ID","TAPANULI TENGAH","ID-1201","SUMATERA UTARA","ID-12","11774.693151081216"
"2016","INDONESIA","ID","TAPANULI UTARA","ID-1202","SUMATERA UTARA","ID-12","0"
"2016","INDONESIA","ID","TAPIN","ID-6305","KALIMANTAN SELATAN","ID-63","7567.093948426415"
"2016","INDONESIA","ID","TASIKMALAYA","ID-3206","JAWA BARAT","ID-32","0"
"2016","INDONESIA","ID","TEBO","ID-1509","JAMBI","ID-15","197.2475346170843"
"2016","INDONESIA","ID","TEGAL","ID-3328","JAWA TENGAH","ID-33","0"
"2016","INDONESIA","ID","TELUK BINTUNI","ID-9206","PAPUA BARAT","ID-92","326129.06089021533"
"2016","INDONESIA","ID","TELUK WONDAMA","ID-9207","PAPUA BARAT","ID-92","0"
"2016","INDONESIA","ID","TEMANGGUNG","ID-3323","JAWA TENGAH","ID-33","0"
"2016","INDONESIA","ID","TIMOR TENGAH SELATAN","ID-5302","NUSA TENGGARA TIMUR","ID-53","0"
"2016","INDONESIA","ID","TIMOR TENGAH UTARA","ID-5303","NUSA TENGGARA TIMUR","ID-53","0"
"2016","INDONESIA","ID","TOBA","ID-1212","SUMATERA UTARA","ID-12","0"
"2016","INDONESIA","ID","TOJO UNA UNA","ID-7209","SULAWESI TENGAH","ID-72","209.32670029071667"
"2016","INDONESIA","ID","TOLIKARA","ID-9504","PAPUA PEGUNUNGAN","ID-95","33324.84415361115"
"2016","INDONESIA","ID","TOLI-TOLI","ID-7204","SULAWESI TENGAH","ID-72","1050.3790415448643"
"2016","INDONESIA","ID","TORAJA UTARA","ID-7326","SULAWESI SELATAN","ID-73","0"
"2016","INDONESIA","ID","TRENGGALEK","ID-3503","JAWA TIMUR","ID-35","0"
"2016","INDONESIA","ID","TUBAN","ID-3523","JAWA TIMUR","ID-35","0"
"2016","INDONESIA","ID","TULANG BAWANG","ID-1805","LAMPUNG","ID-18","207.85907915546375"
"2016","INDONESIA","ID","TULANG BAWANG BARAT","ID-1812","LAMPUNG","ID-18","0"
"2016","INDONESIA","ID","TULUNGAGUNG","ID-3504","JAWA TIMUR","ID-35","0"
"2016","INDONESIA","ID","WAJO","ID-7313","SULAWESI SELATAN","ID-73","0"
"2016","INDONESIA","ID","WAKATOBI","ID-7407","SULAWESI TENGGARA","ID-74","0"
"2016","INDONESIA","ID","WAROPEN","ID-9115","PAPUA","ID-91","74637.26598150222"
"2016","INDONESIA","ID","WAY KANAN","ID-1808","LAMPUNG","ID-18","0"
"2016","INDONESIA","ID","WONOGIRI","ID-3312","JAWA TENGAH","ID-33","0"
"2016","INDONESIA","ID","WONOSOBO","ID-3307","JAWA TENGAH","ID-33","0"
"2016","INDONESIA","ID","YAHUKIMO","ID-9503","PAPUA PEGUNUNGAN","ID-95","401.5639098707685"
"2016","INDONESIA","ID","YALIMO","ID-9506","PAPUA PEGUNUNGAN","ID-95","16576.542298267916"
"2017","INDONESIA","ID","ACEH BARAT","ID-1105","ACEH","ID-11","23930.71650964687"
"2017","INDONESIA","ID","ACEH BARAT DAYA","ID-1112","ACEH","ID-11","2473.740237747516"
"2017","INDONESIA","ID","ACEH BESAR","ID-1106","ACEH","ID-11","0"
"2017","INDONESIA","ID","ACEH JAYA","ID-1114","ACEH","ID-11","4571.252837132295"
"2017","INDONESIA","ID","ACEH SELATAN","ID-1101","ACEH","ID-11","48836.71827814446"
"2017","INDONESIA","ID","ACEH SINGKIL","ID-1110","ACEH","ID-11","23738.41615852781"
"2017","INDONESIA","ID","ACEH TAMIANG","ID-1116","ACEH","ID-11","0"
"2017","INDONESIA","ID","ACEH TENGAH","ID-1104","ACEH","ID-11","0"
"2017","INDONESIA","ID","ACEH TENGGARA","ID-1102","ACEH","ID-11","0"
"2017","INDONESIA","ID","ACEH TIMUR","ID-1103","ACEH","ID-11","0"
"2017","INDONESIA","ID","ACEH UTARA","ID-1108","ACEH","ID-11","0"
"2017","INDONESIA","ID","ADMINISTRASI KEPULAUAN SERIBU","ID-3101","DAERAH KHUSUS IBUKOTA JAKARTA","ID-31","0"
"2017","INDONESIA","ID","AGAM","ID-1306","SUMATERA BARAT","ID-13","11138.7587677363"
"2017","INDONESIA","ID","ALOR","ID-5305","NUSA TENGGARA TIMUR","ID-53","0"
"2017","INDONESIA","ID","ASAHAN","ID-1209","SUMATERA UTARA","ID-12","28450.41170211967"
"2017","INDONESIA","ID","ASMAT","ID-9304","PAPUA SELATAN","ID-93","300132.9104511264"
"2017","INDONESIA","ID","BADUNG","ID-5103","BALI","ID-51","0"
"2017","INDONESIA","ID","BALANGAN","ID-6311","KALIMANTAN SELATAN","ID-63","2522.051580087205"
"2017","INDONESIA","ID","BANDUNG","ID-3204","JAWA BARAT","ID-32","0"
"2017","INDONESIA","ID","BANDUNG BARAT","ID-3217","JAWA BARAT","ID-32","0"
"2017","INDONESIA","ID","BANGGAI","ID-7201","SULAWESI TENGAH","ID-72","0"
"2017","INDONESIA","ID","BANGGAI KEPULAUAN","ID-7207","SULAWESI TENGAH","ID-72","0"
"2017","INDONESIA","ID","BANGGAI LAUT","ID-7211","SULAWESI TENGAH","ID-72","0"
"2017","INDONESIA","ID","BANGKA","ID-1901","KEPULAUAN BANGKA BELITUNG","ID-19","473.6416326539059"
"2017","INDONESIA","ID","BANGKA BARAT","ID-1905","KEPULAUAN BANGKA BELITUNG","ID-19","3811.70757007356"
"2017","INDONESIA","ID","BANGKALAN","ID-3526","JAWA TIMUR","ID-35","0"
"2017","INDONESIA","ID","BANGKA SELATAN","ID-1903","KEPULAUAN BANGKA BELITUNG","ID-19","3881.9879420374896"
"2017","INDONESIA","ID","BANGKA TENGAH","ID-1904","KEPULAUAN BANGKA BELITUNG","ID-19","15442.352555941152"
"2017","INDONESIA","ID","BANGLI","ID-5106","BALI","ID-51","0"
"2017","INDONESIA","ID","BANJAR","ID-6303","KALIMANTAN SELATAN","ID-63","2378.5928005565956"
"2017","INDONESIA","ID","BANJARNEGARA","ID-3304","JAWA TENGAH","ID-33","0"
"2017","INDONESIA","ID","BANTAENG","ID-7303","SULAWESI SELATAN","ID-73","0"
"2017","INDONESIA","ID","BANTUL","ID-3402","DAERAH ISTIMEWA YOGYAKARTA","ID-34","0"
"2017","INDONESIA","ID","BANYUASIN","ID-1607","SUMATERA SELATAN","ID-16","191935.43837467028"
"2017","INDONESIA","ID","BANYUMAS","ID-3302","JAWA TENGAH","ID-33","0"
"2017","INDONESIA","ID","BANYUWANGI","ID-3510","JAWA TIMUR","ID-35","0"
"2017","INDONESIA","ID","BARITO KUALA","ID-6304","KALIMANTAN SELATAN","ID-63","0"
"2017","INDONESIA","ID","BARITO SELATAN","ID-6204","KALIMANTAN TENGAH","ID-62","145654.26588574494"
"2017","INDONESIA","ID","BARITO TIMUR","ID-6213","KALIMANTAN TENGAH","ID-62","27427.309635697897"
"2017","INDONESIA","ID","BARITO UTARA","ID-6205","KALIMANTAN TENGAH","ID-62","0"
"2017","INDONESIA","ID","BARRU","ID-7311","SULAWESI SELATAN","ID-73","0"
"2017","INDONESIA","ID","BATANG","ID-3325","JAWA TENGAH","ID-33","0"
"2017","INDONESIA","ID","BATANGHARI","ID-1504","JAMBI","ID-15","0"
"2017","INDONESIA","ID","BATU BARA","ID-1219","SUMATERA UTARA","ID-12","0"
"2017","INDONESIA","ID","BEKASI","ID-3216","JAWA BARAT","ID-32","0"
"2017","INDONESIA","ID","BELITUNG","ID-1902","KEPULAUAN BANGKA BELITUNG","ID-19","0"
"2017","INDONESIA","ID","BELITUNG TIMUR","ID-1906","KEPULAUAN BANGKA BELITUNG","ID-19","714.7465418182478"
"2017","INDONESIA","ID","BELU","ID-5304","NUSA TENGGARA TIMUR","ID-53","0"
"2017","INDONESIA","ID","BENER MERIAH","ID-1117","ACEH","ID-11","0"
"2017","INDONESIA","ID","BENGKALIS","ID-1403","RIAU","ID-14","536291.4438363129"
"2017","INDONESIA","ID","BENGKAYANG","ID-6107","KALIMANTAN BARAT","ID-61","30252.381057345367"
"2017","INDONESIA","ID","BENGKULU SELATAN","ID-1701","BENGKULU","ID-17","0"
"2017","INDONESIA","ID","BENGKULU TENGAH","ID-1709","BENGKULU","ID-17","0"
"2017","INDONESIA","ID","BENGKULU UTARA","ID-1703","BENGKULU","ID-17","0"
"2017","INDONESIA","ID","BERAU","ID-6403","KALIMANTAN TIMUR","ID-64","13708.429222667815"
"2017","INDONESIA","ID","BIAK NUMFOR","ID-9106","PAPUA","ID-91","0"
"2017","INDONESIA","ID","BIMA","ID-5206","NUSA TENGGARA BARAT","ID-52","0"
"2017","INDONESIA","ID","BINTAN","ID-2101","KEPULAUAN RIAU","ID-21","0"
"2017","INDONESIA","ID","BIREUEN","ID-1111","ACEH","ID-11","0"
"2017","INDONESIA","ID","BLITAR","ID-3505","JAWA TIMUR","ID-35","0"
"2017","INDONESIA","ID","BLORA","ID-3316","JAWA TENGAH","ID-33","0"
"2017","INDONESIA","ID","BOALEMO","ID-7502","GORONTALO","ID-75","0"
"2017","INDONESIA","ID","BOGOR","ID-3201","JAWA BARAT","ID-32","0"
"2017","INDONESIA","ID","BOJONEGORO","ID-3522","JAWA TIMUR","ID-35","0"
"2017","INDONESIA","ID","BOLAANG MONGONDOW","ID-7101","SULAWESI UTARA","ID-71","0"
"2017","INDONESIA","ID","BOLAANG MONGONDOW SELATAN","ID-7111","SULAWESI UTARA","ID-71","0"
"2017","INDONESIA","ID","BOLAANG MONGONDOW TIMUR","ID-7110","SULAWESI UTARA","ID-71","0"
"2017","INDONESIA","ID","BOLAANG MONGONDOW UTARA","ID-7108","SULAWESI UTARA","ID-71","0"
"2017","INDONESIA","ID","BOMBANA","ID-7406","SULAWESI TENGGARA","ID-74","0"
"2017","INDONESIA","ID","BONDOWOSO","ID-3511","JAWA TIMUR","ID-35","0"
"2017","INDONESIA","ID","BONE","ID-7308","SULAWESI SELATAN","ID-73","0"
"2017","INDONESIA","ID","BONE BOLANGO","ID-7503","GORONTALO","ID-75","0"
"2017","INDONESIA","ID","BOVEN DIGOEL","ID-9302","PAPUA SELATAN","ID-93","123709.12557806344"
"2017","INDONESIA","ID","BOYOLALI","ID-3309","JAWA TENGAH","ID-33","0"
"2017","INDONESIA","ID","BREBES","ID-3329","JAWA TENGAH","ID-33","0"
"2017","INDONESIA","ID","BULELENG","ID-5108","BALI","ID-51","0"
"2017","INDONESIA","ID","BULUKUMBA","ID-7302","SULAWESI SELATAN","ID-73","0"
"2017","INDONESIA","ID","BULUNGAN","ID-6501","KALIMANTAN UTARA","ID-65","0"
"2017","INDONESIA","ID","BUNGO","ID-1508","JAMBI","ID-15","0"
"2017","INDONESIA","ID","BUOL","ID-7205","SULAWESI TENGAH","ID-72","0"
"2017","INDONESIA","ID","BURU","ID-8104","MALUKU","ID-81","0"
"2017","INDONESIA","ID","BURU SELATAN","ID-8109","MALUKU","ID-81","0"
"2017","INDONESIA","ID","BUTON","ID-7404","SULAWESI TENGGARA","ID-74","0"
"2017","INDONESIA","ID","BUTON SELATAN","ID-7415","SULAWESI TENGGARA","ID-74","0"
"2017","INDONESIA","ID","BUTON TENGAH","ID-7414","SULAWESI TENGGARA","ID-74","0"
"2017","INDONESIA","ID","BUTON UTARA","ID-7410","SULAWESI TENGGARA","ID-74","0"
"2017","INDONESIA","ID","CIAMIS","ID-3207","JAWA BARAT","ID-32","0"
"2017","INDONESIA","ID","CIANJUR","ID-3203","JAWA BARAT","ID-32","0"
"2017","INDONESIA","ID","CILACAP","ID-3301","JAWA TENGAH","ID-33","0"
"2017","INDONESIA","ID","CIREBON","ID-3209","JAWA BARAT","ID-32","0"
"2017","INDONESIA","ID","DAIRI","ID-1211","SUMATERA UTARA","ID-12","0"
"2017","INDONESIA","ID","DEIYAI","ID-9408","PAPUA TENGAH","ID-94","1814.530857682557"
"2017","INDONESIA","ID","DELI SERDANG","ID-1207","SUMATERA UTARA","ID-12","0"
"2017","INDONESIA","ID","DEMAK","ID-3321","JAWA TENGAH","ID-33","0"
"2017","INDONESIA","ID","DHARMASRAYA","ID-1310","SUMATERA BARAT","ID-13","0"
"2017","INDONESIA","ID","DOGIYAI","ID-9406","PAPUA TENGAH","ID-94","3220.9081995370793"
"2017","INDONESIA","ID","DOMPU","ID-5205","NUSA TENGGARA BARAT","ID-52","0"
"2017","INDONESIA","ID","DONGGALA","ID-7203","SULAWESI TENGAH","ID-72","584.3060448679521"
"2017","INDONESIA","ID","EMPAT LAWANG","ID-1611","SUMATERA SELATAN","ID-16","0"
"2017","INDONESIA","ID","ENDE","ID-5308","NUSA TENGGARA TIMUR","ID-53","0"
"2017","INDONESIA","ID","ENREKANG","ID-7316","SULAWESI SELATAN","ID-73","0"
"2017","INDONESIA","ID","FAK FAK","ID-9203","PAPUA BARAT","ID-92","26157.623771776725"
"2017","INDONESIA","ID","FLORES TIMUR","ID-5306","NUSA TENGGARA TIMUR","ID-53","0"
"2017","INDONESIA","ID","GARUT","ID-3205","JAWA BARAT","ID-32","0"
"2017","INDONESIA","ID","GAYO LUES","ID-1113","ACEH","ID-11","0"
"2017","INDONESIA","ID","GIANYAR","ID-5104","BALI","ID-51","0"
"2017","INDONESIA","ID","GORONTALO","ID-7501","GORONTALO","ID-75","0"
"2017","INDONESIA","ID","GORONTALO UTARA","ID-7505","GORONTALO","ID-75","0"
"2017","INDONESIA","ID","GOWA","ID-7306","SULAWESI SELATAN","ID-73","0"
"2017","INDONESIA","ID","GRESIK","ID-3525","JAWA TIMUR","ID-35","0"
"2017","INDONESIA","ID","GROBOGAN","ID-3315","JAWA TENGAH","ID-33","0"
"2017","INDONESIA","ID","GUNUNGKIDUL","ID-3403","DAERAH ISTIMEWA YOGYAKARTA","ID-34","0"
"2017","INDONESIA","ID","GUNUNG MAS","ID-6210","KALIMANTAN TENGAH","ID-62","0"
"2017","INDONESIA","ID","HALMAHERA BARAT","ID-8201","MALUKU UTARA","ID-82","0"
"2017","INDONESIA","ID","HALMAHERA SELATAN","ID-8204","MALUKU UTARA","ID-82","0"
"2017","INDONESIA","ID","HALMAHERA TENGAH","ID-8202","MALUKU UTARA","ID-82","0"
"2017","INDONESIA","ID","HALMAHERA TIMUR","ID-8206","MALUKU UTARA","ID-82","0"
"2017","INDONESIA","ID","HALMAHERA UTARA","ID-8203","MALUKU UTARA","ID-82","0"
"2017","INDONESIA","ID","HULU SUNGAI SELATAN","ID-6306","KALIMANTAN SELATAN","ID-63","2262.5626792109333"
"2017","INDONESIA","ID","HULU SUNGAI TENGAH","ID-6307","KALIMANTAN SELATAN","ID-63","1481.7902570695703"
"2017","INDONESIA","ID","HULU SUNGAI UTARA","ID-6308","KALIMANTAN SELATAN","ID-63","20348.114726988577"
"2017","INDONESIA","ID","HUMBANG HASUNDUTAN","ID-1216","SUMATERA UTARA","ID-12","2969.396288606546"
"2017","INDONESIA","ID","INDRAGIRI HILIR","ID-1404","RIAU","ID-14","718274.4908948487"
"2017","INDONESIA","ID","INDRAGIRI HULU","ID-1402","RIAU","ID-14","200397.77769751896"
"2017","INDONESIA","ID","INDRAMAYU","ID-3212","JAWA BARAT","ID-32","0"
"2017","INDONESIA","ID","INTAN JAYA","ID-9407","PAPUA TENGAH","ID-94","1119.980361464453"
"2017","INDONESIA","ID","JAYAPURA","ID-9103","PAPUA","ID-91","25646.883561012397"
"2017","INDONESIA","ID","JAYAWIJAYA","ID-9501","PAPUA PEGUNUNGAN","ID-95","0"
"2017","INDONESIA","ID","JEMBER","ID-3509","JAWA TIMUR","ID-35","0"
"2017","INDONESIA","ID","JEMBRANA","ID-5101","BALI","ID-51","0"
"2017","INDONESIA","ID","JENEPONTO","ID-7304","SULAWESI SELATAN","ID-73","0"
"2017","INDONESIA","ID","JEPARA","ID-3320","JAWA TENGAH","ID-33","0"
"2017","INDONESIA","ID","JOMBANG","ID-3517","JAWA TIMUR","ID-35","0"
"2017","INDONESIA","ID","KAIMANA","ID-9208","PAPUA BARAT","ID-92","86265.34616287949"
"2017","INDONESIA","ID","KAMPAR","ID-1401","RIAU","ID-14","92946.42451525282"
"2017","INDONESIA","ID","KAPUAS","ID-6203","KALIMANTAN TENGAH","ID-62","303700.54693519877"
"2017","INDONESIA","ID","KAPUAS HULU","ID-6106","KALIMANTAN BARAT","ID-61","244173.1306161445"
"2017","INDONESIA","ID","KARANGANYAR","ID-3313","JAWA TENGAH","ID-33","0"
"2017","INDONESIA","ID","KARANGASEM","ID-5107","BALI","ID-51","0"
"2017","INDONESIA","ID","KARAWANG","ID-3215","JAWA BARAT","ID-32","0"
"2017","INDONESIA","ID","KARIMUN","ID-2102","KEPULAUAN RIAU","ID-21","3592.288924627867"
"2017","INDONESIA","ID","KARO","ID-1206","SUMATERA UTARA","ID-12","0"
"2017","INDONESIA","ID","KATINGAN","ID-6206","KALIMANTAN TENGAH","ID-62","565768.5126757957"
"2017","INDONESIA","ID","KAUR","ID-1704","BENGKULU","ID-17","0"
"2017","INDONESIA","ID","KAYONG UTARA","ID-6111","KALIMANTAN BARAT","ID-61","132131.08752515668"
"2017","INDONESIA","ID","KEBUMEN","ID-3305","JAWA TENGAH","ID-33","0"
"2017","INDONESIA","ID","KEDIRI","ID-3506","JAWA TIMUR","ID-35","0"
"2017","INDONESIA","ID","KEEROM","ID-9111","PAPUA","ID-91","600.2167148364724"
"2017","INDONESIA","ID","KENDAL","ID-3324","JAWA TENGAH","ID-33","0"
"2017","INDONESIA","ID","KEPAHIANG","ID-1708","BENGKULU","ID-17","0"
"2017","INDONESIA","ID","KEP. SIAU TAGULANDANG BIARO","ID-7109","SULAWESI UTARA","ID-71","0"
"2017","INDONESIA","ID","KEPULAUAN ANAMBAS","ID-2105","KEPULAUAN RIAU","ID-21","0"
"2017","INDONESIA","ID","KEPULAUAN ARU","ID-8107","MALUKU","ID-81","0"
"2017","INDONESIA","ID","KEPULAUAN MENTAWAI","ID-1309","SUMATERA BARAT","ID-13","0"
"2017","INDONESIA","ID","KEPULAUAN MERANTI","ID-1410","RIAU","ID-14","301248.0443852444"
"2017","INDONESIA","ID","KEPULAUAN SANGIHE","ID-7103","SULAWESI UTARA","ID-71","0"
"2017","INDONESIA","ID","KEPULAUAN SELAYAR","ID-7301","SULAWESI SELATAN","ID-73","0"
"2017","INDONESIA","ID","KEPULAUAN SULA","ID-8205","MALUKU UTARA","ID-82","0"
"2017","INDONESIA","ID","KEPULAUAN TALAUD","ID-7104","SULAWESI UTARA","ID-71","0"
"2017","INDONESIA","ID","KEPULAUAN TANIMBAR","ID-8103","MALUKU","ID-81","0"
"2017","INDONESIA","ID","KEPULAUAN YAPEN","ID-9105","PAPUA","ID-91","613.4908850339178"
"2017","INDONESIA","ID","KERINCI","ID-1501","JAMBI","ID-15","4202.8736435119645"
"2017","INDONESIA","ID","KETAPANG","ID-6104","KALIMANTAN BARAT","ID-61","261272.708776481"
"2017","INDONESIA","ID","KLATEN","ID-3310","JAWA TENGAH","ID-33","0"
"2017","INDONESIA","ID","KLUNGKUNG","ID-5105","BALI","ID-51","0"
"2017","INDONESIA","ID","KOLAKA","ID-7401","SULAWESI TENGGARA","ID-74","0"
"2017","INDONESIA","ID","KOLAKA TIMUR","ID-7411","SULAWESI TENGGARA","ID-74","0"
"2017","INDONESIA","ID","KOLAKA UTARA","ID-7408","SULAWESI TENGGARA","ID-74","0"
"2017","INDONESIA","ID","KONAWE","ID-7402","SULAWESI TENGGARA","ID-74","0"
"2017","INDONESIA","ID","KONAWE KEPULAUAN","ID-7412","SULAWESI TENGGARA","ID-74","0"
"2017","INDONESIA","ID","KONAWE SELATAN","ID-7405","SULAWESI TENGGARA","ID-74","0"
"2017","INDONESIA","ID","KONAWE UTARA","ID-7409","SULAWESI TENGGARA","ID-74","0"
"2017","INDONESIA","ID","KOTA ADMINISTRASI JAKARTA BARAT","ID-3173","DAERAH KHUSUS IBUKOTA JAKARTA","ID-31","0"
"2017","INDONESIA","ID","KOTA ADMINISTRASI JAKARTA PUSAT","ID-3171","DAERAH KHUSUS IBUKOTA JAKARTA","ID-31","0"
"2017","INDONESIA","ID","KOTA ADMINISTRASI JAKARTA SELATAN","ID-3174","DAERAH KHUSUS IBUKOTA JAKARTA","ID-31","0"
"2017","INDONESIA","ID","KOTA ADMINISTRASI JAKARTA TIMUR","ID-3175","DAERAH KHUSUS IBUKOTA JAKARTA","ID-31","0"
"2017","INDONESIA","ID","KOTA ADMINISTRASI JAKARTA UTARA","ID-3172","DAERAH KHUSUS IBUKOTA JAKARTA","ID-31","0"
"2017","INDONESIA","ID","KOTA AMBON","ID-8171","MALUKU","ID-81","0"
"2017","INDONESIA","ID","KOTA BALIKPAPAN","ID-6471","KALIMANTAN TIMUR","ID-64","0"
"2017","INDONESIA","ID","KOTA BANDA ACEH","ID-1171","ACEH","ID-11","0"
"2017","INDONESIA","ID","KOTA BANDAR LAMPUNG","ID-1871","LAMPUNG","ID-18","0"
"2017","INDONESIA","ID","KOTA BANDUNG","ID-3273","JAWA BARAT","ID-32","0"
"2017","INDONESIA","ID","KOTA BANJAR","ID-3279","JAWA BARAT","ID-32","0"
"2017","INDONESIA","ID","KOTA BANJARBARU","ID-6372","KALIMANTAN SELATAN","ID-63","0"
"2017","INDONESIA","ID","KOTA BANJARMASIN","ID-6371","KALIMANTAN SELATAN","ID-63","0"
"2017","INDONESIA","ID","KOTABARU","ID-6302","KALIMANTAN SELATAN","ID-63","0"
"2017","INDONESIA","ID","KOTA BATAM","ID-2171","KEPULAUAN RIAU","ID-21","0"
"2017","INDONESIA","ID","KOTA BATU","ID-3579","JAWA TIMUR","ID-35","0"
"2017","INDONESIA","ID","KOTA BAU BAU","ID-7472","SULAWESI TENGGARA","ID-74","0"
"2017","INDONESIA","ID","KOTA BEKASI","ID-3275","JAWA BARAT","ID-32","0"
"2017","INDONESIA","ID","KOTA BENGKULU","ID-1771","BENGKULU","ID-17","0"
"2017","INDONESIA","ID","KOTA BIMA","ID-5272","NUSA TENGGARA BARAT","ID-52","0"
"2017","INDONESIA","ID","KOTA BINJAI","ID-1275","SUMATERA UTARA","ID-12","0"
"2017","INDONESIA","ID","KOTA BITUNG","ID-7172","SULAWESI UTARA","ID-71","0"
"2017","INDONESIA","ID","KOTA BLITAR","ID-3572","JAWA TIMUR","ID-35","0"
"2017","INDONESIA","ID","KOTA BOGOR","ID-3271","JAWA BARAT","ID-32","0"
"2017","INDONESIA","ID","KOTA BONTANG","ID-6474","KALIMANTAN TIMUR","ID-64","0"
"2017","INDONESIA","ID","KOTA BUKITTINGGI","ID-1375","SUMATERA BARAT","ID-13","0"
"2017","INDONESIA","ID","KOTA CILEGON","ID-3672","BANTEN","ID-36","0"
"2017","INDONESIA","ID","KOTA CIMAHI","ID-3277","JAWA BARAT","ID-32","0"
"2017","INDONESIA","ID","KOTA CIREBON","ID-3274","JAWA BARAT","ID-32","0"
"2017","INDONESIA","ID","KOTA DENPASAR","ID-5171","BALI","ID-51","0"
"2017","INDONESIA","ID","KOTA DEPOK","ID-3276","JAWA BARAT","ID-32","0"
"2017","INDONESIA","ID","KOTA DUMAI","ID-1472","RIAU","ID-14","135283.1805850815"
"2017","INDONESIA","ID","KOTA GORONTALO","ID-7571","GORONTALO","ID-75","0"
"2017","INDONESIA","ID","KOTA GUNUNGSITOLI","ID-1278","SUMATERA UTARA","ID-12","0"
"2017","INDONESIA","ID","KOTA JAMBI","ID-1571","JAMBI","ID-15","0"
"2017","INDONESIA","ID","KOTA JAYAPURA","ID-9171","PAPUA","ID-91","460.8569889148686"
"2017","INDONESIA","ID","KOTA KEDIRI","ID-3571","JAWA TIMUR","ID-35","0"
"2017","INDONESIA","ID","KOTA KENDARI","ID-7471","SULAWESI TENGGARA","ID-74","0"
"2017","INDONESIA","ID","KOTA KOTAMOBAGU","ID-7174","SULAWESI UTARA","ID-71","0"
"2017","INDONESIA","ID","KOTA KUPANG","ID-5371","NUSA TENGGARA TIMUR","ID-53","0"
"2017","INDONESIA","ID","KOTA LANGSA","ID-1174","ACEH","ID-11","0"
"2017","INDONESIA","ID","KOTA LHOKSEUMAWE","ID-1173","ACEH","ID-11","0"
"2017","INDONESIA","ID","KOTA LUBUK LINGGAU","ID-1673","SUMATERA SELATAN","ID-16","0"
"2017","INDONESIA","ID","KOTA MADIUN","ID-3577","JAWA TIMUR","ID-35","0"
"2017","INDONESIA","ID","KOTA MAGELANG","ID-3371","JAWA TENGAH","ID-33","0"
"2017","INDONESIA","ID","KOTA MAKASSAR","ID-7371","SULAWESI SELATAN","ID-73","0"
"2017","INDONESIA","ID","KOTA MALANG","ID-3573","JAWA TIMUR","ID-35","0"
"2017","INDONESIA","ID","KOTA MANADO","ID-7171","SULAWESI UTARA","ID-71","0"
"2017","INDONESIA","ID","KOTA MATARAM","ID-5271","NUSA TENGGARA BARAT","ID-52","0"
"2017","INDONESIA","ID","KOTA MEDAN","ID-1271","SUMATERA UTARA","ID-12","0"
"2017","INDONESIA","ID","KOTA METRO","ID-1872","LAMPUNG","ID-18","0"
"2017","INDONESIA","ID","KOTA MOJOKERTO","ID-3576","JAWA TIMUR","ID-35","0"
"2017","INDONESIA","ID","KOTA PADANG","ID-1371","SUMATERA BARAT","ID-13","0"
"2017","INDONESIA","ID","KOTA PADANG PANJANG","ID-1374","SUMATERA BARAT","ID-13","0"
"2017","INDONESIA","ID","KOTA PADANGSIDIMPUAN","ID-1277","SUMATERA UTARA","ID-12","0"
"2017","INDONESIA","ID","KOTA PAGAR ALAM","ID-1672","SUMATERA SELATAN","ID-16","0"
"2017","INDONESIA","ID","KOTA PALANGKARAYA","ID-6271","KALIMANTAN TENGAH","ID-62","115584.75184339315"
"2017","INDONESIA","ID","KOTA PALEMBANG","ID-1671","SUMATERA SELATAN","ID-16","0"
"2017","INDONESIA","ID","KOTA PALOPO","ID-7373","SULAWESI SELATAN","ID-73","0"
"2017","INDONESIA","ID","KOTA PALU","ID-7271","SULAWESI TENGAH","ID-72","0"
"2017","INDONESIA","ID","KOTA PANGKAL PINANG","ID-1971","KEPULAUAN BANGKA BELITUNG","ID-19","0"
"2017","INDONESIA","ID","KOTA PAREPARE","ID-7372","SULAWESI SELATAN","ID-73","0"
"2017","INDONESIA","ID","KOTA PARIAMAN","ID-1377","SUMATERA BARAT","ID-13","0"
"2017","INDONESIA","ID","KOTA PASURUAN","ID-3575","JAWA TIMUR","ID-35","0"
"2017","INDONESIA","ID","KOTA PAYAKUMBUH","ID-1376","SUMATERA BARAT","ID-13","0"
"2017","INDONESIA","ID","KOTA PEKALONGAN","ID-3375","JAWA TENGAH","ID-33","0"
"2017","INDONESIA","ID","KOTA PEKANBARU","ID-1471","RIAU","ID-14","5511.351383662669"
"2017","INDONESIA","ID","KOTA PEMATANGSIANTAR","ID-1272","SUMATERA UTARA","ID-12","0"
"2017","INDONESIA","ID","KOTA PONTIANAK","ID-6171","KALIMANTAN BARAT","ID-61","4303.5655180525455"
"2017","INDONESIA","ID","KOTA PRABUMULIH","ID-1674","SUMATERA SELATAN","ID-16","0"
"2017","INDONESIA","ID","KOTA PROBOLINGGO","ID-3574","JAWA TIMUR","ID-35","0"
"2017","INDONESIA","ID","KOTA SABANG","ID-1172","ACEH","ID-11","0"
"2017","INDONESIA","ID","KOTA SALATIGA","ID-3373","JAWA TENGAH","ID-33","0"
"2017","INDONESIA","ID","KOTA SAMARINDA","ID-6472","KALIMANTAN TIMUR","ID-64","0"
"2017","INDONESIA","ID","KOTA SAWAHLUNTO","ID-1373","SUMATERA BARAT","ID-13","0"
"2017","INDONESIA","ID","KOTA SEMARANG","ID-3374","JAWA TENGAH","ID-33","0"
"2017","INDONESIA","ID","KOTA SERANG","ID-3673","BANTEN","ID-36","0"
"2017","INDONESIA","ID","KOTA SIBOLGA","ID-1273","SUMATERA UTARA","ID-12","0"
"2017","INDONESIA","ID","KOTA SINGKAWANG","ID-6172","KALIMANTAN BARAT","ID-61","3955.576711656947"
"2017","INDONESIA","ID","KOTA SOLOK","ID-1372","SUMATERA BARAT","ID-13","0"
"2017","INDONESIA","ID","KOTA SORONG","ID-9671","PAPUA BARAT DAYA","ID-96","0"
"2017","INDONESIA","ID","KOTA SUBULUSSALAM","ID-1175","ACEH","ID-11","3927.526711787974"
"2017","INDONESIA","ID","KOTA SUKABUMI","ID-3272","JAWA BARAT","ID-32","0"
"2017","INDONESIA","ID","KOTA SUNGAI PENUH","ID-1572","JAMBI","ID-15","578.8773354669264"
"2017","INDONESIA","ID","KOTA SURABAYA","ID-3578","JAWA TIMUR","ID-35","0"
"2017","INDONESIA","ID","KOTA SURAKARTA","ID-3372","JAWA TENGAH","ID-33","0"
"2017","INDONESIA","ID","KOTA TANGERANG","ID-3671","BANTEN","ID-36","0"
"2017","INDONESIA","ID","KOTA TANGERANG SELATAN","ID-3674","BANTEN","ID-36","0"
"2017","INDONESIA","ID","KOTA TANJUNGBALAI","ID-1274","SUMATERA UTARA","ID-12","0"
"2017","INDONESIA","ID","KOTA TANJUNG PINANG","ID-2172","KEPULAUAN RIAU","ID-21","0"
"2017","INDONESIA","ID","KOTA TARAKAN","ID-6571","KALIMANTAN UTARA","ID-65","3215.5865865918304"
"2017","INDONESIA","ID","KOTA TASIKMALAYA","ID-3278","JAWA BARAT","ID-32","0"
"2017","INDONESIA","ID","KOTA TEBING TINGGI","ID-1276","SUMATERA UTARA","ID-12","0"
"2017","INDONESIA","ID","KOTA TEGAL","ID-3376","JAWA TENGAH","ID-33","0"
"2017","INDONESIA","ID","KOTA TERNATE","ID-8271","MALUKU UTARA","ID-82","0"
"2017","INDONESIA","ID","KOTA TIDORE KEPULAUAN","ID-8272","MALUKU UTARA","ID-82","0"
"2017","INDONESIA","ID","KOTA TOMOHON","ID-7173","SULAWESI UTARA","ID-71","0"
"2017","INDONESIA","ID","KOTA TUAL","ID-8172","MALUKU","ID-81","0"
"2017","INDONESIA","ID","KOTAWARINGIN BARAT","ID-6201","KALIMANTAN TENGAH","ID-62","257892.80736691543"
"2017","INDONESIA","ID","KOTAWARINGIN TIMUR","ID-6202","KALIMANTAN TENGAH","ID-62","275227.77356167"
"2017","INDONESIA","ID","KOTA YOGYAKARTA","ID-3471","DAERAH ISTIMEWA YOGYAKARTA","ID-34","0"
"2017","INDONESIA","ID","KUANTAN SINGINGI","ID-1409","RIAU","ID-14","0"
"2017","INDONESIA","ID","KUBU RAYA","ID-6112","KALIMANTAN BARAT","ID-61","515393.5569979219"
"2017","INDONESIA","ID","KUDUS","ID-3319","JAWA TENGAH","ID-33","0"
"2017","INDONESIA","ID","KULON PROGO","ID-3401","DAERAH ISTIMEWA YOGYAKARTA","ID-34","0"
"2017","INDONESIA","ID","KUNINGAN","ID-3208","JAWA BARAT","ID-32","0"
"2017","INDONESIA","ID","KUPANG","ID-5301","NUSA TENGGARA TIMUR","ID-53","0"
"2017","INDONESIA","ID","KUTAI BARAT","ID-6407","KALIMANTAN TIMUR","ID-64","24592.681700819263"
"2017","INDONESIA","ID","KUTAI KARTANEGARA","ID-6402","KALIMANTAN TIMUR","ID-64","141374.38267315438"
"2017","INDONESIA","ID","KUTAI TIMUR","ID-6408","KALIMANTAN TIMUR","ID-64","1900.9224878902603"
"2017","INDONESIA","ID","LABUHANBATU","ID-1210","SUMATERA UTARA","ID-12","108488.01983083058"
"2017","INDONESIA","ID","LABUHANBATU SELATAN","ID-1222","SUMATERA UTARA","ID-12","41721.96056818482"
"2017","INDONESIA","ID","LABUHANBATU UTARA","ID-1223","SUMATERA UTARA","ID-12","76568.09443976663"
"2017","INDONESIA","ID","LAHAT","ID-1604","SUMATERA SELATAN","ID-16","0"
"2017","INDONESIA","ID","LAMANDAU","ID-6209","KALIMANTAN TENGAH","ID-62","567.4440697236604"
"2017","INDONESIA","ID","LAMONGAN","ID-3524","JAWA TIMUR","ID-35","0"
"2017","INDONESIA","ID","LAMPUNG BARAT","ID-1804","LAMPUNG","ID-18","0"
"2017","INDONESIA","ID","LAMPUNG SELATAN","ID-1801","LAMPUNG","ID-18","0"
"2017","INDONESIA","ID","LAMPUNG TENGAH","ID-1802","LAMPUNG","ID-18","0"
"2017","INDONESIA","ID","LAMPUNG TIMUR","ID-1807","LAMPUNG","ID-18","0"
"2017","INDONESIA","ID","LAMPUNG UTARA","ID-1803","LAMPUNG","ID-18","0"
"2017","INDONESIA","ID","LANDAK","ID-6108","KALIMANTAN BARAT","ID-61","43600.46431762313"
"2017","INDONESIA","ID","LANGKAT","ID-1205","SUMATERA UTARA","ID-12","0"
"2017","INDONESIA","ID","LANNY JAYA","ID-9507","PAPUA PEGUNUNGAN","ID-95","0"
"2017","INDONESIA","ID","LEBAK","ID-3602","BANTEN","ID-36","0"
"2017","INDONESIA","ID","LEBONG","ID-1707","BENGKULU","ID-17","0"
"2017","INDONESIA","ID","LEMBATA","ID-5313","NUSA TENGGARA TIMUR","ID-53","0"
"2017","INDONESIA","ID","LIMA PULUH KOTA","ID-1307","SUMATERA BARAT","ID-13","0"
"2017","INDONESIA","ID","LINGGA","ID-2104","KEPULAUAN RIAU","ID-21","0"
"2017","INDONESIA","ID","LOMBOK BARAT","ID-5201","NUSA TENGGARA BARAT","ID-52","0"
"2017","INDONESIA","ID","LOMBOK TENGAH","ID-5202","NUSA TENGGARA BARAT","ID-52","0"
"2017","INDONESIA","ID","LOMBOK TIMUR","ID-5203","NUSA TENGGARA BARAT","ID-52","0"
"2017","INDONESIA","ID","LOMBOK UTARA","ID-5208","NUSA TENGGARA BARAT","ID-52","0"
"2017","INDONESIA","ID","LUMAJANG","ID-3508","JAWA TIMUR","ID-35","0"
"2017","INDONESIA","ID","LUWU","ID-7317","SULAWESI SELATAN","ID-73","0"
"2017","INDONESIA","ID","LUWU TIMUR","ID-7324","SULAWESI SELATAN","ID-73","0"
"2017","INDONESIA","ID","LUWU UTARA","ID-7322","SULAWESI SELATAN","ID-73","0"
"2017","INDONESIA","ID","MADIUN","ID-3519","JAWA TIMUR","ID-35","0"
"2017","INDONESIA","ID","MAGELANG","ID-3308","JAWA TENGAH","ID-33","0"
"2017","INDONESIA","ID","MAGETAN","ID-3520","JAWA TIMUR","ID-35","0"
"2017","INDONESIA","ID","MAHAKAM ULU","ID-6411","KALIMANTAN TIMUR","ID-64","0"
"2017","INDONESIA","ID","MAJALENGKA","ID-3210","JAWA BARAT","ID-32","0"
"2017","INDONESIA","ID","MAJENE","ID-7605","SULAWESI BARAT","ID-76","0"
"2017","INDONESIA","ID","MALAKA","ID-5321","NUSA TENGGARA TIMUR","ID-53","0"
"2017","INDONESIA","ID","MALANG","ID-3507","JAWA TIMUR","ID-35","0"
"2017","INDONESIA","ID","MALINAU","ID-6502","KALIMANTAN UTARA","ID-65","0"
"2017","INDONESIA","ID","MALUKU BARAT DAYA","ID-8108","MALUKU","ID-81","0"
"2017","INDONESIA","ID","MALUKU TENGAH","ID-8101","MALUKU","ID-81","0"
"2017","INDONESIA","ID","MALUKU TENGGARA","ID-8102","MALUKU","ID-81","0"
"2017","INDONESIA","ID","MAMASA","ID-7603","SULAWESI BARAT","ID-76","0"
"2017","INDONESIA","ID","MAMBERAMO RAYA","ID-9120","PAPUA","ID-91","442552.123923047"
"2017","INDONESIA","ID","MAMBERAMO TENGAH","ID-9505","PAPUA PEGUNUNGAN","ID-95","35800.25921926981"
"2017","INDONESIA","ID","MAMUJU","ID-7602","SULAWESI BARAT","ID-76","3545.815901686274"
"2017","INDONESIA","ID","MAMUJU TENGAH","ID-7606","SULAWESI BARAT","ID-76","5285.072693359358"
"2017","INDONESIA","ID","MANDAILING NATAL","ID-1213","SUMATERA UTARA","ID-12","29834.00592307882"
"2017","INDONESIA","ID","MANGGARAI","ID-5310","NUSA TENGGARA TIMUR","ID-53","0"
"2017","INDONESIA","ID","MANGGARAI BARAT","ID-5315","NUSA TENGGARA TIMUR","ID-53","0"
"2017","INDONESIA","ID","MANGGARAI TIMUR","ID-5319","NUSA TENGGARA TIMUR","ID-53","0"
"2017","INDONESIA","ID","MANOKWARI","ID-9202","PAPUA BARAT","ID-92","736.1033616750423"
"2017","INDONESIA","ID","MANOKWARI SELATAN","ID-9211","PAPUA BARAT","ID-92","0"
"2017","INDONESIA","ID","MAPPI","ID-9303","PAPUA SELATAN","ID-93","389505.5393037975"
"2017","INDONESIA","ID","MAROS","ID-7309","SULAWESI SELATAN","ID-73","0"
"2017","INDONESIA","ID","MAYBRAT","ID-9605","PAPUA BARAT DAYA","ID-96","1388.526419036897"
"2017","INDONESIA","ID","MELAWI","ID-6110","KALIMANTAN BARAT","ID-61","5680.5208547236425"
"2017","INDONESIA","ID","MEMPAWAH","ID-6102","KALIMANTAN BARAT","ID-61","72099.70347832156"
"2017","INDONESIA","ID","MERANGIN","ID-1502","JAMBI","ID-15","1095.9816128019445"
"2017","INDONESIA","ID","MERAUKE","ID-9301","PAPUA SELATAN","ID-93","13749.381393167669"
"2017","INDONESIA","ID","MESUJI","ID-1811","LAMPUNG","ID-18","21276.10784578186"
"2017","INDONESIA","ID","MIMIKA","ID-9404","PAPUA TENGAH","ID-94","264013.68736623693"
"2017","INDONESIA","ID","MINAHASA","ID-7102","SULAWESI UTARA","ID-71","0"
"2017","INDONESIA","ID","MINAHASA SELATAN","ID-7105","SULAWESI UTARA","ID-71","0"
"2017","INDONESIA","ID","MINAHASA TENGGARA","ID-7107","SULAWESI UTARA","ID-71","0"
"2017","INDONESIA","ID","MINAHASA UTARA","ID-7106","SULAWESI UTARA","ID-71","0"
"2017","INDONESIA","ID","MOJOKERTO","ID-3516","JAWA TIMUR","ID-35","0"
"2017","INDONESIA","ID","MOROWALI","ID-7206","SULAWESI TENGAH","ID-72","0"
"2017","INDONESIA","ID","MOROWALI UTARA","ID-7212","SULAWESI TENGAH","ID-72","6304.367176886164"
"2017","INDONESIA","ID","MUARA ENIM","ID-1603","SUMATERA SELATAN","ID-16","20151.41111660912"
"2017","INDONESIA","ID","MUARO JAMBI","ID-1505","JAMBI","ID-15","189704.4234511261"
"2017","INDONESIA","ID","MUKOMUKO","ID-1706","BENGKULU","ID-17","6264.5721966112515"
"2017","INDONESIA","ID","MUNA","ID-7403","SULAWESI TENGGARA","ID-74","0"
"2017","INDONESIA","ID","MUNA BARAT","ID-7413","SULAWESI TENGGARA","ID-74","0"
"2017","INDONESIA","ID","MURUNG RAYA","ID-6212","KALIMANTAN TENGAH","ID-62","0"
"2017","INDONESIA","ID","MUSI BANYUASIN","ID-1606","SUMATERA SELATAN","ID-16","239727.17065908105"
"2017","INDONESIA","ID","MUSI RAWAS","ID-1605","SUMATERA SELATAN","ID-16","3916.980157950604"
"2017","INDONESIA","ID","MUSI RAWAS UTARA","ID-1613","SUMATERA SELATAN","ID-16","34018.14215503354"
"2017","INDONESIA","ID","NABIRE","ID-9401","PAPUA TENGAH","ID-94","149908.774751419"
"2017","INDONESIA","ID","NAGAN RAYA","ID-1115","ACEH","ID-11","42450.63515054629"
"2017","INDONESIA","ID","NAGEKEO","ID-5316","NUSA TENGGARA TIMUR","ID-53","0"
"2017","INDONESIA","ID","NATUNA","ID-2103","KEPULAUAN RIAU","ID-21","0"
"2017","INDONESIA","ID","NDUGA","ID-9508","PAPUA PEGUNUNGAN","ID-95","0"
"2017","INDONESIA","ID","NGADA","ID-5309","NUSA TENGGARA TIMUR","ID-53","0"
"2017","INDONESIA","ID","NGANJUK","ID-3518","JAWA TIMUR","ID-35","0"
"2017","INDONESIA","ID","NGAWI","ID-3521","JAWA TIMUR","ID-35","0"
"2017","INDONESIA","ID","NIAS","ID-1204","SUMATERA UTARA","ID-12","5662.897701149103"
"2017","INDONESIA","ID","NIAS BARAT","ID-1225","SUMATERA UTARA","ID-12","0"
"2017","INDONESIA","ID","NIAS SELATAN","ID-1214","SUMATERA UTARA","ID-12","0"
"2017","INDONESIA","ID","NIAS UTARA","ID-1224","SUMATERA UTARA","ID-12","5951.283636352389"
"2017","INDONESIA","ID","NUNUKAN","ID-6503","KALIMANTAN UTARA","ID-65","115484.64590309486"
"2017","INDONESIA","ID","OGAN ILIR","ID-1610","SUMATERA SELATAN","ID-16","0"
"2017","INDONESIA","ID","OGAN KOMERING ILIR","ID-1602","SUMATERA SELATAN","ID-16","598608.8269867621"
"2017","INDONESIA","ID","OGAN KOMERING ULU","ID-1601","SUMATERA SELATAN","ID-16","0"
"2017","INDONESIA","ID","OGAN KOMERING ULU SELATAN","ID-1609","SUMATERA SELATAN","ID-16","0"
"2017","INDONESIA","ID","OGAN KOMERING ULU TIMUR","ID-1608","SUMATERA SELATAN","ID-16","0"
"2017","INDONESIA","ID","PACITAN","ID-3501","JAWA TIMUR","ID-35","0"
"2017","INDONESIA","ID","PADANG LAWAS","ID-1221","SUMATERA UTARA","ID-12","0"
"2017","INDONESIA","ID","PADANG LAWAS UTARA","ID-1220","SUMATERA UTARA","ID-12","0"
"2017","INDONESIA","ID","PADANG PARIAMAN","ID-1305","SUMATERA BARAT","ID-13","0"
"2017","INDONESIA","ID","PAKPAK BHARAT","ID-1215","SUMATERA UTARA","ID-12","0"
"2017","INDONESIA","ID","PAMEKASAN","ID-3528","JAWA TIMUR","ID-35","0"
"2017","INDONESIA","ID","PANDEGLANG","ID-3601","BANTEN","ID-36","0"
"2017","INDONESIA","ID","PANGANDARAN","ID-3218","JAWA BARAT","ID-32","0"
"2017","INDONESIA","ID","PANGKAJENE DAN KEPULAUAN","ID-7310","SULAWESI SELATAN","ID-73","0"
"2017","INDONESIA","ID","PANIAI","ID-9403","PAPUA TENGAH","ID-94","9634.833036763215"
"2017","INDONESIA","ID","PARIGI MOUTONG","ID-7208","SULAWESI TENGAH","ID-72","0"
"2017","INDONESIA","ID","PASAMAN","ID-1308","SUMATERA BARAT","ID-13","0"
"2017","INDONESIA","ID","PASAMAN BARAT","ID-1312","SUMATERA BARAT","ID-13","34098.13111174724"
"2017","INDONESIA","ID","PASANGKAYU","ID-7601","SULAWESI BARAT","ID-76","7635.402149826805"
"2017","INDONESIA","ID","PASER","ID-6401","KALIMANTAN TIMUR","ID-64","0"
"2017","INDONESIA","ID","PASURUAN","ID-3514","JAWA TIMUR","ID-35","0"
"2017","INDONESIA","ID","PATI","ID-3318","JAWA TENGAH","ID-33","0"
"2017","INDONESIA","ID","PEGUNUNGAN ARFAK","ID-9212","PAPUA BARAT","ID-92","0"
"2017","INDONESIA","ID","PEGUNUNGAN BINTANG","ID-9502","PAPUA PEGUNUNGAN","ID-95","0"
"2017","INDONESIA","ID","PEKALONGAN","ID-3326","JAWA TENGAH","ID-33","0"
"2017","INDONESIA","ID","PELALAWAN","ID-1405","RIAU","ID-14","710910.0372718292"
"2017","INDONESIA","ID","PEMALANG","ID-3327","JAWA TENGAH","ID-33","0"
"2017","INDONESIA","ID","PENAJAM PASER UTARA","ID-6409","KALIMANTAN TIMUR","ID-64","0"
"2017","INDONESIA","ID","PENUKAL ABAB LEMATANG ILIR","ID-1612","SUMATERA SELATAN","ID-16","27355.532538448617"
"2017","INDONESIA","ID","PESAWARAN","ID-1809","LAMPUNG","ID-18","0"
"2017","INDONESIA","ID","PESISIR BARAT","ID-1813","LAMPUNG","ID-18","0"
"2017","INDONESIA","ID","PESISIR SELATAN","ID-1301","SUMATERA BARAT","ID-13","79815.33095244573"
"2017","INDONESIA","ID","PIDIE","ID-1107","ACEH","ID-11","0"
"2017","INDONESIA","ID","PIDIE JAYA","ID-1118","ACEH","ID-11","0"
"2017","INDONESIA","ID","PINRANG","ID-7315","SULAWESI SELATAN","ID-73","0"
"2017","INDONESIA","ID","POHUWATO","ID-7504","GORONTALO","ID-75","0"
"2017","INDONESIA","ID","POLEWALI MANDAR","ID-7604","SULAWESI BARAT","ID-76","0"
"2017","INDONESIA","ID","PONOROGO","ID-3502","JAWA TIMUR","ID-35","0"
"2017","INDONESIA","ID","POSO","ID-7202","SULAWESI TENGAH","ID-72","0"
"2017","INDONESIA","ID","PRINGSEWU","ID-1810","LAMPUNG","ID-18","0"
"2017","INDONESIA","ID","PROBOLINGGO","ID-3513","JAWA TIMUR","ID-35","0"
"2017","INDONESIA","ID","PULANG PISAU","ID-6211","KALIMANTAN TENGAH","ID-62","583408.1448228676"
"2017","INDONESIA","ID","PULAU MOROTAI","ID-8207","MALUKU UTARA","ID-82","0"
"2017","INDONESIA","ID","PULAU TALIABU","ID-8208","MALUKU UTARA","ID-82","0"
"2017","INDONESIA","ID","PUNCAK","ID-9405","PAPUA TENGAH","ID-94","18335.10027966011"
"2017","INDONESIA","ID","PUNCAK JAYA","ID-9402","PAPUA TENGAH","ID-94","98652.42042183325"
"2017","INDONESIA","ID","PURBALINGGA","ID-3303","JAWA TENGAH","ID-33","0"
"2017","INDONESIA","ID","PURWAKARTA","ID-3214","JAWA BARAT","ID-32","0"
"2017","INDONESIA","ID","PURWOREJO","ID-3306","JAWA TENGAH","ID-33","0"
"2017","INDONESIA","ID","RAJA AMPAT","ID-9603","PAPUA BARAT DAYA","ID-96","1450.3839273083736"
"2017","INDONESIA","ID","REJANG LEBONG","ID-1702","BENGKULU","ID-17","0"
"2017","INDONESIA","ID","REMBANG","ID-3317","JAWA TENGAH","ID-33","0"
"2017","INDONESIA","ID","ROKAN HILIR","ID-1407","RIAU","ID-14","382977.69293854304"
"2017","INDONESIA","ID","ROKAN HULU","ID-1406","RIAU","ID-14","80740.1717273693"
"2017","INDONESIA","ID","ROTE NDAO","ID-5314","NUSA TENGGARA TIMUR","ID-53","0"
"2017","INDONESIA","ID","SABU RAIJUA","ID-5320","NUSA TENGGARA TIMUR","ID-53","0"
"2017","INDONESIA","ID","SAMBAS","ID-6101","KALIMANTAN BARAT","ID-61","58066.92890042286"
"2017","INDONESIA","ID","SAMOSIR","ID-1217","SUMATERA UTARA","ID-12","238.54479910622896"
"2017","INDONESIA","ID","SAMPANG","ID-3527","JAWA TIMUR","ID-35","0"
"2017","INDONESIA","ID","SANGGAU","ID-6103","KALIMANTAN BARAT","ID-61","99415.41481529736"
"2017","INDONESIA","ID","SARMI","ID-9110","PAPUA","ID-91","210226.72111773625"
"2017","INDONESIA","ID","SAROLANGUN","ID-1503","JAMBI","ID-15","30355.925550584114"
"2017","INDONESIA","ID","SEKADAU","ID-6109","KALIMANTAN BARAT","ID-61","10294.712191974764"
"2017","INDONESIA","ID","SELUMA","ID-1705","BENGKULU","ID-17","0"
"2017","INDONESIA","ID","SEMARANG","ID-3322","JAWA TENGAH","ID-33","0"
"2017","INDONESIA","ID","SERAM BAGIAN BARAT","ID-8106","MALUKU","ID-81","0"
"2017","INDONESIA","ID","SERAM BAGIAN TIMUR","ID-8105","MALUKU","ID-81","0"
"2017","INDONESIA","ID","SERANG","ID-3604","BANTEN","ID-36","0"
"2017","INDONESIA","ID","SERDANG BEDAGAI","ID-1218","SUMATERA UTARA","ID-12","0"
"2017","INDONESIA","ID","SERUYAN","ID-6207","KALIMANTAN TENGAH","ID-62","223574.7519275211"
"2017","INDONESIA","ID","SIAK","ID-1408","RIAU","ID-14","384998.7723776948"
"2017","INDONESIA","ID","SIDENRENG RAPPANG","ID-7314","SULAWESI SELATAN","ID-73","0"
"2017","INDONESIA","ID","SIDOARJO","ID-3515","JAWA TIMUR","ID-35","0"
"2017","INDONESIA","ID","SIGI","ID-7210","SULAWESI TENGAH","ID-72","0"
"2017","INDONESIA","ID","SIJUNJUNG","ID-1303","SUMATERA BARAT","ID-13","0"
"2017","INDONESIA","ID","SIKKA","ID-5307","NUSA TENGGARA TIMUR","ID-53","0"
"2017","INDONESIA","ID","SIMALUNGUN","ID-1208","SUMATERA UTARA","ID-12","0"
"2017","INDONESIA","ID","SIMEULUE","ID-1109","ACEH","ID-11","0"
"2017","INDONESIA","ID","SINJAI","ID-7307","SULAWESI SELATAN","ID-73","0"
"2017","INDONESIA","ID","SINTANG","ID-6105","KALIMANTAN BARAT","ID-61","65732.36370864959"
"2017","INDONESIA","ID","SITUBONDO","ID-3512","JAWA TIMUR","ID-35","0"
"2017","INDONESIA","ID","SLEMAN","ID-3404","DAERAH ISTIMEWA YOGYAKARTA","ID-34","0"
"2017","INDONESIA","ID","SOLOK","ID-1302","SUMATERA BARAT","ID-13","0"
"2017","INDONESIA","ID","SOLOK SELATAN","ID-1311","SUMATERA BARAT","ID-13","0"
"2017","INDONESIA","ID","SOPPENG","ID-7312","SULAWESI SELATAN","ID-73","0"
"2017","INDONESIA","ID","SORONG","ID-9601","PAPUA BARAT DAYA","ID-96","93838.05414036552"
"2017","INDONESIA","ID","SORONG SELATAN","ID-9602","PAPUA BARAT DAYA","ID-96","254573.5954629692"
"2017","INDONESIA","ID","SRAGEN","ID-3314","JAWA TENGAH","ID-33","0"
"2017","INDONESIA","ID","SUBANG","ID-3213","JAWA BARAT","ID-32","0"
"2017","INDONESIA","ID","SUKABUMI","ID-3202","JAWA BARAT","ID-32","0"
"2017","INDONESIA","ID","SUKAMARA","ID-6208","KALIMANTAN TENGAH","ID-62","49801.13642068545"
"2017","INDONESIA","ID","SUKOHARJO","ID-3311","JAWA TENGAH","ID-33","0"
"2017","INDONESIA","ID","SUMBA BARAT","ID-5312","NUSA TENGGARA TIMUR","ID-53","0"
"2017","INDONESIA","ID","SUMBA BARAT DAYA","ID-5318","NUSA TENGGARA TIMUR","ID-53","0"
"2017","INDONESIA","ID","SUMBA TENGAH","ID-5317","NUSA TENGGARA TIMUR","ID-53","0"
"2017","INDONESIA","ID","SUMBA TIMUR","ID-5311","NUSA TENGGARA TIMUR","ID-53","0"
"2017","INDONESIA","ID","SUMBAWA","ID-5204","NUSA TENGGARA BARAT","ID-52","0"
"2017","INDONESIA","ID","SUMBAWA BARAT","ID-5207","NUSA TENGGARA BARAT","ID-52","0"
"2017","INDONESIA","ID","SUMEDANG","ID-3211","JAWA BARAT","ID-32","0"
"2017","INDONESIA","ID","SUMENEP","ID-3529","JAWA TIMUR","ID-35","0"
"2017","INDONESIA","ID","SUPIORI","ID-9119","PAPUA","ID-91","1681.2885683236836"
"2017","INDONESIA","ID","TABALONG","ID-6309","KALIMANTAN SELATAN","ID-63","9366.28159851501"
"2017","INDONESIA","ID","TABANAN","ID-5102","BALI","ID-51","0"
"2017","INDONESIA","ID","TAKALAR","ID-7305","SULAWESI SELATAN","ID-73","0"
"2017","INDONESIA","ID","TAMBRAUW","ID-9604","PAPUA BARAT DAYA","ID-96","0"
"2017","INDONESIA","ID","TANAH BUMBU","ID-6310","KALIMANTAN SELATAN","ID-63","0"
"2017","INDONESIA","ID","TANAH DATAR","ID-1304","SUMATERA BARAT","ID-13","0"
"2017","INDONESIA","ID","TANAH LAUT","ID-6301","KALIMANTAN SELATAN","ID-63","0"
"2017","INDONESIA","ID","TANA TIDUNG","ID-6504","KALIMANTAN UTARA","ID-65","97929.92607942552"
"2017","INDONESIA","ID","TANA TORAJA","ID-7318","SULAWESI SELATAN","ID-73","0"
"2017","INDONESIA","ID","TANGERANG","ID-3603","BANTEN","ID-36","0"
"2017","INDONESIA","ID","TANGGAMUS","ID-1806","LAMPUNG","ID-18","0"
"2017","INDONESIA","ID","TANJUNG JABUNG BARAT","ID-1506","JAMBI","ID-15","110629.029038218"
"2017","INDONESIA","ID","TANJUNG JABUNG TIMUR","ID-1507","JAMBI","ID-15","153330.26657174778"
"2017","INDONESIA","ID","TAPANULI SELATAN","ID-1203","SUMATERA UTARA","ID-12","18261.797736635577"
"2017","INDONESIA","ID","TAPANULI TENGAH","ID-1201","SUMATERA UTARA","ID-12","11774.693151081216"
"2017","INDONESIA","ID","TAPANULI UTARA","ID-1202","SUMATERA UTARA","ID-12","0"
"2017","INDONESIA","ID","TAPIN","ID-6305","KALIMANTAN SELATAN","ID-63","7567.093948426415"
"2017","INDONESIA","ID","TASIKMALAYA","ID-3206","JAWA BARAT","ID-32","0"
"2017","INDONESIA","ID","TEBO","ID-1509","JAMBI","ID-15","197.2475346170843"
"2017","INDONESIA","ID","TEGAL","ID-3328","JAWA TENGAH","ID-33","0"
"2017","INDONESIA","ID","TELUK BINTUNI","ID-9206","PAPUA BARAT","ID-92","326129.06089021533"
"2017","INDONESIA","ID","TELUK WONDAMA","ID-9207","PAPUA BARAT","ID-92","0"
"2017","INDONESIA","ID","TEMANGGUNG","ID-3323","JAWA TENGAH","ID-33","0"
"2017","INDONESIA","ID","TIMOR TENGAH SELATAN","ID-5302","NUSA TENGGARA TIMUR","ID-53","0"
"2017","INDONESIA","ID","TIMOR TENGAH UTARA","ID-5303","NUSA TENGGARA TIMUR","ID-53","0"
"2017","INDONESIA","ID","TOBA","ID-1212","SUMATERA UTARA","ID-12","0"
"2017","INDONESIA","ID","TOJO UNA UNA","ID-7209","SULAWESI TENGAH","ID-72","209.32670029071667"
"2017","INDONESIA","ID","TOLIKARA","ID-9504","PAPUA PEGUNUNGAN","ID-95","33324.84415361115"
"2017","INDONESIA","ID","TOLI-TOLI","ID-7204","SULAWESI TENGAH","ID-72","1050.3790415448643"
"2017","INDONESIA","ID","TORAJA UTARA","ID-7326","SULAWESI SELATAN","ID-73","0"
"2017","INDONESIA","ID","TRENGGALEK","ID-3503","JAWA TIMUR","ID-35","0"
"2017","INDONESIA","ID","TUBAN","ID-3523","JAWA TIMUR","ID-35","0"
"2017","INDONESIA","ID","TULANG BAWANG","ID-1805","LAMPUNG","ID-18","207.85907915546375"
"2017","INDONESIA","ID","TULANG BAWANG BARAT","ID-1812","LAMPUNG","ID-18","0"
"2017","INDONESIA","ID","TULUNGAGUNG","ID-3504","JAWA TIMUR","ID-35","0"
"2017","INDONESIA","ID","WAJO","ID-7313","SULAWESI SELATAN","ID-73","0"
"2017","INDONESIA","ID","WAKATOBI","ID-7407","SULAWESI TENGGARA","ID-74","0"
"2017","INDONESIA","ID","WAROPEN","ID-9115","PAPUA","ID-91","74637.26598150222"
"2017","INDONESIA","ID","WAY KANAN","ID-1808","LAMPUNG","ID-18","0"
"2017","INDONESIA","ID","WONOGIRI","ID-3312","JAWA TENGAH","ID-33","0"
"2017","INDONESIA","ID","WONOSOBO","ID-3307","JAWA TENGAH","ID-33","0"
"2017","INDONESIA","ID","YAHUKIMO","ID-9503","PAPUA PEGUNUNGAN","ID-95","401.5639098707685"
"2017","INDONESIA","ID","YALIMO","ID-9506","PAPUA PEGUNUNGAN","ID-95","16576.542298267916"
"2018","INDONESIA","ID","ACEH BARAT","ID-1105","ACEH","ID-11","23930.71650964687"
"2018","INDONESIA","ID","ACEH BARAT DAYA","ID-1112","ACEH","ID-11","2473.740237747516"
"2018","INDONESIA","ID","ACEH BESAR","ID-1106","ACEH","ID-11","0"
"2018","INDONESIA","ID","ACEH JAYA","ID-1114","ACEH","ID-11","4571.252837132295"
"2018","INDONESIA","ID","ACEH SELATAN","ID-1101","ACEH","ID-11","48836.71827814446"
"2018","INDONESIA","ID","ACEH SINGKIL","ID-1110","ACEH","ID-11","23738.41615852781"
"2018","INDONESIA","ID","ACEH TAMIANG","ID-1116","ACEH","ID-11","0"
"2018","INDONESIA","ID","ACEH TENGAH","ID-1104","ACEH","ID-11","0"
"2018","INDONESIA","ID","ACEH TENGGARA","ID-1102","ACEH","ID-11","0"
"2018","INDONESIA","ID","ACEH TIMUR","ID-1103","ACEH","ID-11","0"
"2018","INDONESIA","ID","ACEH UTARA","ID-1108","ACEH","ID-11","0"
"2018","INDONESIA","ID","ADMINISTRASI KEPULAUAN SERIBU","ID-3101","DAERAH KHUSUS IBUKOTA JAKARTA","ID-31","0"
"2018","INDONESIA","ID","AGAM","ID-1306","SUMATERA BARAT","ID-13","11138.7587677363"
"2018","INDONESIA","ID","ALOR","ID-5305","NUSA TENGGARA TIMUR","ID-53","0"
"2018","INDONESIA","ID","ASAHAN","ID-1209","SUMATERA UTARA","ID-12","28450.41170211967"
"2018","INDONESIA","ID","ASMAT","ID-9304","PAPUA SELATAN","ID-93","300132.9104511264"
"2018","INDONESIA","ID","BADUNG","ID-5103","BALI","ID-51","0"
"2018","INDONESIA","ID","BALANGAN","ID-6311","KALIMANTAN SELATAN","ID-63","2522.051580087205"
"2018","INDONESIA","ID","BANDUNG","ID-3204","JAWA BARAT","ID-32","0"
"2018","INDONESIA","ID","BANDUNG BARAT","ID-3217","JAWA BARAT","ID-32","0"
"2018","INDONESIA","ID","BANGGAI","ID-7201","SULAWESI TENGAH","ID-72","0"
"2018","INDONESIA","ID","BANGGAI KEPULAUAN","ID-7207","SULAWESI TENGAH","ID-72","0"
"2018","INDONESIA","ID","BANGGAI LAUT","ID-7211","SULAWESI TENGAH","ID-72","0"
"2018","INDONESIA","ID","BANGKA","ID-1901","KEPULAUAN BANGKA BELITUNG","ID-19","473.6416326539059"
"2018","INDONESIA","ID","BANGKA BARAT","ID-1905","KEPULAUAN BANGKA BELITUNG","ID-19","3811.70757007356"
"2018","INDONESIA","ID","BANGKALAN","ID-3526","JAWA TIMUR","ID-35","0"
"2018","INDONESIA","ID","BANGKA SELATAN","ID-1903","KEPULAUAN BANGKA BELITUNG","ID-19","3881.9879420374896"
"2018","INDONESIA","ID","BANGKA TENGAH","ID-1904","KEPULAUAN BANGKA BELITUNG","ID-19","15442.352555941152"
"2018","INDONESIA","ID","BANGLI","ID-5106","BALI","ID-51","0"
"2018","INDONESIA","ID","BANJAR","ID-6303","KALIMANTAN SELATAN","ID-63","2378.5928005565956"
"2018","INDONESIA","ID","BANJARNEGARA","ID-3304","JAWA TENGAH","ID-33","0"
"2018","INDONESIA","ID","BANTAENG","ID-7303","SULAWESI SELATAN","ID-73","0"
"2018","INDONESIA","ID","BANTUL","ID-3402","DAERAH ISTIMEWA YOGYAKARTA","ID-34","0"
"2018","INDONESIA","ID","BANYUASIN","ID-1607","SUMATERA SELATAN","ID-16","191935.43837467028"
"2018","INDONESIA","ID","BANYUMAS","ID-3302","JAWA TENGAH","ID-33","0"
"2018","INDONESIA","ID","BANYUWANGI","ID-3510","JAWA TIMUR","ID-35","0"
"2018","INDONESIA","ID","BARITO KUALA","ID-6304","KALIMANTAN SELATAN","ID-63","0"
"2018","INDONESIA","ID","BARITO SELATAN","ID-6204","KALIMANTAN TENGAH","ID-62","145654.26588574494"
"2018","INDONESIA","ID","BARITO TIMUR","ID-6213","KALIMANTAN TENGAH","ID-62","27427.309635697897"
"2018","INDONESIA","ID","BARITO UTARA","ID-6205","KALIMANTAN TENGAH","ID-62","0"
"2018","INDONESIA","ID","BARRU","ID-7311","SULAWESI SELATAN","ID-73","0"
"2018","INDONESIA","ID","BATANG","ID-3325","JAWA TENGAH","ID-33","0"
"2018","INDONESIA","ID","BATANGHARI","ID-1504","JAMBI","ID-15","0"
"2018","INDONESIA","ID","BATU BARA","ID-1219","SUMATERA UTARA","ID-12","0"
"2018","INDONESIA","ID","BEKASI","ID-3216","JAWA BARAT","ID-32","0"
"2018","INDONESIA","ID","BELITUNG","ID-1902","KEPULAUAN BANGKA BELITUNG","ID-19","0"
"2018","INDONESIA","ID","BELITUNG TIMUR","ID-1906","KEPULAUAN BANGKA BELITUNG","ID-19","714.7465418182478"
"2018","INDONESIA","ID","BELU","ID-5304","NUSA TENGGARA TIMUR","ID-53","0"
"2018","INDONESIA","ID","BENER MERIAH","ID-1117","ACEH","ID-11","0"
"2018","INDONESIA","ID","BENGKALIS","ID-1403","RIAU","ID-14","536291.4438363129"
"2018","INDONESIA","ID","BENGKAYANG","ID-6107","KALIMANTAN BARAT","ID-61","30252.381057345367"
"2018","INDONESIA","ID","BENGKULU SELATAN","ID-1701","BENGKULU","ID-17","0"
"2018","INDONESIA","ID","BENGKULU TENGAH","ID-1709","BENGKULU","ID-17","0"
"2018","INDONESIA","ID","BENGKULU UTARA","ID-1703","BENGKULU","ID-17","0"
"2018","INDONESIA","ID","BERAU","ID-6403","KALIMANTAN TIMUR","ID-64","13708.429222667815"
"2018","INDONESIA","ID","BIAK NUMFOR","ID-9106","PAPUA","ID-91","0"
"2018","INDONESIA","ID","BIMA","ID-5206","NUSA TENGGARA BARAT","ID-52","0"
"2018","INDONESIA","ID","BINTAN","ID-2101","KEPULAUAN RIAU","ID-21","0"
"2018","INDONESIA","ID","BIREUEN","ID-1111","ACEH","ID-11","0"
"2018","INDONESIA","ID","BLITAR","ID-3505","JAWA TIMUR","ID-35","0"
"2018","INDONESIA","ID","BLORA","ID-3316","JAWA TENGAH","ID-33","0"
"2018","INDONESIA","ID","BOALEMO","ID-7502","GORONTALO","ID-75","0"
"2018","INDONESIA","ID","BOGOR","ID-3201","JAWA BARAT","ID-32","0"
"2018","INDONESIA","ID","BOJONEGORO","ID-3522","JAWA TIMUR","ID-35","0"
"2018","INDONESIA","ID","BOLAANG MONGONDOW","ID-7101","SULAWESI UTARA","ID-71","0"
"2018","INDONESIA","ID","BOLAANG MONGONDOW SELATAN","ID-7111","SULAWESI UTARA","ID-71","0"
"2018","INDONESIA","ID","BOLAANG MONGONDOW TIMUR","ID-7110","SULAWESI UTARA","ID-71","0"
"2018","INDONESIA","ID","BOLAANG MONGONDOW UTARA","ID-7108","SULAWESI UTARA","ID-71","0"
"2018","INDONESIA","ID","BOMBANA","ID-7406","SULAWESI TENGGARA","ID-74","0"
"2018","INDONESIA","ID","BONDOWOSO","ID-3511","JAWA TIMUR","ID-35","0"
"2018","INDONESIA","ID","BONE","ID-7308","SULAWESI SELATAN","ID-73","0"
"2018","INDONESIA","ID","BONE BOLANGO","ID-7503","GORONTALO","ID-75","0"
"2018","INDONESIA","ID","BOVEN DIGOEL","ID-9302","PAPUA SELATAN","ID-93","123709.12557806344"
"2018","INDONESIA","ID","BOYOLALI","ID-3309","JAWA TENGAH","ID-33","0"
"2018","INDONESIA","ID","BREBES","ID-3329","JAWA TENGAH","ID-33","0"
"2018","INDONESIA","ID","BULELENG","ID-5108","BALI","ID-51","0"
"2018","INDONESIA","ID","BULUKUMBA","ID-7302","SULAWESI SELATAN","ID-73","0"
"2018","INDONESIA","ID","BULUNGAN","ID-6501","KALIMANTAN UTARA","ID-65","0"
"2018","INDONESIA","ID","BUNGO","ID-1508","JAMBI","ID-15","0"
"2018","INDONESIA","ID","BUOL","ID-7205","SULAWESI TENGAH","ID-72","0"
"2018","INDONESIA","ID","BURU","ID-8104","MALUKU","ID-81","0"
"2018","INDONESIA","ID","BURU SELATAN","ID-8109","MALUKU","ID-81","0"
"2018","INDONESIA","ID","BUTON","ID-7404","SULAWESI TENGGARA","ID-74","0"
"2018","INDONESIA","ID","BUTON SELATAN","ID-7415","SULAWESI TENGGARA","ID-74","0"
"2018","INDONESIA","ID","BUTON TENGAH","ID-7414","SULAWESI TENGGARA","ID-74","0"
"2018","INDONESIA","ID","BUTON UTARA","ID-7410","SULAWESI TENGGARA","ID-74","0"
"2018","INDONESIA","ID","CIAMIS","ID-3207","JAWA BARAT","ID-32","0"
"2018","INDONESIA","ID","CIANJUR","ID-3203","JAWA BARAT","ID-32","0"
"2018","INDONESIA","ID","CILACAP","ID-3301","JAWA TENGAH","ID-33","0"
"2018","INDONESIA","ID","CIREBON","ID-3209","JAWA BARAT","ID-32","0"
"2018","INDONESIA","ID","DAIRI","ID-1211","SUMATERA UTARA","ID-12","0"
"2018","INDONESIA","ID","DEIYAI","ID-9408","PAPUA TENGAH","ID-94","1814.530857682557"
"2018","INDONESIA","ID","DELI SERDANG","ID-1207","SUMATERA UTARA","ID-12","0"
"2018","INDONESIA","ID","DEMAK","ID-3321","JAWA TENGAH","ID-33","0"
"2018","INDONESIA","ID","DHARMASRAYA","ID-1310","SUMATERA BARAT","ID-13","0"
"2018","INDONESIA","ID","DOGIYAI","ID-9406","PAPUA TENGAH","ID-94","3220.9081995370793"
"2018","INDONESIA","ID","DOMPU","ID-5205","NUSA TENGGARA BARAT","ID-52","0"
"2018","INDONESIA","ID","DONGGALA","ID-7203","SULAWESI TENGAH","ID-72","584.3060448679521"
"2018","INDONESIA","ID","EMPAT LAWANG","ID-1611","SUMATERA SELATAN","ID-16","0"
"2018","INDONESIA","ID","ENDE","ID-5308","NUSA TENGGARA TIMUR","ID-53","0"
"2018","INDONESIA","ID","ENREKANG","ID-7316","SULAWESI SELATAN","ID-73","0"
"2018","INDONESIA","ID","FAK FAK","ID-9203","PAPUA BARAT","ID-92","26157.623771776725"
"2018","INDONESIA","ID","FLORES TIMUR","ID-5306","NUSA TENGGARA TIMUR","ID-53","0"
"2018","INDONESIA","ID","GARUT","ID-3205","JAWA BARAT","ID-32","0"
"2018","INDONESIA","ID","GAYO LUES","ID-1113","ACEH","ID-11","0"
"2018","INDONESIA","ID","GIANYAR","ID-5104","BALI","ID-51","0"
"2018","INDONESIA","ID","GORONTALO","ID-7501","GORONTALO","ID-75","0"
"2018","INDONESIA","ID","GORONTALO UTARA","ID-7505","GORONTALO","ID-75","0"
"2018","INDONESIA","ID","GOWA","ID-7306","SULAWESI SELATAN","ID-73","0"
"2018","INDONESIA","ID","GRESIK","ID-3525","JAWA TIMUR","ID-35","0"
"2018","INDONESIA","ID","GROBOGAN","ID-3315","JAWA TENGAH","ID-33","0"
"2018","INDONESIA","ID","GUNUNGKIDUL","ID-3403","DAERAH ISTIMEWA YOGYAKARTA","ID-34","0"
"2018","INDONESIA","ID","GUNUNG MAS","ID-6210","KALIMANTAN TENGAH","ID-62","0"
"2018","INDONESIA","ID","HALMAHERA BARAT","ID-8201","MALUKU UTARA","ID-82","0"
"2018","INDONESIA","ID","HALMAHERA SELATAN","ID-8204","MALUKU UTARA","ID-82","0"
"2018","INDONESIA","ID","HALMAHERA TENGAH","ID-8202","MALUKU UTARA","ID-82","0"
"2018","INDONESIA","ID","HALMAHERA TIMUR","ID-8206","MALUKU UTARA","ID-82","0"
"2018","INDONESIA","ID","HALMAHERA UTARA","ID-8203","MALUKU UTARA","ID-82","0"
"2018","INDONESIA","ID","HULU SUNGAI SELATAN","ID-6306","KALIMANTAN SELATAN","ID-63","2262.5626792109333"
"2018","INDONESIA","ID","HULU SUNGAI TENGAH","ID-6307","KALIMANTAN SELATAN","ID-63","1481.7902570695703"
"2018","INDONESIA","ID","HULU SUNGAI UTARA","ID-6308","KALIMANTAN SELATAN","ID-63","20348.114726988577"
"2018","INDONESIA","ID","HUMBANG HASUNDUTAN","ID-1216","SUMATERA UTARA","ID-12","2969.396288606546"
"2018","INDONESIA","ID","INDRAGIRI HILIR","ID-1404","RIAU","ID-14","718274.4908948487"
"2018","INDONESIA","ID","INDRAGIRI HULU","ID-1402","RIAU","ID-14","200397.77769751896"
"2018","INDONESIA","ID","INDRAMAYU","ID-3212","JAWA BARAT","ID-32","0"
"2018","INDONESIA","ID","INTAN JAYA","ID-9407","PAPUA TENGAH","ID-94","1119.980361464453"
"2018","INDONESIA","ID","JAYAPURA","ID-9103","PAPUA","ID-91","25646.883561012397"
"2018","INDONESIA","ID","JAYAWIJAYA","ID-9501","PAPUA PEGUNUNGAN","ID-95","0"
"2018","INDONESIA","ID","JEMBER","ID-3509","JAWA TIMUR","ID-35","0"
"2018","INDONESIA","ID","JEMBRANA","ID-5101","BALI","ID-51","0"
"2018","INDONESIA","ID","JENEPONTO","ID-7304","SULAWESI SELATAN","ID-73","0"
"2018","INDONESIA","ID","JEPARA","ID-3320","JAWA TENGAH","ID-33","0"
"2018","INDONESIA","ID","JOMBANG","ID-3517","JAWA TIMUR","ID-35","0"
"2018","INDONESIA","ID","KAIMANA","ID-9208","PAPUA BARAT","ID-92","86265.34616287949"
"2018","INDONESIA","ID","KAMPAR","ID-1401","RIAU","ID-14","92946.42451525282"
"2018","INDONESIA","ID","KAPUAS","ID-6203","KALIMANTAN TENGAH","ID-62","303700.54693519877"
"2018","INDONESIA","ID","KAPUAS HULU","ID-6106","KALIMANTAN BARAT","ID-61","244173.1306161445"
"2018","INDONESIA","ID","KARANGANYAR","ID-3313","JAWA TENGAH","ID-33","0"
"2018","INDONESIA","ID","KARANGASEM","ID-5107","BALI","ID-51","0"
"2018","INDONESIA","ID","KARAWANG","ID-3215","JAWA BARAT","ID-32","0"
"2018","INDONESIA","ID","KARIMUN","ID-2102","KEPULAUAN RIAU","ID-21","3592.288924627867"
"2018","INDONESIA","ID","KARO","ID-1206","SUMATERA UTARA","ID-12","0"
"2018","INDONESIA","ID","KATINGAN","ID-6206","KALIMANTAN TENGAH","ID-62","565768.5126757957"
"2018","INDONESIA","ID","KAUR","ID-1704","BENGKULU","ID-17","0"
"2018","INDONESIA","ID","KAYONG UTARA","ID-6111","KALIMANTAN BARAT","ID-61","132131.08752515668"
"2018","INDONESIA","ID","KEBUMEN","ID-3305","JAWA TENGAH","ID-33","0"
"2018","INDONESIA","ID","KEDIRI","ID-3506","JAWA TIMUR","ID-35","0"
"2018","INDONESIA","ID","KEEROM","ID-9111","PAPUA","ID-91","600.2167148364724"
"2018","INDONESIA","ID","KENDAL","ID-3324","JAWA TENGAH","ID-33","0"
"2018","INDONESIA","ID","KEPAHIANG","ID-1708","BENGKULU","ID-17","0"
"2018","INDONESIA","ID","KEP. SIAU TAGULANDANG BIARO","ID-7109","SULAWESI UTARA","ID-71","0"
"2018","INDONESIA","ID","KEPULAUAN ANAMBAS","ID-2105","KEPULAUAN RIAU","ID-21","0"
"2018","INDONESIA","ID","KEPULAUAN ARU","ID-8107","MALUKU","ID-81","0"
"2018","INDONESIA","ID","KEPULAUAN MENTAWAI","ID-1309","SUMATERA BARAT","ID-13","0"
"2018","INDONESIA","ID","KEPULAUAN MERANTI","ID-1410","RIAU","ID-14","301248.0443852444"
"2018","INDONESIA","ID","KEPULAUAN SANGIHE","ID-7103","SULAWESI UTARA","ID-71","0"
"2018","INDONESIA","ID","KEPULAUAN SELAYAR","ID-7301","SULAWESI SELATAN","ID-73","0"
"2018","INDONESIA","ID","KEPULAUAN SULA","ID-8205","MALUKU UTARA","ID-82","0"
"2018","INDONESIA","ID","KEPULAUAN TALAUD","ID-7104","SULAWESI UTARA","ID-71","0"
"2018","INDONESIA","ID","KEPULAUAN TANIMBAR","ID-8103","MALUKU","ID-81","0"
"2018","INDONESIA","ID","KEPULAUAN YAPEN","ID-9105","PAPUA","ID-91","613.4908850339178"
"2018","INDONESIA","ID","KERINCI","ID-1501","JAMBI","ID-15","4202.8736435119645"
"2018","INDONESIA","ID","KETAPANG","ID-6104","KALIMANTAN BARAT","ID-61","261272.708776481"
"2018","INDONESIA","ID","KLATEN","ID-3310","JAWA TENGAH","ID-33","0"
"2018","INDONESIA","ID","KLUNGKUNG","ID-5105","BALI","ID-51","0"
"2018","INDONESIA","ID","KOLAKA","ID-7401","SULAWESI TENGGARA","ID-74","0"
"2018","INDONESIA","ID","KOLAKA TIMUR","ID-7411","SULAWESI TENGGARA","ID-74","0"
"2018","INDONESIA","ID","KOLAKA UTARA","ID-7408","SULAWESI TENGGARA","ID-74","0"
"2018","INDONESIA","ID","KONAWE","ID-7402","SULAWESI TENGGARA","ID-74","0"
"2018","INDONESIA","ID","KONAWE KEPULAUAN","ID-7412","SULAWESI TENGGARA","ID-74","0"
"2018","INDONESIA","ID","KONAWE SELATAN","ID-7405","SULAWESI TENGGARA","ID-74","0"
"2018","INDONESIA","ID","KONAWE UTARA","ID-7409","SULAWESI TENGGARA","ID-74","0"
"2018","INDONESIA","ID","KOTA ADMINISTRASI JAKARTA BARAT","ID-3173","DAERAH KHUSUS IBUKOTA JAKARTA","ID-31","0"
"2018","INDONESIA","ID","KOTA ADMINISTRASI JAKARTA PUSAT","ID-3171","DAERAH KHUSUS IBUKOTA JAKARTA","ID-31","0"
"2018","INDONESIA","ID","KOTA ADMINISTRASI JAKARTA SELATAN","ID-3174","DAERAH KHUSUS IBUKOTA JAKARTA","ID-31","0"
"2018","INDONESIA","ID","KOTA ADMINISTRASI JAKARTA TIMUR","ID-3175","DAERAH KHUSUS IBUKOTA JAKARTA","ID-31","0"
"2018","INDONESIA","ID","KOTA ADMINISTRASI JAKARTA UTARA","ID-3172","DAERAH KHUSUS IBUKOTA JAKARTA","ID-31","0"
"2018","INDONESIA","ID","KOTA AMBON","ID-8171","MALUKU","ID-81","0"
"2018","INDONESIA","ID","KOTA BALIKPAPAN","ID-6471","KALIMANTAN TIMUR","ID-64","0"
"2018","INDONESIA","ID","KOTA BANDA ACEH","ID-1171","ACEH","ID-11","0"
"2018","INDONESIA","ID","KOTA BANDAR LAMPUNG","ID-1871","LAMPUNG","ID-18","0"
"2018","INDONESIA","ID","KOTA BANDUNG","ID-3273","JAWA BARAT","ID-32","0"
"2018","INDONESIA","ID","KOTA BANJAR","ID-3279","JAWA BARAT","ID-32","0"
"2018","INDONESIA","ID","KOTA BANJARBARU","ID-6372","KALIMANTAN SELATAN","ID-63","0"
"2018","INDONESIA","ID","KOTA BANJARMASIN","ID-6371","KALIMANTAN SELATAN","ID-63","0"
"2018","INDONESIA","ID","KOTABARU","ID-6302","KALIMANTAN SELATAN","ID-63","0"
"2018","INDONESIA","ID","KOTA BATAM","ID-2171","KEPULAUAN RIAU","ID-21","0"
"2018","INDONESIA","ID","KOTA BATU","ID-3579","JAWA TIMUR","ID-35","0"
"2018","INDONESIA","ID","KOTA BAU BAU","ID-7472","SULAWESI TENGGARA","ID-74","0"
"2018","INDONESIA","ID","KOTA BEKASI","ID-3275","JAWA BARAT","ID-32","0"
"2018","INDONESIA","ID","KOTA BENGKULU","ID-1771","BENGKULU","ID-17","0"
"2018","INDONESIA","ID","KOTA BIMA","ID-5272","NUSA TENGGARA BARAT","ID-52","0"
"2018","INDONESIA","ID","KOTA BINJAI","ID-1275","SUMATERA UTARA","ID-12","0"
"2018","INDONESIA","ID","KOTA BITUNG","ID-7172","SULAWESI UTARA","ID-71","0"
"2018","INDONESIA","ID","KOTA BLITAR","ID-3572","JAWA TIMUR","ID-35","0"
"2018","INDONESIA","ID","KOTA BOGOR","ID-3271","JAWA BARAT","ID-32","0"
"2018","INDONESIA","ID","KOTA BONTANG","ID-6474","KALIMANTAN TIMUR","ID-64","0"
"2018","INDONESIA","ID","KOTA BUKITTINGGI","ID-1375","SUMATERA BARAT","ID-13","0"
"2018","INDONESIA","ID","KOTA CILEGON","ID-3672","BANTEN","ID-36","0"
"2018","INDONESIA","ID","KOTA CIMAHI","ID-3277","JAWA BARAT","ID-32","0"
"2018","INDONESIA","ID","KOTA CIREBON","ID-3274","JAWA BARAT","ID-32","0"
"2018","INDONESIA","ID","KOTA DENPASAR","ID-5171","BALI","ID-51","0"
"2018","INDONESIA","ID","KOTA DEPOK","ID-3276","JAWA BARAT","ID-32","0"
"2018","INDONESIA","ID","KOTA DUMAI","ID-1472","RIAU","ID-14","135283.1805850815"
"2018","INDONESIA","ID","KOTA GORONTALO","ID-7571","GORONTALO","ID-75","0"
"2018","INDONESIA","ID","KOTA GUNUNGSITOLI","ID-1278","SUMATERA UTARA","ID-12","0"
"2018","INDONESIA","ID","KOTA JAMBI","ID-1571","JAMBI","ID-15","0"
"2018","INDONESIA","ID","KOTA JAYAPURA","ID-9171","PAPUA","ID-91","460.8569889148686"
"2018","INDONESIA","ID","KOTA KEDIRI","ID-3571","JAWA TIMUR","ID-35","0"
"2018","INDONESIA","ID","KOTA KENDARI","ID-7471","SULAWESI TENGGARA","ID-74","0"
"2018","INDONESIA","ID","KOTA KOTAMOBAGU","ID-7174","SULAWESI UTARA","ID-71","0"
"2018","INDONESIA","ID","KOTA KUPANG","ID-5371","NUSA TENGGARA TIMUR","ID-53","0"
"2018","INDONESIA","ID","KOTA LANGSA","ID-1174","ACEH","ID-11","0"
"2018","INDONESIA","ID","KOTA LHOKSEUMAWE","ID-1173","ACEH","ID-11","0"
"2018","INDONESIA","ID","KOTA LUBUK LINGGAU","ID-1673","SUMATERA SELATAN","ID-16","0"
"2018","INDONESIA","ID","KOTA MADIUN","ID-3577","JAWA TIMUR","ID-35","0"
"2018","INDONESIA","ID","KOTA MAGELANG","ID-3371","JAWA TENGAH","ID-33","0"
"2018","INDONESIA","ID","KOTA MAKASSAR","ID-7371","SULAWESI SELATAN","ID-73","0"
"2018","INDONESIA","ID","KOTA MALANG","ID-3573","JAWA TIMUR","ID-35","0"
"2018","INDONESIA","ID","KOTA MANADO","ID-7171","SULAWESI UTARA","ID-71","0"
"2018","INDONESIA","ID","KOTA MATARAM","ID-5271","NUSA TENGGARA BARAT","ID-52","0"
"2018","INDONESIA","ID","KOTA MEDAN","ID-1271","SUMATERA UTARA","ID-12","0"
"2018","INDONESIA","ID","KOTA METRO","ID-1872","LAMPUNG","ID-18","0"
"2018","INDONESIA","ID","KOTA MOJOKERTO","ID-3576","JAWA TIMUR","ID-35","0"
"2018","INDONESIA","ID","KOTA PADANG","ID-1371","SUMATERA BARAT","ID-13","0"
"2018","INDONESIA","ID","KOTA PADANG PANJANG","ID-1374","SUMATERA BARAT","ID-13","0"
"2018","INDONESIA","ID","KOTA PADANGSIDIMPUAN","ID-1277","SUMATERA UTARA","ID-12","0"
"2018","INDONESIA","ID","KOTA PAGAR ALAM","ID-1672","SUMATERA SELATAN","ID-16","0"
"2018","INDONESIA","ID","KOTA PALANGKARAYA","ID-6271","KALIMANTAN TENGAH","ID-62","115584.75184339315"
"2018","INDONESIA","ID","KOTA PALEMBANG","ID-1671","SUMATERA SELATAN","ID-16","0"
"2018","INDONESIA","ID","KOTA PALOPO","ID-7373","SULAWESI SELATAN","ID-73","0"
"2018","INDONESIA","ID","KOTA PALU","ID-7271","SULAWESI TENGAH","ID-72","0"
"2018","INDONESIA","ID","KOTA PANGKAL PINANG","ID-1971","KEPULAUAN BANGKA BELITUNG","ID-19","0"
"2018","INDONESIA","ID","KOTA PAREPARE","ID-7372","SULAWESI SELATAN","ID-73","0"
"2018","INDONESIA","ID","KOTA PARIAMAN","ID-1377","SUMATERA BARAT","ID-13","0"
"2018","INDONESIA","ID","KOTA PASURUAN","ID-3575","JAWA TIMUR","ID-35","0"
"2018","INDONESIA","ID","KOTA PAYAKUMBUH","ID-1376","SUMATERA BARAT","ID-13","0"
"2018","INDONESIA","ID","KOTA PEKALONGAN","ID-3375","JAWA TENGAH","ID-33","0"
"2018","INDONESIA","ID","KOTA PEKANBARU","ID-1471","RIAU","ID-14","5511.351383662669"
"2018","INDONESIA","ID","KOTA PEMATANGSIANTAR","ID-1272","SUMATERA UTARA","ID-12","0"
"2018","INDONESIA","ID","KOTA PONTIANAK","ID-6171","KALIMANTAN BARAT","ID-61","4303.5655180525455"
"2018","INDONESIA","ID","KOTA PRABUMULIH","ID-1674","SUMATERA SELATAN","ID-16","0"
"2018","INDONESIA","ID","KOTA PROBOLINGGO","ID-3574","JAWA TIMUR","ID-35","0"
"2018","INDONESIA","ID","KOTA SABANG","ID-1172","ACEH","ID-11","0"
"2018","INDONESIA","ID","KOTA SALATIGA","ID-3373","JAWA TENGAH","ID-33","0"
"2018","INDONESIA","ID","KOTA SAMARINDA","ID-6472","KALIMANTAN TIMUR","ID-64","0"
"2018","INDONESIA","ID","KOTA SAWAHLUNTO","ID-1373","SUMATERA BARAT","ID-13","0"
"2018","INDONESIA","ID","KOTA SEMARANG","ID-3374","JAWA TENGAH","ID-33","0"
"2018","INDONESIA","ID","KOTA SERANG","ID-3673","BANTEN","ID-36","0"
"2018","INDONESIA","ID","KOTA SIBOLGA","ID-1273","SUMATERA UTARA","ID-12","0"
"2018","INDONESIA","ID","KOTA SINGKAWANG","ID-6172","KALIMANTAN BARAT","ID-61","3955.576711656947"
"2018","INDONESIA","ID","KOTA SOLOK","ID-1372","SUMATERA BARAT","ID-13","0"
"2018","INDONESIA","ID","KOTA SORONG","ID-9671","PAPUA BARAT DAYA","ID-96","0"
"2018","INDONESIA","ID","KOTA SUBULUSSALAM","ID-1175","ACEH","ID-11","3927.526711787974"
"2018","INDONESIA","ID","KOTA SUKABUMI","ID-3272","JAWA BARAT","ID-32","0"
"2018","INDONESIA","ID","KOTA SUNGAI PENUH","ID-1572","JAMBI","ID-15","578.8773354669264"
"2018","INDONESIA","ID","KOTA SURABAYA","ID-3578","JAWA TIMUR","ID-35","0"
"2018","INDONESIA","ID","KOTA SURAKARTA","ID-3372","JAWA TENGAH","ID-33","0"
"2018","INDONESIA","ID","KOTA TANGERANG","ID-3671","BANTEN","ID-36","0"
"2018","INDONESIA","ID","KOTA TANGERANG SELATAN","ID-3674","BANTEN","ID-36","0"
"2018","INDONESIA","ID","KOTA TANJUNGBALAI","ID-1274","SUMATERA UTARA","ID-12","0"
"2018","INDONESIA","ID","KOTA TANJUNG PINANG","ID-2172","KEPULAUAN RIAU","ID-21","0"
"2018","INDONESIA","ID","KOTA TARAKAN","ID-6571","KALIMANTAN UTARA","ID-65","3215.5865865918304"
"2018","INDONESIA","ID","KOTA TASIKMALAYA","ID-3278","JAWA BARAT","ID-32","0"
"2018","INDONESIA","ID","KOTA TEBING TINGGI","ID-1276","SUMATERA UTARA","ID-12","0"
"2018","INDONESIA","ID","KOTA TEGAL","ID-3376","JAWA TENGAH","ID-33","0"
"2018","INDONESIA","ID","KOTA TERNATE","ID-8271","MALUKU UTARA","ID-82","0"
"2018","INDONESIA","ID","KOTA TIDORE KEPULAUAN","ID-8272","MALUKU UTARA","ID-82","0"
"2018","INDONESIA","ID","KOTA TOMOHON","ID-7173","SULAWESI UTARA","ID-71","0"
"2018","INDONESIA","ID","KOTA TUAL","ID-8172","MALUKU","ID-81","0"
"2018","INDONESIA","ID","KOTAWARINGIN BARAT","ID-6201","KALIMANTAN TENGAH","ID-62","257892.80736691543"
"2018","INDONESIA","ID","KOTAWARINGIN TIMUR","ID-6202","KALIMANTAN TENGAH","ID-62","275227.77356167"
"2018","INDONESIA","ID","KOTA YOGYAKARTA","ID-3471","DAERAH ISTIMEWA YOGYAKARTA","ID-34","0"
"2018","INDONESIA","ID","KUANTAN SINGINGI","ID-1409","RIAU","ID-14","0"
"2018","INDONESIA","ID","KUBU RAYA","ID-6112","KALIMANTAN BARAT","ID-61","515393.5569979219"
"2018","INDONESIA","ID","KUDUS","ID-3319","JAWA TENGAH","ID-33","0"
"2018","INDONESIA","ID","KULON PROGO","ID-3401","DAERAH ISTIMEWA YOGYAKARTA","ID-34","0"
"2018","INDONESIA","ID","KUNINGAN","ID-3208","JAWA BARAT","ID-32","0"
"2018","INDONESIA","ID","KUPANG","ID-5301","NUSA TENGGARA TIMUR","ID-53","0"
"2018","INDONESIA","ID","KUTAI BARAT","ID-6407","KALIMANTAN TIMUR","ID-64","24592.681700819263"
"2018","INDONESIA","ID","KUTAI KARTANEGARA","ID-6402","KALIMANTAN TIMUR","ID-64","141374.38267315438"
"2018","INDONESIA","ID","KUTAI TIMUR","ID-6408","KALIMANTAN TIMUR","ID-64","1900.9224878902603"
"2018","INDONESIA","ID","LABUHANBATU","ID-1210","SUMATERA UTARA","ID-12","108488.01983083058"
"2018","INDONESIA","ID","LABUHANBATU SELATAN","ID-1222","SUMATERA UTARA","ID-12","41721.96056818482"
"2018","INDONESIA","ID","LABUHANBATU UTARA","ID-1223","SUMATERA UTARA","ID-12","76568.09443976663"
"2018","INDONESIA","ID","LAHAT","ID-1604","SUMATERA SELATAN","ID-16","0"
"2018","INDONESIA","ID","LAMANDAU","ID-6209","KALIMANTAN TENGAH","ID-62","567.4440697236604"
"2018","INDONESIA","ID","LAMONGAN","ID-3524","JAWA TIMUR","ID-35","0"
"2018","INDONESIA","ID","LAMPUNG BARAT","ID-1804","LAMPUNG","ID-18","0"
"2018","INDONESIA","ID","LAMPUNG SELATAN","ID-1801","LAMPUNG","ID-18","0"
"2018","INDONESIA","ID","LAMPUNG TENGAH","ID-1802","LAMPUNG","ID-18","0"
"2018","INDONESIA","ID","LAMPUNG TIMUR","ID-1807","LAMPUNG","ID-18","0"
"2018","INDONESIA","ID","LAMPUNG UTARA","ID-1803","LAMPUNG","ID-18","0"
"2018","INDONESIA","ID","LANDAK","ID-6108","KALIMANTAN BARAT","ID-61","43600.46431762313"
"2018","INDONESIA","ID","LANGKAT","ID-1205","SUMATERA UTARA","ID-12","0"
"2018","INDONESIA","ID","LANNY JAYA","ID-9507","PAPUA PEGUNUNGAN","ID-95","0"
"2018","INDONESIA","ID","LEBAK","ID-3602","BANTEN","ID-36","0"
"2018","INDONESIA","ID","LEBONG","ID-1707","BENGKULU","ID-17","0"
"2018","INDONESIA","ID","LEMBATA","ID-5313","NUSA TENGGARA TIMUR","ID-53","0"
"2018","INDONESIA","ID","LIMA PULUH KOTA","ID-1307","SUMATERA BARAT","ID-13","0"
"2018","INDONESIA","ID","LINGGA","ID-2104","KEPULAUAN RIAU","ID-21","0"
"2018","INDONESIA","ID","LOMBOK BARAT","ID-5201","NUSA TENGGARA BARAT","ID-52","0"
"2018","INDONESIA","ID","LOMBOK TENGAH","ID-5202","NUSA TENGGARA BARAT","ID-52","0"
"2018","INDONESIA","ID","LOMBOK TIMUR","ID-5203","NUSA TENGGARA BARAT","ID-52","0"
"2018","INDONESIA","ID","LOMBOK UTARA","ID-5208","NUSA TENGGARA BARAT","ID-52","0"
"2018","INDONESIA","ID","LUMAJANG","ID-3508","JAWA TIMUR","ID-35","0"
"2018","INDONESIA","ID","LUWU","ID-7317","SULAWESI SELATAN","ID-73","0"
"2018","INDONESIA","ID","LUWU TIMUR","ID-7324","SULAWESI SELATAN","ID-73","0"
"2018","INDONESIA","ID","LUWU UTARA","ID-7322","SULAWESI SELATAN","ID-73","0"
"2018","INDONESIA","ID","MADIUN","ID-3519","JAWA TIMUR","ID-35","0"
"2018","INDONESIA","ID","MAGELANG","ID-3308","JAWA TENGAH","ID-33","0"
"2018","INDONESIA","ID","MAGETAN","ID-3520","JAWA TIMUR","ID-35","0"
"2018","INDONESIA","ID","MAHAKAM ULU","ID-6411","KALIMANTAN TIMUR","ID-64","0"
"2018","INDONESIA","ID","MAJALENGKA","ID-3210","JAWA BARAT","ID-32","0"
"2018","INDONESIA","ID","MAJENE","ID-7605","SULAWESI BARAT","ID-76","0"
"2018","INDONESIA","ID","MALAKA","ID-5321","NUSA TENGGARA TIMUR","ID-53","0"
"2018","INDONESIA","ID","MALANG","ID-3507","JAWA TIMUR","ID-35","0"
"2018","INDONESIA","ID","MALINAU","ID-6502","KALIMANTAN UTARA","ID-65","0"
"2018","INDONESIA","ID","MALUKU BARAT DAYA","ID-8108","MALUKU","ID-81","0"
"2018","INDONESIA","ID","MALUKU TENGAH","ID-8101","MALUKU","ID-81","0"
"2018","INDONESIA","ID","MALUKU TENGGARA","ID-8102","MALUKU","ID-81","0"
"2018","INDONESIA","ID","MAMASA","ID-7603","SULAWESI BARAT","ID-76","0"
"2018","INDONESIA","ID","MAMBERAMO RAYA","ID-9120","PAPUA","ID-91","442552.123923047"
"2018","INDONESIA","ID","MAMBERAMO TENGAH","ID-9505","PAPUA PEGUNUNGAN","ID-95","35800.25921926981"
"2018","INDONESIA","ID","MAMUJU","ID-7602","SULAWESI BARAT","ID-76","3545.815901686274"
"2018","INDONESIA","ID","MAMUJU TENGAH","ID-7606","SULAWESI BARAT","ID-76","5285.072693359358"
"2018","INDONESIA","ID","MANDAILING NATAL","ID-1213","SUMATERA UTARA","ID-12","29834.00592307882"
"2018","INDONESIA","ID","MANGGARAI","ID-5310","NUSA TENGGARA TIMUR","ID-53","0"
"2018","INDONESIA","ID","MANGGARAI BARAT","ID-5315","NUSA TENGGARA TIMUR","ID-53","0"
"2018","INDONESIA","ID","MANGGARAI TIMUR","ID-5319","NUSA TENGGARA TIMUR","ID-53","0"
"2018","INDONESIA","ID","MANOKWARI","ID-9202","PAPUA BARAT","ID-92","736.1033616750423"
"2018","INDONESIA","ID","MANOKWARI SELATAN","ID-9211","PAPUA BARAT","ID-92","0"
"2018","INDONESIA","ID","MAPPI","ID-9303","PAPUA SELATAN","ID-93","389505.5393037975"
"2018","INDONESIA","ID","MAROS","ID-7309","SULAWESI SELATAN","ID-73","0"
"2018","INDONESIA","ID","MAYBRAT","ID-9605","PAPUA BARAT DAYA","ID-96","1388.526419036897"
"2018","INDONESIA","ID","MELAWI","ID-6110","KALIMANTAN BARAT","ID-61","5680.5208547236425"
"2018","INDONESIA","ID","MEMPAWAH","ID-6102","KALIMANTAN BARAT","ID-61","72099.70347832156"
"2018","INDONESIA","ID","MERANGIN","ID-1502","JAMBI","ID-15","1095.9816128019445"
"2018","INDONESIA","ID","MERAUKE","ID-9301","PAPUA SELATAN","ID-93","13749.381393167669"
"2018","INDONESIA","ID","MESUJI","ID-1811","LAMPUNG","ID-18","21276.10784578186"
"2018","INDONESIA","ID","MIMIKA","ID-9404","PAPUA TENGAH","ID-94","264013.68736623693"
"2018","INDONESIA","ID","MINAHASA","ID-7102","SULAWESI UTARA","ID-71","0"
"2018","INDONESIA","ID","MINAHASA SELATAN","ID-7105","SULAWESI UTARA","ID-71","0"
"2018","INDONESIA","ID","MINAHASA TENGGARA","ID-7107","SULAWESI UTARA","ID-71","0"
"2018","INDONESIA","ID","MINAHASA UTARA","ID-7106","SULAWESI UTARA","ID-71","0"
"2018","INDONESIA","ID","MOJOKERTO","ID-3516","JAWA TIMUR","ID-35","0"
"2018","INDONESIA","ID","MOROWALI","ID-7206","SULAWESI TENGAH","ID-72","0"
"2018","INDONESIA","ID","MOROWALI UTARA","ID-7212","SULAWESI TENGAH","ID-72","6304.367176886164"
"2018","INDONESIA","ID","MUARA ENIM","ID-1603","SUMATERA SELATAN","ID-16","20151.41111660912"
"2018","INDONESIA","ID","MUARO JAMBI","ID-1505","JAMBI","ID-15","189704.4234511261"
"2018","INDONESIA","ID","MUKOMUKO","ID-1706","BENGKULU","ID-17","6264.5721966112515"
"2018","INDONESIA","ID","MUNA","ID-7403","SULAWESI TENGGARA","ID-74","0"
"2018","INDONESIA","ID","MUNA BARAT","ID-7413","SULAWESI TENGGARA","ID-74","0"
"2018","INDONESIA","ID","MURUNG RAYA","ID-6212","KALIMANTAN TENGAH","ID-62","0"
"2018","INDONESIA","ID","MUSI BANYUASIN","ID-1606","SUMATERA SELATAN","ID-16","239727.17065908105"
"2018","INDONESIA","ID","MUSI RAWAS","ID-1605","SUMATERA SELATAN","ID-16","3916.980157950604"
"2018","INDONESIA","ID","MUSI RAWAS UTARA","ID-1613","SUMATERA SELATAN","ID-16","34018.14215503354"
"2018","INDONESIA","ID","NABIRE","ID-9401","PAPUA TENGAH","ID-94","149908.774751419"
"2018","INDONESIA","ID","NAGAN RAYA","ID-1115","ACEH","ID-11","42450.63515054629"
"2018","INDONESIA","ID","NAGEKEO","ID-5316","NUSA TENGGARA TIMUR","ID-53","0"
"2018","INDONESIA","ID","NATUNA","ID-2103","KEPULAUAN RIAU","ID-21","0"
"2018","INDONESIA","ID","NDUGA","ID-9508","PAPUA PEGUNUNGAN","ID-95","0"
"2018","INDONESIA","ID","NGADA","ID-5309","NUSA TENGGARA TIMUR","ID-53","0"
"2018","INDONESIA","ID","NGANJUK","ID-3518","JAWA TIMUR","ID-35","0"
"2018","INDONESIA","ID","NGAWI","ID-3521","JAWA TIMUR","ID-35","0"
"2018","INDONESIA","ID","NIAS","ID-1204","SUMATERA UTARA","ID-12","5662.897701149103"
"2018","INDONESIA","ID","NIAS BARAT","ID-1225","SUMATERA UTARA","ID-12","0"
"2018","INDONESIA","ID","NIAS SELATAN","ID-1214","SUMATERA UTARA","ID-12","0"
"2018","INDONESIA","ID","NIAS UTARA","ID-1224","SUMATERA UTARA","ID-12","5951.283636352389"
"2018","INDONESIA","ID","NUNUKAN","ID-6503","KALIMANTAN UTARA","ID-65","115484.64590309486"
"2018","INDONESIA","ID","OGAN ILIR","ID-1610","SUMATERA SELATAN","ID-16","0"
"2018","INDONESIA","ID","OGAN KOMERING ILIR","ID-1602","SUMATERA SELATAN","ID-16","598608.8269867621"
"2018","INDONESIA","ID","OGAN KOMERING ULU","ID-1601","SUMATERA SELATAN","ID-16","0"
"2018","INDONESIA","ID","OGAN KOMERING ULU SELATAN","ID-1609","SUMATERA SELATAN","ID-16","0"
"2018","INDONESIA","ID","OGAN KOMERING ULU TIMUR","ID-1608","SUMATERA SELATAN","ID-16","0"
"2018","INDONESIA","ID","PACITAN","ID-3501","JAWA TIMUR","ID-35","0"
"2018","INDONESIA","ID","PADANG LAWAS","ID-1221","SUMATERA UTARA","ID-12","0"
"2018","INDONESIA","ID","PADANG LAWAS UTARA","ID-1220","SUMATERA UTARA","ID-12","0"
"2018","INDONESIA","ID","PADANG PARIAMAN","ID-1305","SUMATERA BARAT","ID-13","0"
"2018","INDONESIA","ID","PAKPAK BHARAT","ID-1215","SUMATERA UTARA","ID-12","0"
"2018","INDONESIA","ID","PAMEKASAN","ID-3528","JAWA TIMUR","ID-35","0"
"2018","INDONESIA","ID","PANDEGLANG","ID-3601","BANTEN","ID-36","0"
"2018","INDONESIA","ID","PANGANDARAN","ID-3218","JAWA BARAT","ID-32","0"
"2018","INDONESIA","ID","PANGKAJENE DAN KEPULAUAN","ID-7310","SULAWESI SELATAN","ID-73","0"
"2018","INDONESIA","ID","PANIAI","ID-9403","PAPUA TENGAH","ID-94","9634.833036763215"
"2018","INDONESIA","ID","PARIGI MOUTONG","ID-7208","SULAWESI TENGAH","ID-72","0"
"2018","INDONESIA","ID","PASAMAN","ID-1308","SUMATERA BARAT","ID-13","0"
"2018","INDONESIA","ID","PASAMAN BARAT","ID-1312","SUMATERA BARAT","ID-13","34098.13111174724"
"2018","INDONESIA","ID","PASANGKAYU","ID-7601","SULAWESI BARAT","ID-76","7635.402149826805"
"2018","INDONESIA","ID","PASER","ID-6401","KALIMANTAN TIMUR","ID-64","0"
"2018","INDONESIA","ID","PASURUAN","ID-3514","JAWA TIMUR","ID-35","0"
"2018","INDONESIA","ID","PATI","ID-3318","JAWA TENGAH","ID-33","0"
"2018","INDONESIA","ID","PEGUNUNGAN ARFAK","ID-9212","PAPUA BARAT","ID-92","0"
"2018","INDONESIA","ID","PEGUNUNGAN BINTANG","ID-9502","PAPUA PEGUNUNGAN","ID-95","0"
"2018","INDONESIA","ID","PEKALONGAN","ID-3326","JAWA TENGAH","ID-33","0"
"2018","INDONESIA","ID","PELALAWAN","ID-1405","RIAU","ID-14","710910.0372718292"
"2018","INDONESIA","ID","PEMALANG","ID-3327","JAWA TENGAH","ID-33","0"
"2018","INDONESIA","ID","PENAJAM PASER UTARA","ID-6409","KALIMANTAN TIMUR","ID-64","0"
"2018","INDONESIA","ID","PENUKAL ABAB LEMATANG ILIR","ID-1612","SUMATERA SELATAN","ID-16","27355.532538448617"
"2018","INDONESIA","ID","PESAWARAN","ID-1809","LAMPUNG","ID-18","0"
"2018","INDONESIA","ID","PESISIR BARAT","ID-1813","LAMPUNG","ID-18","0"
"2018","INDONESIA","ID","PESISIR SELATAN","ID-1301","SUMATERA BARAT","ID-13","79815.33095244573"
"2018","INDONESIA","ID","PIDIE","ID-1107","ACEH","ID-11","0"
"2018","INDONESIA","ID","PIDIE JAYA","ID-1118","ACEH","ID-11","0"
"2018","INDONESIA","ID","PINRANG","ID-7315","SULAWESI SELATAN","ID-73","0"
"2018","INDONESIA","ID","POHUWATO","ID-7504","GORONTALO","ID-75","0"
"2018","INDONESIA","ID","POLEWALI MANDAR","ID-7604","SULAWESI BARAT","ID-76","0"
"2018","INDONESIA","ID","PONOROGO","ID-3502","JAWA TIMUR","ID-35","0"
"2018","INDONESIA","ID","POSO","ID-7202","SULAWESI TENGAH","ID-72","0"
"2018","INDONESIA","ID","PRINGSEWU","ID-1810","LAMPUNG","ID-18","0"
"2018","INDONESIA","ID","PROBOLINGGO","ID-3513","JAWA TIMUR","ID-35","0"
"2018","INDONESIA","ID","PULANG PISAU","ID-6211","KALIMANTAN TENGAH","ID-62","583408.1448228676"
"2018","INDONESIA","ID","PULAU MOROTAI","ID-8207","MALUKU UTARA","ID-82","0"
"2018","INDONESIA","ID","PULAU TALIABU","ID-8208","MALUKU UTARA","ID-82","0"
"2018","INDONESIA","ID","PUNCAK","ID-9405","PAPUA TENGAH","ID-94","18335.10027966011"
"2018","INDONESIA","ID","PUNCAK JAYA","ID-9402","PAPUA TENGAH","ID-94","98652.42042183325"
"2018","INDONESIA","ID","PURBALINGGA","ID-3303","JAWA TENGAH","ID-33","0"
"2018","INDONESIA","ID","PURWAKARTA","ID-3214","JAWA BARAT","ID-32","0"
"2018","INDONESIA","ID","PURWOREJO","ID-3306","JAWA TENGAH","ID-33","0"
"2018","INDONESIA","ID","RAJA AMPAT","ID-9603","PAPUA BARAT DAYA","ID-96","1450.3839273083736"
"2018","INDONESIA","ID","REJANG LEBONG","ID-1702","BENGKULU","ID-17","0"
"2018","INDONESIA","ID","REMBANG","ID-3317","JAWA TENGAH","ID-33","0"
"2018","INDONESIA","ID","ROKAN HILIR","ID-1407","RIAU","ID-14","382977.69293854304"
"2018","INDONESIA","ID","ROKAN HULU","ID-1406","RIAU","ID-14","80740.1717273693"
"2018","INDONESIA","ID","ROTE NDAO","ID-5314","NUSA TENGGARA TIMUR","ID-53","0"
"2018","INDONESIA","ID","SABU RAIJUA","ID-5320","NUSA TENGGARA TIMUR","ID-53","0"
"2018","INDONESIA","ID","SAMBAS","ID-6101","KALIMANTAN BARAT","ID-61","58066.92890042286"
"2018","INDONESIA","ID","SAMOSIR","ID-1217","SUMATERA UTARA","ID-12","238.54479910622896"
"2018","INDONESIA","ID","SAMPANG","ID-3527","JAWA TIMUR","ID-35","0"
"2018","INDONESIA","ID","SANGGAU","ID-6103","KALIMANTAN BARAT","ID-61","99415.41481529736"
"2018","INDONESIA","ID","SARMI","ID-9110","PAPUA","ID-91","210226.72111773625"
"2018","INDONESIA","ID","SAROLANGUN","ID-1503","JAMBI","ID-15","30355.925550584114"
"2018","INDONESIA","ID","SEKADAU","ID-6109","KALIMANTAN BARAT","ID-61","10294.712191974764"
"2018","INDONESIA","ID","SELUMA","ID-1705","BENGKULU","ID-17","0"
"2018","INDONESIA","ID","SEMARANG","ID-3322","JAWA TENGAH","ID-33","0"
"2018","INDONESIA","ID","SERAM BAGIAN BARAT","ID-8106","MALUKU","ID-81","0"
"2018","INDONESIA","ID","SERAM BAGIAN TIMUR","ID-8105","MALUKU","ID-81","0"
"2018","INDONESIA","ID","SERANG","ID-3604","BANTEN","ID-36","0"
"2018","INDONESIA","ID","SERDANG BEDAGAI","ID-1218","SUMATERA UTARA","ID-12","0"
"2018","INDONESIA","ID","SERUYAN","ID-6207","KALIMANTAN TENGAH","ID-62","223574.7519275211"
"2018","INDONESIA","ID","SIAK","ID-1408","RIAU","ID-14","384998.7723776948"
"2018","INDONESIA","ID","SIDENRENG RAPPANG","ID-7314","SULAWESI SELATAN","ID-73","0"
"2018","INDONESIA","ID","SIDOARJO","ID-3515","JAWA TIMUR","ID-35","0"
"2018","INDONESIA","ID","SIGI","ID-7210","SULAWESI TENGAH","ID-72","0"
"2018","INDONESIA","ID","SIJUNJUNG","ID-1303","SUMATERA BARAT","ID-13","0"
"2018","INDONESIA","ID","SIKKA","ID-5307","NUSA TENGGARA TIMUR","ID-53","0"
"2018","INDONESIA","ID","SIMALUNGUN","ID-1208","SUMATERA UTARA","ID-12","0"
"2018","INDONESIA","ID","SIMEULUE","ID-1109","ACEH","ID-11","0"
"2018","INDONESIA","ID","SINJAI","ID-7307","SULAWESI SELATAN","ID-73","0"
"2018","INDONESIA","ID","SINTANG","ID-6105","KALIMANTAN BARAT","ID-61","65732.36370864959"
"2018","INDONESIA","ID","SITUBONDO","ID-3512","JAWA TIMUR","ID-35","0"
"2018","INDONESIA","ID","SLEMAN","ID-3404","DAERAH ISTIMEWA YOGYAKARTA","ID-34","0"
"2018","INDONESIA","ID","SOLOK","ID-1302","SUMATERA BARAT","ID-13","0"
"2018","INDONESIA","ID","SOLOK SELATAN","ID-1311","SUMATERA BARAT","ID-13","0"
"2018","INDONESIA","ID","SOPPENG","ID-7312","SULAWESI SELATAN","ID-73","0"
"2018","INDONESIA","ID","SORONG","ID-9601","PAPUA BARAT DAYA","ID-96","93838.05414036552"
"2018","INDONESIA","ID","SORONG SELATAN","ID-9602","PAPUA BARAT DAYA","ID-96","254573.5954629692"
"2018","INDONESIA","ID","SRAGEN","ID-3314","JAWA TENGAH","ID-33","0"
"2018","INDONESIA","ID","SUBANG","ID-3213","JAWA BARAT","ID-32","0"
"2018","INDONESIA","ID","SUKABUMI","ID-3202","JAWA BARAT","ID-32","0"
"2018","INDONESIA","ID","SUKAMARA","ID-6208","KALIMANTAN TENGAH","ID-62","49801.13642068545"
"2018","INDONESIA","ID","SUKOHARJO","ID-3311","JAWA TENGAH","ID-33","0"
"2018","INDONESIA","ID","SUMBA BARAT","ID-5312","NUSA TENGGARA TIMUR","ID-53","0"
"2018","INDONESIA","ID","SUMBA BARAT DAYA","ID-5318","NUSA TENGGARA TIMUR","ID-53","0"
"2018","INDONESIA","ID","SUMBA TENGAH","ID-5317","NUSA TENGGARA TIMUR","ID-53","0"
"2018","INDONESIA","ID","SUMBA TIMUR","ID-5311","NUSA TENGGARA TIMUR","ID-53","0"
"2018","INDONESIA","ID","SUMBAWA","ID-5204","NUSA TENGGARA BARAT","ID-52","0"
"2018","INDONESIA","ID","SUMBAWA BARAT","ID-5207","NUSA TENGGARA BARAT","ID-52","0"
"2018","INDONESIA","ID","SUMEDANG","ID-3211","JAWA BARAT","ID-32","0"
"2018","INDONESIA","ID","SUMENEP","ID-3529","JAWA TIMUR","ID-35","0"
"2018","INDONESIA","ID","SUPIORI","ID-9119","PAPUA","ID-91","1681.2885683236836"
"2018","INDONESIA","ID","TABALONG","ID-6309","KALIMANTAN SELATAN","ID-63","9366.28159851501"
"2018","INDONESIA","ID","TABANAN","ID-5102","BALI","ID-51","0"
"2018","INDONESIA","ID","TAKALAR","ID-7305","SULAWESI SELATAN","ID-73","0"
"2018","INDONESIA","ID","TAMBRAUW","ID-9604","PAPUA BARAT DAYA","ID-96","0"
"2018","INDONESIA","ID","TANAH BUMBU","ID-6310","KALIMANTAN SELATAN","ID-63","0"
"2018","INDONESIA","ID","TANAH DATAR","ID-1304","SUMATERA BARAT","ID-13","0"
"2018","INDONESIA","ID","TANAH LAUT","ID-6301","KALIMANTAN SELATAN","ID-63","0"
"2018","INDONESIA","ID","TANA TIDUNG","ID-6504","KALIMANTAN UTARA","ID-65","97929.92607942552"
"2018","INDONESIA","ID","TANA TORAJA","ID-7318","SULAWESI SELATAN","ID-73","0"
"2018","INDONESIA","ID","TANGERANG","ID-3603","BANTEN","ID-36","0"
"2018","INDONESIA","ID","TANGGAMUS","ID-1806","LAMPUNG","ID-18","0"
"2018","INDONESIA","ID","TANJUNG JABUNG BARAT","ID-1506","JAMBI","ID-15","110629.029038218"
"2018","INDONESIA","ID","TANJUNG JABUNG TIMUR","ID-1507","JAMBI","ID-15","153330.26657174778"
"2018","INDONESIA","ID","TAPANULI SELATAN","ID-1203","SUMATERA UTARA","ID-12","18261.797736635577"
"2018","INDONESIA","ID","TAPANULI TENGAH","ID-1201","SUMATERA UTARA","ID-12","11774.693151081216"
"2018","INDONESIA","ID","TAPANULI UTARA","ID-1202","SUMATERA UTARA","ID-12","0"
"2018","INDONESIA","ID","TAPIN","ID-6305","KALIMANTAN SELATAN","ID-63","7567.093948426415"
"2018","INDONESIA","ID","TASIKMALAYA","ID-3206","JAWA BARAT","ID-32","0"
"2018","INDONESIA","ID","TEBO","ID-1509","JAMBI","ID-15","197.2475346170843"
"2018","INDONESIA","ID","TEGAL","ID-3328","JAWA TENGAH","ID-33","0"
"2018","INDONESIA","ID","TELUK BINTUNI","ID-9206","PAPUA BARAT","ID-92","326129.06089021533"
"2018","INDONESIA","ID","TELUK WONDAMA","ID-9207","PAPUA BARAT","ID-92","0"
"2018","INDONESIA","ID","TEMANGGUNG","ID-3323","JAWA TENGAH","ID-33","0"
"2018","INDONESIA","ID","TIMOR TENGAH SELATAN","ID-5302","NUSA TENGGARA TIMUR","ID-53","0"
"2018","INDONESIA","ID","TIMOR TENGAH UTARA","ID-5303","NUSA TENGGARA TIMUR","ID-53","0"
"2018","INDONESIA","ID","TOBA","ID-1212","SUMATERA UTARA","ID-12","0"
"2018","INDONESIA","ID","TOJO UNA UNA","ID-7209","SULAWESI TENGAH","ID-72","209.32670029071667"
"2018","INDONESIA","ID","TOLIKARA","ID-9504","PAPUA PEGUNUNGAN","ID-95","33324.84415361115"
"2018","INDONESIA","ID","TOLI-TOLI","ID-7204","SULAWESI TENGAH","ID-72","1050.3790415448643"
"2018","INDONESIA","ID","TORAJA UTARA","ID-7326","SULAWESI SELATAN","ID-73","0"
"2018","INDONESIA","ID","TRENGGALEK","ID-3503","JAWA TIMUR","ID-35","0"
"2018","INDONESIA","ID","TUBAN","ID-3523","JAWA TIMUR","ID-35","0"
"2018","INDONESIA","ID","TULANG BAWANG","ID-1805","LAMPUNG","ID-18","207.85907915546375"
"2018","INDONESIA","ID","TULANG BAWANG BARAT","ID-1812","LAMPUNG","ID-18","0"
"2018","INDONESIA","ID","TULUNGAGUNG","ID-3504","JAWA TIMUR","ID-35","0"
"2018","INDONESIA","ID","WAJO","ID-7313","SULAWESI SELATAN","ID-73","0"
"2018","INDONESIA","ID","WAKATOBI","ID-7407","SULAWESI TENGGARA","ID-74","0"
"2018","INDONESIA","ID","WAROPEN","ID-9115","PAPUA","ID-91","74637.26598150222"
"2018","INDONESIA","ID","WAY KANAN","ID-1808","LAMPUNG","ID-18","0"
"2018","INDONESIA","ID","WONOGIRI","ID-3312","JAWA TENGAH","ID-33","0"
"2018","INDONESIA","ID","WONOSOBO","ID-3307","JAWA TENGAH","ID-33","0"
"2018","INDONESIA","ID","YAHUKIMO","ID-9503","PAPUA PEGUNUNGAN","ID-95","401.5639098707685"
"2018","INDONESIA","ID","YALIMO","ID-9506","PAPUA PEGUNUNGAN","ID-95","16576.542298267916"
"2019","INDONESIA","ID","ACEH BARAT","ID-1105","ACEH","ID-11","23930.71650964687"
"2019","INDONESIA","ID","ACEH BARAT DAYA","ID-1112","ACEH","ID-11","2473.740237747516"
"2019","INDONESIA","ID","ACEH BESAR","ID-1106","ACEH","ID-11","0"
"2019","INDONESIA","ID","ACEH JAYA","ID-1114","ACEH","ID-11","4571.252837132295"
"2019","INDONESIA","ID","ACEH SELATAN","ID-1101","ACEH","ID-11","48836.71827814446"
"2019","INDONESIA","ID","ACEH SINGKIL","ID-1110","ACEH","ID-11","23738.41615852781"
"2019","INDONESIA","ID","ACEH TAMIANG","ID-1116","ACEH","ID-11","0"
"2019","INDONESIA","ID","ACEH TENGAH","ID-1104","ACEH","ID-11","0"
"2019","INDONESIA","ID","ACEH TENGGARA","ID-1102","ACEH","ID-11","0"
"2019","INDONESIA","ID","ACEH TIMUR","ID-1103","ACEH","ID-11","0"
"2019","INDONESIA","ID","ACEH UTARA","ID-1108","ACEH","ID-11","0"
"2019","INDONESIA","ID","ADMINISTRASI KEPULAUAN SERIBU","ID-3101","DAERAH KHUSUS IBUKOTA JAKARTA","ID-31","0"
"2019","INDONESIA","ID","AGAM","ID-1306","SUMATERA BARAT","ID-13","11138.7587677363"
"2019","INDONESIA","ID","ALOR","ID-5305","NUSA TENGGARA TIMUR","ID-53","0"
"2019","INDONESIA","ID","ASAHAN","ID-1209","SUMATERA UTARA","ID-12","28450.41170211967"
"2019","INDONESIA","ID","ASMAT","ID-9304","PAPUA SELATAN","ID-93","300132.9104511264"
"2019","INDONESIA","ID","BADUNG","ID-5103","BALI","ID-51","0"
"2019","INDONESIA","ID","BALANGAN","ID-6311","KALIMANTAN SELATAN","ID-63","2522.051580087205"
"2019","INDONESIA","ID","BANDUNG","ID-3204","JAWA BARAT","ID-32","0"
"2019","INDONESIA","ID","BANDUNG BARAT","ID-3217","JAWA BARAT","ID-32","0"
"2019","INDONESIA","ID","BANGGAI","ID-7201","SULAWESI TENGAH","ID-72","0"
"2019","INDONESIA","ID","BANGGAI KEPULAUAN","ID-7207","SULAWESI TENGAH","ID-72","0"
"2019","INDONESIA","ID","BANGGAI LAUT","ID-7211","SULAWESI TENGAH","ID-72","0"
"2019","INDONESIA","ID","BANGKA","ID-1901","KEPULAUAN BANGKA BELITUNG","ID-19","473.6416326539059"
"2019","INDONESIA","ID","BANGKA BARAT","ID-1905","KEPULAUAN BANGKA BELITUNG","ID-19","3811.70757007356"
"2019","INDONESIA","ID","BANGKALAN","ID-3526","JAWA TIMUR","ID-35","0"
"2019","INDONESIA","ID","BANGKA SELATAN","ID-1903","KEPULAUAN BANGKA BELITUNG","ID-19","3881.9879420374896"
"2019","INDONESIA","ID","BANGKA TENGAH","ID-1904","KEPULAUAN BANGKA BELITUNG","ID-19","15442.352555941152"
"2019","INDONESIA","ID","BANGLI","ID-5106","BALI","ID-51","0"
"2019","INDONESIA","ID","BANJAR","ID-6303","KALIMANTAN SELATAN","ID-63","2378.5928005565956"
"2019","INDONESIA","ID","BANJARNEGARA","ID-3304","JAWA TENGAH","ID-33","0"
"2019","INDONESIA","ID","BANTAENG","ID-7303","SULAWESI SELATAN","ID-73","0"
"2019","INDONESIA","ID","BANTUL","ID-3402","DAERAH ISTIMEWA YOGYAKARTA","ID-34","0"
"2019","INDONESIA","ID","BANYUASIN","ID-1607","SUMATERA SELATAN","ID-16","191935.43837467028"
"2019","INDONESIA","ID","BANYUMAS","ID-3302","JAWA TENGAH","ID-33","0"
"2019","INDONESIA","ID","BANYUWANGI","ID-3510","JAWA TIMUR","ID-35","0"
"2019","INDONESIA","ID","BARITO KUALA","ID-6304","KALIMANTAN SELATAN","ID-63","0"
"2019","INDONESIA","ID","BARITO SELATAN","ID-6204","KALIMANTAN TENGAH","ID-62","145654.26588574494"
"2019","INDONESIA","ID","BARITO TIMUR","ID-6213","KALIMANTAN TENGAH","ID-62","27427.309635697897"
"2019","INDONESIA","ID","BARITO UTARA","ID-6205","KALIMANTAN TENGAH","ID-62","0"
"2019","INDONESIA","ID","BARRU","ID-7311","SULAWESI SELATAN","ID-73","0"
"2019","INDONESIA","ID","BATANG","ID-3325","JAWA TENGAH","ID-33","0"
"2019","INDONESIA","ID","BATANGHARI","ID-1504","JAMBI","ID-15","0"
"2019","INDONESIA","ID","BATU BARA","ID-1219","SUMATERA UTARA","ID-12","0"
"2019","INDONESIA","ID","BEKASI","ID-3216","JAWA BARAT","ID-32","0"
"2019","INDONESIA","ID","BELITUNG","ID-1902","KEPULAUAN BANGKA BELITUNG","ID-19","0"
"2019","INDONESIA","ID","BELITUNG TIMUR","ID-1906","KEPULAUAN BANGKA BELITUNG","ID-19","714.7465418182478"
"2019","INDONESIA","ID","BELU","ID-5304","NUSA TENGGARA TIMUR","ID-53","0"
"2019","INDONESIA","ID","BENER MERIAH","ID-1117","ACEH","ID-11","0"
"2019","INDONESIA","ID","BENGKALIS","ID-1403","RIAU","ID-14","536291.4438363129"
"2019","INDONESIA","ID","BENGKAYANG","ID-6107","KALIMANTAN BARAT","ID-61","30252.381057345367"
"2019","INDONESIA","ID","BENGKULU SELATAN","ID-1701","BENGKULU","ID-17","0"
"2019","INDONESIA","ID","BENGKULU TENGAH","ID-1709","BENGKULU","ID-17","0"
"2019","INDONESIA","ID","BENGKULU UTARA","ID-1703","BENGKULU","ID-17","0"
"2019","INDONESIA","ID","BERAU","ID-6403","KALIMANTAN TIMUR","ID-64","13708.429222667815"
"2019","INDONESIA","ID","BIAK NUMFOR","ID-9106","PAPUA","ID-91","0"
"2019","INDONESIA","ID","BIMA","ID-5206","NUSA TENGGARA BARAT","ID-52","0"
"2019","INDONESIA","ID","BINTAN","ID-2101","KEPULAUAN RIAU","ID-21","0"
"2019","INDONESIA","ID","BIREUEN","ID-1111","ACEH","ID-11","0"
"2019","INDONESIA","ID","BLITAR","ID-3505","JAWA TIMUR","ID-35","0"
"2019","INDONESIA","ID","BLORA","ID-3316","JAWA TENGAH","ID-33","0"
"2019","INDONESIA","ID","BOALEMO","ID-7502","GORONTALO","ID-75","0"
"2019","INDONESIA","ID","BOGOR","ID-3201","JAWA BARAT","ID-32","0"
"2019","INDONESIA","ID","BOJONEGORO","ID-3522","JAWA TIMUR","ID-35","0"
"2019","INDONESIA","ID","BOLAANG MONGONDOW","ID-7101","SULAWESI UTARA","ID-71","0"
"2019","INDONESIA","ID","BOLAANG MONGONDOW SELATAN","ID-7111","SULAWESI UTARA","ID-71","0"
"2019","INDONESIA","ID","BOLAANG MONGONDOW TIMUR","ID-7110","SULAWESI UTARA","ID-71","0"
"2019","INDONESIA","ID","BOLAANG MONGONDOW UTARA","ID-7108","SULAWESI UTARA","ID-71","0"
"2019","INDONESIA","ID","BOMBANA","ID-7406","SULAWESI TENGGARA","ID-74","0"
"2019","INDONESIA","ID","BONDOWOSO","ID-3511","JAWA TIMUR","ID-35","0"
"2019","INDONESIA","ID","BONE","ID-7308","SULAWESI SELATAN","ID-73","0"
"2019","INDONESIA","ID","BONE BOLANGO","ID-7503","GORONTALO","ID-75","0"
"2019","INDONESIA","ID","BOVEN DIGOEL","ID-9302","PAPUA SELATAN","ID-93","123709.12557806344"
"2019","INDONESIA","ID","BOYOLALI","ID-3309","JAWA TENGAH","ID-33","0"
"2019","INDONESIA","ID","BREBES","ID-3329","JAWA TENGAH","ID-33","0"
"2019","INDONESIA","ID","BULELENG","ID-5108","BALI","ID-51","0"
"2019","INDONESIA","ID","BULUKUMBA","ID-7302","SULAWESI SELATAN","ID-73","0"
"2019","INDONESIA","ID","BULUNGAN","ID-6501","KALIMANTAN UTARA","ID-65","0"
"2019","INDONESIA","ID","BUNGO","ID-1508","JAMBI","ID-15","0"
"2019","INDONESIA","ID","BUOL","ID-7205","SULAWESI TENGAH","ID-72","0"
"2019","INDONESIA","ID","BURU","ID-8104","MALUKU","ID-81","0"
"2019","INDONESIA","ID","BURU SELATAN","ID-8109","MALUKU","ID-81","0"
"2019","INDONESIA","ID","BUTON","ID-7404","SULAWESI TENGGARA","ID-74","0"
"2019","INDONESIA","ID","BUTON SELATAN","ID-7415","SULAWESI TENGGARA","ID-74","0"
"2019","INDONESIA","ID","BUTON TENGAH","ID-7414","SULAWESI TENGGARA","ID-74","0"
"2019","INDONESIA","ID","BUTON UTARA","ID-7410","SULAWESI TENGGARA","ID-74","0"
"2019","INDONESIA","ID","CIAMIS","ID-3207","JAWA BARAT","ID-32","0"
"2019","INDONESIA","ID","CIANJUR","ID-3203","JAWA BARAT","ID-32","0"
"2019","INDONESIA","ID","CILACAP","ID-3301","JAWA TENGAH","ID-33","0"
"2019","INDONESIA","ID","CIREBON","ID-3209","JAWA BARAT","ID-32","0"
"2019","INDONESIA","ID","DAIRI","ID-1211","SUMATERA UTARA","ID-12","0"
"2019","INDONESIA","ID","DEIYAI","ID-9408","PAPUA TENGAH","ID-94","1814.530857682557"
"2019","INDONESIA","ID","DELI SERDANG","ID-1207","SUMATERA UTARA","ID-12","0"
"2019","INDONESIA","ID","DEMAK","ID-3321","JAWA TENGAH","ID-33","0"
"2019","INDONESIA","ID","DHARMASRAYA","ID-1310","SUMATERA BARAT","ID-13","0"
"2019","INDONESIA","ID","DOGIYAI","ID-9406","PAPUA TENGAH","ID-94","3220.9081995370793"
"2019","INDONESIA","ID","DOMPU","ID-5205","NUSA TENGGARA BARAT","ID-52","0"
"2019","INDONESIA","ID","DONGGALA","ID-7203","SULAWESI TENGAH","ID-72","584.3060448679521"
"2019","INDONESIA","ID","EMPAT LAWANG","ID-1611","SUMATERA SELATAN","ID-16","0"
"2019","INDONESIA","ID","ENDE","ID-5308","NUSA TENGGARA TIMUR","ID-53","0"
"2019","INDONESIA","ID","ENREKANG","ID-7316","SULAWESI SELATAN","ID-73","0"
"2019","INDONESIA","ID","FAK FAK","ID-9203","PAPUA BARAT","ID-92","26157.623771776725"
"2019","INDONESIA","ID","FLORES TIMUR","ID-5306","NUSA TENGGARA TIMUR","ID-53","0"
"2019","INDONESIA","ID","GARUT","ID-3205","JAWA BARAT","ID-32","0"
"2019","INDONESIA","ID","GAYO LUES","ID-1113","ACEH","ID-11","0"
"2019","INDONESIA","ID","GIANYAR","ID-5104","BALI","ID-51","0"
"2019","INDONESIA","ID","GORONTALO","ID-7501","GORONTALO","ID-75","0"
"2019","INDONESIA","ID","GORONTALO UTARA","ID-7505","GORONTALO","ID-75","0"
"2019","INDONESIA","ID","GOWA","ID-7306","SULAWESI SELATAN","ID-73","0"
"2019","INDONESIA","ID","GRESIK","ID-3525","JAWA TIMUR","ID-35","0"
"2019","INDONESIA","ID","GROBOGAN","ID-3315","JAWA TENGAH","ID-33","0"
"2019","INDONESIA","ID","GUNUNGKIDUL","ID-3403","DAERAH ISTIMEWA YOGYAKARTA","ID-34","0"
"2019","INDONESIA","ID","GUNUNG MAS","ID-6210","KALIMANTAN TENGAH","ID-62","0"
"2019","INDONESIA","ID","HALMAHERA BARAT","ID-8201","MALUKU UTARA","ID-82","0"
"2019","INDONESIA","ID","HALMAHERA SELATAN","ID-8204","MALUKU UTARA","ID-82","0"
"2019","INDONESIA","ID","HALMAHERA TENGAH","ID-8202","MALUKU UTARA","ID-82","0"
"2019","INDONESIA","ID","HALMAHERA TIMUR","ID-8206","MALUKU UTARA","ID-82","0"
"2019","INDONESIA","ID","HALMAHERA UTARA","ID-8203","MALUKU UTARA","ID-82","0"
"2019","INDONESIA","ID","HULU SUNGAI SELATAN","ID-6306","KALIMANTAN SELATAN","ID-63","2262.5626792109333"
"2019","INDONESIA","ID","HULU SUNGAI TENGAH","ID-6307","KALIMANTAN SELATAN","ID-63","1481.7902570695703"
"2019","INDONESIA","ID","HULU SUNGAI UTARA","ID-6308","KALIMANTAN SELATAN","ID-63","20348.114726988577"
"2019","INDONESIA","ID","HUMBANG HASUNDUTAN","ID-1216","SUMATERA UTARA","ID-12","2969.396288606546"
"2019","INDONESIA","ID","INDRAGIRI HILIR","ID-1404","RIAU","ID-14","718274.4908948487"
"2019","INDONESIA","ID","INDRAGIRI HULU","ID-1402","RIAU","ID-14","200397.77769751896"
"2019","INDONESIA","ID","INDRAMAYU","ID-3212","JAWA BARAT","ID-32","0"
"2019","INDONESIA","ID","INTAN JAYA","ID-9407","PAPUA TENGAH","ID-94","1119.980361464453"
"2019","INDONESIA","ID","JAYAPURA","ID-9103","PAPUA","ID-91","25646.883561012397"
"2019","INDONESIA","ID","JAYAWIJAYA","ID-9501","PAPUA PEGUNUNGAN","ID-95","0"
"2019","INDONESIA","ID","JEMBER","ID-3509","JAWA TIMUR","ID-35","0"
"2019","INDONESIA","ID","JEMBRANA","ID-5101","BALI","ID-51","0"
"2019","INDONESIA","ID","JENEPONTO","ID-7304","SULAWESI SELATAN","ID-73","0"
"2019","INDONESIA","ID","JEPARA","ID-3320","JAWA TENGAH","ID-33","0"
"2019","INDONESIA","ID","JOMBANG","ID-3517","JAWA TIMUR","ID-35","0"
"2019","INDONESIA","ID","KAIMANA","ID-9208","PAPUA BARAT","ID-92","86265.34616287949"
"2019","INDONESIA","ID","KAMPAR","ID-1401","RIAU","ID-14","92946.42451525282"
"2019","INDONESIA","ID","KAPUAS","ID-6203","KALIMANTAN TENGAH","ID-62","303700.54693519877"
"2019","INDONESIA","ID","KAPUAS HULU","ID-6106","KALIMANTAN BARAT","ID-61","244173.1306161445"
"2019","INDONESIA","ID","KARANGANYAR","ID-3313","JAWA TENGAH","ID-33","0"
"2019","INDONESIA","ID","KARANGASEM","ID-5107","BALI","ID-51","0"
"2019","INDONESIA","ID","KARAWANG","ID-3215","JAWA BARAT","ID-32","0"
"2019","INDONESIA","ID","KARIMUN","ID-2102","KEPULAUAN RIAU","ID-21","3592.288924627867"
"2019","INDONESIA","ID","KARO","ID-1206","SUMATERA UTARA","ID-12","0"
"2019","INDONESIA","ID","KATINGAN","ID-6206","KALIMANTAN TENGAH","ID-62","565768.5126757957"
"2019","INDONESIA","ID","KAUR","ID-1704","BENGKULU","ID-17","0"
"2019","INDONESIA","ID","KAYONG UTARA","ID-6111","KALIMANTAN BARAT","ID-61","132131.08752515668"
"2019","INDONESIA","ID","KEBUMEN","ID-3305","JAWA TENGAH","ID-33","0"
"2019","INDONESIA","ID","KEDIRI","ID-3506","JAWA TIMUR","ID-35","0"
"2019","INDONESIA","ID","KEEROM","ID-9111","PAPUA","ID-91","600.2167148364724"
"2019","INDONESIA","ID","KENDAL","ID-3324","JAWA TENGAH","ID-33","0"
"2019","INDONESIA","ID","KEPAHIANG","ID-1708","BENGKULU","ID-17","0"
"2019","INDONESIA","ID","KEP. SIAU TAGULANDANG BIARO","ID-7109","SULAWESI UTARA","ID-71","0"
"2019","INDONESIA","ID","KEPULAUAN ANAMBAS","ID-2105","KEPULAUAN RIAU","ID-21","0"
"2019","INDONESIA","ID","KEPULAUAN ARU","ID-8107","MALUKU","ID-81","0"
"2019","INDONESIA","ID","KEPULAUAN MENTAWAI","ID-1309","SUMATERA BARAT","ID-13","0"
"2019","INDONESIA","ID","KEPULAUAN MERANTI","ID-1410","RIAU","ID-14","301248.0443852444"
"2019","INDONESIA","ID","KEPULAUAN SANGIHE","ID-7103","SULAWESI UTARA","ID-71","0"
"2019","INDONESIA","ID","KEPULAUAN SELAYAR","ID-7301","SULAWESI SELATAN","ID-73","0"
"2019","INDONESIA","ID","KEPULAUAN SULA","ID-8205","MALUKU UTARA","ID-82","0"
"2019","INDONESIA","ID","KEPULAUAN TALAUD","ID-7104","SULAWESI UTARA","ID-71","0"
"2019","INDONESIA","ID","KEPULAUAN TANIMBAR","ID-8103","MALUKU","ID-81","0"
"2019","INDONESIA","ID","KEPULAUAN YAPEN","ID-9105","PAPUA","ID-91","613.4908850339178"
"2019","INDONESIA","ID","KERINCI","ID-1501","JAMBI","ID-15","4202.8736435119645"
"2019","INDONESIA","ID","KETAPANG","ID-6104","KALIMANTAN BARAT","ID-61","261272.708776481"
"2019","INDONESIA","ID","KLATEN","ID-3310","JAWA TENGAH","ID-33","0"
"2019","INDONESIA","ID","KLUNGKUNG","ID-5105","BALI","ID-51","0"
"2019","INDONESIA","ID","KOLAKA","ID-7401","SULAWESI TENGGARA","ID-74","0"
"2019","INDONESIA","ID","KOLAKA TIMUR","ID-7411","SULAWESI TENGGARA","ID-74","0"
"2019","INDONESIA","ID","KOLAKA UTARA","ID-7408","SULAWESI TENGGARA","ID-74","0"
"2019","INDONESIA","ID","KONAWE","ID-7402","SULAWESI TENGGARA","ID-74","0"
"2019","INDONESIA","ID","KONAWE KEPULAUAN","ID-7412","SULAWESI TENGGARA","ID-74","0"
"2019","INDONESIA","ID","KONAWE SELATAN","ID-7405","SULAWESI TENGGARA","ID-74","0"
"2019","INDONESIA","ID","KONAWE UTARA","ID-7409","SULAWESI TENGGARA","ID-74","0"
"2019","INDONESIA","ID","KOTA ADMINISTRASI JAKARTA BARAT","ID-3173","DAERAH KHUSUS IBUKOTA JAKARTA","ID-31","0"
"2019","INDONESIA","ID","KOTA ADMINISTRASI JAKARTA PUSAT","ID-3171","DAERAH KHUSUS IBUKOTA JAKARTA","ID-31","0"
"2019","INDONESIA","ID","KOTA ADMINISTRASI JAKARTA SELATAN","ID-3174","DAERAH KHUSUS IBUKOTA JAKARTA","ID-31","0"
"2019","INDONESIA","ID","KOTA ADMINISTRASI JAKARTA TIMUR","ID-3175","DAERAH KHUSUS IBUKOTA JAKARTA","ID-31","0"
"2019","INDONESIA","ID","KOTA ADMINISTRASI JAKARTA UTARA","ID-3172","DAERAH KHUSUS IBUKOTA JAKARTA","ID-31","0"
"2019","INDONESIA","ID","KOTA AMBON","ID-8171","MALUKU","ID-81","0"
"2019","INDONESIA","ID","KOTA BALIKPAPAN","ID-6471","KALIMANTAN TIMUR","ID-64","0"
"2019","INDONESIA","ID","KOTA BANDA ACEH","ID-1171","ACEH","ID-11","0"
"2019","INDONESIA","ID","KOTA BANDAR LAMPUNG","ID-1871","LAMPUNG","ID-18","0"
"2019","INDONESIA","ID","KOTA BANDUNG","ID-3273","JAWA BARAT","ID-32","0"
"2019","INDONESIA","ID","KOTA BANJAR","ID-3279","JAWA BARAT","ID-32","0"
"2019","INDONESIA","ID","KOTA BANJARBARU","ID-6372","KALIMANTAN SELATAN","ID-63","0"
"2019","INDONESIA","ID","KOTA BANJARMASIN","ID-6371","KALIMANTAN SELATAN","ID-63","0"
"2019","INDONESIA","ID","KOTABARU","ID-6302","KALIMANTAN SELATAN","ID-63","0"
"2019","INDONESIA","ID","KOTA BATAM","ID-2171","KEPULAUAN RIAU","ID-21","0"
"2019","INDONESIA","ID","KOTA BATU","ID-3579","JAWA TIMUR","ID-35","0"
"2019","INDONESIA","ID","KOTA BAU BAU","ID-7472","SULAWESI TENGGARA","ID-74","0"
"2019","INDONESIA","ID","KOTA BEKASI","ID-3275","JAWA BARAT","ID-32","0"
"2019","INDONESIA","ID","KOTA BENGKULU","ID-1771","BENGKULU","ID-17","0"
"2019","INDONESIA","ID","KOTA BIMA","ID-5272","NUSA TENGGARA BARAT","ID-52","0"
"2019","INDONESIA","ID","KOTA BINJAI","ID-1275","SUMATERA UTARA","ID-12","0"
"2019","INDONESIA","ID","KOTA BITUNG","ID-7172","SULAWESI UTARA","ID-71","0"
"2019","INDONESIA","ID","KOTA BLITAR","ID-3572","JAWA TIMUR","ID-35","0"
"2019","INDONESIA","ID","KOTA BOGOR","ID-3271","JAWA BARAT","ID-32","0"
"2019","INDONESIA","ID","KOTA BONTANG","ID-6474","KALIMANTAN TIMUR","ID-64","0"
"2019","INDONESIA","ID","KOTA BUKITTINGGI","ID-1375","SUMATERA BARAT","ID-13","0"
"2019","INDONESIA","ID","KOTA CILEGON","ID-3672","BANTEN","ID-36","0"
"2019","INDONESIA","ID","KOTA CIMAHI","ID-3277","JAWA BARAT","ID-32","0"
"2019","INDONESIA","ID","KOTA CIREBON","ID-3274","JAWA BARAT","ID-32","0"
"2019","INDONESIA","ID","KOTA DENPASAR","ID-5171","BALI","ID-51","0"
"2019","INDONESIA","ID","KOTA DEPOK","ID-3276","JAWA BARAT","ID-32","0"
"2019","INDONESIA","ID","KOTA DUMAI","ID-1472","RIAU","ID-14","135283.1805850815"
"2019","INDONESIA","ID","KOTA GORONTALO","ID-7571","GORONTALO","ID-75","0"
"2019","INDONESIA","ID","KOTA GUNUNGSITOLI","ID-1278","SUMATERA UTARA","ID-12","0"
"2019","INDONESIA","ID","KOTA JAMBI","ID-1571","JAMBI","ID-15","0"
"2019","INDONESIA","ID","KOTA JAYAPURA","ID-9171","PAPUA","ID-91","460.8569889148686"
"2019","INDONESIA","ID","KOTA KEDIRI","ID-3571","JAWA TIMUR","ID-35","0"
"2019","INDONESIA","ID","KOTA KENDARI","ID-7471","SULAWESI TENGGARA","ID-74","0"
"2019","INDONESIA","ID","KOTA KOTAMOBAGU","ID-7174","SULAWESI UTARA","ID-71","0"
"2019","INDONESIA","ID","KOTA KUPANG","ID-5371","NUSA TENGGARA TIMUR","ID-53","0"
"2019","INDONESIA","ID","KOTA LANGSA","ID-1174","ACEH","ID-11","0"
"2019","INDONESIA","ID","KOTA LHOKSEUMAWE","ID-1173","ACEH","ID-11","0"
"2019","INDONESIA","ID","KOTA LUBUK LINGGAU","ID-1673","SUMATERA SELATAN","ID-16","0"
"2019","INDONESIA","ID","KOTA MADIUN","ID-3577","JAWA TIMUR","ID-35","0"
"2019","INDONESIA","ID","KOTA MAGELANG","ID-3371","JAWA TENGAH","ID-33","0"
"2019","INDONESIA","ID","KOTA MAKASSAR","ID-7371","SULAWESI SELATAN","ID-73","0"
"2019","INDONESIA","ID","KOTA MALANG","ID-3573","JAWA TIMUR","ID-35","0"
"2019","INDONESIA","ID","KOTA MANADO","ID-7171","SULAWESI UTARA","ID-71","0"
"2019","INDONESIA","ID","KOTA MATARAM","ID-5271","NUSA TENGGARA BARAT","ID-52","0"
"2019","INDONESIA","ID","KOTA MEDAN","ID-1271","SUMATERA UTARA","ID-12","0"
"2019","INDONESIA","ID","KOTA METRO","ID-1872","LAMPUNG","ID-18","0"
"2019","INDONESIA","ID","KOTA MOJOKERTO","ID-3576","JAWA TIMUR","ID-35","0"
"2019","INDONESIA","ID","KOTA PADANG","ID-1371","SUMATERA BARAT","ID-13","0"
"2019","INDONESIA","ID","KOTA PADANG PANJANG","ID-1374","SUMATERA BARAT","ID-13","0"
"2019","INDONESIA","ID","KOTA PADANGSIDIMPUAN","ID-1277","SUMATERA UTARA","ID-12","0"
"2019","INDONESIA","ID","KOTA PAGAR ALAM","ID-1672","SUMATERA SELATAN","ID-16","0"
"2019","INDONESIA","ID","KOTA PALANGKARAYA","ID-6271","KALIMANTAN TENGAH","ID-62","115584.75184339315"
"2019","INDONESIA","ID","KOTA PALEMBANG","ID-1671","SUMATERA SELATAN","ID-16","0"
"2019","INDONESIA","ID","KOTA PALOPO","ID-7373","SULAWESI SELATAN","ID-73","0"
"2019","INDONESIA","ID","KOTA PALU","ID-7271","SULAWESI TENGAH","ID-72","0"
"2019","INDONESIA","ID","KOTA PANGKAL PINANG","ID-1971","KEPULAUAN BANGKA BELITUNG","ID-19","0"
"2019","INDONESIA","ID","KOTA PAREPARE","ID-7372","SULAWESI SELATAN","ID-73","0"
"2019","INDONESIA","ID","KOTA PARIAMAN","ID-1377","SUMATERA BARAT","ID-13","0"
"2019","INDONESIA","ID","KOTA PASURUAN","ID-3575","JAWA TIMUR","ID-35","0"
"2019","INDONESIA","ID","KOTA PAYAKUMBUH","ID-1376","SUMATERA BARAT","ID-13","0"
"2019","INDONESIA","ID","KOTA PEKALONGAN","ID-3375","JAWA TENGAH","ID-33","0"
"2019","INDONESIA","ID","KOTA PEKANBARU","ID-1471","RIAU","ID-14","5511.351383662669"
"2019","INDONESIA","ID","KOTA PEMATANGSIANTAR","ID-1272","SUMATERA UTARA","ID-12","0"
"2019","INDONESIA","ID","KOTA PONTIANAK","ID-6171","KALIMANTAN BARAT","ID-61","4303.5655180525455"
"2019","INDONESIA","ID","KOTA PRABUMULIH","ID-1674","SUMATERA SELATAN","ID-16","0"
"2019","INDONESIA","ID","KOTA PROBOLINGGO","ID-3574","JAWA TIMUR","ID-35","0"
"2019","INDONESIA","ID","KOTA SABANG","ID-1172","ACEH","ID-11","0"
"2019","INDONESIA","ID","KOTA SALATIGA","ID-3373","JAWA TENGAH","ID-33","0"
"2019","INDONESIA","ID","KOTA SAMARINDA","ID-6472","KALIMANTAN TIMUR","ID-64","0"
"2019","INDONESIA","ID","KOTA SAWAHLUNTO","ID-1373","SUMATERA BARAT","ID-13","0"
"2019","INDONESIA","ID","KOTA SEMARANG","ID-3374","JAWA TENGAH","ID-33","0"
"2019","INDONESIA","ID","KOTA SERANG","ID-3673","BANTEN","ID-36","0"
"2019","INDONESIA","ID","KOTA SIBOLGA","ID-1273","SUMATERA UTARA","ID-12","0"
"2019","INDONESIA","ID","KOTA SINGKAWANG","ID-6172","KALIMANTAN BARAT","ID-61","3955.576711656947"
"2019","INDONESIA","ID","KOTA SOLOK","ID-1372","SUMATERA BARAT","ID-13","0"
"2019","INDONESIA","ID","KOTA SORONG","ID-9671","PAPUA BARAT DAYA","ID-96","0"
"2019","INDONESIA","ID","KOTA SUBULUSSALAM","ID-1175","ACEH","ID-11","3927.526711787974"
"2019","INDONESIA","ID","KOTA SUKABUMI","ID-3272","JAWA BARAT","ID-32","0"
"2019","INDONESIA","ID","KOTA SUNGAI PENUH","ID-1572","JAMBI","ID-15","578.8773354669264"
"2019","INDONESIA","ID","KOTA SURABAYA","ID-3578","JAWA TIMUR","ID-35","0"
"2019","INDONESIA","ID","KOTA SURAKARTA","ID-3372","JAWA TENGAH","ID-33","0"
"2019","INDONESIA","ID","KOTA TANGERANG","ID-3671","BANTEN","ID-36","0"
"2019","INDONESIA","ID","KOTA TANGERANG SELATAN","ID-3674","BANTEN","ID-36","0"
"2019","INDONESIA","ID","KOTA TANJUNGBALAI","ID-1274","SUMATERA UTARA","ID-12","0"
"2019","INDONESIA","ID","KOTA TANJUNG PINANG","ID-2172","KEPULAUAN RIAU","ID-21","0"
"2019","INDONESIA","ID","KOTA TARAKAN","ID-6571","KALIMANTAN UTARA","ID-65","3215.5865865918304"
"2019","INDONESIA","ID","KOTA TASIKMALAYA","ID-3278","JAWA BARAT","ID-32","0"
"2019","INDONESIA","ID","KOTA TEBING TINGGI","ID-1276","SUMATERA UTARA","ID-12","0"
"2019","INDONESIA","ID","KOTA TEGAL","ID-3376","JAWA TENGAH","ID-33","0"
"2019","INDONESIA","ID","KOTA TERNATE","ID-8271","MALUKU UTARA","ID-82","0"
"2019","INDONESIA","ID","KOTA TIDORE KEPULAUAN","ID-8272","MALUKU UTARA","ID-82","0"
"2019","INDONESIA","ID","KOTA TOMOHON","ID-7173","SULAWESI UTARA","ID-71","0"
"2019","INDONESIA","ID","KOTA TUAL","ID-8172","MALUKU","ID-81","0"
"2019","INDONESIA","ID","KOTAWARINGIN BARAT","ID-6201","KALIMANTAN TENGAH","ID-62","257892.80736691543"
"2019","INDONESIA","ID","KOTAWARINGIN TIMUR","ID-6202","KALIMANTAN TENGAH","ID-62","275227.77356167"
"2019","INDONESIA","ID","KOTA YOGYAKARTA","ID-3471","DAERAH ISTIMEWA YOGYAKARTA","ID-34","0"
"2019","INDONESIA","ID","KUANTAN SINGINGI","ID-1409","RIAU","ID-14","0"
"2019","INDONESIA","ID","KUBU RAYA","ID-6112","KALIMANTAN BARAT","ID-61","515393.5569979219"
"2019","INDONESIA","ID","KUDUS","ID-3319","JAWA TENGAH","ID-33","0"
"2019","INDONESIA","ID","KULON PROGO","ID-3401","DAERAH ISTIMEWA YOGYAKARTA","ID-34","0"
"2019","INDONESIA","ID","KUNINGAN","ID-3208","JAWA BARAT","ID-32","0"
"2019","INDONESIA","ID","KUPANG","ID-5301","NUSA TENGGARA TIMUR","ID-53","0"
"2019","INDONESIA","ID","KUTAI BARAT","ID-6407","KALIMANTAN TIMUR","ID-64","24592.681700819263"
"2019","INDONESIA","ID","KUTAI KARTANEGARA","ID-6402","KALIMANTAN TIMUR","ID-64","141374.38267315438"
"2019","INDONESIA","ID","KUTAI TIMUR","ID-6408","KALIMANTAN TIMUR","ID-64","1900.9224878902603"
"2019","INDONESIA","ID","LABUHANBATU","ID-1210","SUMATERA UTARA","ID-12","108488.01983083058"
"2019","INDONESIA","ID","LABUHANBATU SELATAN","ID-1222","SUMATERA UTARA","ID-12","41721.96056818482"
"2019","INDONESIA","ID","LABUHANBATU UTARA","ID-1223","SUMATERA UTARA","ID-12","76568.09443976663"
"2019","INDONESIA","ID","LAHAT","ID-1604","SUMATERA SELATAN","ID-16","0"
"2019","INDONESIA","ID","LAMANDAU","ID-6209","KALIMANTAN TENGAH","ID-62","567.4440697236604"
"2019","INDONESIA","ID","LAMONGAN","ID-3524","JAWA TIMUR","ID-35","0"
"2019","INDONESIA","ID","LAMPUNG BARAT","ID-1804","LAMPUNG","ID-18","0"
"2019","INDONESIA","ID","LAMPUNG SELATAN","ID-1801","LAMPUNG","ID-18","0"
"2019","INDONESIA","ID","LAMPUNG TENGAH","ID-1802","LAMPUNG","ID-18","0"
"2019","INDONESIA","ID","LAMPUNG TIMUR","ID-1807","LAMPUNG","ID-18","0"
"2019","INDONESIA","ID","LAMPUNG UTARA","ID-1803","LAMPUNG","ID-18","0"
"2019","INDONESIA","ID","LANDAK","ID-6108","KALIMANTAN BARAT","ID-61","43600.46431762313"
"2019","INDONESIA","ID","LANGKAT","ID-1205","SUMATERA UTARA","ID-12","0"
"2019","INDONESIA","ID","LANNY JAYA","ID-9507","PAPUA PEGUNUNGAN","ID-95","0"
"2019","INDONESIA","ID","LEBAK","ID-3602","BANTEN","ID-36","0"
"2019","INDONESIA","ID","LEBONG","ID-1707","BENGKULU","ID-17","0"
"2019","INDONESIA","ID","LEMBATA","ID-5313","NUSA TENGGARA TIMUR","ID-53","0"
"2019","INDONESIA","ID","LIMA PULUH KOTA","ID-1307","SUMATERA BARAT","ID-13","0"
"2019","INDONESIA","ID","LINGGA","ID-2104","KEPULAUAN RIAU","ID-21","0"
"2019","INDONESIA","ID","LOMBOK BARAT","ID-5201","NUSA TENGGARA BARAT","ID-52","0"
"2019","INDONESIA","ID","LOMBOK TENGAH","ID-5202","NUSA TENGGARA BARAT","ID-52","0"
"2019","INDONESIA","ID","LOMBOK TIMUR","ID-5203","NUSA TENGGARA BARAT","ID-52","0"
"2019","INDONESIA","ID","LOMBOK UTARA","ID-5208","NUSA TENGGARA BARAT","ID-52","0"
"2019","INDONESIA","ID","LUMAJANG","ID-3508","JAWA TIMUR","ID-35","0"
"2019","INDONESIA","ID","LUWU","ID-7317","SULAWESI SELATAN","ID-73","0"
"2019","INDONESIA","ID","LUWU TIMUR","ID-7324","SULAWESI SELATAN","ID-73","0"
"2019","INDONESIA","ID","LUWU UTARA","ID-7322","SULAWESI SELATAN","ID-73","0"
"2019","INDONESIA","ID","MADIUN","ID-3519","JAWA TIMUR","ID-35","0"
"2019","INDONESIA","ID","MAGELANG","ID-3308","JAWA TENGAH","ID-33","0"
"2019","INDONESIA","ID","MAGETAN","ID-3520","JAWA TIMUR","ID-35","0"
"2019","INDONESIA","ID","MAHAKAM ULU","ID-6411","KALIMANTAN TIMUR","ID-64","0"
"2019","INDONESIA","ID","MAJALENGKA","ID-3210","JAWA BARAT","ID-32","0"
"2019","INDONESIA","ID","MAJENE","ID-7605","SULAWESI BARAT","ID-76","0"
"2019","INDONESIA","ID","MALAKA","ID-5321","NUSA TENGGARA TIMUR","ID-53","0"
"2019","INDONESIA","ID","MALANG","ID-3507","JAWA TIMUR","ID-35","0"
"2019","INDONESIA","ID","MALINAU","ID-6502","KALIMANTAN UTARA","ID-65","0"
"2019","INDONESIA","ID","MALUKU BARAT DAYA","ID-8108","MALUKU","ID-81","0"
"2019","INDONESIA","ID","MALUKU TENGAH","ID-8101","MALUKU","ID-81","0"
"2019","INDONESIA","ID","MALUKU TENGGARA","ID-8102","MALUKU","ID-81","0"
"2019","INDONESIA","ID","MAMASA","ID-7603","SULAWESI BARAT","ID-76","0"
"2019","INDONESIA","ID","MAMBERAMO RAYA","ID-9120","PAPUA","ID-91","442552.123923047"
"2019","INDONESIA","ID","MAMBERAMO TENGAH","ID-9505","PAPUA PEGUNUNGAN","ID-95","35800.25921926981"
"2019","INDONESIA","ID","MAMUJU","ID-7602","SULAWESI BARAT","ID-76","3545.815901686274"
"2019","INDONESIA","ID","MAMUJU TENGAH","ID-7606","SULAWESI BARAT","ID-76","5285.072693359358"
"2019","INDONESIA","ID","MANDAILING NATAL","ID-1213","SUMATERA UTARA","ID-12","29834.00592307882"
"2019","INDONESIA","ID","MANGGARAI","ID-5310","NUSA TENGGARA TIMUR","ID-53","0"
"2019","INDONESIA","ID","MANGGARAI BARAT","ID-5315","NUSA TENGGARA TIMUR","ID-53","0"
"2019","INDONESIA","ID","MANGGARAI TIMUR","ID-5319","NUSA TENGGARA TIMUR","ID-53","0"
"2019","INDONESIA","ID","MANOKWARI","ID-9202","PAPUA BARAT","ID-92","736.1033616750423"
"2019","INDONESIA","ID","MANOKWARI SELATAN","ID-9211","PAPUA BARAT","ID-92","0"
"2019","INDONESIA","ID","MAPPI","ID-9303","PAPUA SELATAN","ID-93","389505.5393037975"
"2019","INDONESIA","ID","MAROS","ID-7309","SULAWESI SELATAN","ID-73","0"
"2019","INDONESIA","ID","MAYBRAT","ID-9605","PAPUA BARAT DAYA","ID-96","1388.526419036897"
"2019","INDONESIA","ID","MELAWI","ID-6110","KALIMANTAN BARAT","ID-61","5680.5208547236425"
"2019","INDONESIA","ID","MEMPAWAH","ID-6102","KALIMANTAN BARAT","ID-61","72099.70347832156"
"2019","INDONESIA","ID","MERANGIN","ID-1502","JAMBI","ID-15","1095.9816128019445"
"2019","INDONESIA","ID","MERAUKE","ID-9301","PAPUA SELATAN","ID-93","13749.381393167669"
"2019","INDONESIA","ID","MESUJI","ID-1811","LAMPUNG","ID-18","21276.10784578186"
"2019","INDONESIA","ID","MIMIKA","ID-9404","PAPUA TENGAH","ID-94","264013.68736623693"
"2019","INDONESIA","ID","MINAHASA","ID-7102","SULAWESI UTARA","ID-71","0"
"2019","INDONESIA","ID","MINAHASA SELATAN","ID-7105","SULAWESI UTARA","ID-71","0"
"2019","INDONESIA","ID","MINAHASA TENGGARA","ID-7107","SULAWESI UTARA","ID-71","0"
"2019","INDONESIA","ID","MINAHASA UTARA","ID-7106","SULAWESI UTARA","ID-71","0"
"2019","INDONESIA","ID","MOJOKERTO","ID-3516","JAWA TIMUR","ID-35","0"
"2019","INDONESIA","ID","MOROWALI","ID-7206","SULAWESI TENGAH","ID-72","0"
"2019","INDONESIA","ID","MOROWALI UTARA","ID-7212","SULAWESI TENGAH","ID-72","6304.367176886164"
"2019","INDONESIA","ID","MUARA ENIM","ID-1603","SUMATERA SELATAN","ID-16","20151.41111660912"
"2019","INDONESIA","ID","MUARO JAMBI","ID-1505","JAMBI","ID-15","189704.4234511261"
"2019","INDONESIA","ID","MUKOMUKO","ID-1706","BENGKULU","ID-17","6264.5721966112515"
"2019","INDONESIA","ID","MUNA","ID-7403","SULAWESI TENGGARA","ID-74","0"
"2019","INDONESIA","ID","MUNA BARAT","ID-7413","SULAWESI TENGGARA","ID-74","0"
"2019","INDONESIA","ID","MURUNG RAYA","ID-6212","KALIMANTAN TENGAH","ID-62","0"
"2019","INDONESIA","ID","MUSI BANYUASIN","ID-1606","SUMATERA SELATAN","ID-16","239727.17065908105"
"2019","INDONESIA","ID","MUSI RAWAS","ID-1605","SUMATERA SELATAN","ID-16","3916.980157950604"
"2019","INDONESIA","ID","MUSI RAWAS UTARA","ID-1613","SUMATERA SELATAN","ID-16","34018.14215503354"
"2019","INDONESIA","ID","NABIRE","ID-9401","PAPUA TENGAH","ID-94","149908.774751419"
"2019","INDONESIA","ID","NAGAN RAYA","ID-1115","ACEH","ID-11","42450.63515054629"
"2019","INDONESIA","ID","NAGEKEO","ID-5316","NUSA TENGGARA TIMUR","ID-53","0"
"2019","INDONESIA","ID","NATUNA","ID-2103","KEPULAUAN RIAU","ID-21","0"
"2019","INDONESIA","ID","NDUGA","ID-9508","PAPUA PEGUNUNGAN","ID-95","0"
"2019","INDONESIA","ID","NGADA","ID-5309","NUSA TENGGARA TIMUR","ID-53","0"
"2019","INDONESIA","ID","NGANJUK","ID-3518","JAWA TIMUR","ID-35","0"
"2019","INDONESIA","ID","NGAWI","ID-3521","JAWA TIMUR","ID-35","0"
"2019","INDONESIA","ID","NIAS","ID-1204","SUMATERA UTARA","ID-12","5662.897701149103"
"2019","INDONESIA","ID","NIAS BARAT","ID-1225","SUMATERA UTARA","ID-12","0"
"2019","INDONESIA","ID","NIAS SELATAN","ID-1214","SUMATERA UTARA","ID-12","0"
"2019","INDONESIA","ID","NIAS UTARA","ID-1224","SUMATERA UTARA","ID-12","5951.283636352389"
"2019","INDONESIA","ID","NUNUKAN","ID-6503","KALIMANTAN UTARA","ID-65","115484.64590309486"
"2019","INDONESIA","ID","OGAN ILIR","ID-1610","SUMATERA SELATAN","ID-16","0"
"2019","INDONESIA","ID","OGAN KOMERING ILIR","ID-1602","SUMATERA SELATAN","ID-16","598608.8269867621"
"2019","INDONESIA","ID","OGAN KOMERING ULU","ID-1601","SUMATERA SELATAN","ID-16","0"
"2019","INDONESIA","ID","OGAN KOMERING ULU SELATAN","ID-1609","SUMATERA SELATAN","ID-16","0"
"2019","INDONESIA","ID","OGAN KOMERING ULU TIMUR","ID-1608","SUMATERA SELATAN","ID-16","0"
"2019","INDONESIA","ID","PACITAN","ID-3501","JAWA TIMUR","ID-35","0"
"2019","INDONESIA","ID","PADANG LAWAS","ID-1221","SUMATERA UTARA","ID-12","0"
"2019","INDONESIA","ID","PADANG LAWAS UTARA","ID-1220","SUMATERA UTARA","ID-12","0"
"2019","INDONESIA","ID","PADANG PARIAMAN","ID-1305","SUMATERA BARAT","ID-13","0"
"2019","INDONESIA","ID","PAKPAK BHARAT","ID-1215","SUMATERA UTARA","ID-12","0"
"2019","INDONESIA","ID","PAMEKASAN","ID-3528","JAWA TIMUR","ID-35","0"
"2019","INDONESIA","ID","PANDEGLANG","ID-3601","BANTEN","ID-36","0"
"2019","INDONESIA","ID","PANGANDARAN","ID-3218","JAWA BARAT","ID-32","0"
"2019","INDONESIA","ID","PANGKAJENE DAN KEPULAUAN","ID-7310","SULAWESI SELATAN","ID-73","0"
"2019","INDONESIA","ID","PANIAI","ID-9403","PAPUA TENGAH","ID-94","9634.833036763215"
"2019","INDONESIA","ID","PARIGI MOUTONG","ID-7208","SULAWESI TENGAH","ID-72","0"
"2019","INDONESIA","ID","PASAMAN","ID-1308","SUMATERA BARAT","ID-13","0"
"2019","INDONESIA","ID","PASAMAN BARAT","ID-1312","SUMATERA BARAT","ID-13","34098.13111174724"
"2019","INDONESIA","ID","PASANGKAYU","ID-7601","SULAWESI BARAT","ID-76","7635.402149826805"
"2019","INDONESIA","ID","PASER","ID-6401","KALIMANTAN TIMUR","ID-64","0"
"2019","INDONESIA","ID","PASURUAN","ID-3514","JAWA TIMUR","ID-35","0"
"2019","INDONESIA","ID","PATI","ID-3318","JAWA TENGAH","ID-33","0"
"2019","INDONESIA","ID","PEGUNUNGAN ARFAK","ID-9212","PAPUA BARAT","ID-92","0"
"2019","INDONESIA","ID","PEGUNUNGAN BINTANG","ID-9502","PAPUA PEGUNUNGAN","ID-95","0"
"2019","INDONESIA","ID","PEKALONGAN","ID-3326","JAWA TENGAH","ID-33","0"
"2019","INDONESIA","ID","PELALAWAN","ID-1405","RIAU","ID-14","710910.0372718292"
"2019","INDONESIA","ID","PEMALANG","ID-3327","JAWA TENGAH","ID-33","0"
"2019","INDONESIA","ID","PENAJAM PASER UTARA","ID-6409","KALIMANTAN TIMUR","ID-64","0"
"2019","INDONESIA","ID","PENUKAL ABAB LEMATANG ILIR","ID-1612","SUMATERA SELATAN","ID-16","27355.532538448617"
"2019","INDONESIA","ID","PESAWARAN","ID-1809","LAMPUNG","ID-18","0"
"2019","INDONESIA","ID","PESISIR BARAT","ID-1813","LAMPUNG","ID-18","0"
"2019","INDONESIA","ID","PESISIR SELATAN","ID-1301","SUMATERA BARAT","ID-13","79815.33095244573"
"2019","INDONESIA","ID","PIDIE","ID-1107","ACEH","ID-11","0"
"2019","INDONESIA","ID","PIDIE JAYA","ID-1118","ACEH","ID-11","0"
"2019","INDONESIA","ID","PINRANG","ID-7315","SULAWESI SELATAN","ID-73","0"
"2019","INDONESIA","ID","POHUWATO","ID-7504","GORONTALO","ID-75","0"
"2019","INDONESIA","ID","POLEWALI MANDAR","ID-7604","SULAWESI BARAT","ID-76","0"
"2019","INDONESIA","ID","PONOROGO","ID-3502","JAWA TIMUR","ID-35","0"
"2019","INDONESIA","ID","POSO","ID-7202","SULAWESI TENGAH","ID-72","0"
"2019","INDONESIA","ID","PRINGSEWU","ID-1810","LAMPUNG","ID-18","0"
"2019","INDONESIA","ID","PROBOLINGGO","ID-3513","JAWA TIMUR","ID-35","0"
"2019","INDONESIA","ID","PULANG PISAU","ID-6211","KALIMANTAN TENGAH","ID-62","583408.1448228676"
"2019","INDONESIA","ID","PULAU MOROTAI","ID-8207","MALUKU UTARA","ID-82","0"
"2019","INDONESIA","ID","PULAU TALIABU","ID-8208","MALUKU UTARA","ID-82","0"
"2019","INDONESIA","ID","PUNCAK","ID-9405","PAPUA TENGAH","ID-94","18335.10027966011"
"2019","INDONESIA","ID","PUNCAK JAYA","ID-9402","PAPUA TENGAH","ID-94","98652.42042183325"
"2019","INDONESIA","ID","PURBALINGGA","ID-3303","JAWA TENGAH","ID-33","0"
"2019","INDONESIA","ID","PURWAKARTA","ID-3214","JAWA BARAT","ID-32","0"
"2019","INDONESIA","ID","PURWOREJO","ID-3306","JAWA TENGAH","ID-33","0"
"2019","INDONESIA","ID","RAJA AMPAT","ID-9603","PAPUA BARAT DAYA","ID-96","1450.3839273083736"
"2019","INDONESIA","ID","REJANG LEBONG","ID-1702","BENGKULU","ID-17","0"
"2019","INDONESIA","ID","REMBANG","ID-3317","JAWA TENGAH","ID-33","0"
"2019","INDONESIA","ID","ROKAN HILIR","ID-1407","RIAU","ID-14","382977.69293854304"
"2019","INDONESIA","ID","ROKAN HULU","ID-1406","RIAU","ID-14","80740.1717273693"
"2019","INDONESIA","ID","ROTE NDAO","ID-5314","NUSA TENGGARA TIMUR","ID-53","0"
"2019","INDONESIA","ID","SABU RAIJUA","ID-5320","NUSA TENGGARA TIMUR","ID-53","0"
"2019","INDONESIA","ID","SAMBAS","ID-6101","KALIMANTAN BARAT","ID-61","58066.92890042286"
"2019","INDONESIA","ID","SAMOSIR","ID-1217","SUMATERA UTARA","ID-12","238.54479910622896"
"2019","INDONESIA","ID","SAMPANG","ID-3527","JAWA TIMUR","ID-35","0"
"2019","INDONESIA","ID","SANGGAU","ID-6103","KALIMANTAN BARAT","ID-61","99415.41481529736"
"2019","INDONESIA","ID","SARMI","ID-9110","PAPUA","ID-91","210226.72111773625"
"2019","INDONESIA","ID","SAROLANGUN","ID-1503","JAMBI","ID-15","30355.925550584114"
"2019","INDONESIA","ID","SEKADAU","ID-6109","KALIMANTAN BARAT","ID-61","10294.712191974764"
"2019","INDONESIA","ID","SELUMA","ID-1705","BENGKULU","ID-17","0"
"2019","INDONESIA","ID","SEMARANG","ID-3322","JAWA TENGAH","ID-33","0"
"2019","INDONESIA","ID","SERAM BAGIAN BARAT","ID-8106","MALUKU","ID-81","0"
"2019","INDONESIA","ID","SERAM BAGIAN TIMUR","ID-8105","MALUKU","ID-81","0"
"2019","INDONESIA","ID","SERANG","ID-3604","BANTEN","ID-36","0"
"2019","INDONESIA","ID","SERDANG BEDAGAI","ID-1218","SUMATERA UTARA","ID-12","0"
"2019","INDONESIA","ID","SERUYAN","ID-6207","KALIMANTAN TENGAH","ID-62","223574.7519275211"
"2019","INDONESIA","ID","SIAK","ID-1408","RIAU","ID-14","384998.7723776948"
"2019","INDONESIA","ID","SIDENRENG RAPPANG","ID-7314","SULAWESI SELATAN","ID-73","0"
"2019","INDONESIA","ID","SIDOARJO","ID-3515","JAWA TIMUR","ID-35","0"
"2019","INDONESIA","ID","SIGI","ID-7210","SULAWESI TENGAH","ID-72","0"
"2019","INDONESIA","ID","SIJUNJUNG","ID-1303","SUMATERA BARAT","ID-13","0"
"2019","INDONESIA","ID","SIKKA","ID-5307","NUSA TENGGARA TIMUR","ID-53","0"
"2019","INDONESIA","ID","SIMALUNGUN","ID-1208","SUMATERA UTARA","ID-12","0"
"2019","INDONESIA","ID","SIMEULUE","ID-1109","ACEH","ID-11","0"
"2019","INDONESIA","ID","SINJAI","ID-7307","SULAWESI SELATAN","ID-73","0"
"2019","INDONESIA","ID","SINTANG","ID-6105","KALIMANTAN BARAT","ID-61","65732.36370864959"
"2019","INDONESIA","ID","SITUBONDO","ID-3512","JAWA TIMUR","ID-35","0"
"2019","INDONESIA","ID","SLEMAN","ID-3404","DAERAH ISTIMEWA YOGYAKARTA","ID-34","0"
"2019","INDONESIA","ID","SOLOK","ID-1302","SUMATERA BARAT","ID-13","0"
"2019","INDONESIA","ID","SOLOK SELATAN","ID-1311","SUMATERA BARAT","ID-13","0"
"2019","INDONESIA","ID","SOPPENG","ID-7312","SULAWESI SELATAN","ID-73","0"
"2019","INDONESIA","ID","SORONG","ID-9601","PAPUA BARAT DAYA","ID-96","93838.05414036552"
"2019","INDONESIA","ID","SORONG SELATAN","ID-9602","PAPUA BARAT DAYA","ID-96","254573.5954629692"
"2019","INDONESIA","ID","SRAGEN","ID-3314","JAWA TENGAH","ID-33","0"
"2019","INDONESIA","ID","SUBANG","ID-3213","JAWA BARAT","ID-32","0"
"2019","INDONESIA","ID","SUKABUMI","ID-3202","JAWA BARAT","ID-32","0"
"2019","INDONESIA","ID","SUKAMARA","ID-6208","KALIMANTAN TENGAH","ID-62","49801.13642068545"
"2019","INDONESIA","ID","SUKOHARJO","ID-3311","JAWA TENGAH","ID-33","0"
"2019","INDONESIA","ID","SUMBA BARAT","ID-5312","NUSA TENGGARA TIMUR","ID-53","0"
"2019","INDONESIA","ID","SUMBA BARAT DAYA","ID-5318","NUSA TENGGARA TIMUR","ID-53","0"
"2019","INDONESIA","ID","SUMBA TENGAH","ID-5317","NUSA TENGGARA TIMUR","ID-53","0"
"2019","INDONESIA","ID","SUMBA TIMUR","ID-5311","NUSA TENGGARA TIMUR","ID-53","0"
"2019","INDONESIA","ID","SUMBAWA","ID-5204","NUSA TENGGARA BARAT","ID-52","0"
"2019","INDONESIA","ID","SUMBAWA BARAT","ID-5207","NUSA TENGGARA BARAT","ID-52","0"
"2019","INDONESIA","ID","SUMEDANG","ID-3211","JAWA BARAT","ID-32","0"
"2019","INDONESIA","ID","SUMENEP","ID-3529","JAWA TIMUR","ID-35","0"
"2019","INDONESIA","ID","SUPIORI","ID-9119","PAPUA","ID-91","1681.2885683236836"
"2019","INDONESIA","ID","TABALONG","ID-6309","KALIMANTAN SELATAN","ID-63","9366.28159851501"
"2019","INDONESIA","ID","TABANAN","ID-5102","BALI","ID-51","0"
"2019","INDONESIA","ID","TAKALAR","ID-7305","SULAWESI SELATAN","ID-73","0"
"2019","INDONESIA","ID","TAMBRAUW","ID-9604","PAPUA BARAT DAYA","ID-96","0"
"2019","INDONESIA","ID","TANAH BUMBU","ID-6310","KALIMANTAN SELATAN","ID-63","0"
"2019","INDONESIA","ID","TANAH DATAR","ID-1304","SUMATERA BARAT","ID-13","0"
"2019","INDONESIA","ID","TANAH LAUT","ID-6301","KALIMANTAN SELATAN","ID-63","0"
"2019","INDONESIA","ID","TANA TIDUNG","ID-6504","KALIMANTAN UTARA","ID-65","97929.92607942552"
"2019","INDONESIA","ID","TANA TORAJA","ID-7318","SULAWESI SELATAN","ID-73","0"
"2019","INDONESIA","ID","TANGERANG","ID-3603","BANTEN","ID-36","0"
"2019","INDONESIA","ID","TANGGAMUS","ID-1806","LAMPUNG","ID-18","0"
"2019","INDONESIA","ID","TANJUNG JABUNG BARAT","ID-1506","JAMBI","ID-15","110629.029038218"
"2019","INDONESIA","ID","TANJUNG JABUNG TIMUR","ID-1507","JAMBI","ID-15","153330.26657174778"
"2019","INDONESIA","ID","TAPANULI SELATAN","ID-1203","SUMATERA UTARA","ID-12","18261.797736635577"
"2019","INDONESIA","ID","TAPANULI TENGAH","ID-1201","SUMATERA UTARA","ID-12","11774.693151081216"
"2019","INDONESIA","ID","TAPANULI UTARA","ID-1202","SUMATERA UTARA","ID-12","0"
"2019","INDONESIA","ID","TAPIN","ID-6305","KALIMANTAN SELATAN","ID-63","7567.093948426415"
"2019","INDONESIA","ID","TASIKMALAYA","ID-3206","JAWA BARAT","ID-32","0"
"2019","INDONESIA","ID","TEBO","ID-1509","JAMBI","ID-15","197.2475346170843"
"2019","INDONESIA","ID","TEGAL","ID-3328","JAWA TENGAH","ID-33","0"
"2019","INDONESIA","ID","TELUK BINTUNI","ID-9206","PAPUA BARAT","ID-92","326129.06089021533"
"2019","INDONESIA","ID","TELUK WONDAMA","ID-9207","PAPUA BARAT","ID-92","0"
"2019","INDONESIA","ID","TEMANGGUNG","ID-3323","JAWA TENGAH","ID-33","0"
"2019","INDONESIA","ID","TIMOR TENGAH SELATAN","ID-5302","NUSA TENGGARA TIMUR","ID-53","0"
"2019","INDONESIA","ID","TIMOR TENGAH UTARA","ID-5303","NUSA TENGGARA TIMUR","ID-53","0"
"2019","INDONESIA","ID","TOBA","ID-1212","SUMATERA UTARA","ID-12","0"
"2019","INDONESIA","ID","TOJO UNA UNA","ID-7209","SULAWESI TENGAH","ID-72","209.32670029071667"
"2019","INDONESIA","ID","TOLIKARA","ID-9504","PAPUA PEGUNUNGAN","ID-95","33324.84415361115"
"2019","INDONESIA","ID","TOLI-TOLI","ID-7204","SULAWESI TENGAH","ID-72","1050.3790415448643"
"2019","INDONESIA","ID","TORAJA UTARA","ID-7326","SULAWESI SELATAN","ID-73","0"
"2019","INDONESIA","ID","TRENGGALEK","ID-3503","JAWA TIMUR","ID-35","0"
"2019","INDONESIA","ID","TUBAN","ID-3523","JAWA TIMUR","ID-35","0"
"2019","INDONESIA","ID","TULANG BAWANG","ID-1805","LAMPUNG","ID-18","207.85907915546375"
"2019","INDONESIA","ID","TULANG BAWANG BARAT","ID-1812","LAMPUNG","ID-18","0"
"2019","INDONESIA","ID","TULUNGAGUNG","ID-3504","JAWA TIMUR","ID-35","0"
"2019","INDONESIA","ID","WAJO","ID-7313","SULAWESI SELATAN","ID-73","0"
"2019","INDONESIA","ID","WAKATOBI","ID-7407","SULAWESI TENGGARA","ID-74","0"
"2019","INDONESIA","ID","WAROPEN","ID-9115","PAPUA","ID-91","74637.26598150222"
"2019","INDONESIA","ID","WAY KANAN","ID-1808","LAMPUNG","ID-18","0"
"2019","INDONESIA","ID","WONOGIRI","ID-3312","JAWA TENGAH","ID-33","0"
"2019","INDONESIA","ID","WONOSOBO","ID-3307","JAWA TENGAH","ID-33","0"
"2019","INDONESIA","ID","YAHUKIMO","ID-9503","PAPUA PEGUNUNGAN","ID-95","401.5639098707685"
"2019","INDONESIA","ID","YALIMO","ID-9506","PAPUA PEGUNUNGAN","ID-95","16576.542298267916"
"2020","INDONESIA","ID","ACEH BARAT","ID-1105","ACEH","ID-11","23930.71650964687"
"2020","INDONESIA","ID","ACEH BARAT DAYA","ID-1112","ACEH","ID-11","2473.740237747516"
"2020","INDONESIA","ID","ACEH BESAR","ID-1106","ACEH","ID-11","0"
"2020","INDONESIA","ID","ACEH JAYA","ID-1114","ACEH","ID-11","4571.252837132295"
"2020","INDONESIA","ID","ACEH SELATAN","ID-1101","ACEH","ID-11","48836.71827814446"
"2020","INDONESIA","ID","ACEH SINGKIL","ID-1110","ACEH","ID-11","23738.41615852781"
"2020","INDONESIA","ID","ACEH TAMIANG","ID-1116","ACEH","ID-11","0"
"2020","INDONESIA","ID","ACEH TENGAH","ID-1104","ACEH","ID-11","0"
"2020","INDONESIA","ID","ACEH TENGGARA","ID-1102","ACEH","ID-11","0"
"2020","INDONESIA","ID","ACEH TIMUR","ID-1103","ACEH","ID-11","0"
"2020","INDONESIA","ID","ACEH UTARA","ID-1108","ACEH","ID-11","0"
"2020","INDONESIA","ID","ADMINISTRASI KEPULAUAN SERIBU","ID-3101","DAERAH KHUSUS IBUKOTA JAKARTA","ID-31","0"
"2020","INDONESIA","ID","AGAM","ID-1306","SUMATERA BARAT","ID-13","11138.7587677363"
"2020","INDONESIA","ID","ALOR","ID-5305","NUSA TENGGARA TIMUR","ID-53","0"
"2020","INDONESIA","ID","ASAHAN","ID-1209","SUMATERA UTARA","ID-12","28450.41170211967"
"2020","INDONESIA","ID","ASMAT","ID-9304","PAPUA SELATAN","ID-93","300132.9104511264"
"2020","INDONESIA","ID","BADUNG","ID-5103","BALI","ID-51","0"
"2020","INDONESIA","ID","BALANGAN","ID-6311","KALIMANTAN SELATAN","ID-63","2522.051580087205"
"2020","INDONESIA","ID","BANDUNG","ID-3204","JAWA BARAT","ID-32","0"
"2020","INDONESIA","ID","BANDUNG BARAT","ID-3217","JAWA BARAT","ID-32","0"
"2020","INDONESIA","ID","BANGGAI","ID-7201","SULAWESI TENGAH","ID-72","0"
"2020","INDONESIA","ID","BANGGAI KEPULAUAN","ID-7207","SULAWESI TENGAH","ID-72","0"
"2020","INDONESIA","ID","BANGGAI LAUT","ID-7211","SULAWESI TENGAH","ID-72","0"
"2020","INDONESIA","ID","BANGKA","ID-1901","KEPULAUAN BANGKA BELITUNG","ID-19","473.6416326539059"
"2020","INDONESIA","ID","BANGKA BARAT","ID-1905","KEPULAUAN BANGKA BELITUNG","ID-19","3811.70757007356"
"2020","INDONESIA","ID","BANGKALAN","ID-3526","JAWA TIMUR","ID-35","0"
"2020","INDONESIA","ID","BANGKA SELATAN","ID-1903","KEPULAUAN BANGKA BELITUNG","ID-19","3881.9879420374896"
"2020","INDONESIA","ID","BANGKA TENGAH","ID-1904","KEPULAUAN BANGKA BELITUNG","ID-19","15442.352555941152"
"2020","INDONESIA","ID","BANGLI","ID-5106","BALI","ID-51","0"
"2020","INDONESIA","ID","BANJAR","ID-6303","KALIMANTAN SELATAN","ID-63","2378.5928005565956"
"2020","INDONESIA","ID","BANJARNEGARA","ID-3304","JAWA TENGAH","ID-33","0"
"2020","INDONESIA","ID","BANTAENG","ID-7303","SULAWESI SELATAN","ID-73","0"
"2020","INDONESIA","ID","BANTUL","ID-3402","DAERAH ISTIMEWA YOGYAKARTA","ID-34","0"
"2020","INDONESIA","ID","BANYUASIN","ID-1607","SUMATERA SELATAN","ID-16","191935.43837467028"
"2020","INDONESIA","ID","BANYUMAS","ID-3302","JAWA TENGAH","ID-33","0"
"2020","INDONESIA","ID","BANYUWANGI","ID-3510","JAWA TIMUR","ID-35","0"
"2020","INDONESIA","ID","BARITO KUALA","ID-6304","KALIMANTAN SELATAN","ID-63","0"
"2020","INDONESIA","ID","BARITO SELATAN","ID-6204","KALIMANTAN TENGAH","ID-62","145654.26588574494"
"2020","INDONESIA","ID","BARITO TIMUR","ID-6213","KALIMANTAN TENGAH","ID-62","27427.309635697897"
"2020","INDONESIA","ID","BARITO UTARA","ID-6205","KALIMANTAN TENGAH","ID-62","0"
"2020","INDONESIA","ID","BARRU","ID-7311","SULAWESI SELATAN","ID-73","0"
"2020","INDONESIA","ID","BATANG","ID-3325","JAWA TENGAH","ID-33","0"
"2020","INDONESIA","ID","BATANGHARI","ID-1504","JAMBI","ID-15","0"
"2020","INDONESIA","ID","BATU BARA","ID-1219","SUMATERA UTARA","ID-12","0"
"2020","INDONESIA","ID","BEKASI","ID-3216","JAWA BARAT","ID-32","0"
"2020","INDONESIA","ID","BELITUNG","ID-1902","KEPULAUAN BANGKA BELITUNG","ID-19","0"
"2020","INDONESIA","ID","BELITUNG TIMUR","ID-1906","KEPULAUAN BANGKA BELITUNG","ID-19","714.7465418182478"
"2020","INDONESIA","ID","BELU","ID-5304","NUSA TENGGARA TIMUR","ID-53","0"
"2020","INDONESIA","ID","BENER MERIAH","ID-1117","ACEH","ID-11","0"
"2020","INDONESIA","ID","BENGKALIS","ID-1403","RIAU","ID-14","536291.4438363129"
"2020","INDONESIA","ID","BENGKAYANG","ID-6107","KALIMANTAN BARAT","ID-61","30252.381057345367"
"2020","INDONESIA","ID","BENGKULU SELATAN","ID-1701","BENGKULU","ID-17","0"
"2020","INDONESIA","ID","BENGKULU TENGAH","ID-1709","BENGKULU","ID-17","0"
"2020","INDONESIA","ID","BENGKULU UTARA","ID-1703","BENGKULU","ID-17","0"
"2020","INDONESIA","ID","BERAU","ID-6403","KALIMANTAN TIMUR","ID-64","13708.429222667815"
"2020","INDONESIA","ID","BIAK NUMFOR","ID-9106","PAPUA","ID-91","0"
"2020","INDONESIA","ID","BIMA","ID-5206","NUSA TENGGARA BARAT","ID-52","0"
"2020","INDONESIA","ID","BINTAN","ID-2101","KEPULAUAN RIAU","ID-21","0"
"2020","INDONESIA","ID","BIREUEN","ID-1111","ACEH","ID-11","0"
"2020","INDONESIA","ID","BLITAR","ID-3505","JAWA TIMUR","ID-35","0"
"2020","INDONESIA","ID","BLORA","ID-3316","JAWA TENGAH","ID-33","0"
"2020","INDONESIA","ID","BOALEMO","ID-7502","GORONTALO","ID-75","0"
"2020","INDONESIA","ID","BOGOR","ID-3201","JAWA BARAT","ID-32","0"
"2020","INDONESIA","ID","BOJONEGORO","ID-3522","JAWA TIMUR","ID-35","0"
"2020","INDONESIA","ID","BOLAANG MONGONDOW","ID-7101","SULAWESI UTARA","ID-71","0"
"2020","INDONESIA","ID","BOLAANG MONGONDOW SELATAN","ID-7111","SULAWESI UTARA","ID-71","0"
"2020","INDONESIA","ID","BOLAANG MONGONDOW TIMUR","ID-7110","SULAWESI UTARA","ID-71","0"
"2020","INDONESIA","ID","BOLAANG MONGONDOW UTARA","ID-7108","SULAWESI UTARA","ID-71","0"
"2020","INDONESIA","ID","BOMBANA","ID-7406","SULAWESI TENGGARA","ID-74","0"
"2020","INDONESIA","ID","BONDOWOSO","ID-3511","JAWA TIMUR","ID-35","0"
"2020","INDONESIA","ID","BONE","ID-7308","SULAWESI SELATAN","ID-73","0"
"2020","INDONESIA","ID","BONE BOLANGO","ID-7503","GORONTALO","ID-75","0"
"2020","INDONESIA","ID","BOVEN DIGOEL","ID-9302","PAPUA SELATAN","ID-93","123709.12557806344"
"2020","INDONESIA","ID","BOYOLALI","ID-3309","JAWA TENGAH","ID-33","0"
"2020","INDONESIA","ID","BREBES","ID-3329","JAWA TENGAH","ID-33","0"
"2020","INDONESIA","ID","BULELENG","ID-5108","BALI","ID-51","0"
"2020","INDONESIA","ID","BULUKUMBA","ID-7302","SULAWESI SELATAN","ID-73","0"
"2020","INDONESIA","ID","BULUNGAN","ID-6501","KALIMANTAN UTARA","ID-65","0"
"2020","INDONESIA","ID","BUNGO","ID-1508","JAMBI","ID-15","0"
"2020","INDONESIA","ID","BUOL","ID-7205","SULAWESI TENGAH","ID-72","0"
"2020","INDONESIA","ID","BURU","ID-8104","MALUKU","ID-81","0"
"2020","INDONESIA","ID","BURU SELATAN","ID-8109","MALUKU","ID-81","0"
"2020","INDONESIA","ID","BUTON","ID-7404","SULAWESI TENGGARA","ID-74","0"
"2020","INDONESIA","ID","BUTON SELATAN","ID-7415","SULAWESI TENGGARA","ID-74","0"
"2020","INDONESIA","ID","BUTON TENGAH","ID-7414","SULAWESI TENGGARA","ID-74","0"
"2020","INDONESIA","ID","BUTON UTARA","ID-7410","SULAWESI TENGGARA","ID-74","0"
"2020","INDONESIA","ID","CIAMIS","ID-3207","JAWA BARAT","ID-32","0"
"2020","INDONESIA","ID","CIANJUR","ID-3203","JAWA BARAT","ID-32","0"
"2020","INDONESIA","ID","CILACAP","ID-3301","JAWA TENGAH","ID-33","0"
"2020","INDONESIA","ID","CIREBON","ID-3209","JAWA BARAT","ID-32","0"
"2020","INDONESIA","ID","DAIRI","ID-1211","SUMATERA UTARA","ID-12","0"
"2020","INDONESIA","ID","DEIYAI","ID-9408","PAPUA TENGAH","ID-94","1814.530857682557"
"2020","INDONESIA","ID","DELI SERDANG","ID-1207","SUMATERA UTARA","ID-12","0"
"2020","INDONESIA","ID","DEMAK","ID-3321","JAWA TENGAH","ID-33","0"
"2020","INDONESIA","ID","DHARMASRAYA","ID-1310","SUMATERA BARAT","ID-13","0"
"2020","INDONESIA","ID","DOGIYAI","ID-9406","PAPUA TENGAH","ID-94","3220.9081995370793"
"2020","INDONESIA","ID","DOMPU","ID-5205","NUSA TENGGARA BARAT","ID-52","0"
"2020","INDONESIA","ID","DONGGALA","ID-7203","SULAWESI TENGAH","ID-72","584.3060448679521"
"2020","INDONESIA","ID","EMPAT LAWANG","ID-1611","SUMATERA SELATAN","ID-16","0"
"2020","INDONESIA","ID","ENDE","ID-5308","NUSA TENGGARA TIMUR","ID-53","0"
"2020","INDONESIA","ID","ENREKANG","ID-7316","SULAWESI SELATAN","ID-73","0"
"2020","INDONESIA","ID","FAK FAK","ID-9203","PAPUA BARAT","ID-92","26157.623771776725"
"2020","INDONESIA","ID","FLORES TIMUR","ID-5306","NUSA TENGGARA TIMUR","ID-53","0"
"2020","INDONESIA","ID","GARUT","ID-3205","JAWA BARAT","ID-32","0"
"2020","INDONESIA","ID","GAYO LUES","ID-1113","ACEH","ID-11","0"
"2020","INDONESIA","ID","GIANYAR","ID-5104","BALI","ID-51","0"
"2020","INDONESIA","ID","GORONTALO","ID-7501","GORONTALO","ID-75","0"
"2020","INDONESIA","ID","GORONTALO UTARA","ID-7505","GORONTALO","ID-75","0"
"2020","INDONESIA","ID","GOWA","ID-7306","SULAWESI SELATAN","ID-73","0"
"2020","INDONESIA","ID","GRESIK","ID-3525","JAWA TIMUR","ID-35","0"
"2020","INDONESIA","ID","GROBOGAN","ID-3315","JAWA TENGAH","ID-33","0"
"2020","INDONESIA","ID","GUNUNGKIDUL","ID-3403","DAERAH ISTIMEWA YOGYAKARTA","ID-34","0"
"2020","INDONESIA","ID","GUNUNG MAS","ID-6210","KALIMANTAN TENGAH","ID-62","0"
"2020","INDONESIA","ID","HALMAHERA BARAT","ID-8201","MALUKU UTARA","ID-82","0"
"2020","INDONESIA","ID","HALMAHERA SELATAN","ID-8204","MALUKU UTARA","ID-82","0"
"2020","INDONESIA","ID","HALMAHERA TENGAH","ID-8202","MALUKU UTARA","ID-82","0"
"2020","INDONESIA","ID","HALMAHERA TIMUR","ID-8206","MALUKU UTARA","ID-82","0"
"2020","INDONESIA","ID","HALMAHERA UTARA","ID-8203","MALUKU UTARA","ID-82","0"
"2020","INDONESIA","ID","HULU SUNGAI SELATAN","ID-6306","KALIMANTAN SELATAN","ID-63","2262.5626792109333"
"2020","INDONESIA","ID","HULU SUNGAI TENGAH","ID-6307","KALIMANTAN SELATAN","ID-63","1481.7902570695703"
"2020","INDONESIA","ID","HULU SUNGAI UTARA","ID-6308","KALIMANTAN SELATAN","ID-63","20348.114726988577"
"2020","INDONESIA","ID","HUMBANG HASUNDUTAN","ID-1216","SUMATERA UTARA","ID-12","2969.396288606546"
"2020","INDONESIA","ID","INDRAGIRI HILIR","ID-1404","RIAU","ID-14","718274.4908948487"
"2020","INDONESIA","ID","INDRAGIRI HULU","ID-1402","RIAU","ID-14","200397.77769751896"
"2020","INDONESIA","ID","INDRAMAYU","ID-3212","JAWA BARAT","ID-32","0"
"2020","INDONESIA","ID","INTAN JAYA","ID-9407","PAPUA TENGAH","ID-94","1119.980361464453"
"2020","INDONESIA","ID","JAYAPURA","ID-9103","PAPUA","ID-91","25646.883561012397"
"2020","INDONESIA","ID","JAYAWIJAYA","ID-9501","PAPUA PEGUNUNGAN","ID-95","0"
"2020","INDONESIA","ID","JEMBER","ID-3509","JAWA TIMUR","ID-35","0"
"2020","INDONESIA","ID","JEMBRANA","ID-5101","BALI","ID-51","0"
"2020","INDONESIA","ID","JENEPONTO","ID-7304","SULAWESI SELATAN","ID-73","0"
"2020","INDONESIA","ID","JEPARA","ID-3320","JAWA TENGAH","ID-33","0"
"2020","INDONESIA","ID","JOMBANG","ID-3517","JAWA TIMUR","ID-35","0"
"2020","INDONESIA","ID","KAIMANA","ID-9208","PAPUA BARAT","ID-92","86265.34616287949"
"2020","INDONESIA","ID","KAMPAR","ID-1401","RIAU","ID-14","92946.42451525282"
"2020","INDONESIA","ID","KAPUAS","ID-6203","KALIMANTAN TENGAH","ID-62","303700.54693519877"
"2020","INDONESIA","ID","KAPUAS HULU","ID-6106","KALIMANTAN BARAT","ID-61","244173.1306161445"
"2020","INDONESIA","ID","KARANGANYAR","ID-3313","JAWA TENGAH","ID-33","0"
"2020","INDONESIA","ID","KARANGASEM","ID-5107","BALI","ID-51","0"
"2020","INDONESIA","ID","KARAWANG","ID-3215","JAWA BARAT","ID-32","0"
"2020","INDONESIA","ID","KARIMUN","ID-2102","KEPULAUAN RIAU","ID-21","3592.288924627867"
"2020","INDONESIA","ID","KARO","ID-1206","SUMATERA UTARA","ID-12","0"
"2020","INDONESIA","ID","KATINGAN","ID-6206","KALIMANTAN TENGAH","ID-62","565768.5126757957"
"2020","INDONESIA","ID","KAUR","ID-1704","BENGKULU","ID-17","0"
"2020","INDONESIA","ID","KAYONG UTARA","ID-6111","KALIMANTAN BARAT","ID-61","132131.08752515668"
"2020","INDONESIA","ID","KEBUMEN","ID-3305","JAWA TENGAH","ID-33","0"
"2020","INDONESIA","ID","KEDIRI","ID-3506","JAWA TIMUR","ID-35","0"
"2020","INDONESIA","ID","KEEROM","ID-9111","PAPUA","ID-91","600.2167148364724"
"2020","INDONESIA","ID","KENDAL","ID-3324","JAWA TENGAH","ID-33","0"
"2020","INDONESIA","ID","KEPAHIANG","ID-1708","BENGKULU","ID-17","0"
"2020","INDONESIA","ID","KEP. SIAU TAGULANDANG BIARO","ID-7109","SULAWESI UTARA","ID-71","0"
"2020","INDONESIA","ID","KEPULAUAN ANAMBAS","ID-2105","KEPULAUAN RIAU","ID-21","0"
"2020","INDONESIA","ID","KEPULAUAN ARU","ID-8107","MALUKU","ID-81","0"
"2020","INDONESIA","ID","KEPULAUAN MENTAWAI","ID-1309","SUMATERA BARAT","ID-13","0"
"2020","INDONESIA","ID","KEPULAUAN MERANTI","ID-1410","RIAU","ID-14","301248.0443852444"
"2020","INDONESIA","ID","KEPULAUAN SANGIHE","ID-7103","SULAWESI UTARA","ID-71","0"
"2020","INDONESIA","ID","KEPULAUAN SELAYAR","ID-7301","SULAWESI SELATAN","ID-73","0"
"2020","INDONESIA","ID","KEPULAUAN SULA","ID-8205","MALUKU UTARA","ID-82","0"
"2020","INDONESIA","ID","KEPULAUAN TALAUD","ID-7104","SULAWESI UTARA","ID-71","0"
"2020","INDONESIA","ID","KEPULAUAN TANIMBAR","ID-8103","MALUKU","ID-81","0"
"2020","INDONESIA","ID","KEPULAUAN YAPEN","ID-9105","PAPUA","ID-91","613.4908850339178"
"2020","INDONESIA","ID","KERINCI","ID-1501","JAMBI","ID-15","4202.8736435119645"
"2020","INDONESIA","ID","KETAPANG","ID-6104","KALIMANTAN BARAT","ID-61","261272.708776481"
"2020","INDONESIA","ID","KLATEN","ID-3310","JAWA TENGAH","ID-33","0"
"2020","INDONESIA","ID","KLUNGKUNG","ID-5105","BALI","ID-51","0"
"2020","INDONESIA","ID","KOLAKA","ID-7401","SULAWESI TENGGARA","ID-74","0"
"2020","INDONESIA","ID","KOLAKA TIMUR","ID-7411","SULAWESI TENGGARA","ID-74","0"
"2020","INDONESIA","ID","KOLAKA UTARA","ID-7408","SULAWESI TENGGARA","ID-74","0"
"2020","INDONESIA","ID","KONAWE","ID-7402","SULAWESI TENGGARA","ID-74","0"
"2020","INDONESIA","ID","KONAWE KEPULAUAN","ID-7412","SULAWESI TENGGARA","ID-74","0"
"2020","INDONESIA","ID","KONAWE SELATAN","ID-7405","SULAWESI TENGGARA","ID-74","0"
"2020","INDONESIA","ID","KONAWE UTARA","ID-7409","SULAWESI TENGGARA","ID-74","0"
"2020","INDONESIA","ID","KOTA ADMINISTRASI JAKARTA BARAT","ID-3173","DAERAH KHUSUS IBUKOTA JAKARTA","ID-31","0"
"2020","INDONESIA","ID","KOTA ADMINISTRASI JAKARTA PUSAT","ID-3171","DAERAH KHUSUS IBUKOTA JAKARTA","ID-31","0"
"2020","INDONESIA","ID","KOTA ADMINISTRASI JAKARTA SELATAN","ID-3174","DAERAH KHUSUS IBUKOTA JAKARTA","ID-31","0"
"2020","INDONESIA","ID","KOTA ADMINISTRASI JAKARTA TIMUR","ID-3175","DAERAH KHUSUS IBUKOTA JAKARTA","ID-31","0"
"2020","INDONESIA","ID","KOTA ADMINISTRASI JAKARTA UTARA","ID-3172","DAERAH KHUSUS IBUKOTA JAKARTA","ID-31","0"
"2020","INDONESIA","ID","KOTA AMBON","ID-8171","MALUKU","ID-81","0"
"2020","INDONESIA","ID","KOTA BALIKPAPAN","ID-6471","KALIMANTAN TIMUR","ID-64","0"
"2020","INDONESIA","ID","KOTA BANDA ACEH","ID-1171","ACEH","ID-11","0"
"2020","INDONESIA","ID","KOTA BANDAR LAMPUNG","ID-1871","LAMPUNG","ID-18","0"
"2020","INDONESIA","ID","KOTA BANDUNG","ID-3273","JAWA BARAT","ID-32","0"
"2020","INDONESIA","ID","KOTA BANJAR","ID-3279","JAWA BARAT","ID-32","0"
"2020","INDONESIA","ID","KOTA BANJARBARU","ID-6372","KALIMANTAN SELATAN","ID-63","0"
"2020","INDONESIA","ID","KOTA BANJARMASIN","ID-6371","KALIMANTAN SELATAN","ID-63","0"
"2020","INDONESIA","ID","KOTABARU","ID-6302","KALIMANTAN SELATAN","ID-63","0"
"2020","INDONESIA","ID","KOTA BATAM","ID-2171","KEPULAUAN RIAU","ID-21","0"
"2020","INDONESIA","ID","KOTA BATU","ID-3579","JAWA TIMUR","ID-35","0"
"2020","INDONESIA","ID","KOTA BAU BAU","ID-7472","SULAWESI TENGGARA","ID-74","0"
"2020","INDONESIA","ID","KOTA BEKASI","ID-3275","JAWA BARAT","ID-32","0"
"2020","INDONESIA","ID","KOTA BENGKULU","ID-1771","BENGKULU","ID-17","0"
"2020","INDONESIA","ID","KOTA BIMA","ID-5272","NUSA TENGGARA BARAT","ID-52","0"
"2020","INDONESIA","ID","KOTA BINJAI","ID-1275","SUMATERA UTARA","ID-12","0"
"2020","INDONESIA","ID","KOTA BITUNG","ID-7172","SULAWESI UTARA","ID-71","0"
"2020","INDONESIA","ID","KOTA BLITAR","ID-3572","JAWA TIMUR","ID-35","0"
"2020","INDONESIA","ID","KOTA BOGOR","ID-3271","JAWA BARAT","ID-32","0"
"2020","INDONESIA","ID","KOTA BONTANG","ID-6474","KALIMANTAN TIMUR","ID-64","0"
"2020","INDONESIA","ID","KOTA BUKITTINGGI","ID-1375","SUMATERA BARAT","ID-13","0"
"2020","INDONESIA","ID","KOTA CILEGON","ID-3672","BANTEN","ID-36","0"
"2020","INDONESIA","ID","KOTA CIMAHI","ID-3277","JAWA BARAT","ID-32","0"
"2020","INDONESIA","ID","KOTA CIREBON","ID-3274","JAWA BARAT","ID-32","0"
"2020","INDONESIA","ID","KOTA DENPASAR","ID-5171","BALI","ID-51","0"
"2020","INDONESIA","ID","KOTA DEPOK","ID-3276","JAWA BARAT","ID-32","0"
"2020","INDONESIA","ID","KOTA DUMAI","ID-1472","RIAU","ID-14","135283.1805850815"
"2020","INDONESIA","ID","KOTA GORONTALO","ID-7571","GORONTALO","ID-75","0"
"2020","INDONESIA","ID","KOTA GUNUNGSITOLI","ID-1278","SUMATERA UTARA","ID-12","0"
"2020","INDONESIA","ID","KOTA JAMBI","ID-1571","JAMBI","ID-15","0"
"2020","INDONESIA","ID","KOTA JAYAPURA","ID-9171","PAPUA","ID-91","460.8569889148686"
"2020","INDONESIA","ID","KOTA KEDIRI","ID-3571","JAWA TIMUR","ID-35","0"
"2020","INDONESIA","ID","KOTA KENDARI","ID-7471","SULAWESI TENGGARA","ID-74","0"
"2020","INDONESIA","ID","KOTA KOTAMOBAGU","ID-7174","SULAWESI UTARA","ID-71","0"
"2020","INDONESIA","ID","KOTA KUPANG","ID-5371","NUSA TENGGARA TIMUR","ID-53","0"
"2020","INDONESIA","ID","KOTA LANGSA","ID-1174","ACEH","ID-11","0"
"2020","INDONESIA","ID","KOTA LHOKSEUMAWE","ID-1173","ACEH","ID-11","0"
"2020","INDONESIA","ID","KOTA LUBUK LINGGAU","ID-1673","SUMATERA SELATAN","ID-16","0"
"2020","INDONESIA","ID","KOTA MADIUN","ID-3577","JAWA TIMUR","ID-35","0"
"2020","INDONESIA","ID","KOTA MAGELANG","ID-3371","JAWA TENGAH","ID-33","0"
"2020","INDONESIA","ID","KOTA MAKASSAR","ID-7371","SULAWESI SELATAN","ID-73","0"
"2020","INDONESIA","ID","KOTA MALANG","ID-3573","JAWA TIMUR","ID-35","0"
"2020","INDONESIA","ID","KOTA MANADO","ID-7171","SULAWESI UTARA","ID-71","0"
"2020","INDONESIA","ID","KOTA MATARAM","ID-5271","NUSA TENGGARA BARAT","ID-52","0"
"2020","INDONESIA","ID","KOTA MEDAN","ID-1271","SUMATERA UTARA","ID-12","0"
"2020","INDONESIA","ID","KOTA METRO","ID-1872","LAMPUNG","ID-18","0"
"2020","INDONESIA","ID","KOTA MOJOKERTO","ID-3576","JAWA TIMUR","ID-35","0"
"2020","INDONESIA","ID","KOTA PADANG","ID-1371","SUMATERA BARAT","ID-13","0"
"2020","INDONESIA","ID","KOTA PADANG PANJANG","ID-1374","SUMATERA BARAT","ID-13","0"
"2020","INDONESIA","ID","KOTA PADANGSIDIMPUAN","ID-1277","SUMATERA UTARA","ID-12","0"
"2020","INDONESIA","ID","KOTA PAGAR ALAM","ID-1672","SUMATERA SELATAN","ID-16","0"
"2020","INDONESIA","ID","KOTA PALANGKARAYA","ID-6271","KALIMANTAN TENGAH","ID-62","115584.75184339315"
"2020","INDONESIA","ID","KOTA PALEMBANG","ID-1671","SUMATERA SELATAN","ID-16","0"
"2020","INDONESIA","ID","KOTA PALOPO","ID-7373","SULAWESI SELATAN","ID-73","0"
"2020","INDONESIA","ID","KOTA PALU","ID-7271","SULAWESI TENGAH","ID-72","0"
"2020","INDONESIA","ID","KOTA PANGKAL PINANG","ID-1971","KEPULAUAN BANGKA BELITUNG","ID-19","0"
"2020","INDONESIA","ID","KOTA PAREPARE","ID-7372","SULAWESI SELATAN","ID-73","0"
"2020","INDONESIA","ID","KOTA PARIAMAN","ID-1377","SUMATERA BARAT","ID-13","0"
"2020","INDONESIA","ID","KOTA PASURUAN","ID-3575","JAWA TIMUR","ID-35","0"
"2020","INDONESIA","ID","KOTA PAYAKUMBUH","ID-1376","SUMATERA BARAT","ID-13","0"
"2020","INDONESIA","ID","KOTA PEKALONGAN","ID-3375","JAWA TENGAH","ID-33","0"
"2020","INDONESIA","ID","KOTA PEKANBARU","ID-1471","RIAU","ID-14","5511.351383662669"
"2020","INDONESIA","ID","KOTA PEMATANGSIANTAR","ID-1272","SUMATERA UTARA","ID-12","0"
"2020","INDONESIA","ID","KOTA PONTIANAK","ID-6171","KALIMANTAN BARAT","ID-61","4303.5655180525455"
"2020","INDONESIA","ID","KOTA PRABUMULIH","ID-1674","SUMATERA SELATAN","ID-16","0"
"2020","INDONESIA","ID","KOTA PROBOLINGGO","ID-3574","JAWA TIMUR","ID-35","0"
"2020","INDONESIA","ID","KOTA SABANG","ID-1172","ACEH","ID-11","0"
"2020","INDONESIA","ID","KOTA SALATIGA","ID-3373","JAWA TENGAH","ID-33","0"
"2020","INDONESIA","ID","KOTA SAMARINDA","ID-6472","KALIMANTAN TIMUR","ID-64","0"
"2020","INDONESIA","ID","KOTA SAWAHLUNTO","ID-1373","SUMATERA BARAT","ID-13","0"
"2020","INDONESIA","ID","KOTA SEMARANG","ID-3374","JAWA TENGAH","ID-33","0"
"2020","INDONESIA","ID","KOTA SERANG","ID-3673","BANTEN","ID-36","0"
"2020","INDONESIA","ID","KOTA SIBOLGA","ID-1273","SUMATERA UTARA","ID-12","0"
"2020","INDONESIA","ID","KOTA SINGKAWANG","ID-6172","KALIMANTAN BARAT","ID-61","3955.576711656947"
"2020","INDONESIA","ID","KOTA SOLOK","ID-1372","SUMATERA BARAT","ID-13","0"
"2020","INDONESIA","ID","KOTA SORONG","ID-9671","PAPUA BARAT DAYA","ID-96","0"
"2020","INDONESIA","ID","KOTA SUBULUSSALAM","ID-1175","ACEH","ID-11","3927.526711787974"
"2020","INDONESIA","ID","KOTA SUKABUMI","ID-3272","JAWA BARAT","ID-32","0"
"2020","INDONESIA","ID","KOTA SUNGAI PENUH","ID-1572","JAMBI","ID-15","578.8773354669264"
"2020","INDONESIA","ID","KOTA SURABAYA","ID-3578","JAWA TIMUR","ID-35","0"
"2020","INDONESIA","ID","KOTA SURAKARTA","ID-3372","JAWA TENGAH","ID-33","0"
"2020","INDONESIA","ID","KOTA TANGERANG","ID-3671","BANTEN","ID-36","0"
"2020","INDONESIA","ID","KOTA TANGERANG SELATAN","ID-3674","BANTEN","ID-36","0"
"2020","INDONESIA","ID","KOTA TANJUNGBALAI","ID-1274","SUMATERA UTARA","ID-12","0"
"2020","INDONESIA","ID","KOTA TANJUNG PINANG","ID-2172","KEPULAUAN RIAU","ID-21","0"
"2020","INDONESIA","ID","KOTA TARAKAN","ID-6571","KALIMANTAN UTARA","ID-65","3215.5865865918304"
"2020","INDONESIA","ID","KOTA TASIKMALAYA","ID-3278","JAWA BARAT","ID-32","0"
"2020","INDONESIA","ID","KOTA TEBING TINGGI","ID-1276","SUMATERA UTARA","ID-12","0"
"2020","INDONESIA","ID","KOTA TEGAL","ID-3376","JAWA TENGAH","ID-33","0"
"2020","INDONESIA","ID","KOTA TERNATE","ID-8271","MALUKU UTARA","ID-82","0"
"2020","INDONESIA","ID","KOTA TIDORE KEPULAUAN","ID-8272","MALUKU UTARA","ID-82","0"
"2020","INDONESIA","ID","KOTA TOMOHON","ID-7173","SULAWESI UTARA","ID-71","0"
"2020","INDONESIA","ID","KOTA TUAL","ID-8172","MALUKU","ID-81","0"
"2020","INDONESIA","ID","KOTAWARINGIN BARAT","ID-6201","KALIMANTAN TENGAH","ID-62","257892.80736691543"
"2020","INDONESIA","ID","KOTAWARINGIN TIMUR","ID-6202","KALIMANTAN TENGAH","ID-62","275227.77356167"
"2020","INDONESIA","ID","KOTA YOGYAKARTA","ID-3471","DAERAH ISTIMEWA YOGYAKARTA","ID-34","0"
"2020","INDONESIA","ID","KUANTAN SINGINGI","ID-1409","RIAU","ID-14","0"
"2020","INDONESIA","ID","KUBU RAYA","ID-6112","KALIMANTAN BARAT","ID-61","515393.5569979219"
"2020","INDONESIA","ID","KUDUS","ID-3319","JAWA TENGAH","ID-33","0"
"2020","INDONESIA","ID","KULON PROGO","ID-3401","DAERAH ISTIMEWA YOGYAKARTA","ID-34","0"
"2020","INDONESIA","ID","KUNINGAN","ID-3208","JAWA BARAT","ID-32","0"
"2020","INDONESIA","ID","KUPANG","ID-5301","NUSA TENGGARA TIMUR","ID-53","0"
"2020","INDONESIA","ID","KUTAI BARAT","ID-6407","KALIMANTAN TIMUR","ID-64","24592.681700819263"
"2020","INDONESIA","ID","KUTAI KARTANEGARA","ID-6402","KALIMANTAN TIMUR","ID-64","141374.38267315438"
"2020","INDONESIA","ID","KUTAI TIMUR","ID-6408","KALIMANTAN TIMUR","ID-64","1900.9224878902603"
"2020","INDONESIA","ID","LABUHANBATU","ID-1210","SUMATERA UTARA","ID-12","108488.01983083058"
"2020","INDONESIA","ID","LABUHANBATU SELATAN","ID-1222","SUMATERA UTARA","ID-12","41721.96056818482"
"2020","INDONESIA","ID","LABUHANBATU UTARA","ID-1223","SUMATERA UTARA","ID-12","76568.09443976663"
"2020","INDONESIA","ID","LAHAT","ID-1604","SUMATERA SELATAN","ID-16","0"
"2020","INDONESIA","ID","LAMANDAU","ID-6209","KALIMANTAN TENGAH","ID-62","567.4440697236604"
"2020","INDONESIA","ID","LAMONGAN","ID-3524","JAWA TIMUR","ID-35","0"
"2020","INDONESIA","ID","LAMPUNG BARAT","ID-1804","LAMPUNG","ID-18","0"
"2020","INDONESIA","ID","LAMPUNG SELATAN","ID-1801","LAMPUNG","ID-18","0"
"2020","INDONESIA","ID","LAMPUNG TENGAH","ID-1802","LAMPUNG","ID-18","0"
"2020","INDONESIA","ID","LAMPUNG TIMUR","ID-1807","LAMPUNG","ID-18","0"
"2020","INDONESIA","ID","LAMPUNG UTARA","ID-1803","LAMPUNG","ID-18","0"
"2020","INDONESIA","ID","LANDAK","ID-6108","KALIMANTAN BARAT","ID-61","43600.46431762313"
"2020","INDONESIA","ID","LANGKAT","ID-1205","SUMATERA UTARA","ID-12","0"
"2020","INDONESIA","ID","LANNY JAYA","ID-9507","PAPUA PEGUNUNGAN","ID-95","0"
"2020","INDONESIA","ID","LEBAK","ID-3602","BANTEN","ID-36","0"
"2020","INDONESIA","ID","LEBONG","ID-1707","BENGKULU","ID-17","0"
"2020","INDONESIA","ID","LEMBATA","ID-5313","NUSA TENGGARA TIMUR","ID-53","0"
"2020","INDONESIA","ID","LIMA PULUH KOTA","ID-1307","SUMATERA BARAT","ID-13","0"
"2020","INDONESIA","ID","LINGGA","ID-2104","KEPULAUAN RIAU","ID-21","0"
"2020","INDONESIA","ID","LOMBOK BARAT","ID-5201","NUSA TENGGARA BARAT","ID-52","0"
"2020","INDONESIA","ID","LOMBOK TENGAH","ID-5202","NUSA TENGGARA BARAT","ID-52","0"
"2020","INDONESIA","ID","LOMBOK TIMUR","ID-5203","NUSA TENGGARA BARAT","ID-52","0"
"2020","INDONESIA","ID","LOMBOK UTARA","ID-5208","NUSA TENGGARA BARAT","ID-52","0"
"2020","INDONESIA","ID","LUMAJANG","ID-3508","JAWA TIMUR","ID-35","0"
"2020","INDONESIA","ID","LUWU","ID-7317","SULAWESI SELATAN","ID-73","0"
"2020","INDONESIA","ID","LUWU TIMUR","ID-7324","SULAWESI SELATAN","ID-73","0"
"2020","INDONESIA","ID","LUWU UTARA","ID-7322","SULAWESI SELATAN","ID-73","0"
"2020","INDONESIA","ID","MADIUN","ID-3519","JAWA TIMUR","ID-35","0"
"2020","INDONESIA","ID","MAGELANG","ID-3308","JAWA TENGAH","ID-33","0"
"2020","INDONESIA","ID","MAGETAN","ID-3520","JAWA TIMUR","ID-35","0"
"2020","INDONESIA","ID","MAHAKAM ULU","ID-6411","KALIMANTAN TIMUR","ID-64","0"
"2020","INDONESIA","ID","MAJALENGKA","ID-3210","JAWA BARAT","ID-32","0"
"2020","INDONESIA","ID","MAJENE","ID-7605","SULAWESI BARAT","ID-76","0"
"2020","INDONESIA","ID","MALAKA","ID-5321","NUSA TENGGARA TIMUR","ID-53","0"
"2020","INDONESIA","ID","MALANG","ID-3507","JAWA TIMUR","ID-35","0"
"2020","INDONESIA","ID","MALINAU","ID-6502","KALIMANTAN UTARA","ID-65","0"
"2020","INDONESIA","ID","MALUKU BARAT DAYA","ID-8108","MALUKU","ID-81","0"
"2020","INDONESIA","ID","MALUKU TENGAH","ID-8101","MALUKU","ID-81","0"
"2020","INDONESIA","ID","MALUKU TENGGARA","ID-8102","MALUKU","ID-81","0"
"2020","INDONESIA","ID","MAMASA","ID-7603","SULAWESI BARAT","ID-76","0"
"2020","INDONESIA","ID","MAMBERAMO RAYA","ID-9120","PAPUA","ID-91","442552.123923047"
"2020","INDONESIA","ID","MAMBERAMO TENGAH","ID-9505","PAPUA PEGUNUNGAN","ID-95","35800.25921926981"
"2020","INDONESIA","ID","MAMUJU","ID-7602","SULAWESI BARAT","ID-76","3545.815901686274"
"2020","INDONESIA","ID","MAMUJU TENGAH","ID-7606","SULAWESI BARAT","ID-76","5285.072693359358"
"2020","INDONESIA","ID","MANDAILING NATAL","ID-1213","SUMATERA UTARA","ID-12","29834.00592307882"
"2020","INDONESIA","ID","MANGGARAI","ID-5310","NUSA TENGGARA TIMUR","ID-53","0"
"2020","INDONESIA","ID","MANGGARAI BARAT","ID-5315","NUSA TENGGARA TIMUR","ID-53","0"
"2020","INDONESIA","ID","MANGGARAI TIMUR","ID-5319","NUSA TENGGARA TIMUR","ID-53","0"
"2020","INDONESIA","ID","MANOKWARI","ID-9202","PAPUA BARAT","ID-92","736.1033616750423"
"2020","INDONESIA","ID","MANOKWARI SELATAN","ID-9211","PAPUA BARAT","ID-92","0"
"2020","INDONESIA","ID","MAPPI","ID-9303","PAPUA SELATAN","ID-93","389505.5393037975"
"2020","INDONESIA","ID","MAROS","ID-7309","SULAWESI SELATAN","ID-73","0"
"2020","INDONESIA","ID","MAYBRAT","ID-9605","PAPUA BARAT DAYA","ID-96","1388.526419036897"
"2020","INDONESIA","ID","MELAWI","ID-6110","KALIMANTAN BARAT","ID-61","5680.5208547236425"
"2020","INDONESIA","ID","MEMPAWAH","ID-6102","KALIMANTAN BARAT","ID-61","72099.70347832156"
"2020","INDONESIA","ID","MERANGIN","ID-1502","JAMBI","ID-15","1095.9816128019445"
"2020","INDONESIA","ID","MERAUKE","ID-9301","PAPUA SELATAN","ID-93","13749.381393167669"
"2020","INDONESIA","ID","MESUJI","ID-1811","LAMPUNG","ID-18","21276.10784578186"
"2020","INDONESIA","ID","MIMIKA","ID-9404","PAPUA TENGAH","ID-94","264013.68736623693"
"2020","INDONESIA","ID","MINAHASA","ID-7102","SULAWESI UTARA","ID-71","0"
"2020","INDONESIA","ID","MINAHASA SELATAN","ID-7105","SULAWESI UTARA","ID-71","0"
"2020","INDONESIA","ID","MINAHASA TENGGARA","ID-7107","SULAWESI UTARA","ID-71","0"
"2020","INDONESIA","ID","MINAHASA UTARA","ID-7106","SULAWESI UTARA","ID-71","0"
"2020","INDONESIA","ID","MOJOKERTO","ID-3516","JAWA TIMUR","ID-35","0"
"2020","INDONESIA","ID","MOROWALI","ID-7206","SULAWESI TENGAH","ID-72","0"
"2020","INDONESIA","ID","MOROWALI UTARA","ID-7212","SULAWESI TENGAH","ID-72","6304.367176886164"
"2020","INDONESIA","ID","MUARA ENIM","ID-1603","SUMATERA SELATAN","ID-16","20151.41111660912"
"2020","INDONESIA","ID","MUARO JAMBI","ID-1505","JAMBI","ID-15","189704.4234511261"
"2020","INDONESIA","ID","MUKOMUKO","ID-1706","BENGKULU","ID-17","6264.5721966112515"
"2020","INDONESIA","ID","MUNA","ID-7403","SULAWESI TENGGARA","ID-74","0"
"2020","INDONESIA","ID","MUNA BARAT","ID-7413","SULAWESI TENGGARA","ID-74","0"
"2020","INDONESIA","ID","MURUNG RAYA","ID-6212","KALIMANTAN TENGAH","ID-62","0"
"2020","INDONESIA","ID","MUSI BANYUASIN","ID-1606","SUMATERA SELATAN","ID-16","239727.17065908105"
"2020","INDONESIA","ID","MUSI RAWAS","ID-1605","SUMATERA SELATAN","ID-16","3916.980157950604"
"2020","INDONESIA","ID","MUSI RAWAS UTARA","ID-1613","SUMATERA SELATAN","ID-16","34018.14215503354"
"2020","INDONESIA","ID","NABIRE","ID-9401","PAPUA TENGAH","ID-94","149908.774751419"
"2020","INDONESIA","ID","NAGAN RAYA","ID-1115","ACEH","ID-11","42450.63515054629"
"2020","INDONESIA","ID","NAGEKEO","ID-5316","NUSA TENGGARA TIMUR","ID-53","0"
"2020","INDONESIA","ID","NATUNA","ID-2103","KEPULAUAN RIAU","ID-21","0"
"2020","INDONESIA","ID","NDUGA","ID-9508","PAPUA PEGUNUNGAN","ID-95","0"
"2020","INDONESIA","ID","NGADA","ID-5309","NUSA TENGGARA TIMUR","ID-53","0"
"2020","INDONESIA","ID","NGANJUK","ID-3518","JAWA TIMUR","ID-35","0"
"2020","INDONESIA","ID","NGAWI","ID-3521","JAWA TIMUR","ID-35","0"
"2020","INDONESIA","ID","NIAS","ID-1204","SUMATERA UTARA","ID-12","5662.897701149103"
"2020","INDONESIA","ID","NIAS BARAT","ID-1225","SUMATERA UTARA","ID-12","0"
"2020","INDONESIA","ID","NIAS SELATAN","ID-1214","SUMATERA UTARA","ID-12","0"
"2020","INDONESIA","ID","NIAS UTARA","ID-1224","SUMATERA UTARA","ID-12","5951.283636352389"
"2020","INDONESIA","ID","NUNUKAN","ID-6503","KALIMANTAN UTARA","ID-65","115484.64590309486"
"2020","INDONESIA","ID","OGAN ILIR","ID-1610","SUMATERA SELATAN","ID-16","0"
"2020","INDONESIA","ID","OGAN KOMERING ILIR","ID-1602","SUMATERA SELATAN","ID-16","598608.8269867621"
"2020","INDONESIA","ID","OGAN KOMERING ULU","ID-1601","SUMATERA SELATAN","ID-16","0"
"2020","INDONESIA","ID","OGAN KOMERING ULU SELATAN","ID-1609","SUMATERA SELATAN","ID-16","0"
"2020","INDONESIA","ID","OGAN KOMERING ULU TIMUR","ID-1608","SUMATERA SELATAN","ID-16","0"
"2020","INDONESIA","ID","PACITAN","ID-3501","JAWA TIMUR","ID-35","0"
"2020","INDONESIA","ID","PADANG LAWAS","ID-1221","SUMATERA UTARA","ID-12","0"
"2020","INDONESIA","ID","PADANG LAWAS UTARA","ID-1220","SUMATERA UTARA","ID-12","0"
"2020","INDONESIA","ID","PADANG PARIAMAN","ID-1305","SUMATERA BARAT","ID-13","0"
"2020","INDONESIA","ID","PAKPAK BHARAT","ID-1215","SUMATERA UTARA","ID-12","0"
"2020","INDONESIA","ID","PAMEKASAN","ID-3528","JAWA TIMUR","ID-35","0"
"2020","INDONESIA","ID","PANDEGLANG","ID-3601","BANTEN","ID-36","0"
"2020","INDONESIA","ID","PANGANDARAN","ID-3218","JAWA BARAT","ID-32","0"
"2020","INDONESIA","ID","PANGKAJENE DAN KEPULAUAN","ID-7310","SULAWESI SELATAN","ID-73","0"
"2020","INDONESIA","ID","PANIAI","ID-9403","PAPUA TENGAH","ID-94","9634.833036763215"
"2020","INDONESIA","ID","PARIGI MOUTONG","ID-7208","SULAWESI TENGAH","ID-72","0"
"2020","INDONESIA","ID","PASAMAN","ID-1308","SUMATERA BARAT","ID-13","0"
"2020","INDONESIA","ID","PASAMAN BARAT","ID-1312","SUMATERA BARAT","ID-13","34098.13111174724"
"2020","INDONESIA","ID","PASANGKAYU","ID-7601","SULAWESI BARAT","ID-76","7635.402149826805"
"2020","INDONESIA","ID","PASER","ID-6401","KALIMANTAN TIMUR","ID-64","0"
"2020","INDONESIA","ID","PASURUAN","ID-3514","JAWA TIMUR","ID-35","0"
"2020","INDONESIA","ID","PATI","ID-3318","JAWA TENGAH","ID-33","0"
"2020","INDONESIA","ID","PEGUNUNGAN ARFAK","ID-9212","PAPUA BARAT","ID-92","0"
"2020","INDONESIA","ID","PEGUNUNGAN BINTANG","ID-9502","PAPUA PEGUNUNGAN","ID-95","0"
"2020","INDONESIA","ID","PEKALONGAN","ID-3326","JAWA TENGAH","ID-33","0"
"2020","INDONESIA","ID","PELALAWAN","ID-1405","RIAU","ID-14","710910.0372718292"
"2020","INDONESIA","ID","PEMALANG","ID-3327","JAWA TENGAH","ID-33","0"
"2020","INDONESIA","ID","PENAJAM PASER UTARA","ID-6409","KALIMANTAN TIMUR","ID-64","0"
"2020","INDONESIA","ID","PENUKAL ABAB LEMATANG ILIR","ID-1612","SUMATERA SELATAN","ID-16","27355.532538448617"
"2020","INDONESIA","ID","PESAWARAN","ID-1809","LAMPUNG","ID-18","0"
"2020","INDONESIA","ID","PESISIR BARAT","ID-1813","LAMPUNG","ID-18","0"
"2020","INDONESIA","ID","PESISIR SELATAN","ID-1301","SUMATERA BARAT","ID-13","79815.33095244573"
"2020","INDONESIA","ID","PIDIE","ID-1107","ACEH","ID-11","0"
"2020","INDONESIA","ID","PIDIE JAYA","ID-1118","ACEH","ID-11","0"
"2020","INDONESIA","ID","PINRANG","ID-7315","SULAWESI SELATAN","ID-73","0"
"2020","INDONESIA","ID","POHUWATO","ID-7504","GORONTALO","ID-75","0"
"2020","INDONESIA","ID","POLEWALI MANDAR","ID-7604","SULAWESI BARAT","ID-76","0"
"2020","INDONESIA","ID","PONOROGO","ID-3502","JAWA TIMUR","ID-35","0"
"2020","INDONESIA","ID","POSO","ID-7202","SULAWESI TENGAH","ID-72","0"
"2020","INDONESIA","ID","PRINGSEWU","ID-1810","LAMPUNG","ID-18","0"
"2020","INDONESIA","ID","PROBOLINGGO","ID-3513","JAWA TIMUR","ID-35","0"
"2020","INDONESIA","ID","PULANG PISAU","ID-6211","KALIMANTAN TENGAH","ID-62","583408.1448228676"
"2020","INDONESIA","ID","PULAU MOROTAI","ID-8207","MALUKU UTARA","ID-82","0"
"2020","INDONESIA","ID","PULAU TALIABU","ID-8208","MALUKU UTARA","ID-82","0"
"2020","INDONESIA","ID","PUNCAK","ID-9405","PAPUA TENGAH","ID-94","18335.10027966011"
"2020","INDONESIA","ID","PUNCAK JAYA","ID-9402","PAPUA TENGAH","ID-94","98652.42042183325"
"2020","INDONESIA","ID","PURBALINGGA","ID-3303","JAWA TENGAH","ID-33","0"
"2020","INDONESIA","ID","PURWAKARTA","ID-3214","JAWA BARAT","ID-32","0"
"2020","INDONESIA","ID","PURWOREJO","ID-3306","JAWA TENGAH","ID-33","0"
"2020","INDONESIA","ID","RAJA AMPAT","ID-9603","PAPUA BARAT DAYA","ID-96","1450.3839273083736"
"2020","INDONESIA","ID","REJANG LEBONG","ID-1702","BENGKULU","ID-17","0"
"2020","INDONESIA","ID","REMBANG","ID-3317","JAWA TENGAH","ID-33","0"
"2020","INDONESIA","ID","ROKAN HILIR","ID-1407","RIAU","ID-14","382977.69293854304"
"2020","INDONESIA","ID","ROKAN HULU","ID-1406","RIAU","ID-14","80740.1717273693"
"2020","INDONESIA","ID","ROTE NDAO","ID-5314","NUSA TENGGARA TIMUR","ID-53","0"
"2020","INDONESIA","ID","SABU RAIJUA","ID-5320","NUSA TENGGARA TIMUR","ID-53","0"
"2020","INDONESIA","ID","SAMBAS","ID-6101","KALIMANTAN BARAT","ID-61","58066.92890042286"
"2020","INDONESIA","ID","SAMOSIR","ID-1217","SUMATERA UTARA","ID-12","238.54479910622896"
"2020","INDONESIA","ID","SAMPANG","ID-3527","JAWA TIMUR","ID-35","0"
"2020","INDONESIA","ID","SANGGAU","ID-6103","KALIMANTAN BARAT","ID-61","99415.41481529736"
"2020","INDONESIA","ID","SARMI","ID-9110","PAPUA","ID-91","210226.72111773625"
"2020","INDONESIA","ID","SAROLANGUN","ID-1503","JAMBI","ID-15","30355.925550584114"
"2020","INDONESIA","ID","SEKADAU","ID-6109","KALIMANTAN BARAT","ID-61","10294.712191974764"
"2020","INDONESIA","ID","SELUMA","ID-1705","BENGKULU","ID-17","0"
"2020","INDONESIA","ID","SEMARANG","ID-3322","JAWA TENGAH","ID-33","0"
"2020","INDONESIA","ID","SERAM BAGIAN BARAT","ID-8106","MALUKU","ID-81","0"
"2020","INDONESIA","ID","SERAM BAGIAN TIMUR","ID-8105","MALUKU","ID-81","0"
"2020","INDONESIA","ID","SERANG","ID-3604","BANTEN","ID-36","0"
"2020","INDONESIA","ID","SERDANG BEDAGAI","ID-1218","SUMATERA UTARA","ID-12","0"
"2020","INDONESIA","ID","SERUYAN","ID-6207","KALIMANTAN TENGAH","ID-62","223574.7519275211"
"2020","INDONESIA","ID","SIAK","ID-1408","RIAU","ID-14","384998.7723776948"
"2020","INDONESIA","ID","SIDENRENG RAPPANG","ID-7314","SULAWESI SELATAN","ID-73","0"
"2020","INDONESIA","ID","SIDOARJO","ID-3515","JAWA TIMUR","ID-35","0"
"2020","INDONESIA","ID","SIGI","ID-7210","SULAWESI TENGAH","ID-72","0"
"2020","INDONESIA","ID","SIJUNJUNG","ID-1303","SUMATERA BARAT","ID-13","0"
"2020","INDONESIA","ID","SIKKA","ID-5307","NUSA TENGGARA TIMUR","ID-53","0"
"2020","INDONESIA","ID","SIMALUNGUN","ID-1208","SUMATERA UTARA","ID-12","0"
"2020","INDONESIA","ID","SIMEULUE","ID-1109","ACEH","ID-11","0"
"2020","INDONESIA","ID","SINJAI","ID-7307","SULAWESI SELATAN","ID-73","0"
"2020","INDONESIA","ID","SINTANG","ID-6105","KALIMANTAN BARAT","ID-61","65732.36370864959"
"2020","INDONESIA","ID","SITUBONDO","ID-3512","JAWA TIMUR","ID-35","0"
"2020","INDONESIA","ID","SLEMAN","ID-3404","DAERAH ISTIMEWA YOGYAKARTA","ID-34","0"
"2020","INDONESIA","ID","SOLOK","ID-1302","SUMATERA BARAT","ID-13","0"
"2020","INDONESIA","ID","SOLOK SELATAN","ID-1311","SUMATERA BARAT","ID-13","0"
"2020","INDONESIA","ID","SOPPENG","ID-7312","SULAWESI SELATAN","ID-73","0"
"2020","INDONESIA","ID","SORONG","ID-9601","PAPUA BARAT DAYA","ID-96","93838.05414036552"
"2020","INDONESIA","ID","SORONG SELATAN","ID-9602","PAPUA BARAT DAYA","ID-96","254573.5954629692"
"2020","INDONESIA","ID","SRAGEN","ID-3314","JAWA TENGAH","ID-33","0"
"2020","INDONESIA","ID","SUBANG","ID-3213","JAWA BARAT","ID-32","0"
"2020","INDONESIA","ID","SUKABUMI","ID-3202","JAWA BARAT","ID-32","0"
"2020","INDONESIA","ID","SUKAMARA","ID-6208","KALIMANTAN TENGAH","ID-62","49801.13642068545"
"2020","INDONESIA","ID","SUKOHARJO","ID-3311","JAWA TENGAH","ID-33","0"
"2020","INDONESIA","ID","SUMBA BARAT","ID-5312","NUSA TENGGARA TIMUR","ID-53","0"
"2020","INDONESIA","ID","SUMBA BARAT DAYA","ID-5318","NUSA TENGGARA TIMUR","ID-53","0"
"2020","INDONESIA","ID","SUMBA TENGAH","ID-5317","NUSA TENGGARA TIMUR","ID-53","0"
"2020","INDONESIA","ID","SUMBA TIMUR","ID-5311","NUSA TENGGARA TIMUR","ID-53","0"
"2020","INDONESIA","ID","SUMBAWA","ID-5204","NUSA TENGGARA BARAT","ID-52","0"
"2020","INDONESIA","ID","SUMBAWA BARAT","ID-5207","NUSA TENGGARA BARAT","ID-52","0"
"2020","INDONESIA","ID","SUMEDANG","ID-3211","JAWA BARAT","ID-32","0"
"2020","INDONESIA","ID","SUMENEP","ID-3529","JAWA TIMUR","ID-35","0"
"2020","INDONESIA","ID","SUPIORI","ID-9119","PAPUA","ID-91","1681.2885683236836"
"2020","INDONESIA","ID","TABALONG","ID-6309","KALIMANTAN SELATAN","ID-63","9366.28159851501"
"2020","INDONESIA","ID","TABANAN","ID-5102","BALI","ID-51","0"
"2020","INDONESIA","ID","TAKALAR","ID-7305","SULAWESI SELATAN","ID-73","0"
"2020","INDONESIA","ID","TAMBRAUW","ID-9604","PAPUA BARAT DAYA","ID-96","0"
"2020","INDONESIA","ID","TANAH BUMBU","ID-6310","KALIMANTAN SELATAN","ID-63","0"
"2020","INDONESIA","ID","TANAH DATAR","ID-1304","SUMATERA BARAT","ID-13","0"
"2020","INDONESIA","ID","TANAH LAUT","ID-6301","KALIMANTAN SELATAN","ID-63","0"
"2020","INDONESIA","ID","TANA TIDUNG","ID-6504","KALIMANTAN UTARA","ID-65","97929.92607942552"
"2020","INDONESIA","ID","TANA TORAJA","ID-7318","SULAWESI SELATAN","ID-73","0"
"2020","INDONESIA","ID","TANGERANG","ID-3603","BANTEN","ID-36","0"
"2020","INDONESIA","ID","TANGGAMUS","ID-1806","LAMPUNG","ID-18","0"
"2020","INDONESIA","ID","TANJUNG JABUNG BARAT","ID-1506","JAMBI","ID-15","110629.029038218"
"2020","INDONESIA","ID","TANJUNG JABUNG TIMUR","ID-1507","JAMBI","ID-15","153330.26657174778"
"2020","INDONESIA","ID","TAPANULI SELATAN","ID-1203","SUMATERA UTARA","ID-12","18261.797736635577"
"2020","INDONESIA","ID","TAPANULI TENGAH","ID-1201","SUMATERA UTARA","ID-12","11774.693151081216"
"2020","INDONESIA","ID","TAPANULI UTARA","ID-1202","SUMATERA UTARA","ID-12","0"
"2020","INDONESIA","ID","TAPIN","ID-6305","KALIMANTAN SELATAN","ID-63","7567.093948426415"
"2020","INDONESIA","ID","TASIKMALAYA","ID-3206","JAWA BARAT","ID-32","0"
"2020","INDONESIA","ID","TEBO","ID-1509","JAMBI","ID-15","197.2475346170843"
"2020","INDONESIA","ID","TEGAL","ID-3328","JAWA TENGAH","ID-33","0"
"2020","INDONESIA","ID","TELUK BINTUNI","ID-9206","PAPUA BARAT","ID-92","326129.06089021533"
"2020","INDONESIA","ID","TELUK WONDAMA","ID-9207","PAPUA BARAT","ID-92","0"
"2020","INDONESIA","ID","TEMANGGUNG","ID-3323","JAWA TENGAH","ID-33","0"
"2020","INDONESIA","ID","TIMOR TENGAH SELATAN","ID-5302","NUSA TENGGARA TIMUR","ID-53","0"
"2020","INDONESIA","ID","TIMOR TENGAH UTARA","ID-5303","NUSA TENGGARA TIMUR","ID-53","0"
"2020","INDONESIA","ID","TOBA","ID-1212","SUMATERA UTARA","ID-12","0"
"2020","INDONESIA","ID","TOJO UNA UNA","ID-7209","SULAWESI TENGAH","ID-72","209.32670029071667"
"2020","INDONESIA","ID","TOLIKARA","ID-9504","PAPUA PEGUNUNGAN","ID-95","33324.84415361115"
"2020","INDONESIA","ID","TOLI-TOLI","ID-7204","SULAWESI TENGAH","ID-72","1050.3790415448643"
"2020","INDONESIA","ID","TORAJA UTARA","ID-7326","SULAWESI SELATAN","ID-73","0"
"2020","INDONESIA","ID","TRENGGALEK","ID-3503","JAWA TIMUR","ID-35","0"
"2020","INDONESIA","ID","TUBAN","ID-3523","JAWA TIMUR","ID-35","0"
"2020","INDONESIA","ID","TULANG BAWANG","ID-1805","LAMPUNG","ID-18","207.85907915546375"
"2020","INDONESIA","ID","TULANG BAWANG BARAT","ID-1812","LAMPUNG","ID-18","0"
"2020","INDONESIA","ID","TULUNGAGUNG","ID-3504","JAWA TIMUR","ID-35","0"
"2020","INDONESIA","ID","WAJO","ID-7313","SULAWESI SELATAN","ID-73","0"
"2020","INDONESIA","ID","WAKATOBI","ID-7407","SULAWESI TENGGARA","ID-74","0"
"2020","INDONESIA","ID","WAROPEN","ID-9115","PAPUA","ID-91","74637.26598150222"
"2020","INDONESIA","ID","WAY KANAN","ID-1808","LAMPUNG","ID-18","0"
"2020","INDONESIA","ID","WONOGIRI","ID-3312","JAWA TENGAH","ID-33","0"
"2020","INDONESIA","ID","WONOSOBO","ID-3307","JAWA TENGAH","ID-33","0"
"2020","INDONESIA","ID","YAHUKIMO","ID-9503","PAPUA PEGUNUNGAN","ID-95","401.5639098707685"
"2020","INDONESIA","ID","YALIMO","ID-9506","PAPUA PEGUNUNGAN","ID-95","16576.542298267916"
"2021","INDONESIA","ID","ACEH BARAT","ID-1105","ACEH","ID-11","23930.71650964687"
"2021","INDONESIA","ID","ACEH BARAT DAYA","ID-1112","ACEH","ID-11","2473.740237747516"
"2021","INDONESIA","ID","ACEH BESAR","ID-1106","ACEH","ID-11","0"
"2021","INDONESIA","ID","ACEH JAYA","ID-1114","ACEH","ID-11","4571.252837132295"
"2021","INDONESIA","ID","ACEH SELATAN","ID-1101","ACEH","ID-11","48836.71827814446"
"2021","INDONESIA","ID","ACEH SINGKIL","ID-1110","ACEH","ID-11","23738.41615852781"
"2021","INDONESIA","ID","ACEH TAMIANG","ID-1116","ACEH","ID-11","0"
"2021","INDONESIA","ID","ACEH TENGAH","ID-1104","ACEH","ID-11","0"
"2021","INDONESIA","ID","ACEH TENGGARA","ID-1102","ACEH","ID-11","0"
"2021","INDONESIA","ID","ACEH TIMUR","ID-1103","ACEH","ID-11","0"
"2021","INDONESIA","ID","ACEH UTARA","ID-1108","ACEH","ID-11","0"
"2021","INDONESIA","ID","ADMINISTRASI KEPULAUAN SERIBU","ID-3101","DAERAH KHUSUS IBUKOTA JAKARTA","ID-31","0"
"2021","INDONESIA","ID","AGAM","ID-1306","SUMATERA BARAT","ID-13","11138.7587677363"
"2021","INDONESIA","ID","ALOR","ID-5305","NUSA TENGGARA TIMUR","ID-53","0"
"2021","INDONESIA","ID","ASAHAN","ID-1209","SUMATERA UTARA","ID-12","28450.41170211967"
"2021","INDONESIA","ID","ASMAT","ID-9304","PAPUA SELATAN","ID-93","300132.9104511264"
"2021","INDONESIA","ID","BADUNG","ID-5103","BALI","ID-51","0"
"2021","INDONESIA","ID","BALANGAN","ID-6311","KALIMANTAN SELATAN","ID-63","2522.051580087205"
"2021","INDONESIA","ID","BANDUNG","ID-3204","JAWA BARAT","ID-32","0"
"2021","INDONESIA","ID","BANDUNG BARAT","ID-3217","JAWA BARAT","ID-32","0"
"2021","INDONESIA","ID","BANGGAI","ID-7201","SULAWESI TENGAH","ID-72","0"
"2021","INDONESIA","ID","BANGGAI KEPULAUAN","ID-7207","SULAWESI TENGAH","ID-72","0"
"2021","INDONESIA","ID","BANGGAI LAUT","ID-7211","SULAWESI TENGAH","ID-72","0"
"2021","INDONESIA","ID","BANGKA","ID-1901","KEPULAUAN BANGKA BELITUNG","ID-19","473.6416326539059"
"2021","INDONESIA","ID","BANGKA BARAT","ID-1905","KEPULAUAN BANGKA BELITUNG","ID-19","3811.70757007356"
"2021","INDONESIA","ID","BANGKALAN","ID-3526","JAWA TIMUR","ID-35","0"
"2021","INDONESIA","ID","BANGKA SELATAN","ID-1903","KEPULAUAN BANGKA BELITUNG","ID-19","3881.9879420374896"
"2021","INDONESIA","ID","BANGKA TENGAH","ID-1904","KEPULAUAN BANGKA BELITUNG","ID-19","15442.352555941152"
"2021","INDONESIA","ID","BANGLI","ID-5106","BALI","ID-51","0"
"2021","INDONESIA","ID","BANJAR","ID-6303","KALIMANTAN SELATAN","ID-63","2378.5928005565956"
"2021","INDONESIA","ID","BANJARNEGARA","ID-3304","JAWA TENGAH","ID-33","0"
"2021","INDONESIA","ID","BANTAENG","ID-7303","SULAWESI SELATAN","ID-73","0"
"2021","INDONESIA","ID","BANTUL","ID-3402","DAERAH ISTIMEWA YOGYAKARTA","ID-34","0"
"2021","INDONESIA","ID","BANYUASIN","ID-1607","SUMATERA SELATAN","ID-16","191935.43837467028"
"2021","INDONESIA","ID","BANYUMAS","ID-3302","JAWA TENGAH","ID-33","0"
"2021","INDONESIA","ID","BANYUWANGI","ID-3510","JAWA TIMUR","ID-35","0"
"2021","INDONESIA","ID","BARITO KUALA","ID-6304","KALIMANTAN SELATAN","ID-63","0"
"2021","INDONESIA","ID","BARITO SELATAN","ID-6204","KALIMANTAN TENGAH","ID-62","145654.26588574494"
"2021","INDONESIA","ID","BARITO TIMUR","ID-6213","KALIMANTAN TENGAH","ID-62","27427.309635697897"
"2021","INDONESIA","ID","BARITO UTARA","ID-6205","KALIMANTAN TENGAH","ID-62","0"
"2021","INDONESIA","ID","BARRU","ID-7311","SULAWESI SELATAN","ID-73","0"
"2021","INDONESIA","ID","BATANG","ID-3325","JAWA TENGAH","ID-33","0"
"2021","INDONESIA","ID","BATANGHARI","ID-1504","JAMBI","ID-15","0"
"2021","INDONESIA","ID","BATU BARA","ID-1219","SUMATERA UTARA","ID-12","0"
"2021","INDONESIA","ID","BEKASI","ID-3216","JAWA BARAT","ID-32","0"
"2021","INDONESIA","ID","BELITUNG","ID-1902","KEPULAUAN BANGKA BELITUNG","ID-19","0"
"2021","INDONESIA","ID","BELITUNG TIMUR","ID-1906","KEPULAUAN BANGKA BELITUNG","ID-19","714.7465418182478"
"2021","INDONESIA","ID","BELU","ID-5304","NUSA TENGGARA TIMUR","ID-53","0"
"2021","INDONESIA","ID","BENER MERIAH","ID-1117","ACEH","ID-11","0"
"2021","INDONESIA","ID","BENGKALIS","ID-1403","RIAU","ID-14","536291.4438363129"
"2021","INDONESIA","ID","BENGKAYANG","ID-6107","KALIMANTAN BARAT","ID-61","30252.381057345367"
"2021","INDONESIA","ID","BENGKULU SELATAN","ID-1701","BENGKULU","ID-17","0"
"2021","INDONESIA","ID","BENGKULU TENGAH","ID-1709","BENGKULU","ID-17","0"
"2021","INDONESIA","ID","BENGKULU UTARA","ID-1703","BENGKULU","ID-17","0"
"2021","INDONESIA","ID","BERAU","ID-6403","KALIMANTAN TIMUR","ID-64","13708.429222667815"
"2021","INDONESIA","ID","BIAK NUMFOR","ID-9106","PAPUA","ID-91","0"
"2021","INDONESIA","ID","BIMA","ID-5206","NUSA TENGGARA BARAT","ID-52","0"
"2021","INDONESIA","ID","BINTAN","ID-2101","KEPULAUAN RIAU","ID-21","0"
"2021","INDONESIA","ID","BIREUEN","ID-1111","ACEH","ID-11","0"
"2021","INDONESIA","ID","BLITAR","ID-3505","JAWA TIMUR","ID-35","0"
"2021","INDONESIA","ID","BLORA","ID-3316","JAWA TENGAH","ID-33","0"
"2021","INDONESIA","ID","BOALEMO","ID-7502","GORONTALO","ID-75","0"
"2021","INDONESIA","ID","BOGOR","ID-3201","JAWA BARAT","ID-32","0"
"2021","INDONESIA","ID","BOJONEGORO","ID-3522","JAWA TIMUR","ID-35","0"
"2021","INDONESIA","ID","BOLAANG MONGONDOW","ID-7101","SULAWESI UTARA","ID-71","0"
"2021","INDONESIA","ID","BOLAANG MONGONDOW SELATAN","ID-7111","SULAWESI UTARA","ID-71","0"
"2021","INDONESIA","ID","BOLAANG MONGONDOW TIMUR","ID-7110","SULAWESI UTARA","ID-71","0"
"2021","INDONESIA","ID","BOLAANG MONGONDOW UTARA","ID-7108","SULAWESI UTARA","ID-71","0"
"2021","INDONESIA","ID","BOMBANA","ID-7406","SULAWESI TENGGARA","ID-74","0"
"2021","INDONESIA","ID","BONDOWOSO","ID-3511","JAWA TIMUR","ID-35","0"
"2021","INDONESIA","ID","BONE","ID-7308","SULAWESI SELATAN","ID-73","0"
"2021","INDONESIA","ID","BONE BOLANGO","ID-7503","GORONTALO","ID-75","0"
"2021","INDONESIA","ID","BOVEN DIGOEL","ID-9302","PAPUA SELATAN","ID-93","123709.12557806344"
"2021","INDONESIA","ID","BOYOLALI","ID-3309","JAWA TENGAH","ID-33","0"
"2021","INDONESIA","ID","BREBES","ID-3329","JAWA TENGAH","ID-33","0"
"2021","INDONESIA","ID","BULELENG","ID-5108","BALI","ID-51","0"
"2021","INDONESIA","ID","BULUKUMBA","ID-7302","SULAWESI SELATAN","ID-73","0"
"2021","INDONESIA","ID","BULUNGAN","ID-6501","KALIMANTAN UTARA","ID-65","0"
"2021","INDONESIA","ID","BUNGO","ID-1508","JAMBI","ID-15","0"
"2021","INDONESIA","ID","BUOL","ID-7205","SULAWESI TENGAH","ID-72","0"
"2021","INDONESIA","ID","BURU","ID-8104","MALUKU","ID-81","0"
"2021","INDONESIA","ID","BURU SELATAN","ID-8109","MALUKU","ID-81","0"
"2021","INDONESIA","ID","BUTON","ID-7404","SULAWESI TENGGARA","ID-74","0"
"2021","INDONESIA","ID","BUTON SELATAN","ID-7415","SULAWESI TENGGARA","ID-74","0"
"2021","INDONESIA","ID","BUTON TENGAH","ID-7414","SULAWESI TENGGARA","ID-74","0"
"2021","INDONESIA","ID","BUTON UTARA","ID-7410","SULAWESI TENGGARA","ID-74","0"
"2021","INDONESIA","ID","CIAMIS","ID-3207","JAWA BARAT","ID-32","0"
"2021","INDONESIA","ID","CIANJUR","ID-3203","JAWA BARAT","ID-32","0"
"2021","INDONESIA","ID","CILACAP","ID-3301","JAWA TENGAH","ID-33","0"
"2021","INDONESIA","ID","CIREBON","ID-3209","JAWA BARAT","ID-32","0"
"2021","INDONESIA","ID","DAIRI","ID-1211","SUMATERA UTARA","ID-12","0"
"2021","INDONESIA","ID","DEIYAI","ID-9408","PAPUA TENGAH","ID-94","1814.530857682557"
"2021","INDONESIA","ID","DELI SERDANG","ID-1207","SUMATERA UTARA","ID-12","0"
"2021","INDONESIA","ID","DEMAK","ID-3321","JAWA TENGAH","ID-33","0"
"2021","INDONESIA","ID","DHARMASRAYA","ID-1310","SUMATERA BARAT","ID-13","0"
"2021","INDONESIA","ID","DOGIYAI","ID-9406","PAPUA TENGAH","ID-94","3220.9081995370793"
"2021","INDONESIA","ID","DOMPU","ID-5205","NUSA TENGGARA BARAT","ID-52","0"
"2021","INDONESIA","ID","DONGGALA","ID-7203","SULAWESI TENGAH","ID-72","584.3060448679521"
"2021","INDONESIA","ID","EMPAT LAWANG","ID-1611","SUMATERA SELATAN","ID-16","0"
"2021","INDONESIA","ID","ENDE","ID-5308","NUSA TENGGARA TIMUR","ID-53","0"
"2021","INDONESIA","ID","ENREKANG","ID-7316","SULAWESI SELATAN","ID-73","0"
"2021","INDONESIA","ID","FAK FAK","ID-9203","PAPUA BARAT","ID-92","26157.623771776725"
"2021","INDONESIA","ID","FLORES TIMUR","ID-5306","NUSA TENGGARA TIMUR","ID-53","0"
"2021","INDONESIA","ID","GARUT","ID-3205","JAWA BARAT","ID-32","0"
"2021","INDONESIA","ID","GAYO LUES","ID-1113","ACEH","ID-11","0"
"2021","INDONESIA","ID","GIANYAR","ID-5104","BALI","ID-51","0"
"2021","INDONESIA","ID","GORONTALO","ID-7501","GORONTALO","ID-75","0"
"2021","INDONESIA","ID","GORONTALO UTARA","ID-7505","GORONTALO","ID-75","0"
"2021","INDONESIA","ID","GOWA","ID-7306","SULAWESI SELATAN","ID-73","0"
"2021","INDONESIA","ID","GRESIK","ID-3525","JAWA TIMUR","ID-35","0"
"2021","INDONESIA","ID","GROBOGAN","ID-3315","JAWA TENGAH","ID-33","0"
"2021","INDONESIA","ID","GUNUNGKIDUL","ID-3403","DAERAH ISTIMEWA YOGYAKARTA","ID-34","0"
"2021","INDONESIA","ID","GUNUNG MAS","ID-6210","KALIMANTAN TENGAH","ID-62","0"
"2021","INDONESIA","ID","HALMAHERA BARAT","ID-8201","MALUKU UTARA","ID-82","0"
"2021","INDONESIA","ID","HALMAHERA SELATAN","ID-8204","MALUKU UTARA","ID-82","0"
"2021","INDONESIA","ID","HALMAHERA TENGAH","ID-8202","MALUKU UTARA","ID-82","0"
"2021","INDONESIA","ID","HALMAHERA TIMUR","ID-8206","MALUKU UTARA","ID-82","0"
"2021","INDONESIA","ID","HALMAHERA UTARA","ID-8203","MALUKU UTARA","ID-82","0"
"2021","INDONESIA","ID","HULU SUNGAI SELATAN","ID-6306","KALIMANTAN SELATAN","ID-63","2262.5626792109333"
"2021","INDONESIA","ID","HULU SUNGAI TENGAH","ID-6307","KALIMANTAN SELATAN","ID-63","1481.7902570695703"
"2021","INDONESIA","ID","HULU SUNGAI UTARA","ID-6308","KALIMANTAN SELATAN","ID-63","20348.114726988577"
"2021","INDONESIA","ID","HUMBANG HASUNDUTAN","ID-1216","SUMATERA UTARA","ID-12","2969.396288606546"
"2021","INDONESIA","ID","INDRAGIRI HILIR","ID-1404","RIAU","ID-14","718274.4908948487"
"2021","INDONESIA","ID","INDRAGIRI HULU","ID-1402","RIAU","ID-14","200397.77769751896"
"2021","INDONESIA","ID","INDRAMAYU","ID-3212","JAWA BARAT","ID-32","0"
"2021","INDONESIA","ID","INTAN JAYA","ID-9407","PAPUA TENGAH","ID-94","1119.980361464453"
"2021","INDONESIA","ID","JAYAPURA","ID-9103","PAPUA","ID-91","25646.883561012397"
"2021","INDONESIA","ID","JAYAWIJAYA","ID-9501","PAPUA PEGUNUNGAN","ID-95","0"
"2021","INDONESIA","ID","JEMBER","ID-3509","JAWA TIMUR","ID-35","0"
"2021","INDONESIA","ID","JEMBRANA","ID-5101","BALI","ID-51","0"
"2021","INDONESIA","ID","JENEPONTO","ID-7304","SULAWESI SELATAN","ID-73","0"
"2021","INDONESIA","ID","JEPARA","ID-3320","JAWA TENGAH","ID-33","0"
"2021","INDONESIA","ID","JOMBANG","ID-3517","JAWA TIMUR","ID-35","0"
"2021","INDONESIA","ID","KAIMANA","ID-9208","PAPUA BARAT","ID-92","86265.34616287949"
"2021","INDONESIA","ID","KAMPAR","ID-1401","RIAU","ID-14","92946.42451525282"
"2021","INDONESIA","ID","KAPUAS","ID-6203","KALIMANTAN TENGAH","ID-62","303700.54693519877"
"2021","INDONESIA","ID","KAPUAS HULU","ID-6106","KALIMANTAN BARAT","ID-61","244173.1306161445"
"2021","INDONESIA","ID","KARANGANYAR","ID-3313","JAWA TENGAH","ID-33","0"
"2021","INDONESIA","ID","KARANGASEM","ID-5107","BALI","ID-51","0"
"2021","INDONESIA","ID","KARAWANG","ID-3215","JAWA BARAT","ID-32","0"
"2021","INDONESIA","ID","KARIMUN","ID-2102","KEPULAUAN RIAU","ID-21","3592.288924627867"
"2021","INDONESIA","ID","KARO","ID-1206","SUMATERA UTARA","ID-12","0"
"2021","INDONESIA","ID","KATINGAN","ID-6206","KALIMANTAN TENGAH","ID-62","565768.5126757957"
"2021","INDONESIA","ID","KAUR","ID-1704","BENGKULU","ID-17","0"
"2021","INDONESIA","ID","KAYONG UTARA","ID-6111","KALIMANTAN BARAT","ID-61","132131.08752515668"
"2021","INDONESIA","ID","KEBUMEN","ID-3305","JAWA TENGAH","ID-33","0"
"2021","INDONESIA","ID","KEDIRI","ID-3506","JAWA TIMUR","ID-35","0"
"2021","INDONESIA","ID","KEEROM","ID-9111","PAPUA","ID-91","600.2167148364724"
"2021","INDONESIA","ID","KENDAL","ID-3324","JAWA TENGAH","ID-33","0"
"2021","INDONESIA","ID","KEPAHIANG","ID-1708","BENGKULU","ID-17","0"
"2021","INDONESIA","ID","KEP. SIAU TAGULANDANG BIARO","ID-7109","SULAWESI UTARA","ID-71","0"
"2021","INDONESIA","ID","KEPULAUAN ANAMBAS","ID-2105","KEPULAUAN RIAU","ID-21","0"
"2021","INDONESIA","ID","KEPULAUAN ARU","ID-8107","MALUKU","ID-81","0"
"2021","INDONESIA","ID","KEPULAUAN MENTAWAI","ID-1309","SUMATERA BARAT","ID-13","0"
"2021","INDONESIA","ID","KEPULAUAN MERANTI","ID-1410","RIAU","ID-14","301248.0443852444"
"2021","INDONESIA","ID","KEPULAUAN SANGIHE","ID-7103","SULAWESI UTARA","ID-71","0"
"2021","INDONESIA","ID","KEPULAUAN SELAYAR","ID-7301","SULAWESI SELATAN","ID-73","0"
"2021","INDONESIA","ID","KEPULAUAN SULA","ID-8205","MALUKU UTARA","ID-82","0"
"2021","INDONESIA","ID","KEPULAUAN TALAUD","ID-7104","SULAWESI UTARA","ID-71","0"
"2021","INDONESIA","ID","KEPULAUAN TANIMBAR","ID-8103","MALUKU","ID-81","0"
"2021","INDONESIA","ID","KEPULAUAN YAPEN","ID-9105","PAPUA","ID-91","613.4908850339178"
"2021","INDONESIA","ID","KERINCI","ID-1501","JAMBI","ID-15","4202.8736435119645"
"2021","INDONESIA","ID","KETAPANG","ID-6104","KALIMANTAN BARAT","ID-61","261272.708776481"
"2021","INDONESIA","ID","KLATEN","ID-3310","JAWA TENGAH","ID-33","0"
"2021","INDONESIA","ID","KLUNGKUNG","ID-5105","BALI","ID-51","0"
"2021","INDONESIA","ID","KOLAKA","ID-7401","SULAWESI TENGGARA","ID-74","0"
"2021","INDONESIA","ID","KOLAKA TIMUR","ID-7411","SULAWESI TENGGARA","ID-74","0"
"2021","INDONESIA","ID","KOLAKA UTARA","ID-7408","SULAWESI TENGGARA","ID-74","0"
"2021","INDONESIA","ID","KONAWE","ID-7402","SULAWESI TENGGARA","ID-74","0"
"2021","INDONESIA","ID","KONAWE KEPULAUAN","ID-7412","SULAWESI TENGGARA","ID-74","0"
"2021","INDONESIA","ID","KONAWE SELATAN","ID-7405","SULAWESI TENGGARA","ID-74","0"
"2021","INDONESIA","ID","KONAWE UTARA","ID-7409","SULAWESI TENGGARA","ID-74","0"
"2021","INDONESIA","ID","KOTA ADMINISTRASI JAKARTA BARAT","ID-3173","DAERAH KHUSUS IBUKOTA JAKARTA","ID-31","0"
"2021","INDONESIA","ID","KOTA ADMINISTRASI JAKARTA PUSAT","ID-3171","DAERAH KHUSUS IBUKOTA JAKARTA","ID-31","0"
"2021","INDONESIA","ID","KOTA ADMINISTRASI JAKARTA SELATAN","ID-3174","DAERAH KHUSUS IBUKOTA JAKARTA","ID-31","0"
"2021","INDONESIA","ID","KOTA ADMINISTRASI JAKARTA TIMUR","ID-3175","DAERAH KHUSUS IBUKOTA JAKARTA","ID-31","0"
"2021","INDONESIA","ID","KOTA ADMINISTRASI JAKARTA UTARA","ID-3172","DAERAH KHUSUS IBUKOTA JAKARTA","ID-31","0"
"2021","INDONESIA","ID","KOTA AMBON","ID-8171","MALUKU","ID-81","0"
"2021","INDONESIA","ID","KOTA BALIKPAPAN","ID-6471","KALIMANTAN TIMUR","ID-64","0"
"2021","INDONESIA","ID","KOTA BANDA ACEH","ID-1171","ACEH","ID-11","0"
"2021","INDONESIA","ID","KOTA BANDAR LAMPUNG","ID-1871","LAMPUNG","ID-18","0"
"2021","INDONESIA","ID","KOTA BANDUNG","ID-3273","JAWA BARAT","ID-32","0"
"2021","INDONESIA","ID","KOTA BANJAR","ID-3279","JAWA BARAT","ID-32","0"
"2021","INDONESIA","ID","KOTA BANJARBARU","ID-6372","KALIMANTAN SELATAN","ID-63","0"
"2021","INDONESIA","ID","KOTA BANJARMASIN","ID-6371","KALIMANTAN SELATAN","ID-63","0"
"2021","INDONESIA","ID","KOTABARU","ID-6302","KALIMANTAN SELATAN","ID-63","0"
"2021","INDONESIA","ID","KOTA BATAM","ID-2171","KEPULAUAN RIAU","ID-21","0"
"2021","INDONESIA","ID","KOTA BATU","ID-3579","JAWA TIMUR","ID-35","0"
"2021","INDONESIA","ID","KOTA BAU BAU","ID-7472","SULAWESI TENGGARA","ID-74","0"
"2021","INDONESIA","ID","KOTA BEKASI","ID-3275","JAWA BARAT","ID-32","0"
"2021","INDONESIA","ID","KOTA BENGKULU","ID-1771","BENGKULU","ID-17","0"
"2021","INDONESIA","ID","KOTA BIMA","ID-5272","NUSA TENGGARA BARAT","ID-52","0"
"2021","INDONESIA","ID","KOTA BINJAI","ID-1275","SUMATERA UTARA","ID-12","0"
"2021","INDONESIA","ID","KOTA BITUNG","ID-7172","SULAWESI UTARA","ID-71","0"
"2021","INDONESIA","ID","KOTA BLITAR","ID-3572","JAWA TIMUR","ID-35","0"
"2021","INDONESIA","ID","KOTA BOGOR","ID-3271","JAWA BARAT","ID-32","0"
"2021","INDONESIA","ID","KOTA BONTANG","ID-6474","KALIMANTAN TIMUR","ID-64","0"
"2021","INDONESIA","ID","KOTA BUKITTINGGI","ID-1375","SUMATERA BARAT","ID-13","0"
"2021","INDONESIA","ID","KOTA CILEGON","ID-3672","BANTEN","ID-36","0"
"2021","INDONESIA","ID","KOTA CIMAHI","ID-3277","JAWA BARAT","ID-32","0"
"2021","INDONESIA","ID","KOTA CIREBON","ID-3274","JAWA BARAT","ID-32","0"
"2021","INDONESIA","ID","KOTA DENPASAR","ID-5171","BALI","ID-51","0"
"2021","INDONESIA","ID","KOTA DEPOK","ID-3276","JAWA BARAT","ID-32","0"
"2021","INDONESIA","ID","KOTA DUMAI","ID-1472","RIAU","ID-14","135283.1805850815"
"2021","INDONESIA","ID","KOTA GORONTALO","ID-7571","GORONTALO","ID-75","0"
"2021","INDONESIA","ID","KOTA GUNUNGSITOLI","ID-1278","SUMATERA UTARA","ID-12","0"
"2021","INDONESIA","ID","KOTA JAMBI","ID-1571","JAMBI","ID-15","0"
"2021","INDONESIA","ID","KOTA JAYAPURA","ID-9171","PAPUA","ID-91","460.8569889148686"
"2021","INDONESIA","ID","KOTA KEDIRI","ID-3571","JAWA TIMUR","ID-35","0"
"2021","INDONESIA","ID","KOTA KENDARI","ID-7471","SULAWESI TENGGARA","ID-74","0"
"2021","INDONESIA","ID","KOTA KOTAMOBAGU","ID-7174","SULAWESI UTARA","ID-71","0"
"2021","INDONESIA","ID","KOTA KUPANG","ID-5371","NUSA TENGGARA TIMUR","ID-53","0"
"2021","INDONESIA","ID","KOTA LANGSA","ID-1174","ACEH","ID-11","0"
"2021","INDONESIA","ID","KOTA LHOKSEUMAWE","ID-1173","ACEH","ID-11","0"
"2021","INDONESIA","ID","KOTA LUBUK LINGGAU","ID-1673","SUMATERA SELATAN","ID-16","0"
"2021","INDONESIA","ID","KOTA MADIUN","ID-3577","JAWA TIMUR","ID-35","0"
"2021","INDONESIA","ID","KOTA MAGELANG","ID-3371","JAWA TENGAH","ID-33","0"
"2021","INDONESIA","ID","KOTA MAKASSAR","ID-7371","SULAWESI SELATAN","ID-73","0"
"2021","INDONESIA","ID","KOTA MALANG","ID-3573","JAWA TIMUR","ID-35","0"
"2021","INDONESIA","ID","KOTA MANADO","ID-7171","SULAWESI UTARA","ID-71","0"
"2021","INDONESIA","ID","KOTA MATARAM","ID-5271","NUSA TENGGARA BARAT","ID-52","0"
"2021","INDONESIA","ID","KOTA MEDAN","ID-1271","SUMATERA UTARA","ID-12","0"
"2021","INDONESIA","ID","KOTA METRO","ID-1872","LAMPUNG","ID-18","0"
"2021","INDONESIA","ID","KOTA MOJOKERTO","ID-3576","JAWA TIMUR","ID-35","0"
"2021","INDONESIA","ID","KOTA PADANG","ID-1371","SUMATERA BARAT","ID-13","0"
"2021","INDONESIA","ID","KOTA PADANG PANJANG","ID-1374","SUMATERA BARAT","ID-13","0"
"2021","INDONESIA","ID","KOTA PADANGSIDIMPUAN","ID-1277","SUMATERA UTARA","ID-12","0"
"2021","INDONESIA","ID","KOTA PAGAR ALAM","ID-1672","SUMATERA SELATAN","ID-16","0"
"2021","INDONESIA","ID","KOTA PALANGKARAYA","ID-6271","KALIMANTAN TENGAH","ID-62","115584.75184339315"
"2021","INDONESIA","ID","KOTA PALEMBANG","ID-1671","SUMATERA SELATAN","ID-16","0"
"2021","INDONESIA","ID","KOTA PALOPO","ID-7373","SULAWESI SELATAN","ID-73","0"
"2021","INDONESIA","ID","KOTA PALU","ID-7271","SULAWESI TENGAH","ID-72","0"
"2021","INDONESIA","ID","KOTA PANGKAL PINANG","ID-1971","KEPULAUAN BANGKA BELITUNG","ID-19","0"
"2021","INDONESIA","ID","KOTA PAREPARE","ID-7372","SULAWESI SELATAN","ID-73","0"
"2021","INDONESIA","ID","KOTA PARIAMAN","ID-1377","SUMATERA BARAT","ID-13","0"
"2021","INDONESIA","ID","KOTA PASURUAN","ID-3575","JAWA TIMUR","ID-35","0"
"2021","INDONESIA","ID","KOTA PAYAKUMBUH","ID-1376","SUMATERA BARAT","ID-13","0"
"2021","INDONESIA","ID","KOTA PEKALONGAN","ID-3375","JAWA TENGAH","ID-33","0"
"2021","INDONESIA","ID","KOTA PEKANBARU","ID-1471","RIAU","ID-14","5511.351383662669"
"2021","INDONESIA","ID","KOTA PEMATANGSIANTAR","ID-1272","SUMATERA UTARA","ID-12","0"
"2021","INDONESIA","ID","KOTA PONTIANAK","ID-6171","KALIMANTAN BARAT","ID-61","4303.5655180525455"
"2021","INDONESIA","ID","KOTA PRABUMULIH","ID-1674","SUMATERA SELATAN","ID-16","0"
"2021","INDONESIA","ID","KOTA PROBOLINGGO","ID-3574","JAWA TIMUR","ID-35","0"
"2021","INDONESIA","ID","KOTA SABANG","ID-1172","ACEH","ID-11","0"
"2021","INDONESIA","ID","KOTA SALATIGA","ID-3373","JAWA TENGAH","ID-33","0"
"2021","INDONESIA","ID","KOTA SAMARINDA","ID-6472","KALIMANTAN TIMUR","ID-64","0"
"2021","INDONESIA","ID","KOTA SAWAHLUNTO","ID-1373","SUMATERA BARAT","ID-13","0"
"2021","INDONESIA","ID","KOTA SEMARANG","ID-3374","JAWA TENGAH","ID-33","0"
"2021","INDONESIA","ID","KOTA SERANG","ID-3673","BANTEN","ID-36","0"
"2021","INDONESIA","ID","KOTA SIBOLGA","ID-1273","SUMATERA UTARA","ID-12","0"
"2021","INDONESIA","ID","KOTA SINGKAWANG","ID-6172","KALIMANTAN BARAT","ID-61","3955.576711656947"
"2021","INDONESIA","ID","KOTA SOLOK","ID-1372","SUMATERA BARAT","ID-13","0"
"2021","INDONESIA","ID","KOTA SORONG","ID-9671","PAPUA BARAT DAYA","ID-96","0"
"2021","INDONESIA","ID","KOTA SUBULUSSALAM","ID-1175","ACEH","ID-11","3927.526711787974"
"2021","INDONESIA","ID","KOTA SUKABUMI","ID-3272","JAWA BARAT","ID-32","0"
"2021","INDONESIA","ID","KOTA SUNGAI PENUH","ID-1572","JAMBI","ID-15","578.8773354669264"
"2021","INDONESIA","ID","KOTA SURABAYA","ID-3578","JAWA TIMUR","ID-35","0"
"2021","INDONESIA","ID","KOTA SURAKARTA","ID-3372","JAWA TENGAH","ID-33","0"
"2021","INDONESIA","ID","KOTA TANGERANG","ID-3671","BANTEN","ID-36","0"
"2021","INDONESIA","ID","KOTA TANGERANG SELATAN","ID-3674","BANTEN","ID-36","0"
"2021","INDONESIA","ID","KOTA TANJUNGBALAI","ID-1274","SUMATERA UTARA","ID-12","0"
"2021","INDONESIA","ID","KOTA TANJUNG PINANG","ID-2172","KEPULAUAN RIAU","ID-21","0"
"2021","INDONESIA","ID","KOTA TARAKAN","ID-6571","KALIMANTAN UTARA","ID-65","3215.5865865918304"
"2021","INDONESIA","ID","KOTA TASIKMALAYA","ID-3278","JAWA BARAT","ID-32","0"
"2021","INDONESIA","ID","KOTA TEBING TINGGI","ID-1276","SUMATERA UTARA","ID-12","0"
"2021","INDONESIA","ID","KOTA TEGAL","ID-3376","JAWA TENGAH","ID-33","0"
"2021","INDONESIA","ID","KOTA TERNATE","ID-8271","MALUKU UTARA","ID-82","0"
"2021","INDONESIA","ID","KOTA TIDORE KEPULAUAN","ID-8272","MALUKU UTARA","ID-82","0"
"2021","INDONESIA","ID","KOTA TOMOHON","ID-7173","SULAWESI UTARA","ID-71","0"
"2021","INDONESIA","ID","KOTA TUAL","ID-8172","MALUKU","ID-81","0"
"2021","INDONESIA","ID","KOTAWARINGIN BARAT","ID-6201","KALIMANTAN TENGAH","ID-62","257892.80736691543"
"2021","INDONESIA","ID","KOTAWARINGIN TIMUR","ID-6202","KALIMANTAN TENGAH","ID-62","275227.77356167"
"2021","INDONESIA","ID","KOTA YOGYAKARTA","ID-3471","DAERAH ISTIMEWA YOGYAKARTA","ID-34","0"
"2021","INDONESIA","ID","KUANTAN SINGINGI","ID-1409","RIAU","ID-14","0"
"2021","INDONESIA","ID","KUBU RAYA","ID-6112","KALIMANTAN BARAT","ID-61","515393.5569979219"
"2021","INDONESIA","ID","KUDUS","ID-3319","JAWA TENGAH","ID-33","0"
"2021","INDONESIA","ID","KULON PROGO","ID-3401","DAERAH ISTIMEWA YOGYAKARTA","ID-34","0"
"2021","INDONESIA","ID","KUNINGAN","ID-3208","JAWA BARAT","ID-32","0"
"2021","INDONESIA","ID","KUPANG","ID-5301","NUSA TENGGARA TIMUR","ID-53","0"
"2021","INDONESIA","ID","KUTAI BARAT","ID-6407","KALIMANTAN TIMUR","ID-64","24592.681700819263"
"2021","INDONESIA","ID","KUTAI KARTANEGARA","ID-6402","KALIMANTAN TIMUR","ID-64","141374.38267315438"
"2021","INDONESIA","ID","KUTAI TIMUR","ID-6408","KALIMANTAN TIMUR","ID-64","1900.9224878902603"
"2021","INDONESIA","ID","LABUHANBATU","ID-1210","SUMATERA UTARA","ID-12","108488.01983083058"
"2021","INDONESIA","ID","LABUHANBATU SELATAN","ID-1222","SUMATERA UTARA","ID-12","41721.96056818482"
"2021","INDONESIA","ID","LABUHANBATU UTARA","ID-1223","SUMATERA UTARA","ID-12","76568.09443976663"
"2021","INDONESIA","ID","LAHAT","ID-1604","SUMATERA SELATAN","ID-16","0"
"2021","INDONESIA","ID","LAMANDAU","ID-6209","KALIMANTAN TENGAH","ID-62","567.4440697236604"
"2021","INDONESIA","ID","LAMONGAN","ID-3524","JAWA TIMUR","ID-35","0"
"2021","INDONESIA","ID","LAMPUNG BARAT","ID-1804","LAMPUNG","ID-18","0"
"2021","INDONESIA","ID","LAMPUNG SELATAN","ID-1801","LAMPUNG","ID-18","0"
"2021","INDONESIA","ID","LAMPUNG TENGAH","ID-1802","LAMPUNG","ID-18","0"
"2021","INDONESIA","ID","LAMPUNG TIMUR","ID-1807","LAMPUNG","ID-18","0"
"2021","INDONESIA","ID","LAMPUNG UTARA","ID-1803","LAMPUNG","ID-18","0"
"2021","INDONESIA","ID","LANDAK","ID-6108","KALIMANTAN BARAT","ID-61","43600.46431762313"
"2021","INDONESIA","ID","LANGKAT","ID-1205","SUMATERA UTARA","ID-12","0"
"2021","INDONESIA","ID","LANNY JAYA","ID-9507","PAPUA PEGUNUNGAN","ID-95","0"
"2021","INDONESIA","ID","LEBAK","ID-3602","BANTEN","ID-36","0"
"2021","INDONESIA","ID","LEBONG","ID-1707","BENGKULU","ID-17","0"
"2021","INDONESIA","ID","LEMBATA","ID-5313","NUSA TENGGARA TIMUR","ID-53","0"
"2021","INDONESIA","ID","LIMA PULUH KOTA","ID-1307","SUMATERA BARAT","ID-13","0"
"2021","INDONESIA","ID","LINGGA","ID-2104","KEPULAUAN RIAU","ID-21","0"
"2021","INDONESIA","ID","LOMBOK BARAT","ID-5201","NUSA TENGGARA BARAT","ID-52","0"
"2021","INDONESIA","ID","LOMBOK TENGAH","ID-5202","NUSA TENGGARA BARAT","ID-52","0"
"2021","INDONESIA","ID","LOMBOK TIMUR","ID-5203","NUSA TENGGARA BARAT","ID-52","0"
"2021","INDONESIA","ID","LOMBOK UTARA","ID-5208","NUSA TENGGARA BARAT","ID-52","0"
"2021","INDONESIA","ID","LUMAJANG","ID-3508","JAWA TIMUR","ID-35","0"
"2021","INDONESIA","ID","LUWU","ID-7317","SULAWESI SELATAN","ID-73","0"
"2021","INDONESIA","ID","LUWU TIMUR","ID-7324","SULAWESI SELATAN","ID-73","0"
"2021","INDONESIA","ID","LUWU UTARA","ID-7322","SULAWESI SELATAN","ID-73","0"
"2021","INDONESIA","ID","MADIUN","ID-3519","JAWA TIMUR","ID-35","0"
"2021","INDONESIA","ID","MAGELANG","ID-3308","JAWA TENGAH","ID-33","0"
"2021","INDONESIA","ID","MAGETAN","ID-3520","JAWA TIMUR","ID-35","0"
"2021","INDONESIA","ID","MAHAKAM ULU","ID-6411","KALIMANTAN TIMUR","ID-64","0"
"2021","INDONESIA","ID","MAJALENGKA","ID-3210","JAWA BARAT","ID-32","0"
"2021","INDONESIA","ID","MAJENE","ID-7605","SULAWESI BARAT","ID-76","0"
"2021","INDONESIA","ID","MALAKA","ID-5321","NUSA TENGGARA TIMUR","ID-53","0"
"2021","INDONESIA","ID","MALANG","ID-3507","JAWA TIMUR","ID-35","0"
"2021","INDONESIA","ID","MALINAU","ID-6502","KALIMANTAN UTARA","ID-65","0"
"2021","INDONESIA","ID","MALUKU BARAT DAYA","ID-8108","MALUKU","ID-81","0"
"2021","INDONESIA","ID","MALUKU TENGAH","ID-8101","MALUKU","ID-81","0"
"2021","INDONESIA","ID","MALUKU TENGGARA","ID-8102","MALUKU","ID-81","0"
"2021","INDONESIA","ID","MAMASA","ID-7603","SULAWESI BARAT","ID-76","0"
"2021","INDONESIA","ID","MAMBERAMO RAYA","ID-9120","PAPUA","ID-91","442552.123923047"
"2021","INDONESIA","ID","MAMBERAMO TENGAH","ID-9505","PAPUA PEGUNUNGAN","ID-95","35800.25921926981"
"2021","INDONESIA","ID","MAMUJU","ID-7602","SULAWESI BARAT","ID-76","3545.815901686274"
"2021","INDONESIA","ID","MAMUJU TENGAH","ID-7606","SULAWESI BARAT","ID-76","5285.072693359358"
"2021","INDONESIA","ID","MANDAILING NATAL","ID-1213","SUMATERA UTARA","ID-12","29834.00592307882"
"2021","INDONESIA","ID","MANGGARAI","ID-5310","NUSA TENGGARA TIMUR","ID-53","0"
"2021","INDONESIA","ID","MANGGARAI BARAT","ID-5315","NUSA TENGGARA TIMUR","ID-53","0"
"2021","INDONESIA","ID","MANGGARAI TIMUR","ID-5319","NUSA TENGGARA TIMUR","ID-53","0"
"2021","INDONESIA","ID","MANOKWARI","ID-9202","PAPUA BARAT","ID-92","736.1033616750423"
"2021","INDONESIA","ID","MANOKWARI SELATAN","ID-9211","PAPUA BARAT","ID-92","0"
"2021","INDONESIA","ID","MAPPI","ID-9303","PAPUA SELATAN","ID-93","389505.5393037975"
"2021","INDONESIA","ID","MAROS","ID-7309","SULAWESI SELATAN","ID-73","0"
"2021","INDONESIA","ID","MAYBRAT","ID-9605","PAPUA BARAT DAYA","ID-96","1388.526419036897"
"2021","INDONESIA","ID","MELAWI","ID-6110","KALIMANTAN BARAT","ID-61","5680.5208547236425"
"2021","INDONESIA","ID","MEMPAWAH","ID-6102","KALIMANTAN BARAT","ID-61","72099.70347832156"
"2021","INDONESIA","ID","MERANGIN","ID-1502","JAMBI","ID-15","1095.9816128019445"
"2021","INDONESIA","ID","MERAUKE","ID-9301","PAPUA SELATAN","ID-93","13749.381393167669"
"2021","INDONESIA","ID","MESUJI","ID-1811","LAMPUNG","ID-18","21276.10784578186"
"2021","INDONESIA","ID","MIMIKA","ID-9404","PAPUA TENGAH","ID-94","264013.68736623693"
"2021","INDONESIA","ID","MINAHASA","ID-7102","SULAWESI UTARA","ID-71","0"
"2021","INDONESIA","ID","MINAHASA SELATAN","ID-7105","SULAWESI UTARA","ID-71","0"
"2021","INDONESIA","ID","MINAHASA TENGGARA","ID-7107","SULAWESI UTARA","ID-71","0"
"2021","INDONESIA","ID","MINAHASA UTARA","ID-7106","SULAWESI UTARA","ID-71","0"
"2021","INDONESIA","ID","MOJOKERTO","ID-3516","JAWA TIMUR","ID-35","0"
"2021","INDONESIA","ID","MOROWALI","ID-7206","SULAWESI TENGAH","ID-72","0"
"2021","INDONESIA","ID","MOROWALI UTARA","ID-7212","SULAWESI TENGAH","ID-72","6304.367176886164"
"2021","INDONESIA","ID","MUARA ENIM","ID-1603","SUMATERA SELATAN","ID-16","20151.41111660912"
"2021","INDONESIA","ID","MUARO JAMBI","ID-1505","JAMBI","ID-15","189704.4234511261"
"2021","INDONESIA","ID","MUKOMUKO","ID-1706","BENGKULU","ID-17","6264.5721966112515"
"2021","INDONESIA","ID","MUNA","ID-7403","SULAWESI TENGGARA","ID-74","0"
"2021","INDONESIA","ID","MUNA BARAT","ID-7413","SULAWESI TENGGARA","ID-74","0"
"2021","INDONESIA","ID","MURUNG RAYA","ID-6212","KALIMANTAN TENGAH","ID-62","0"
"2021","INDONESIA","ID","MUSI BANYUASIN","ID-1606","SUMATERA SELATAN","ID-16","239727.17065908105"
"2021","INDONESIA","ID","MUSI RAWAS","ID-1605","SUMATERA SELATAN","ID-16","3916.980157950604"
"2021","INDONESIA","ID","MUSI RAWAS UTARA","ID-1613","SUMATERA SELATAN","ID-16","34018.14215503354"
"2021","INDONESIA","ID","NABIRE","ID-9401","PAPUA TENGAH","ID-94","149908.774751419"
"2021","INDONESIA","ID","NAGAN RAYA","ID-1115","ACEH","ID-11","42450.63515054629"
"2021","INDONESIA","ID","NAGEKEO","ID-5316","NUSA TENGGARA TIMUR","ID-53","0"
"2021","INDONESIA","ID","NATUNA","ID-2103","KEPULAUAN RIAU","ID-21","0"
"2021","INDONESIA","ID","NDUGA","ID-9508","PAPUA PEGUNUNGAN","ID-95","0"
"2021","INDONESIA","ID","NGADA","ID-5309","NUSA TENGGARA TIMUR","ID-53","0"
"2021","INDONESIA","ID","NGANJUK","ID-3518","JAWA TIMUR","ID-35","0"
"2021","INDONESIA","ID","NGAWI","ID-3521","JAWA TIMUR","ID-35","0"
"2021","INDONESIA","ID","NIAS","ID-1204","SUMATERA UTARA","ID-12","5662.897701149103"
"2021","INDONESIA","ID","NIAS BARAT","ID-1225","SUMATERA UTARA","ID-12","0"
"2021","INDONESIA","ID","NIAS SELATAN","ID-1214","SUMATERA UTARA","ID-12","0"
"2021","INDONESIA","ID","NIAS UTARA","ID-1224","SUMATERA UTARA","ID-12","5951.283636352389"
"2021","INDONESIA","ID","NUNUKAN","ID-6503","KALIMANTAN UTARA","ID-65","115484.64590309486"
"2021","INDONESIA","ID","OGAN ILIR","ID-1610","SUMATERA SELATAN","ID-16","0"
"2021","INDONESIA","ID","OGAN KOMERING ILIR","ID-1602","SUMATERA SELATAN","ID-16","598608.8269867621"
"2021","INDONESIA","ID","OGAN KOMERING ULU","ID-1601","SUMATERA SELATAN","ID-16","0"
"2021","INDONESIA","ID","OGAN KOMERING ULU SELATAN","ID-1609","SUMATERA SELATAN","ID-16","0"
"2021","INDONESIA","ID","OGAN KOMERING ULU TIMUR","ID-1608","SUMATERA SELATAN","ID-16","0"
"2021","INDONESIA","ID","PACITAN","ID-3501","JAWA TIMUR","ID-35","0"
"2021","INDONESIA","ID","PADANG LAWAS","ID-1221","SUMATERA UTARA","ID-12","0"
"2021","INDONESIA","ID","PADANG LAWAS UTARA","ID-1220","SUMATERA UTARA","ID-12","0"
"2021","INDONESIA","ID","PADANG PARIAMAN","ID-1305","SUMATERA BARAT","ID-13","0"
"2021","INDONESIA","ID","PAKPAK BHARAT","ID-1215","SUMATERA UTARA","ID-12","0"
"2021","INDONESIA","ID","PAMEKASAN","ID-3528","JAWA TIMUR","ID-35","0"
"2021","INDONESIA","ID","PANDEGLANG","ID-3601","BANTEN","ID-36","0"
"2021","INDONESIA","ID","PANGANDARAN","ID-3218","JAWA BARAT","ID-32","0"
"2021","INDONESIA","ID","PANGKAJENE DAN KEPULAUAN","ID-7310","SULAWESI SELATAN","ID-73","0"
"2021","INDONESIA","ID","PANIAI","ID-9403","PAPUA TENGAH","ID-94","9634.833036763215"
"2021","INDONESIA","ID","PARIGI MOUTONG","ID-7208","SULAWESI TENGAH","ID-72","0"
"2021","INDONESIA","ID","PASAMAN","ID-1308","SUMATERA BARAT","ID-13","0"
"2021","INDONESIA","ID","PASAMAN BARAT","ID-1312","SUMATERA BARAT","ID-13","34098.13111174724"
"2021","INDONESIA","ID","PASANGKAYU","ID-7601","SULAWESI BARAT","ID-76","7635.402149826805"
"2021","INDONESIA","ID","PASER","ID-6401","KALIMANTAN TIMUR","ID-64","0"
"2021","INDONESIA","ID","PASURUAN","ID-3514","JAWA TIMUR","ID-35","0"
"2021","INDONESIA","ID","PATI","ID-3318","JAWA TENGAH","ID-33","0"
"2021","INDONESIA","ID","PEGUNUNGAN ARFAK","ID-9212","PAPUA BARAT","ID-92","0"
"2021","INDONESIA","ID","PEGUNUNGAN BINTANG","ID-9502","PAPUA PEGUNUNGAN","ID-95","0"
"2021","INDONESIA","ID","PEKALONGAN","ID-3326","JAWA TENGAH","ID-33","0"
"2021","INDONESIA","ID","PELALAWAN","ID-1405","RIAU","ID-14","710910.0372718292"
"2021","INDONESIA","ID","PEMALANG","ID-3327","JAWA TENGAH","ID-33","0"
"2021","INDONESIA","ID","PENAJAM PASER UTARA","ID-6409","KALIMANTAN TIMUR","ID-64","0"
"2021","INDONESIA","ID","PENUKAL ABAB LEMATANG ILIR","ID-1612","SUMATERA SELATAN","ID-16","27355.532538448617"
"2021","INDONESIA","ID","PESAWARAN","ID-1809","LAMPUNG","ID-18","0"
"2021","INDONESIA","ID","PESISIR BARAT","ID-1813","LAMPUNG","ID-18","0"
"2021","INDONESIA","ID","PESISIR SELATAN","ID-1301","SUMATERA BARAT","ID-13","79815.33095244573"
"2021","INDONESIA","ID","PIDIE","ID-1107","ACEH","ID-11","0"
"2021","INDONESIA","ID","PIDIE JAYA","ID-1118","ACEH","ID-11","0"
"2021","INDONESIA","ID","PINRANG","ID-7315","SULAWESI SELATAN","ID-73","0"
"2021","INDONESIA","ID","POHUWATO","ID-7504","GORONTALO","ID-75","0"
"2021","INDONESIA","ID","POLEWALI MANDAR","ID-7604","SULAWESI BARAT","ID-76","0"
"2021","INDONESIA","ID","PONOROGO","ID-3502","JAWA TIMUR","ID-35","0"
"2021","INDONESIA","ID","POSO","ID-7202","SULAWESI TENGAH","ID-72","0"
"2021","INDONESIA","ID","PRINGSEWU","ID-1810","LAMPUNG","ID-18","0"
"2021","INDONESIA","ID","PROBOLINGGO","ID-3513","JAWA TIMUR","ID-35","0"
"2021","INDONESIA","ID","PULANG PISAU","ID-6211","KALIMANTAN TENGAH","ID-62","583408.1448228676"
"2021","INDONESIA","ID","PULAU MOROTAI","ID-8207","MALUKU UTARA","ID-82","0"
"2021","INDONESIA","ID","PULAU TALIABU","ID-8208","MALUKU UTARA","ID-82","0"
"2021","INDONESIA","ID","PUNCAK","ID-9405","PAPUA TENGAH","ID-94","18335.10027966011"
"2021","INDONESIA","ID","PUNCAK JAYA","ID-9402","PAPUA TENGAH","ID-94","98652.42042183325"
"2021","INDONESIA","ID","PURBALINGGA","ID-3303","JAWA TENGAH","ID-33","0"
"2021","INDONESIA","ID","PURWAKARTA","ID-3214","JAWA BARAT","ID-32","0"
"2021","INDONESIA","ID","PURWOREJO","ID-3306","JAWA TENGAH","ID-33","0"
"2021","INDONESIA","ID","RAJA AMPAT","ID-9603","PAPUA BARAT DAYA","ID-96","1450.3839273083736"
"2021","INDONESIA","ID","REJANG LEBONG","ID-1702","BENGKULU","ID-17","0"
"2021","INDONESIA","ID","REMBANG","ID-3317","JAWA TENGAH","ID-33","0"
"2021","INDONESIA","ID","ROKAN HILIR","ID-1407","RIAU","ID-14","382977.69293854304"
"2021","INDONESIA","ID","ROKAN HULU","ID-1406","RIAU","ID-14","80740.1717273693"
"2021","INDONESIA","ID","ROTE NDAO","ID-5314","NUSA TENGGARA TIMUR","ID-53","0"
"2021","INDONESIA","ID","SABU RAIJUA","ID-5320","NUSA TENGGARA TIMUR","ID-53","0"
"2021","INDONESIA","ID","SAMBAS","ID-6101","KALIMANTAN BARAT","ID-61","58066.92890042286"
"2021","INDONESIA","ID","SAMOSIR","ID-1217","SUMATERA UTARA","ID-12","238.54479910622896"
"2021","INDONESIA","ID","SAMPANG","ID-3527","JAWA TIMUR","ID-35","0"
"2021","INDONESIA","ID","SANGGAU","ID-6103","KALIMANTAN BARAT","ID-61","99415.41481529736"
"2021","INDONESIA","ID","SARMI","ID-9110","PAPUA","ID-91","210226.72111773625"
"2021","INDONESIA","ID","SAROLANGUN","ID-1503","JAMBI","ID-15","30355.925550584114"
"2021","INDONESIA","ID","SEKADAU","ID-6109","KALIMANTAN BARAT","ID-61","10294.712191974764"
"2021","INDONESIA","ID","SELUMA","ID-1705","BENGKULU","ID-17","0"
"2021","INDONESIA","ID","SEMARANG","ID-3322","JAWA TENGAH","ID-33","0"
"2021","INDONESIA","ID","SERAM BAGIAN BARAT","ID-8106","MALUKU","ID-81","0"
"2021","INDONESIA","ID","SERAM BAGIAN TIMUR","ID-8105","MALUKU","ID-81","0"
"2021","INDONESIA","ID","SERANG","ID-3604","BANTEN","ID-36","0"
"2021","INDONESIA","ID","SERDANG BEDAGAI","ID-1218","SUMATERA UTARA","ID-12","0"
"2021","INDONESIA","ID","SERUYAN","ID-6207","KALIMANTAN TENGAH","ID-62","223574.7519275211"
"2021","INDONESIA","ID","SIAK","ID-1408","RIAU","ID-14","384998.7723776948"
"2021","INDONESIA","ID","SIDENRENG RAPPANG","ID-7314","SULAWESI SELATAN","ID-73","0"
"2021","INDONESIA","ID","SIDOARJO","ID-3515","JAWA TIMUR","ID-35","0"
"2021","INDONESIA","ID","SIGI","ID-7210","SULAWESI TENGAH","ID-72","0"
"2021","INDONESIA","ID","SIJUNJUNG","ID-1303","SUMATERA BARAT","ID-13","0"
"2021","INDONESIA","ID","SIKKA","ID-5307","NUSA TENGGARA TIMUR","ID-53","0"
"2021","INDONESIA","ID","SIMALUNGUN","ID-1208","SUMATERA UTARA","ID-12","0"
"2021","INDONESIA","ID","SIMEULUE","ID-1109","ACEH","ID-11","0"
"2021","INDONESIA","ID","SINJAI","ID-7307","SULAWESI SELATAN","ID-73","0"
"2021","INDONESIA","ID","SINTANG","ID-6105","KALIMANTAN BARAT","ID-61","65732.36370864959"
"2021","INDONESIA","ID","SITUBONDO","ID-3512","JAWA TIMUR","ID-35","0"
"2021","INDONESIA","ID","SLEMAN","ID-3404","DAERAH ISTIMEWA YOGYAKARTA","ID-34","0"
"2021","INDONESIA","ID","SOLOK","ID-1302","SUMATERA BARAT","ID-13","0"
"2021","INDONESIA","ID","SOLOK SELATAN","ID-1311","SUMATERA BARAT","ID-13","0"
"2021","INDONESIA","ID","SOPPENG","ID-7312","SULAWESI SELATAN","ID-73","0"
"2021","INDONESIA","ID","SORONG","ID-9601","PAPUA BARAT DAYA","ID-96","93838.05414036552"
"2021","INDONESIA","ID","SORONG SELATAN","ID-9602","PAPUA BARAT DAYA","ID-96","254573.5954629692"
"2021","INDONESIA","ID","SRAGEN","ID-3314","JAWA TENGAH","ID-33","0"
"2021","INDONESIA","ID","SUBANG","ID-3213","JAWA BARAT","ID-32","0"
"2021","INDONESIA","ID","SUKABUMI","ID-3202","JAWA BARAT","ID-32","0"
"2021","INDONESIA","ID","SUKAMARA","ID-6208","KALIMANTAN TENGAH","ID-62","49801.13642068545"
"2021","INDONESIA","ID","SUKOHARJO","ID-3311","JAWA TENGAH","ID-33","0"
"2021","INDONESIA","ID","SUMBA BARAT","ID-5312","NUSA TENGGARA TIMUR","ID-53","0"
"2021","INDONESIA","ID","SUMBA BARAT DAYA","ID-5318","NUSA TENGGARA TIMUR","ID-53","0"
"2021","INDONESIA","ID","SUMBA TENGAH","ID-5317","NUSA TENGGARA TIMUR","ID-53","0"
"2021","INDONESIA","ID","SUMBA TIMUR","ID-5311","NUSA TENGGARA TIMUR","ID-53","0"
"2021","INDONESIA","ID","SUMBAWA","ID-5204","NUSA TENGGARA BARAT","ID-52","0"
"2021","INDONESIA","ID","SUMBAWA BARAT","ID-5207","NUSA TENGGARA BARAT","ID-52","0"
"2021","INDONESIA","ID","SUMEDANG","ID-3211","JAWA BARAT","ID-32","0"
"2021","INDONESIA","ID","SUMENEP","ID-3529","JAWA TIMUR","ID-35","0"
"2021","INDONESIA","ID","SUPIORI","ID-9119","PAPUA","ID-91","1681.2885683236836"
"2021","INDONESIA","ID","TABALONG","ID-6309","KALIMANTAN SELATAN","ID-63","9366.28159851501"
"2021","INDONESIA","ID","TABANAN","ID-5102","BALI","ID-51","0"
"2021","INDONESIA","ID","TAKALAR","ID-7305","SULAWESI SELATAN","ID-73","0"
"2021","INDONESIA","ID","TAMBRAUW","ID-9604","PAPUA BARAT DAYA","ID-96","0"
"2021","INDONESIA","ID","TANAH BUMBU","ID-6310","KALIMANTAN SELATAN","ID-63","0"
"2021","INDONESIA","ID","TANAH DATAR","ID-1304","SUMATERA BARAT","ID-13","0"
"2021","INDONESIA","ID","TANAH LAUT","ID-6301","KALIMANTAN SELATAN","ID-63","0"
"2021","INDONESIA","ID","TANA TIDUNG","ID-6504","KALIMANTAN UTARA","ID-65","97929.92607942552"
"2021","INDONESIA","ID","TANA TORAJA","ID-7318","SULAWESI SELATAN","ID-73","0"
"2021","INDONESIA","ID","TANGERANG","ID-3603","BANTEN","ID-36","0"
"2021","INDONESIA","ID","TANGGAMUS","ID-1806","LAMPUNG","ID-18","0"
"2021","INDONESIA","ID","TANJUNG JABUNG BARAT","ID-1506","JAMBI","ID-15","110629.029038218"
"2021","INDONESIA","ID","TANJUNG JABUNG TIMUR","ID-1507","JAMBI","ID-15","153330.26657174778"
"2021","INDONESIA","ID","TAPANULI SELATAN","ID-1203","SUMATERA UTARA","ID-12","18261.797736635577"
"2021","INDONESIA","ID","TAPANULI TENGAH","ID-1201","SUMATERA UTARA","ID-12","11774.693151081216"
"2021","INDONESIA","ID","TAPANULI UTARA","ID-1202","SUMATERA UTARA","ID-12","0"
"2021","INDONESIA","ID","TAPIN","ID-6305","KALIMANTAN SELATAN","ID-63","7567.093948426415"
"2021","INDONESIA","ID","TASIKMALAYA","ID-3206","JAWA BARAT","ID-32","0"
"2021","INDONESIA","ID","TEBO","ID-1509","JAMBI","ID-15","197.2475346170843"
"2021","INDONESIA","ID","TEGAL","ID-3328","JAWA TENGAH","ID-33","0"
"2021","INDONESIA","ID","TELUK BINTUNI","ID-9206","PAPUA BARAT","ID-92","326129.06089021533"
"2021","INDONESIA","ID","TELUK WONDAMA","ID-9207","PAPUA BARAT","ID-92","0"
"2021","INDONESIA","ID","TEMANGGUNG","ID-3323","JAWA TENGAH","ID-33","0"
"2021","INDONESIA","ID","TIMOR TENGAH SELATAN","ID-5302","NUSA TENGGARA TIMUR","ID-53","0"
"2021","INDONESIA","ID","TIMOR TENGAH UTARA","ID-5303","NUSA TENGGARA TIMUR","ID-53","0"
"2021","INDONESIA","ID","TOBA","ID-1212","SUMATERA UTARA","ID-12","0"
"2021","INDONESIA","ID","TOJO UNA UNA","ID-7209","SULAWESI TENGAH","ID-72","209.32670029071667"
"2021","INDONESIA","ID","TOLIKARA","ID-9504","PAPUA PEGUNUNGAN","ID-95","33324.84415361115"
"2021","INDONESIA","ID","TOLI-TOLI","ID-7204","SULAWESI TENGAH","ID-72","1050.3790415448643"
"2021","INDONESIA","ID","TORAJA UTARA","ID-7326","SULAWESI SELATAN","ID-73","0"
"2021","INDONESIA","ID","TRENGGALEK","ID-3503","JAWA TIMUR","ID-35","0"
"2021","INDONESIA","ID","TUBAN","ID-3523","JAWA TIMUR","ID-35","0"
"2021","INDONESIA","ID","TULANG BAWANG","ID-1805","LAMPUNG","ID-18","207.85907915546375"
"2021","INDONESIA","ID","TULANG BAWANG BARAT","ID-1812","LAMPUNG","ID-18","0"
"2021","INDONESIA","ID","TULUNGAGUNG","ID-3504","JAWA TIMUR","ID-35","0"
"2021","INDONESIA","ID","WAJO","ID-7313","SULAWESI SELATAN","ID-73","0"
"2021","INDONESIA","ID","WAKATOBI","ID-7407","SULAWESI TENGGARA","ID-74","0"
"2021","INDONESIA","ID","WAROPEN","ID-9115","PAPUA","ID-91","74637.26598150222"
"2021","INDONESIA","ID","WAY KANAN","ID-1808","LAMPUNG","ID-18","0"
"2021","INDONESIA","ID","WONOGIRI","ID-3312","JAWA TENGAH","ID-33","0"
"2021","INDONESIA","ID","WONOSOBO","ID-3307","JAWA TENGAH","ID-33","0"
"2021","INDONESIA","ID","YAHUKIMO","ID-9503","PAPUA PEGUNUNGAN","ID-95","401.5639098707685"
"2021","INDONESIA","ID","YALIMO","ID-9506","PAPUA PEGUNUNGAN","ID-95","16576.542298267916"
"2022","INDONESIA","ID","ACEH BARAT","ID-1105","ACEH","ID-11","23930.71650964687"
"2022","INDONESIA","ID","ACEH BARAT DAYA","ID-1112","ACEH","ID-11","2473.740237747516"
"2022","INDONESIA","ID","ACEH BESAR","ID-1106","ACEH","ID-11","0"
"2022","INDONESIA","ID","ACEH JAYA","ID-1114","ACEH","ID-11","4571.252837132295"
"2022","INDONESIA","ID","ACEH SELATAN","ID-1101","ACEH","ID-11","48836.71827814446"
"2022","INDONESIA","ID","ACEH SINGKIL","ID-1110","ACEH","ID-11","23738.41615852781"
"2022","INDONESIA","ID","ACEH TAMIANG","ID-1116","ACEH","ID-11","0"
"2022","INDONESIA","ID","ACEH TENGAH","ID-1104","ACEH","ID-11","0"
"2022","INDONESIA","ID","ACEH TENGGARA","ID-1102","ACEH","ID-11","0"
"2022","INDONESIA","ID","ACEH TIMUR","ID-1103","ACEH","ID-11","0"
"2022","INDONESIA","ID","ACEH UTARA","ID-1108","ACEH","ID-11","0"
"2022","INDONESIA","ID","ADMINISTRASI KEPULAUAN SERIBU","ID-3101","DAERAH KHUSUS IBUKOTA JAKARTA","ID-31","0"
"2022","INDONESIA","ID","AGAM","ID-1306","SUMATERA BARAT","ID-13","11138.7587677363"
"2022","INDONESIA","ID","ALOR","ID-5305","NUSA TENGGARA TIMUR","ID-53","0"
"2022","INDONESIA","ID","ASAHAN","ID-1209","SUMATERA UTARA","ID-12","28450.41170211967"
"2022","INDONESIA","ID","ASMAT","ID-9304","PAPUA SELATAN","ID-93","300132.9104511264"
"2022","INDONESIA","ID","BADUNG","ID-5103","BALI","ID-51","0"
"2022","INDONESIA","ID","BALANGAN","ID-6311","KALIMANTAN SELATAN","ID-63","2522.051580087205"
"2022","INDONESIA","ID","BANDUNG","ID-3204","JAWA BARAT","ID-32","0"
"2022","INDONESIA","ID","BANDUNG BARAT","ID-3217","JAWA BARAT","ID-32","0"
"2022","INDONESIA","ID","BANGGAI","ID-7201","SULAWESI TENGAH","ID-72","0"
"2022","INDONESIA","ID","BANGGAI KEPULAUAN","ID-7207","SULAWESI TENGAH","ID-72","0"
"2022","INDONESIA","ID","BANGGAI LAUT","ID-7211","SULAWESI TENGAH","ID-72","0"
"2022","INDONESIA","ID","BANGKA","ID-1901","KEPULAUAN BANGKA BELITUNG","ID-19","473.6416326539059"
"2022","INDONESIA","ID","BANGKA BARAT","ID-1905","KEPULAUAN BANGKA BELITUNG","ID-19","3811.70757007356"
"2022","INDONESIA","ID","BANGKALAN","ID-3526","JAWA TIMUR","ID-35","0"
"2022","INDONESIA","ID","BANGKA SELATAN","ID-1903","KEPULAUAN BANGKA BELITUNG","ID-19","3881.9879420374896"
"2022","INDONESIA","ID","BANGKA TENGAH","ID-1904","KEPULAUAN BANGKA BELITUNG","ID-19","15442.352555941152"
"2022","INDONESIA","ID","BANGLI","ID-5106","BALI","ID-51","0"
"2022","INDONESIA","ID","BANJAR","ID-6303","KALIMANTAN SELATAN","ID-63","2378.5928005565956"
"2022","INDONESIA","ID","BANJARNEGARA","ID-3304","JAWA TENGAH","ID-33","0"
"2022","INDONESIA","ID","BANTAENG","ID-7303","SULAWESI SELATAN","ID-73","0"
"2022","INDONESIA","ID","BANTUL","ID-3402","DAERAH ISTIMEWA YOGYAKARTA","ID-34","0"
"2022","INDONESIA","ID","BANYUASIN","ID-1607","SUMATERA SELATAN","ID-16","191935.43837467028"
"2022","INDONESIA","ID","BANYUMAS","ID-3302","JAWA TENGAH","ID-33","0"
"2022","INDONESIA","ID","BANYUWANGI","ID-3510","JAWA TIMUR","ID-35","0"
"2022","INDONESIA","ID","BARITO KUALA","ID-6304","KALIMANTAN SELATAN","ID-63","0"
"2022","INDONESIA","ID","BARITO SELATAN","ID-6204","KALIMANTAN TENGAH","ID-62","145654.26588574494"
"2022","INDONESIA","ID","BARITO TIMUR","ID-6213","KALIMANTAN TENGAH","ID-62","27427.309635697897"
"2022","INDONESIA","ID","BARITO UTARA","ID-6205","KALIMANTAN TENGAH","ID-62","0"
"2022","INDONESIA","ID","BARRU","ID-7311","SULAWESI SELATAN","ID-73","0"
"2022","INDONESIA","ID","BATANG","ID-3325","JAWA TENGAH","ID-33","0"
"2022","INDONESIA","ID","BATANGHARI","ID-1504","JAMBI","ID-15","0"
"2022","INDONESIA","ID","BATU BARA","ID-1219","SUMATERA UTARA","ID-12","0"
"2022","INDONESIA","ID","BEKASI","ID-3216","JAWA BARAT","ID-32","0"
"2022","INDONESIA","ID","BELITUNG","ID-1902","KEPULAUAN BANGKA BELITUNG","ID-19","0"
"2022","INDONESIA","ID","BELITUNG TIMUR","ID-1906","KEPULAUAN BANGKA BELITUNG","ID-19","714.7465418182478"
"2022","INDONESIA","ID","BELU","ID-5304","NUSA TENGGARA TIMUR","ID-53","0"
"2022","INDONESIA","ID","BENER MERIAH","ID-1117","ACEH","ID-11","0"
"2022","INDONESIA","ID","BENGKALIS","ID-1403","RIAU","ID-14","536291.4438363129"
"2022","INDONESIA","ID","BENGKAYANG","ID-6107","KALIMANTAN BARAT","ID-61","30252.381057345367"
"2022","INDONESIA","ID","BENGKULU SELATAN","ID-1701","BENGKULU","ID-17","0"
"2022","INDONESIA","ID","BENGKULU TENGAH","ID-1709","BENGKULU","ID-17","0"
"2022","INDONESIA","ID","BENGKULU UTARA","ID-1703","BENGKULU","ID-17","0"
"2022","INDONESIA","ID","BERAU","ID-6403","KALIMANTAN TIMUR","ID-64","13708.429222667815"
"2022","INDONESIA","ID","BIAK NUMFOR","ID-9106","PAPUA","ID-91","0"
"2022","INDONESIA","ID","BIMA","ID-5206","NUSA TENGGARA BARAT","ID-52","0"
"2022","INDONESIA","ID","BINTAN","ID-2101","KEPULAUAN RIAU","ID-21","0"
"2022","INDONESIA","ID","BIREUEN","ID-1111","ACEH","ID-11","0"
"2022","INDONESIA","ID","BLITAR","ID-3505","JAWA TIMUR","ID-35","0"
"2022","INDONESIA","ID","BLORA","ID-3316","JAWA TENGAH","ID-33","0"
"2022","INDONESIA","ID","BOALEMO","ID-7502","GORONTALO","ID-75","0"
"2022","INDONESIA","ID","BOGOR","ID-3201","JAWA BARAT","ID-32","0"
"2022","INDONESIA","ID","BOJONEGORO","ID-3522","JAWA TIMUR","ID-35","0"
"2022","INDONESIA","ID","BOLAANG MONGONDOW","ID-7101","SULAWESI UTARA","ID-71","0"
"2022","INDONESIA","ID","BOLAANG MONGONDOW SELATAN","ID-7111","SULAWESI UTARA","ID-71","0"
"2022","INDONESIA","ID","BOLAANG MONGONDOW TIMUR","ID-7110","SULAWESI UTARA","ID-71","0"
"2022","INDONESIA","ID","BOLAANG MONGONDOW UTARA","ID-7108","SULAWESI UTARA","ID-71","0"
"2022","INDONESIA","ID","BOMBANA","ID-7406","SULAWESI TENGGARA","ID-74","0"
"2022","INDONESIA","ID","BONDOWOSO","ID-3511","JAWA TIMUR","ID-35","0"
"2022","INDONESIA","ID","BONE","ID-7308","SULAWESI SELATAN","ID-73","0"
"2022","INDONESIA","ID","BONE BOLANGO","ID-7503","GORONTALO","ID-75","0"
"2022","INDONESIA","ID","BOVEN DIGOEL","ID-9302","PAPUA SELATAN","ID-93","123709.12557806344"
"2022","INDONESIA","ID","BOYOLALI","ID-3309","JAWA TENGAH","ID-33","0"
"2022","INDONESIA","ID","BREBES","ID-3329","JAWA TENGAH","ID-33","0"
"2022","INDONESIA","ID","BULELENG","ID-5108","BALI","ID-51","0"
"2022","INDONESIA","ID","BULUKUMBA","ID-7302","SULAWESI SELATAN","ID-73","0"
"2022","INDONESIA","ID","BULUNGAN","ID-6501","KALIMANTAN UTARA","ID-65","0"
"2022","INDONESIA","ID","BUNGO","ID-1508","JAMBI","ID-15","0"
"2022","INDONESIA","ID","BUOL","ID-7205","SULAWESI TENGAH","ID-72","0"
"2022","INDONESIA","ID","BURU","ID-8104","MALUKU","ID-81","0"
"2022","INDONESIA","ID","BURU SELATAN","ID-8109","MALUKU","ID-81","0"
"2022","INDONESIA","ID","BUTON","ID-7404","SULAWESI TENGGARA","ID-74","0"
"2022","INDONESIA","ID","BUTON SELATAN","ID-7415","SULAWESI TENGGARA","ID-74","0"
"2022","INDONESIA","ID","BUTON TENGAH","ID-7414","SULAWESI TENGGARA","ID-74","0"
"2022","INDONESIA","ID","BUTON UTARA","ID-7410","SULAWESI TENGGARA","ID-74","0"
"2022","INDONESIA","ID","CIAMIS","ID-3207","JAWA BARAT","ID-32","0"
"2022","INDONESIA","ID","CIANJUR","ID-3203","JAWA BARAT","ID-32","0"
"2022","INDONESIA","ID","CILACAP","ID-3301","JAWA TENGAH","ID-33","0"
"2022","INDONESIA","ID","CIREBON","ID-3209","JAWA BARAT","ID-32","0"
"2022","INDONESIA","ID","DAIRI","ID-1211","SUMATERA UTARA","ID-12","0"
"2022","INDONESIA","ID","DEIYAI","ID-9408","PAPUA TENGAH","ID-94","1814.530857682557"
"2022","INDONESIA","ID","DELI SERDANG","ID-1207","SUMATERA UTARA","ID-12","0"
"2022","INDONESIA","ID","DEMAK","ID-3321","JAWA TENGAH","ID-33","0"
"2022","INDONESIA","ID","DHARMASRAYA","ID-1310","SUMATERA BARAT","ID-13","0"
"2022","INDONESIA","ID","DOGIYAI","ID-9406","PAPUA TENGAH","ID-94","3220.9081995370793"
"2022","INDONESIA","ID","DOMPU","ID-5205","NUSA TENGGARA BARAT","ID-52","0"
"2022","INDONESIA","ID","DONGGALA","ID-7203","SULAWESI TENGAH","ID-72","584.3060448679521"
"2022","INDONESIA","ID","EMPAT LAWANG","ID-1611","SUMATERA SELATAN","ID-16","0"
"2022","INDONESIA","ID","ENDE","ID-5308","NUSA TENGGARA TIMUR","ID-53","0"
"2022","INDONESIA","ID","ENREKANG","ID-7316","SULAWESI SELATAN","ID-73","0"
"2022","INDONESIA","ID","FAK FAK","ID-9203","PAPUA BARAT","ID-92","26157.623771776725"
"2022","INDONESIA","ID","FLORES TIMUR","ID-5306","NUSA TENGGARA TIMUR","ID-53","0"
"2022","INDONESIA","ID","GARUT","ID-3205","JAWA BARAT","ID-32","0"
"2022","INDONESIA","ID","GAYO LUES","ID-1113","ACEH","ID-11","0"
"2022","INDONESIA","ID","GIANYAR","ID-5104","BALI","ID-51","0"
"2022","INDONESIA","ID","GORONTALO","ID-7501","GORONTALO","ID-75","0"
"2022","INDONESIA","ID","GORONTALO UTARA","ID-7505","GORONTALO","ID-75","0"
"2022","INDONESIA","ID","GOWA","ID-7306","SULAWESI SELATAN","ID-73","0"
"2022","INDONESIA","ID","GRESIK","ID-3525","JAWA TIMUR","ID-35","0"
"2022","INDONESIA","ID","GROBOGAN","ID-3315","JAWA TENGAH","ID-33","0"
"2022","INDONESIA","ID","GUNUNGKIDUL","ID-3403","DAERAH ISTIMEWA YOGYAKARTA","ID-34","0"
"2022","INDONESIA","ID","GUNUNG MAS","ID-6210","KALIMANTAN TENGAH","ID-62","0"
"2022","INDONESIA","ID","HALMAHERA BARAT","ID-8201","MALUKU UTARA","ID-82","0"
"2022","INDONESIA","ID","HALMAHERA SELATAN","ID-8204","MALUKU UTARA","ID-82","0"
"2022","INDONESIA","ID","HALMAHERA TENGAH","ID-8202","MALUKU UTARA","ID-82","0"
"2022","INDONESIA","ID","HALMAHERA TIMUR","ID-8206","MALUKU UTARA","ID-82","0"
"2022","INDONESIA","ID","HALMAHERA UTARA","ID-8203","MALUKU UTARA","ID-82","0"
"2022","INDONESIA","ID","HULU SUNGAI SELATAN","ID-6306","KALIMANTAN SELATAN","ID-63","2262.5626792109333"
"2022","INDONESIA","ID","HULU SUNGAI TENGAH","ID-6307","KALIMANTAN SELATAN","ID-63","1481.7902570695703"
"2022","INDONESIA","ID","HULU SUNGAI UTARA","ID-6308","KALIMANTAN SELATAN","ID-63","20348.114726988577"
"2022","INDONESIA","ID","HUMBANG HASUNDUTAN","ID-1216","SUMATERA UTARA","ID-12","2969.396288606546"
"2022","INDONESIA","ID","INDRAGIRI HILIR","ID-1404","RIAU","ID-14","718274.4908948487"
"2022","INDONESIA","ID","INDRAGIRI HULU","ID-1402","RIAU","ID-14","200397.77769751896"
"2022","INDONESIA","ID","INDRAMAYU","ID-3212","JAWA BARAT","ID-32","0"
"2022","INDONESIA","ID","INTAN JAYA","ID-9407","PAPUA TENGAH","ID-94","1119.980361464453"
"2022","INDONESIA","ID","JAYAPURA","ID-9103","PAPUA","ID-91","25646.883561012397"
"2022","INDONESIA","ID","JAYAWIJAYA","ID-9501","PAPUA PEGUNUNGAN","ID-95","0"
"2022","INDONESIA","ID","JEMBER","ID-3509","JAWA TIMUR","ID-35","0"
"2022","INDONESIA","ID","JEMBRANA","ID-5101","BALI","ID-51","0"
"2022","INDONESIA","ID","JENEPONTO","ID-7304","SULAWESI SELATAN","ID-73","0"
"2022","INDONESIA","ID","JEPARA","ID-3320","JAWA TENGAH","ID-33","0"
"2022","INDONESIA","ID","JOMBANG","ID-3517","JAWA TIMUR","ID-35","0"
"2022","INDONESIA","ID","KAIMANA","ID-9208","PAPUA BARAT","ID-92","86265.34616287949"
"2022","INDONESIA","ID","KAMPAR","ID-1401","RIAU","ID-14","92946.42451525282"
"2022","INDONESIA","ID","KAPUAS","ID-6203","KALIMANTAN TENGAH","ID-62","303700.54693519877"
"2022","INDONESIA","ID","KAPUAS HULU","ID-6106","KALIMANTAN BARAT","ID-61","244173.1306161445"
"2022","INDONESIA","ID","KARANGANYAR","ID-3313","JAWA TENGAH","ID-33","0"
"2022","INDONESIA","ID","KARANGASEM","ID-5107","BALI","ID-51","0"
"2022","INDONESIA","ID","KARAWANG","ID-3215","JAWA BARAT","ID-32","0"
"2022","INDONESIA","ID","KARIMUN","ID-2102","KEPULAUAN RIAU","ID-21","3592.288924627867"
"2022","INDONESIA","ID","KARO","ID-1206","SUMATERA UTARA","ID-12","0"
"2022","INDONESIA","ID","KATINGAN","ID-6206","KALIMANTAN TENGAH","ID-62","565768.5126757957"
"2022","INDONESIA","ID","KAUR","ID-1704","BENGKULU","ID-17","0"
"2022","INDONESIA","ID","KAYONG UTARA","ID-6111","KALIMANTAN BARAT","ID-61","132131.08752515668"
"2022","INDONESIA","ID","KEBUMEN","ID-3305","JAWA TENGAH","ID-33","0"
"2022","INDONESIA","ID","KEDIRI","ID-3506","JAWA TIMUR","ID-35","0"
"2022","INDONESIA","ID","KEEROM","ID-9111","PAPUA","ID-91","600.2167148364724"
"2022","INDONESIA","ID","KENDAL","ID-3324","JAWA TENGAH","ID-33","0"
"2022","INDONESIA","ID","KEPAHIANG","ID-1708","BENGKULU","ID-17","0"
"2022","INDONESIA","ID","KEP. SIAU TAGULANDANG BIARO","ID-7109","SULAWESI UTARA","ID-71","0"
"2022","INDONESIA","ID","KEPULAUAN ANAMBAS","ID-2105","KEPULAUAN RIAU","ID-21","0"
"2022","INDONESIA","ID","KEPULAUAN ARU","ID-8107","MALUKU","ID-81","0"
"2022","INDONESIA","ID","KEPULAUAN MENTAWAI","ID-1309","SUMATERA BARAT","ID-13","0"
"2022","INDONESIA","ID","KEPULAUAN MERANTI","ID-1410","RIAU","ID-14","301248.0443852444"
"2022","INDONESIA","ID","KEPULAUAN SANGIHE","ID-7103","SULAWESI UTARA","ID-71","0"
"2022","INDONESIA","ID","KEPULAUAN SELAYAR","ID-7301","SULAWESI SELATAN","ID-73","0"
"2022","INDONESIA","ID","KEPULAUAN SULA","ID-8205","MALUKU UTARA","ID-82","0"
"2022","INDONESIA","ID","KEPULAUAN TALAUD","ID-7104","SULAWESI UTARA","ID-71","0"
"2022","INDONESIA","ID","KEPULAUAN TANIMBAR","ID-8103","MALUKU","ID-81","0"
"2022","INDONESIA","ID","KEPULAUAN YAPEN","ID-9105","PAPUA","ID-91","613.4908850339178"
"2022","INDONESIA","ID","KERINCI","ID-1501","JAMBI","ID-15","4202.8736435119645"
"2022","INDONESIA","ID","KETAPANG","ID-6104","KALIMANTAN BARAT","ID-61","261272.708776481"
"2022","INDONESIA","ID","KLATEN","ID-3310","JAWA TENGAH","ID-33","0"
"2022","INDONESIA","ID","KLUNGKUNG","ID-5105","BALI","ID-51","0"
"2022","INDONESIA","ID","KOLAKA","ID-7401","SULAWESI TENGGARA","ID-74","0"
"2022","INDONESIA","ID","KOLAKA TIMUR","ID-7411","SULAWESI TENGGARA","ID-74","0"
"2022","INDONESIA","ID","KOLAKA UTARA","ID-7408","SULAWESI TENGGARA","ID-74","0"
"2022","INDONESIA","ID","KONAWE","ID-7402","SULAWESI TENGGARA","ID-74","0"
"2022","INDONESIA","ID","KONAWE KEPULAUAN","ID-7412","SULAWESI TENGGARA","ID-74","0"
"2022","INDONESIA","ID","KONAWE SELATAN","ID-7405","SULAWESI TENGGARA","ID-74","0"
"2022","INDONESIA","ID","KONAWE UTARA","ID-7409","SULAWESI TENGGARA","ID-74","0"
"2022","INDONESIA","ID","KOTA ADMINISTRASI JAKARTA BARAT","ID-3173","DAERAH KHUSUS IBUKOTA JAKARTA","ID-31","0"
"2022","INDONESIA","ID","KOTA ADMINISTRASI JAKARTA PUSAT","ID-3171","DAERAH KHUSUS IBUKOTA JAKARTA","ID-31","0"
"2022","INDONESIA","ID","KOTA ADMINISTRASI JAKARTA SELATAN","ID-3174","DAERAH KHUSUS IBUKOTA JAKARTA","ID-31","0"
"2022","INDONESIA","ID","KOTA ADMINISTRASI JAKARTA TIMUR","ID-3175","DAERAH KHUSUS IBUKOTA JAKARTA","ID-31","0"
"2022","INDONESIA","ID","KOTA ADMINISTRASI JAKARTA UTARA","ID-3172","DAERAH KHUSUS IBUKOTA JAKARTA","ID-31","0"
"2022","INDONESIA","ID","KOTA AMBON","ID-8171","MALUKU","ID-81","0"
"2022","INDONESIA","ID","KOTA BALIKPAPAN","ID-6471","KALIMANTAN TIMUR","ID-64","0"
"2022","INDONESIA","ID","KOTA BANDA ACEH","ID-1171","ACEH","ID-11","0"
"2022","INDONESIA","ID","KOTA BANDAR LAMPUNG","ID-1871","LAMPUNG","ID-18","0"
"2022","INDONESIA","ID","KOTA BANDUNG","ID-3273","JAWA BARAT","ID-32","0"
"2022","INDONESIA","ID","KOTA BANJAR","ID-3279","JAWA BARAT","ID-32","0"
"2022","INDONESIA","ID","KOTA BANJARBARU","ID-6372","KALIMANTAN SELATAN","ID-63","0"
"2022","INDONESIA","ID","KOTA BANJARMASIN","ID-6371","KALIMANTAN SELATAN","ID-63","0"
"2022","INDONESIA","ID","KOTABARU","ID-6302","KALIMANTAN SELATAN","ID-63","0"
"2022","INDONESIA","ID","KOTA BATAM","ID-2171","KEPULAUAN RIAU","ID-21","0"
"2022","INDONESIA","ID","KOTA BATU","ID-3579","JAWA TIMUR","ID-35","0"
"2022","INDONESIA","ID","KOTA BAU BAU","ID-7472","SULAWESI TENGGARA","ID-74","0"
"2022","INDONESIA","ID","KOTA BEKASI","ID-3275","JAWA BARAT","ID-32","0"
"2022","INDONESIA","ID","KOTA BENGKULU","ID-1771","BENGKULU","ID-17","0"
"2022","INDONESIA","ID","KOTA BIMA","ID-5272","NUSA TENGGARA BARAT","ID-52","0"
"2022","INDONESIA","ID","KOTA BINJAI","ID-1275","SUMATERA UTARA","ID-12","0"
"2022","INDONESIA","ID","KOTA BITUNG","ID-7172","SULAWESI UTARA","ID-71","0"
"2022","INDONESIA","ID","KOTA BLITAR","ID-3572","JAWA TIMUR","ID-35","0"
"2022","INDONESIA","ID","KOTA BOGOR","ID-3271","JAWA BARAT","ID-32","0"
"2022","INDONESIA","ID","KOTA BONTANG","ID-6474","KALIMANTAN TIMUR","ID-64","0"
"2022","INDONESIA","ID","KOTA BUKITTINGGI","ID-1375","SUMATERA BARAT","ID-13","0"
"2022","INDONESIA","ID","KOTA CILEGON","ID-3672","BANTEN","ID-36","0"
"2022","INDONESIA","ID","KOTA CIMAHI","ID-3277","JAWA BARAT","ID-32","0"
"2022","INDONESIA","ID","KOTA CIREBON","ID-3274","JAWA BARAT","ID-32","0"
"2022","INDONESIA","ID","KOTA DENPASAR","ID-5171","BALI","ID-51","0"
"2022","INDONESIA","ID","KOTA DEPOK","ID-3276","JAWA BARAT","ID-32","0"
"2022","INDONESIA","ID","KOTA DUMAI","ID-1472","RIAU","ID-14","135283.1805850815"
"2022","INDONESIA","ID","KOTA GORONTALO","ID-7571","GORONTALO","ID-75","0"
"2022","INDONESIA","ID","KOTA GUNUNGSITOLI","ID-1278","SUMATERA UTARA","ID-12","0"
"2022","INDONESIA","ID","KOTA JAMBI","ID-1571","JAMBI","ID-15","0"
"2022","INDONESIA","ID","KOTA JAYAPURA","ID-9171","PAPUA","ID-91","460.8569889148686"
"2022","INDONESIA","ID","KOTA KEDIRI","ID-3571","JAWA TIMUR","ID-35","0"
"2022","INDONESIA","ID","KOTA KENDARI","ID-7471","SULAWESI TENGGARA","ID-74","0"
"2022","INDONESIA","ID","KOTA KOTAMOBAGU","ID-7174","SULAWESI UTARA","ID-71","0"
"2022","INDONESIA","ID","KOTA KUPANG","ID-5371","NUSA TENGGARA TIMUR","ID-53","0"
"2022","INDONESIA","ID","KOTA LANGSA","ID-1174","ACEH","ID-11","0"
"2022","INDONESIA","ID","KOTA LHOKSEUMAWE","ID-1173","ACEH","ID-11","0"
"2022","INDONESIA","ID","KOTA LUBUK LINGGAU","ID-1673","SUMATERA SELATAN","ID-16","0"
"2022","INDONESIA","ID","KOTA MADIUN","ID-3577","JAWA TIMUR","ID-35","0"
"2022","INDONESIA","ID","KOTA MAGELANG","ID-3371","JAWA TENGAH","ID-33","0"
"2022","INDONESIA","ID","KOTA MAKASSAR","ID-7371","SULAWESI SELATAN","ID-73","0"
"2022","INDONESIA","ID","KOTA MALANG","ID-3573","JAWA TIMUR","ID-35","0"
"2022","INDONESIA","ID","KOTA MANADO","ID-7171","SULAWESI UTARA","ID-71","0"
"2022","INDONESIA","ID","KOTA MATARAM","ID-5271","NUSA TENGGARA BARAT","ID-52","0"
"2022","INDONESIA","ID","KOTA MEDAN","ID-1271","SUMATERA UTARA","ID-12","0"
"2022","INDONESIA","ID","KOTA METRO","ID-1872","LAMPUNG","ID-18","0"
"2022","INDONESIA","ID","KOTA MOJOKERTO","ID-3576","JAWA TIMUR","ID-35","0"
"2022","INDONESIA","ID","KOTA PADANG","ID-1371","SUMATERA BARAT","ID-13","0"
"2022","INDONESIA","ID","KOTA PADANG PANJANG","ID-1374","SUMATERA BARAT","ID-13","0"
"2022","INDONESIA","ID","KOTA PADANGSIDIMPUAN","ID-1277","SUMATERA UTARA","ID-12","0"
"2022","INDONESIA","ID","KOTA PAGAR ALAM","ID-1672","SUMATERA SELATAN","ID-16","0"
"2022","INDONESIA","ID","KOTA PALANGKARAYA","ID-6271","KALIMANTAN TENGAH","ID-62","115584.75184339315"
"2022","INDONESIA","ID","KOTA PALEMBANG","ID-1671","SUMATERA SELATAN","ID-16","0"
"2022","INDONESIA","ID","KOTA PALOPO","ID-7373","SULAWESI SELATAN","ID-73","0"
"2022","INDONESIA","ID","KOTA PALU","ID-7271","SULAWESI TENGAH","ID-72","0"
"2022","INDONESIA","ID","KOTA PANGKAL PINANG","ID-1971","KEPULAUAN BANGKA BELITUNG","ID-19","0"
"2022","INDONESIA","ID","KOTA PAREPARE","ID-7372","SULAWESI SELATAN","ID-73","0"
"2022","INDONESIA","ID","KOTA PARIAMAN","ID-1377","SUMATERA BARAT","ID-13","0"
"2022","INDONESIA","ID","KOTA PASURUAN","ID-3575","JAWA TIMUR","ID-35","0"
"2022","INDONESIA","ID","KOTA PAYAKUMBUH","ID-1376","SUMATERA BARAT","ID-13","0"
"2022","INDONESIA","ID","KOTA PEKALONGAN","ID-3375","JAWA TENGAH","ID-33","0"
"2022","INDONESIA","ID","KOTA PEKANBARU","ID-1471","RIAU","ID-14","5511.351383662669"
"2022","INDONESIA","ID","KOTA PEMATANGSIANTAR","ID-1272","SUMATERA UTARA","ID-12","0"
"2022","INDONESIA","ID","KOTA PONTIANAK","ID-6171","KALIMANTAN BARAT","ID-61","4303.5655180525455"
"2022","INDONESIA","ID","KOTA PRABUMULIH","ID-1674","SUMATERA SELATAN","ID-16","0"
"2022","INDONESIA","ID","KOTA PROBOLINGGO","ID-3574","JAWA TIMUR","ID-35","0"
"2022","INDONESIA","ID","KOTA SABANG","ID-1172","ACEH","ID-11","0"
"2022","INDONESIA","ID","KOTA SALATIGA","ID-3373","JAWA TENGAH","ID-33","0"
"2022","INDONESIA","ID","KOTA SAMARINDA","ID-6472","KALIMANTAN TIMUR","ID-64","0"
"2022","INDONESIA","ID","KOTA SAWAHLUNTO","ID-1373","SUMATERA BARAT","ID-13","0"
"2022","INDONESIA","ID","KOTA SEMARANG","ID-3374","JAWA TENGAH","ID-33","0"
"2022","INDONESIA","ID","KOTA SERANG","ID-3673","BANTEN","ID-36","0"
"2022","INDONESIA","ID","KOTA SIBOLGA","ID-1273","SUMATERA UTARA","ID-12","0"
"2022","INDONESIA","ID","KOTA SINGKAWANG","ID-6172","KALIMANTAN BARAT","ID-61","3955.576711656947"
"2022","INDONESIA","ID","KOTA SOLOK","ID-1372","SUMATERA BARAT","ID-13","0"
"2022","INDONESIA","ID","KOTA SORONG","ID-9671","PAPUA BARAT DAYA","ID-96","0"
"2022","INDONESIA","ID","KOTA SUBULUSSALAM","ID-1175","ACEH","ID-11","3927.526711787974"
"2022","INDONESIA","ID","KOTA SUKABUMI","ID-3272","JAWA BARAT","ID-32","0"
"2022","INDONESIA","ID","KOTA SUNGAI PENUH","ID-1572","JAMBI","ID-15","578.8773354669264"
"2022","INDONESIA","ID","KOTA SURABAYA","ID-3578","JAWA TIMUR","ID-35","0"
"2022","INDONESIA","ID","KOTA SURAKARTA","ID-3372","JAWA TENGAH","ID-33","0"
"2022","INDONESIA","ID","KOTA TANGERANG","ID-3671","BANTEN","ID-36","0"
"2022","INDONESIA","ID","KOTA TANGERANG SELATAN","ID-3674","BANTEN","ID-36","0"
"2022","INDONESIA","ID","KOTA TANJUNGBALAI","ID-1274","SUMATERA UTARA","ID-12","0"
"2022","INDONESIA","ID","KOTA TANJUNG PINANG","ID-2172","KEPULAUAN RIAU","ID-21","0"
"2022","INDONESIA","ID","KOTA TARAKAN","ID-6571","KALIMANTAN UTARA","ID-65","3215.5865865918304"
"2022","INDONESIA","ID","KOTA TASIKMALAYA","ID-3278","JAWA BARAT","ID-32","0"
"2022","INDONESIA","ID","KOTA TEBING TINGGI","ID-1276","SUMATERA UTARA","ID-12","0"
"2022","INDONESIA","ID","KOTA TEGAL","ID-3376","JAWA TENGAH","ID-33","0"
"2022","INDONESIA","ID","KOTA TERNATE","ID-8271","MALUKU UTARA","ID-82","0"
"2022","INDONESIA","ID","KOTA TIDORE KEPULAUAN","ID-8272","MALUKU UTARA","ID-82","0"
"2022","INDONESIA","ID","KOTA TOMOHON","ID-7173","SULAWESI UTARA","ID-71","0"
"2022","INDONESIA","ID","KOTA TUAL","ID-8172","MALUKU","ID-81","0"
"2022","INDONESIA","ID","KOTAWARINGIN BARAT","ID-6201","KALIMANTAN TENGAH","ID-62","257892.80736691543"
"2022","INDONESIA","ID","KOTAWARINGIN TIMUR","ID-6202","KALIMANTAN TENGAH","ID-62","275227.77356167"
"2022","INDONESIA","ID","KOTA YOGYAKARTA","ID-3471","DAERAH ISTIMEWA YOGYAKARTA","ID-34","0"
"2022","INDONESIA","ID","KUANTAN SINGINGI","ID-1409","RIAU","ID-14","0"
"2022","INDONESIA","ID","KUBU RAYA","ID-6112","KALIMANTAN BARAT","ID-61","515393.5569979219"
"2022","INDONESIA","ID","KUDUS","ID-3319","JAWA TENGAH","ID-33","0"
"2022","INDONESIA","ID","KULON PROGO","ID-3401","DAERAH ISTIMEWA YOGYAKARTA","ID-34","0"
"2022","INDONESIA","ID","KUNINGAN","ID-3208","JAWA BARAT","ID-32","0"
"2022","INDONESIA","ID","KUPANG","ID-5301","NUSA TENGGARA TIMUR","ID-53","0"
"2022","INDONESIA","ID","KUTAI BARAT","ID-6407","KALIMANTAN TIMUR","ID-64","24592.681700819263"
"2022","INDONESIA","ID","KUTAI KARTANEGARA","ID-6402","KALIMANTAN TIMUR","ID-64","141374.38267315438"
"2022","INDONESIA","ID","KUTAI TIMUR","ID-6408","KALIMANTAN TIMUR","ID-64","1900.9224878902603"
"2022","INDONESIA","ID","LABUHANBATU","ID-1210","SUMATERA UTARA","ID-12","108488.01983083058"
"2022","INDONESIA","ID","LABUHANBATU SELATAN","ID-1222","SUMATERA UTARA","ID-12","41721.96056818482"
"2022","INDONESIA","ID","LABUHANBATU UTARA","ID-1223","SUMATERA UTARA","ID-12","76568.09443976663"
"2022","INDONESIA","ID","LAHAT","ID-1604","SUMATERA SELATAN","ID-16","0"
"2022","INDONESIA","ID","LAMANDAU","ID-6209","KALIMANTAN TENGAH","ID-62","567.4440697236604"
"2022","INDONESIA","ID","LAMONGAN","ID-3524","JAWA TIMUR","ID-35","0"
"2022","INDONESIA","ID","LAMPUNG BARAT","ID-1804","LAMPUNG","ID-18","0"
"2022","INDONESIA","ID","LAMPUNG SELATAN","ID-1801","LAMPUNG","ID-18","0"
"2022","INDONESIA","ID","LAMPUNG TENGAH","ID-1802","LAMPUNG","ID-18","0"
"2022","INDONESIA","ID","LAMPUNG TIMUR","ID-1807","LAMPUNG","ID-18","0"
"2022","INDONESIA","ID","LAMPUNG UTARA","ID-1803","LAMPUNG","ID-18","0"
"2022","INDONESIA","ID","LANDAK","ID-6108","KALIMANTAN BARAT","ID-61","43600.46431762313"
"2022","INDONESIA","ID","LANGKAT","ID-1205","SUMATERA UTARA","ID-12","0"
"2022","INDONESIA","ID","LANNY JAYA","ID-9507","PAPUA PEGUNUNGAN","ID-95","0"
"2022","INDONESIA","ID","LEBAK","ID-3602","BANTEN","ID-36","0"
"2022","INDONESIA","ID","LEBONG","ID-1707","BENGKULU","ID-17","0"
"2022","INDONESIA","ID","LEMBATA","ID-5313","NUSA TENGGARA TIMUR","ID-53","0"
"2022","INDONESIA","ID","LIMA PULUH KOTA","ID-1307","SUMATERA BARAT","ID-13","0"
"2022","INDONESIA","ID","LINGGA","ID-2104","KEPULAUAN RIAU","ID-21","0"
"2022","INDONESIA","ID","LOMBOK BARAT","ID-5201","NUSA TENGGARA BARAT","ID-52","0"
"2022","INDONESIA","ID","LOMBOK TENGAH","ID-5202","NUSA TENGGARA BARAT","ID-52","0"
"2022","INDONESIA","ID","LOMBOK TIMUR","ID-5203","NUSA TENGGARA BARAT","ID-52","0"
"2022","INDONESIA","ID","LOMBOK UTARA","ID-5208","NUSA TENGGARA BARAT","ID-52","0"
"2022","INDONESIA","ID","LUMAJANG","ID-3508","JAWA TIMUR","ID-35","0"
"2022","INDONESIA","ID","LUWU","ID-7317","SULAWESI SELATAN","ID-73","0"
"2022","INDONESIA","ID","LUWU TIMUR","ID-7324","SULAWESI SELATAN","ID-73","0"
"2022","INDONESIA","ID","LUWU UTARA","ID-7322","SULAWESI SELATAN","ID-73","0"
"2022","INDONESIA","ID","MADIUN","ID-3519","JAWA TIMUR","ID-35","0"
"2022","INDONESIA","ID","MAGELANG","ID-3308","JAWA TENGAH","ID-33","0"
"2022","INDONESIA","ID","MAGETAN","ID-3520","JAWA TIMUR","ID-35","0"
"2022","INDONESIA","ID","MAHAKAM ULU","ID-6411","KALIMANTAN TIMUR","ID-64","0"
"2022","INDONESIA","ID","MAJALENGKA","ID-3210","JAWA BARAT","ID-32","0"
"2022","INDONESIA","ID","MAJENE","ID-7605","SULAWESI BARAT","ID-76","0"
"2022","INDONESIA","ID","MALAKA","ID-5321","NUSA TENGGARA TIMUR","ID-53","0"
"2022","INDONESIA","ID","MALANG","ID-3507","JAWA TIMUR","ID-35","0"
"2022","INDONESIA","ID","MALINAU","ID-6502","KALIMANTAN UTARA","ID-65","0"
"2022","INDONESIA","ID","MALUKU BARAT DAYA","ID-8108","MALUKU","ID-81","0"
"2022","INDONESIA","ID","MALUKU TENGAH","ID-8101","MALUKU","ID-81","0"
"2022","INDONESIA","ID","MALUKU TENGGARA","ID-8102","MALUKU","ID-81","0"
"2022","INDONESIA","ID","MAMASA","ID-7603","SULAWESI BARAT","ID-76","0"
"2022","INDONESIA","ID","MAMBERAMO RAYA","ID-9120","PAPUA","ID-91","442552.123923047"
"2022","INDONESIA","ID","MAMBERAMO TENGAH","ID-9505","PAPUA PEGUNUNGAN","ID-95","35800.25921926981"
"2022","INDONESIA","ID","MAMUJU","ID-7602","SULAWESI BARAT","ID-76","3545.815901686274"
"2022","INDONESIA","ID","MAMUJU TENGAH","ID-7606","SULAWESI BARAT","ID-76","5285.072693359358"
"2022","INDONESIA","ID","MANDAILING NATAL","ID-1213","SUMATERA UTARA","ID-12","29834.00592307882"
"2022","INDONESIA","ID","MANGGARAI","ID-5310","NUSA TENGGARA TIMUR","ID-53","0"
"2022","INDONESIA","ID","MANGGARAI BARAT","ID-5315","NUSA TENGGARA TIMUR","ID-53","0"
"2022","INDONESIA","ID","MANGGARAI TIMUR","ID-5319","NUSA TENGGARA TIMUR","ID-53","0"
"2022","INDONESIA","ID","MANOKWARI","ID-9202","PAPUA BARAT","ID-92","736.1033616750423"
"2022","INDONESIA","ID","MANOKWARI SELATAN","ID-9211","PAPUA BARAT","ID-92","0"
"2022","INDONESIA","ID","MAPPI","ID-9303","PAPUA SELATAN","ID-93","389505.5393037975"
"2022","INDONESIA","ID","MAROS","ID-7309","SULAWESI SELATAN","ID-73","0"
"2022","INDONESIA","ID","MAYBRAT","ID-9605","PAPUA BARAT DAYA","ID-96","1388.526419036897"
"2022","INDONESIA","ID","MELAWI","ID-6110","KALIMANTAN BARAT","ID-61","5680.5208547236425"
"2022","INDONESIA","ID","MEMPAWAH","ID-6102","KALIMANTAN BARAT","ID-61","72099.70347832156"
"2022","INDONESIA","ID","MERANGIN","ID-1502","JAMBI","ID-15","1095.9816128019445"
"2022","INDONESIA","ID","MERAUKE","ID-9301","PAPUA SELATAN","ID-93","13749.381393167669"
"2022","INDONESIA","ID","MESUJI","ID-1811","LAMPUNG","ID-18","21276.10784578186"
"2022","INDONESIA","ID","MIMIKA","ID-9404","PAPUA TENGAH","ID-94","264013.68736623693"
"2022","INDONESIA","ID","MINAHASA","ID-7102","SULAWESI UTARA","ID-71","0"
"2022","INDONESIA","ID","MINAHASA SELATAN","ID-7105","SULAWESI UTARA","ID-71","0"
"2022","INDONESIA","ID","MINAHASA TENGGARA","ID-7107","SULAWESI UTARA","ID-71","0"
"2022","INDONESIA","ID","MINAHASA UTARA","ID-7106","SULAWESI UTARA","ID-71","0"
"2022","INDONESIA","ID","MOJOKERTO","ID-3516","JAWA TIMUR","ID-35","0"
"2022","INDONESIA","ID","MOROWALI","ID-7206","SULAWESI TENGAH","ID-72","0"
"2022","INDONESIA","ID","MOROWALI UTARA","ID-7212","SULAWESI TENGAH","ID-72","6304.367176886164"
"2022","INDONESIA","ID","MUARA ENIM","ID-1603","SUMATERA SELATAN","ID-16","20151.41111660912"
"2022","INDONESIA","ID","MUARO JAMBI","ID-1505","JAMBI","ID-15","189704.4234511261"
"2022","INDONESIA","ID","MUKOMUKO","ID-1706","BENGKULU","ID-17","6264.5721966112515"
"2022","INDONESIA","ID","MUNA","ID-7403","SULAWESI TENGGARA","ID-74","0"
"2022","INDONESIA","ID","MUNA BARAT","ID-7413","SULAWESI TENGGARA","ID-74","0"
"2022","INDONESIA","ID","MURUNG RAYA","ID-6212","KALIMANTAN TENGAH","ID-62","0"
"2022","INDONESIA","ID","MUSI BANYUASIN","ID-1606","SUMATERA SELATAN","ID-16","239727.17065908105"
"2022","INDONESIA","ID","MUSI RAWAS","ID-1605","SUMATERA SELATAN","ID-16","3916.980157950604"
"2022","INDONESIA","ID","MUSI RAWAS UTARA","ID-1613","SUMATERA SELATAN","ID-16","34018.14215503354"
"2022","INDONESIA","ID","NABIRE","ID-9401","PAPUA TENGAH","ID-94","149908.774751419"
"2022","INDONESIA","ID","NAGAN RAYA","ID-1115","ACEH","ID-11","42450.63515054629"
"2022","INDONESIA","ID","NAGEKEO","ID-5316","NUSA TENGGARA TIMUR","ID-53","0"
"2022","INDONESIA","ID","NATUNA","ID-2103","KEPULAUAN RIAU","ID-21","0"
"2022","INDONESIA","ID","NDUGA","ID-9508","PAPUA PEGUNUNGAN","ID-95","0"
"2022","INDONESIA","ID","NGADA","ID-5309","NUSA TENGGARA TIMUR","ID-53","0"
"2022","INDONESIA","ID","NGANJUK","ID-3518","JAWA TIMUR","ID-35","0"
"2022","INDONESIA","ID","NGAWI","ID-3521","JAWA TIMUR","ID-35","0"
"2022","INDONESIA","ID","NIAS","ID-1204","SUMATERA UTARA","ID-12","5662.897701149103"
"2022","INDONESIA","ID","NIAS BARAT","ID-1225","SUMATERA UTARA","ID-12","0"
"2022","INDONESIA","ID","NIAS SELATAN","ID-1214","SUMATERA UTARA","ID-12","0"
"2022","INDONESIA","ID","NIAS UTARA","ID-1224","SUMATERA UTARA","ID-12","5951.283636352389"
"2022","INDONESIA","ID","NUNUKAN","ID-6503","KALIMANTAN UTARA","ID-65","115484.64590309486"
"2022","INDONESIA","ID","OGAN ILIR","ID-1610","SUMATERA SELATAN","ID-16","0"
"2022","INDONESIA","ID","OGAN KOMERING ILIR","ID-1602","SUMATERA SELATAN","ID-16","598608.8269867621"
"2022","INDONESIA","ID","OGAN KOMERING ULU","ID-1601","SUMATERA SELATAN","ID-16","0"
"2022","INDONESIA","ID","OGAN KOMERING ULU SELATAN","ID-1609","SUMATERA SELATAN","ID-16","0"
"2022","INDONESIA","ID","OGAN KOMERING ULU TIMUR","ID-1608","SUMATERA SELATAN","ID-16","0"
"2022","INDONESIA","ID","PACITAN","ID-3501","JAWA TIMUR","ID-35","0"
"2022","INDONESIA","ID","PADANG LAWAS","ID-1221","SUMATERA UTARA","ID-12","0"
"2022","INDONESIA","ID","PADANG LAWAS UTARA","ID-1220","SUMATERA UTARA","ID-12","0"
"2022","INDONESIA","ID","PADANG PARIAMAN","ID-1305","SUMATERA BARAT","ID-13","0"
"2022","INDONESIA","ID","PAKPAK BHARAT","ID-1215","SUMATERA UTARA","ID-12","0"
"2022","INDONESIA","ID","PAMEKASAN","ID-3528","JAWA TIMUR","ID-35","0"
"2022","INDONESIA","ID","PANDEGLANG","ID-3601","BANTEN","ID-36","0"
"2022","INDONESIA","ID","PANGANDARAN","ID-3218","JAWA BARAT","ID-32","0"
"2022","INDONESIA","ID","PANGKAJENE DAN KEPULAUAN","ID-7310","SULAWESI SELATAN","ID-73","0"
"2022","INDONESIA","ID","PANIAI","ID-9403","PAPUA TENGAH","ID-94","9634.833036763215"
"2022","INDONESIA","ID","PARIGI MOUTONG","ID-7208","SULAWESI TENGAH","ID-72","0"
"2022","INDONESIA","ID","PASAMAN","ID-1308","SUMATERA BARAT","ID-13","0"
"2022","INDONESIA","ID","PASAMAN BARAT","ID-1312","SUMATERA BARAT","ID-13","34098.13111174724"
"2022","INDONESIA","ID","PASANGKAYU","ID-7601","SULAWESI BARAT","ID-76","7635.402149826805"
"2022","INDONESIA","ID","PASER","ID-6401","KALIMANTAN TIMUR","ID-64","0"
"2022","INDONESIA","ID","PASURUAN","ID-3514","JAWA TIMUR","ID-35","0"
"2022","INDONESIA","ID","PATI","ID-3318","JAWA TENGAH","ID-33","0"
"2022","INDONESIA","ID","PEGUNUNGAN ARFAK","ID-9212","PAPUA BARAT","ID-92","0"
"2022","INDONESIA","ID","PEGUNUNGAN BINTANG","ID-9502","PAPUA PEGUNUNGAN","ID-95","0"
"2022","INDONESIA","ID","PEKALONGAN","ID-3326","JAWA TENGAH","ID-33","0"
"2022","INDONESIA","ID","PELALAWAN","ID-1405","RIAU","ID-14","710910.0372718292"
"2022","INDONESIA","ID","PEMALANG","ID-3327","JAWA TENGAH","ID-33","0"
"2022","INDONESIA","ID","PENAJAM PASER UTARA","ID-6409","KALIMANTAN TIMUR","ID-64","0"
"2022","INDONESIA","ID","PENUKAL ABAB LEMATANG ILIR","ID-1612","SUMATERA SELATAN","ID-16","27355.532538448617"
"2022","INDONESIA","ID","PESAWARAN","ID-1809","LAMPUNG","ID-18","0"
"2022","INDONESIA","ID","PESISIR BARAT","ID-1813","LAMPUNG","ID-18","0"
"2022","INDONESIA","ID","PESISIR SELATAN","ID-1301","SUMATERA BARAT","ID-13","79815.33095244573"
"2022","INDONESIA","ID","PIDIE","ID-1107","ACEH","ID-11","0"
"2022","INDONESIA","ID","PIDIE JAYA","ID-1118","ACEH","ID-11","0"
"2022","INDONESIA","ID","PINRANG","ID-7315","SULAWESI SELATAN","ID-73","0"
"2022","INDONESIA","ID","POHUWATO","ID-7504","GORONTALO","ID-75","0"
"2022","INDONESIA","ID","POLEWALI MANDAR","ID-7604","SULAWESI BARAT","ID-76","0"
"2022","INDONESIA","ID","PONOROGO","ID-3502","JAWA TIMUR","ID-35","0"
"2022","INDONESIA","ID","POSO","ID-7202","SULAWESI TENGAH","ID-72","0"
"2022","INDONESIA","ID","PRINGSEWU","ID-1810","LAMPUNG","ID-18","0"
"2022","INDONESIA","ID","PROBOLINGGO","ID-3513","JAWA TIMUR","ID-35","0"
"2022","INDONESIA","ID","PULANG PISAU","ID-6211","KALIMANTAN TENGAH","ID-62","583408.1448228676"
"2022","INDONESIA","ID","PULAU MOROTAI","ID-8207","MALUKU UTARA","ID-82","0"
"2022","INDONESIA","ID","PULAU TALIABU","ID-8208","MALUKU UTARA","ID-82","0"
"2022","INDONESIA","ID","PUNCAK","ID-9405","PAPUA TENGAH","ID-94","18335.10027966011"
"2022","INDONESIA","ID","PUNCAK JAYA","ID-9402","PAPUA TENGAH","ID-94","98652.42042183325"
"2022","INDONESIA","ID","PURBALINGGA","ID-3303","JAWA TENGAH","ID-33","0"
"2022","INDONESIA","ID","PURWAKARTA","ID-3214","JAWA BARAT","ID-32","0"
"2022","INDONESIA","ID","PURWOREJO","ID-3306","JAWA TENGAH","ID-33","0"
"2022","INDONESIA","ID","RAJA AMPAT","ID-9603","PAPUA BARAT DAYA","ID-96","1450.3839273083736"
"2022","INDONESIA","ID","REJANG LEBONG","ID-1702","BENGKULU","ID-17","0"
"2022","INDONESIA","ID","REMBANG","ID-3317","JAWA TENGAH","ID-33","0"
"2022","INDONESIA","ID","ROKAN HILIR","ID-1407","RIAU","ID-14","382977.69293854304"
"2022","INDONESIA","ID","ROKAN HULU","ID-1406","RIAU","ID-14","80740.1717273693"
"2022","INDONESIA","ID","ROTE NDAO","ID-5314","NUSA TENGGARA TIMUR","ID-53","0"
"2022","INDONESIA","ID","SABU RAIJUA","ID-5320","NUSA TENGGARA TIMUR","ID-53","0"
"2022","INDONESIA","ID","SAMBAS","ID-6101","KALIMANTAN BARAT","ID-61","58066.92890042286"
"2022","INDONESIA","ID","SAMOSIR","ID-1217","SUMATERA UTARA","ID-12","238.54479910622896"
"2022","INDONESIA","ID","SAMPANG","ID-3527","JAWA TIMUR","ID-35","0"
"2022","INDONESIA","ID","SANGGAU","ID-6103","KALIMANTAN BARAT","ID-61","99415.41481529736"
"2022","INDONESIA","ID","SARMI","ID-9110","PAPUA","ID-91","210226.72111773625"
"2022","INDONESIA","ID","SAROLANGUN","ID-1503","JAMBI","ID-15","30355.925550584114"
"2022","INDONESIA","ID","SEKADAU","ID-6109","KALIMANTAN BARAT","ID-61","10294.712191974764"
"2022","INDONESIA","ID","SELUMA","ID-1705","BENGKULU","ID-17","0"
"2022","INDONESIA","ID","SEMARANG","ID-3322","JAWA TENGAH","ID-33","0"
"2022","INDONESIA","ID","SERAM BAGIAN BARAT","ID-8106","MALUKU","ID-81","0"
"2022","INDONESIA","ID","SERAM BAGIAN TIMUR","ID-8105","MALUKU","ID-81","0"
"2022","INDONESIA","ID","SERANG","ID-3604","BANTEN","ID-36","0"
"2022","INDONESIA","ID","SERDANG BEDAGAI","ID-1218","SUMATERA UTARA","ID-12","0"
"2022","INDONESIA","ID","SERUYAN","ID-6207","KALIMANTAN TENGAH","ID-62","223574.7519275211"
"2022","INDONESIA","ID","SIAK","ID-1408","RIAU","ID-14","384998.7723776948"
"2022","INDONESIA","ID","SIDENRENG RAPPANG","ID-7314","SULAWESI SELATAN","ID-73","0"
"2022","INDONESIA","ID","SIDOARJO","ID-3515","JAWA TIMUR","ID-35","0"
"2022","INDONESIA","ID","SIGI","ID-7210","SULAWESI TENGAH","ID-72","0"
"2022","INDONESIA","ID","SIJUNJUNG","ID-1303","SUMATERA BARAT","ID-13","0"
"2022","INDONESIA","ID","SIKKA","ID-5307","NUSA TENGGARA TIMUR","ID-53","0"
"2022","INDONESIA","ID","SIMALUNGUN","ID-1208","SUMATERA UTARA","ID-12","0"
"2022","INDONESIA","ID","SIMEULUE","ID-1109","ACEH","ID-11","0"
"2022","INDONESIA","ID","SINJAI","ID-7307","SULAWESI SELATAN","ID-73","0"
"2022","INDONESIA","ID","SINTANG","ID-6105","KALIMANTAN BARAT","ID-61","65732.36370864959"
"2022","INDONESIA","ID","SITUBONDO","ID-3512","JAWA TIMUR","ID-35","0"
"2022","INDONESIA","ID","SLEMAN","ID-3404","DAERAH ISTIMEWA YOGYAKARTA","ID-34","0"
"2022","INDONESIA","ID","SOLOK","ID-1302","SUMATERA BARAT","ID-13","0"
"2022","INDONESIA","ID","SOLOK SELATAN","ID-1311","SUMATERA BARAT","ID-13","0"
"2022","INDONESIA","ID","SOPPENG","ID-7312","SULAWESI SELATAN","ID-73","0"
"2022","INDONESIA","ID","SORONG","ID-9601","PAPUA BARAT DAYA","ID-96","93838.05414036552"
"2022","INDONESIA","ID","SORONG SELATAN","ID-9602","PAPUA BARAT DAYA","ID-96","254573.5954629692"
"2022","INDONESIA","ID","SRAGEN","ID-3314","JAWA TENGAH","ID-33","0"
"2022","INDONESIA","ID","SUBANG","ID-3213","JAWA BARAT","ID-32","0"
"2022","INDONESIA","ID","SUKABUMI","ID-3202","JAWA BARAT","ID-32","0"
"2022","INDONESIA","ID","SUKAMARA","ID-6208","KALIMANTAN TENGAH","ID-62","49801.13642068545"
"2022","INDONESIA","ID","SUKOHARJO","ID-3311","JAWA TENGAH","ID-33","0"
"2022","INDONESIA","ID","SUMBA BARAT","ID-5312","NUSA TENGGARA TIMUR","ID-53","0"
"2022","INDONESIA","ID","SUMBA BARAT DAYA","ID-5318","NUSA TENGGARA TIMUR","ID-53","0"
"2022","INDONESIA","ID","SUMBA TENGAH","ID-5317","NUSA TENGGARA TIMUR","ID-53","0"
"2022","INDONESIA","ID","SUMBA TIMUR","ID-5311","NUSA TENGGARA TIMUR","ID-53","0"
"2022","INDONESIA","ID","SUMBAWA","ID-5204","NUSA TENGGARA BARAT","ID-52","0"
"2022","INDONESIA","ID","SUMBAWA BARAT","ID-5207","NUSA TENGGARA BARAT","ID-52","0"
"2022","INDONESIA","ID","SUMEDANG","ID-3211","JAWA BARAT","ID-32","0"
"2022","INDONESIA","ID","SUMENEP","ID-3529","JAWA TIMUR","ID-35","0"
"2022","INDONESIA","ID","SUPIORI","ID-9119","PAPUA","ID-91","1681.2885683236836"
"2022","INDONESIA","ID","TABALONG","ID-6309","KALIMANTAN SELATAN","ID-63","9366.28159851501"
"2022","INDONESIA","ID","TABANAN","ID-5102","BALI","ID-51","0"
"2022","INDONESIA","ID","TAKALAR","ID-7305","SULAWESI SELATAN","ID-73","0"
"2022","INDONESIA","ID","TAMBRAUW","ID-9604","PAPUA BARAT DAYA","ID-96","0"
"2022","INDONESIA","ID","TANAH BUMBU","ID-6310","KALIMANTAN SELATAN","ID-63","0"
"2022","INDONESIA","ID","TANAH DATAR","ID-1304","SUMATERA BARAT","ID-13","0"
"2022","INDONESIA","ID","TANAH LAUT","ID-6301","KALIMANTAN SELATAN","ID-63","0"
"2022","INDONESIA","ID","TANA TIDUNG","ID-6504","KALIMANTAN UTARA","ID-65","97929.92607942552"
"2022","INDONESIA","ID","TANA TORAJA","ID-7318","SULAWESI SELATAN","ID-73","0"
"2022","INDONESIA","ID","TANGERANG","ID-3603","BANTEN","ID-36","0"
"2022","INDONESIA","ID","TANGGAMUS","ID-1806","LAMPUNG","ID-18","0"
"2022","INDONESIA","ID","TANJUNG JABUNG BARAT","ID-1506","JAMBI","ID-15","110629.029038218"
"2022","INDONESIA","ID","TANJUNG JABUNG TIMUR","ID-1507","JAMBI","ID-15","153330.26657174778"
"2022","INDONESIA","ID","TAPANULI SELATAN","ID-1203","SUMATERA UTARA","ID-12","18261.797736635577"
"2022","INDONESIA","ID","TAPANULI TENGAH","ID-1201","SUMATERA UTARA","ID-12","11774.693151081216"
"2022","INDONESIA","ID","TAPANULI UTARA","ID-1202","SUMATERA UTARA","ID-12","0"
"2022","INDONESIA","ID","TAPIN","ID-6305","KALIMANTAN SELATAN","ID-63","7567.093948426415"
"2022","INDONESIA","ID","TASIKMALAYA","ID-3206","JAWA BARAT","ID-32","0"
"2022","INDONESIA","ID","TEBO","ID-1509","JAMBI","ID-15","197.2475346170843"
"2022","INDONESIA","ID","TEGAL","ID-3328","JAWA TENGAH","ID-33","0"
"2022","INDONESIA","ID","TELUK BINTUNI","ID-9206","PAPUA BARAT","ID-92","326129.06089021533"
"2022","INDONESIA","ID","TELUK WONDAMA","ID-9207","PAPUA BARAT","ID-92","0"
"2022","INDONESIA","ID","TEMANGGUNG","ID-3323","JAWA TENGAH","ID-33","0"
"2022","INDONESIA","ID","TIMOR TENGAH SELATAN","ID-5302","NUSA TENGGARA TIMUR","ID-53","0"
"2022","INDONESIA","ID","TIMOR TENGAH UTARA","ID-5303","NUSA TENGGARA TIMUR","ID-53","0"
"2022","INDONESIA","ID","TOBA","ID-1212","SUMATERA UTARA","ID-12","0"
"2022","INDONESIA","ID","TOJO UNA UNA","ID-7209","SULAWESI TENGAH","ID-72","209.32670029071667"
"2022","INDONESIA","ID","TOLIKARA","ID-9504","PAPUA PEGUNUNGAN","ID-95","33324.84415361115"
"2022","INDONESIA","ID","TOLI-TOLI","ID-7204","SULAWESI TENGAH","ID-72","1050.3790415448643"
"2022","INDONESIA","ID","TORAJA UTARA","ID-7326","SULAWESI SELATAN","ID-73","0"
"2022","INDONESIA","ID","TRENGGALEK","ID-3503","JAWA TIMUR","ID-35","0"
"2022","INDONESIA","ID","TUBAN","ID-3523","JAWA TIMUR","ID-35","0"
"2022","INDONESIA","ID","TULANG BAWANG","ID-1805","LAMPUNG","ID-18","207.85907915546375"
"2022","INDONESIA","ID","TULANG BAWANG BARAT","ID-1812","LAMPUNG","ID-18","0"
"2022","INDONESIA","ID","TULUNGAGUNG","ID-3504","JAWA TIMUR","ID-35","0"
"2022","INDONESIA","ID","WAJO","ID-7313","SULAWESI SELATAN","ID-73","0"
"2022","INDONESIA","ID","WAKATOBI","ID-7407","SULAWESI TENGGARA","ID-74","0"
"2022","INDONESIA","ID","WAROPEN","ID-9115","PAPUA","ID-91","74637.26598150222"
"2022","INDONESIA","ID","WAY KANAN","ID-1808","LAMPUNG","ID-18","0"
"2022","INDONESIA","ID","WONOGIRI","ID-3312","JAWA TENGAH","ID-33","0"
"2022","INDONESIA","ID","WONOSOBO","ID-3307","JAWA TENGAH","ID-33","0"
"2022","INDONESIA","ID","YAHUKIMO","ID-9503","PAPUA PEGUNUNGAN","ID-95","401.5639098707685"
"2022","INDONESIA","ID","YALIMO","ID-9506","PAPUA PEGUNUNGAN","ID-95","16576.542298267916"
"2023","INDONESIA","ID","ACEH BARAT","ID-1105","ACEH","ID-11","23930.71650964687"
"2023","INDONESIA","ID","ACEH BARAT DAYA","ID-1112","ACEH","ID-11","2473.740237747516"
"2023","INDONESIA","ID","ACEH BESAR","ID-1106","ACEH","ID-11","0"
"2023","INDONESIA","ID","ACEH JAYA","ID-1114","ACEH","ID-11","4571.252837132295"
"2023","INDONESIA","ID","ACEH SELATAN","ID-1101","ACEH","ID-11","48836.71827814446"
"2023","INDONESIA","ID","ACEH SINGKIL","ID-1110","ACEH","ID-11","23738.41615852781"
"2023","INDONESIA","ID","ACEH TAMIANG","ID-1116","ACEH","ID-11","0"
"2023","INDONESIA","ID","ACEH TENGAH","ID-1104","ACEH","ID-11","0"
"2023","INDONESIA","ID","ACEH TENGGARA","ID-1102","ACEH","ID-11","0"
"2023","INDONESIA","ID","ACEH TIMUR","ID-1103","ACEH","ID-11","0"
"2023","INDONESIA","ID","ACEH UTARA","ID-1108","ACEH","ID-11","0"
"2023","INDONESIA","ID","ADMINISTRASI KEPULAUAN SERIBU","ID-3101","DAERAH KHUSUS IBUKOTA JAKARTA","ID-31","0"
"2023","INDONESIA","ID","AGAM","ID-1306","SUMATERA BARAT","ID-13","11138.7587677363"
"2023","INDONESIA","ID","ALOR","ID-5305","NUSA TENGGARA TIMUR","ID-53","0"
"2023","INDONESIA","ID","ASAHAN","ID-1209","SUMATERA UTARA","ID-12","28450.41170211967"
"2023","INDONESIA","ID","ASMAT","ID-9304","PAPUA SELATAN","ID-93","300132.9104511264"
"2023","INDONESIA","ID","BADUNG","ID-5103","BALI","ID-51","0"
"2023","INDONESIA","ID","BALANGAN","ID-6311","KALIMANTAN SELATAN","ID-63","2522.051580087205"
"2023","INDONESIA","ID","BANDUNG","ID-3204","JAWA BARAT","ID-32","0"
"2023","INDONESIA","ID","BANDUNG BARAT","ID-3217","JAWA BARAT","ID-32","0"
"2023","INDONESIA","ID","BANGGAI","ID-7201","SULAWESI TENGAH","ID-72","0"
"2023","INDONESIA","ID","BANGGAI KEPULAUAN","ID-7207","SULAWESI TENGAH","ID-72","0"
"2023","INDONESIA","ID","BANGGAI LAUT","ID-7211","SULAWESI TENGAH","ID-72","0"
"2023","INDONESIA","ID","BANGKA","ID-1901","KEPULAUAN BANGKA BELITUNG","ID-19","473.6416326539059"
"2023","INDONESIA","ID","BANGKA BARAT","ID-1905","KEPULAUAN BANGKA BELITUNG","ID-19","3811.70757007356"
"2023","INDONESIA","ID","BANGKALAN","ID-3526","JAWA TIMUR","ID-35","0"
"2023","INDONESIA","ID","BANGKA SELATAN","ID-1903","KEPULAUAN BANGKA BELITUNG","ID-19","3881.9879420374896"
"2023","INDONESIA","ID","BANGKA TENGAH","ID-1904","KEPULAUAN BANGKA BELITUNG","ID-19","15442.352555941152"
"2023","INDONESIA","ID","BANGLI","ID-5106","BALI","ID-51","0"
"2023","INDONESIA","ID","BANJAR","ID-6303","KALIMANTAN SELATAN","ID-63","2378.5928005565956"
"2023","INDONESIA","ID","BANJARNEGARA","ID-3304","JAWA TENGAH","ID-33","0"
"2023","INDONESIA","ID","BANTAENG","ID-7303","SULAWESI SELATAN","ID-73","0"
"2023","INDONESIA","ID","BANTUL","ID-3402","DAERAH ISTIMEWA YOGYAKARTA","ID-34","0"
"2023","INDONESIA","ID","BANYUASIN","ID-1607","SUMATERA SELATAN","ID-16","191935.43837467028"
"2023","INDONESIA","ID","BANYUMAS","ID-3302","JAWA TENGAH","ID-33","0"
"2023","INDONESIA","ID","BANYUWANGI","ID-3510","JAWA TIMUR","ID-35","0"
"2023","INDONESIA","ID","BARITO KUALA","ID-6304","KALIMANTAN SELATAN","ID-63","0"
"2023","INDONESIA","ID","BARITO SELATAN","ID-6204","KALIMANTAN TENGAH","ID-62","145654.26588574494"
"2023","INDONESIA","ID","BARITO TIMUR","ID-6213","KALIMANTAN TENGAH","ID-62","27427.309635697897"
"2023","INDONESIA","ID","BARITO UTARA","ID-6205","KALIMANTAN TENGAH","ID-62","0"
"2023","INDONESIA","ID","BARRU","ID-7311","SULAWESI SELATAN","ID-73","0"
"2023","INDONESIA","ID","BATANG","ID-3325","JAWA TENGAH","ID-33","0"
"2023","INDONESIA","ID","BATANGHARI","ID-1504","JAMBI","ID-15","0"
"2023","INDONESIA","ID","BATU BARA","ID-1219","SUMATERA UTARA","ID-12","0"
"2023","INDONESIA","ID","BEKASI","ID-3216","JAWA BARAT","ID-32","0"
"2023","INDONESIA","ID","BELITUNG","ID-1902","KEPULAUAN BANGKA BELITUNG","ID-19","0"
"2023","INDONESIA","ID","BELITUNG TIMUR","ID-1906","KEPULAUAN BANGKA BELITUNG","ID-19","714.7465418182478"
"2023","INDONESIA","ID","BELU","ID-5304","NUSA TENGGARA TIMUR","ID-53","0"
"2023","INDONESIA","ID","BENER MERIAH","ID-1117","ACEH","ID-11","0"
"2023","INDONESIA","ID","BENGKALIS","ID-1403","RIAU","ID-14","536291.4438363129"
"2023","INDONESIA","ID","BENGKAYANG","ID-6107","KALIMANTAN BARAT","ID-61","30252.381057345367"
"2023","INDONESIA","ID","BENGKULU SELATAN","ID-1701","BENGKULU","ID-17","0"
"2023","INDONESIA","ID","BENGKULU TENGAH","ID-1709","BENGKULU","ID-17","0"
"2023","INDONESIA","ID","BENGKULU UTARA","ID-1703","BENGKULU","ID-17","0"
"2023","INDONESIA","ID","BERAU","ID-6403","KALIMANTAN TIMUR","ID-64","13708.429222667815"
"2023","INDONESIA","ID","BIAK NUMFOR","ID-9106","PAPUA","ID-91","0"
"2023","INDONESIA","ID","BIMA","ID-5206","NUSA TENGGARA BARAT","ID-52","0"
"2023","INDONESIA","ID","BINTAN","ID-2101","KEPULAUAN RIAU","ID-21","0"
"2023","INDONESIA","ID","BIREUEN","ID-1111","ACEH","ID-11","0"
"2023","INDONESIA","ID","BLITAR","ID-3505","JAWA TIMUR","ID-35","0"
"2023","INDONESIA","ID","BLORA","ID-3316","JAWA TENGAH","ID-33","0"
"2023","INDONESIA","ID","BOALEMO","ID-7502","GORONTALO","ID-75","0"
"2023","INDONESIA","ID","BOGOR","ID-3201","JAWA BARAT","ID-32","0"
"2023","INDONESIA","ID","BOJONEGORO","ID-3522","JAWA TIMUR","ID-35","0"
"2023","INDONESIA","ID","BOLAANG MONGONDOW","ID-7101","SULAWESI UTARA","ID-71","0"
"2023","INDONESIA","ID","BOLAANG MONGONDOW SELATAN","ID-7111","SULAWESI UTARA","ID-71","0"
"2023","INDONESIA","ID","BOLAANG MONGONDOW TIMUR","ID-7110","SULAWESI UTARA","ID-71","0"
"2023","INDONESIA","ID","BOLAANG MONGONDOW UTARA","ID-7108","SULAWESI UTARA","ID-71","0"
"2023","INDONESIA","ID","BOMBANA","ID-7406","SULAWESI TENGGARA","ID-74","0"
"2023","INDONESIA","ID","BONDOWOSO","ID-3511","JAWA TIMUR","ID-35","0"
"2023","INDONESIA","ID","BONE","ID-7308","SULAWESI SELATAN","ID-73","0"
"2023","INDONESIA","ID","BONE BOLANGO","ID-7503","GORONTALO","ID-75","0"
"2023","INDONESIA","ID","BOVEN DIGOEL","ID-9302","PAPUA SELATAN","ID-93","123709.12557806344"
"2023","INDONESIA","ID","BOYOLALI","ID-3309","JAWA TENGAH","ID-33","0"
"2023","INDONESIA","ID","BREBES","ID-3329","JAWA TENGAH","ID-33","0"
"2023","INDONESIA","ID","BULELENG","ID-5108","BALI","ID-51","0"
"2023","INDONESIA","ID","BULUKUMBA","ID-7302","SULAWESI SELATAN","ID-73","0"
"2023","INDONESIA","ID","BULUNGAN","ID-6501","KALIMANTAN UTARA","ID-65","0"
"2023","INDONESIA","ID","BUNGO","ID-1508","JAMBI","ID-15","0"
"2023","INDONESIA","ID","BUOL","ID-7205","SULAWESI TENGAH","ID-72","0"
"2023","INDONESIA","ID","BURU","ID-8104","MALUKU","ID-81","0"
"2023","INDONESIA","ID","BURU SELATAN","ID-8109","MALUKU","ID-81","0"
"2023","INDONESIA","ID","BUTON","ID-7404","SULAWESI TENGGARA","ID-74","0"
"2023","INDONESIA","ID","BUTON SELATAN","ID-7415","SULAWESI TENGGARA","ID-74","0"
"2023","INDONESIA","ID","BUTON TENGAH","ID-7414","SULAWESI TENGGARA","ID-74","0"
"2023","INDONESIA","ID","BUTON UTARA","ID-7410","SULAWESI TENGGARA","ID-74","0"
"2023","INDONESIA","ID","CIAMIS","ID-3207","JAWA BARAT","ID-32","0"
"2023","INDONESIA","ID","CIANJUR","ID-3203","JAWA BARAT","ID-32","0"
"2023","INDONESIA","ID","CILACAP","ID-3301","JAWA TENGAH","ID-33","0"
"2023","INDONESIA","ID","CIREBON","ID-3209","JAWA BARAT","ID-32","0"
"2023","INDONESIA","ID","DAIRI","ID-1211","SUMATERA UTARA","ID-12","0"
"2023","INDONESIA","ID","DEIYAI","ID-9408","PAPUA TENGAH","ID-94","1814.530857682557"
"2023","INDONESIA","ID","DELI SERDANG","ID-1207","SUMATERA UTARA","ID-12","0"
"2023","INDONESIA","ID","DEMAK","ID-3321","JAWA TENGAH","ID-33","0"
"2023","INDONESIA","ID","DHARMASRAYA","ID-1310","SUMATERA BARAT","ID-13","0"
"2023","INDONESIA","ID","DOGIYAI","ID-9406","PAPUA TENGAH","ID-94","3220.9081995370793"
"2023","INDONESIA","ID","DOMPU","ID-5205","NUSA TENGGARA BARAT","ID-52","0"
"2023","INDONESIA","ID","DONGGALA","ID-7203","SULAWESI TENGAH","ID-72","584.3060448679521"
"2023","INDONESIA","ID","EMPAT LAWANG","ID-1611","SUMATERA SELATAN","ID-16","0"
"2023","INDONESIA","ID","ENDE","ID-5308","NUSA TENGGARA TIMUR","ID-53","0"
"2023","INDONESIA","ID","ENREKANG","ID-7316","SULAWESI SELATAN","ID-73","0"
"2023","INDONESIA","ID","FAK FAK","ID-9203","PAPUA BARAT","ID-92","26157.623771776725"
"2023","INDONESIA","ID","FLORES TIMUR","ID-5306","NUSA TENGGARA TIMUR","ID-53","0"
"2023","INDONESIA","ID","GARUT","ID-3205","JAWA BARAT","ID-32","0"
"2023","INDONESIA","ID","GAYO LUES","ID-1113","ACEH","ID-11","0"
"2023","INDONESIA","ID","GIANYAR","ID-5104","BALI","ID-51","0"
"2023","INDONESIA","ID","GORONTALO","ID-7501","GORONTALO","ID-75","0"
"2023","INDONESIA","ID","GORONTALO UTARA","ID-7505","GORONTALO","ID-75","0"
"2023","INDONESIA","ID","GOWA","ID-7306","SULAWESI SELATAN","ID-73","0"
"2023","INDONESIA","ID","GRESIK","ID-3525","JAWA TIMUR","ID-35","0"
"2023","INDONESIA","ID","GROBOGAN","ID-3315","JAWA TENGAH","ID-33","0"
"2023","INDONESIA","ID","GUNUNGKIDUL","ID-3403","DAERAH ISTIMEWA YOGYAKARTA","ID-34","0"
"2023","INDONESIA","ID","GUNUNG MAS","ID-6210","KALIMANTAN TENGAH","ID-62","0"
"2023","INDONESIA","ID","HALMAHERA BARAT","ID-8201","MALUKU UTARA","ID-82","0"
"2023","INDONESIA","ID","HALMAHERA SELATAN","ID-8204","MALUKU UTARA","ID-82","0"
"2023","INDONESIA","ID","HALMAHERA TENGAH","ID-8202","MALUKU UTARA","ID-82","0"
"2023","INDONESIA","ID","HALMAHERA TIMUR","ID-8206","MALUKU UTARA","ID-82","0"
"2023","INDONESIA","ID","HALMAHERA UTARA","ID-8203","MALUKU UTARA","ID-82","0"
"2023","INDONESIA","ID","HULU SUNGAI SELATAN","ID-6306","KALIMANTAN SELATAN","ID-63","2262.5626792109333"
"2023","INDONESIA","ID","HULU SUNGAI TENGAH","ID-6307","KALIMANTAN SELATAN","ID-63","1481.7902570695703"
"2023","INDONESIA","ID","HULU SUNGAI UTARA","ID-6308","KALIMANTAN SELATAN","ID-63","20348.114726988577"
"2023","INDONESIA","ID","HUMBANG HASUNDUTAN","ID-1216","SUMATERA UTARA","ID-12","2969.396288606546"
"2023","INDONESIA","ID","INDRAGIRI HILIR","ID-1404","RIAU","ID-14","718274.4908948487"
"2023","INDONESIA","ID","INDRAGIRI HULU","ID-1402","RIAU","ID-14","200397.77769751896"
"2023","INDONESIA","ID","INDRAMAYU","ID-3212","JAWA BARAT","ID-32","0"
"2023","INDONESIA","ID","INTAN JAYA","ID-9407","PAPUA TENGAH","ID-94","1119.980361464453"
"2023","INDONESIA","ID","JAYAPURA","ID-9103","PAPUA","ID-91","25646.883561012397"
"2023","INDONESIA","ID","JAYAWIJAYA","ID-9501","PAPUA PEGUNUNGAN","ID-95","0"
"2023","INDONESIA","ID","JEMBER","ID-3509","JAWA TIMUR","ID-35","0"
"2023","INDONESIA","ID","JEMBRANA","ID-5101","BALI","ID-51","0"
"2023","INDONESIA","ID","JENEPONTO","ID-7304","SULAWESI SELATAN","ID-73","0"
"2023","INDONESIA","ID","JEPARA","ID-3320","JAWA TENGAH","ID-33","0"
"2023","INDONESIA","ID","JOMBANG","ID-3517","JAWA TIMUR","ID-35","0"
"2023","INDONESIA","ID","KAIMANA","ID-9208","PAPUA BARAT","ID-92","86265.34616287949"
"2023","INDONESIA","ID","KAMPAR","ID-1401","RIAU","ID-14","92946.42451525282"
"2023","INDONESIA","ID","KAPUAS","ID-6203","KALIMANTAN TENGAH","ID-62","303700.54693519877"
"2023","INDONESIA","ID","KAPUAS HULU","ID-6106","KALIMANTAN BARAT","ID-61","244173.1306161445"
"2023","INDONESIA","ID","KARANGANYAR","ID-3313","JAWA TENGAH","ID-33","0"
"2023","INDONESIA","ID","KARANGASEM","ID-5107","BALI","ID-51","0"
"2023","INDONESIA","ID","KARAWANG","ID-3215","JAWA BARAT","ID-32","0"
"2023","INDONESIA","ID","KARIMUN","ID-2102","KEPULAUAN RIAU","ID-21","3592.288924627867"
"2023","INDONESIA","ID","KARO","ID-1206","SUMATERA UTARA","ID-12","0"
"2023","INDONESIA","ID","KATINGAN","ID-6206","KALIMANTAN TENGAH","ID-62","565768.5126757957"
"2023","INDONESIA","ID","KAUR","ID-1704","BENGKULU","ID-17","0"
"2023","INDONESIA","ID","KAYONG UTARA","ID-6111","KALIMANTAN BARAT","ID-61","132131.08752515668"
"2023","INDONESIA","ID","KEBUMEN","ID-3305","JAWA TENGAH","ID-33","0"
"2023","INDONESIA","ID","KEDIRI","ID-3506","JAWA TIMUR","ID-35","0"
"2023","INDONESIA","ID","KEEROM","ID-9111","PAPUA","ID-91","600.2167148364724"
"2023","INDONESIA","ID","KENDAL","ID-3324","JAWA TENGAH","ID-33","0"
"2023","INDONESIA","ID","KEPAHIANG","ID-1708","BENGKULU","ID-17","0"
"2023","INDONESIA","ID","KEP. SIAU TAGULANDANG BIARO","ID-7109","SULAWESI UTARA","ID-71","0"
"2023","INDONESIA","ID","KEPULAUAN ANAMBAS","ID-2105","KEPULAUAN RIAU","ID-21","0"
"2023","INDONESIA","ID","KEPULAUAN ARU","ID-8107","MALUKU","ID-81","0"
"2023","INDONESIA","ID","KEPULAUAN MENTAWAI","ID-1309","SUMATERA BARAT","ID-13","0"
"2023","INDONESIA","ID","KEPULAUAN MERANTI","ID-1410","RIAU","ID-14","301248.0443852444"
"2023","INDONESIA","ID","KEPULAUAN SANGIHE","ID-7103","SULAWESI UTARA","ID-71","0"
"2023","INDONESIA","ID","KEPULAUAN SELAYAR","ID-7301","SULAWESI SELATAN","ID-73","0"
"2023","INDONESIA","ID","KEPULAUAN SULA","ID-8205","MALUKU UTARA","ID-82","0"
"2023","INDONESIA","ID","KEPULAUAN TALAUD","ID-7104","SULAWESI UTARA","ID-71","0"
"2023","INDONESIA","ID","KEPULAUAN TANIMBAR","ID-8103","MALUKU","ID-81","0"
"2023","INDONESIA","ID","KEPULAUAN YAPEN","ID-9105","PAPUA","ID-91","613.4908850339178"
"2023","INDONESIA","ID","KERINCI","ID-1501","JAMBI","ID-15","4202.8736435119645"
"2023","INDONESIA","ID","KETAPANG","ID-6104","KALIMANTAN BARAT","ID-61","261272.708776481"
"2023","INDONESIA","ID","KLATEN","ID-3310","JAWA TENGAH","ID-33","0"
"2023","INDONESIA","ID","KLUNGKUNG","ID-5105","BALI","ID-51","0"
"2023","INDONESIA","ID","KOLAKA","ID-7401","SULAWESI TENGGARA","ID-74","0"
"2023","INDONESIA","ID","KOLAKA TIMUR","ID-7411","SULAWESI TENGGARA","ID-74","0"
"2023","INDONESIA","ID","KOLAKA UTARA","ID-7408","SULAWESI TENGGARA","ID-74","0"
"2023","INDONESIA","ID","KONAWE","ID-7402","SULAWESI TENGGARA","ID-74","0"
"2023","INDONESIA","ID","KONAWE KEPULAUAN","ID-7412","SULAWESI TENGGARA","ID-74","0"
"2023","INDONESIA","ID","KONAWE SELATAN","ID-7405","SULAWESI TENGGARA","ID-74","0"
"2023","INDONESIA","ID","KONAWE UTARA","ID-7409","SULAWESI TENGGARA","ID-74","0"
"2023","INDONESIA","ID","KOTA ADMINISTRASI JAKARTA BARAT","ID-3173","DAERAH KHUSUS IBUKOTA JAKARTA","ID-31","0"
"2023","INDONESIA","ID","KOTA ADMINISTRASI JAKARTA PUSAT","ID-3171","DAERAH KHUSUS IBUKOTA JAKARTA","ID-31","0"
"2023","INDONESIA","ID","KOTA ADMINISTRASI JAKARTA SELATAN","ID-3174","DAERAH KHUSUS IBUKOTA JAKARTA","ID-31","0"
"2023","INDONESIA","ID","KOTA ADMINISTRASI JAKARTA TIMUR","ID-3175","DAERAH KHUSUS IBUKOTA JAKARTA","ID-31","0"
"2023","INDONESIA","ID","KOTA ADMINISTRASI JAKARTA UTARA","ID-3172","DAERAH KHUSUS IBUKOTA JAKARTA","ID-31","0"
"2023","INDONESIA","ID","KOTA AMBON","ID-8171","MALUKU","ID-81","0"
"2023","INDONESIA","ID","KOTA BALIKPAPAN","ID-6471","KALIMANTAN TIMUR","ID-64","0"
"2023","INDONESIA","ID","KOTA BANDA ACEH","ID-1171","ACEH","ID-11","0"
"2023","INDONESIA","ID","KOTA BANDAR LAMPUNG","ID-1871","LAMPUNG","ID-18","0"
"2023","INDONESIA","ID","KOTA BANDUNG","ID-3273","JAWA BARAT","ID-32","0"
"2023","INDONESIA","ID","KOTA BANJAR","ID-3279","JAWA BARAT","ID-32","0"
"2023","INDONESIA","ID","KOTA BANJARBARU","ID-6372","KALIMANTAN SELATAN","ID-63","0"
"2023","INDONESIA","ID","KOTA BANJARMASIN","ID-6371","KALIMANTAN SELATAN","ID-63","0"
"2023","INDONESIA","ID","KOTABARU","ID-6302","KALIMANTAN SELATAN","ID-63","0"
"2023","INDONESIA","ID","KOTA BATAM","ID-2171","KEPULAUAN RIAU","ID-21","0"
"2023","INDONESIA","ID","KOTA BATU","ID-3579","JAWA TIMUR","ID-35","0"
"2023","INDONESIA","ID","KOTA BAU BAU","ID-7472","SULAWESI TENGGARA","ID-74","0"
"2023","INDONESIA","ID","KOTA BEKASI","ID-3275","JAWA BARAT","ID-32","0"
"2023","INDONESIA","ID","KOTA BENGKULU","ID-1771","BENGKULU","ID-17","0"
"2023","INDONESIA","ID","KOTA BIMA","ID-5272","NUSA TENGGARA BARAT","ID-52","0"
"2023","INDONESIA","ID","KOTA BINJAI","ID-1275","SUMATERA UTARA","ID-12","0"
"2023","INDONESIA","ID","KOTA BITUNG","ID-7172","SULAWESI UTARA","ID-71","0"
"2023","INDONESIA","ID","KOTA BLITAR","ID-3572","JAWA TIMUR","ID-35","0"
"2023","INDONESIA","ID","KOTA BOGOR","ID-3271","JAWA BARAT","ID-32","0"
"2023","INDONESIA","ID","KOTA BONTANG","ID-6474","KALIMANTAN TIMUR","ID-64","0"
"2023","INDONESIA","ID","KOTA BUKITTINGGI","ID-1375","SUMATERA BARAT","ID-13","0"
"2023","INDONESIA","ID","KOTA CILEGON","ID-3672","BANTEN","ID-36","0"
"2023","INDONESIA","ID","KOTA CIMAHI","ID-3277","JAWA BARAT","ID-32","0"
"2023","INDONESIA","ID","KOTA CIREBON","ID-3274","JAWA BARAT","ID-32","0"
"2023","INDONESIA","ID","KOTA DENPASAR","ID-5171","BALI","ID-51","0"
"2023","INDONESIA","ID","KOTA DEPOK","ID-3276","JAWA BARAT","ID-32","0"
"2023","INDONESIA","ID","KOTA DUMAI","ID-1472","RIAU","ID-14","135283.1805850815"
"2023","INDONESIA","ID","KOTA GORONTALO","ID-7571","GORONTALO","ID-75","0"
"2023","INDONESIA","ID","KOTA GUNUNGSITOLI","ID-1278","SUMATERA UTARA","ID-12","0"
"2023","INDONESIA","ID","KOTA JAMBI","ID-1571","JAMBI","ID-15","0"
"2023","INDONESIA","ID","KOTA JAYAPURA","ID-9171","PAPUA","ID-91","460.8569889148686"
"2023","INDONESIA","ID","KOTA KEDIRI","ID-3571","JAWA TIMUR","ID-35","0"
"2023","INDONESIA","ID","KOTA KENDARI","ID-7471","SULAWESI TENGGARA","ID-74","0"
"2023","INDONESIA","ID","KOTA KOTAMOBAGU","ID-7174","SULAWESI UTARA","ID-71","0"
"2023","INDONESIA","ID","KOTA KUPANG","ID-5371","NUSA TENGGARA TIMUR","ID-53","0"
"2023","INDONESIA","ID","KOTA LANGSA","ID-1174","ACEH","ID-11","0"
"2023","INDONESIA","ID","KOTA LHOKSEUMAWE","ID-1173","ACEH","ID-11","0"
"2023","INDONESIA","ID","KOTA LUBUK LINGGAU","ID-1673","SUMATERA SELATAN","ID-16","0"
"2023","INDONESIA","ID","KOTA MADIUN","ID-3577","JAWA TIMUR","ID-35","0"
"2023","INDONESIA","ID","KOTA MAGELANG","ID-3371","JAWA TENGAH","ID-33","0"
"2023","INDONESIA","ID","KOTA MAKASSAR","ID-7371","SULAWESI SELATAN","ID-73","0"
"2023","INDONESIA","ID","KOTA MALANG","ID-3573","JAWA TIMUR","ID-35","0"
"2023","INDONESIA","ID","KOTA MANADO","ID-7171","SULAWESI UTARA","ID-71","0"
"2023","INDONESIA","ID","KOTA MATARAM","ID-5271","NUSA TENGGARA BARAT","ID-52","0"
"2023","INDONESIA","ID","KOTA MEDAN","ID-1271","SUMATERA UTARA","ID-12","0"
"2023","INDONESIA","ID","KOTA METRO","ID-1872","LAMPUNG","ID-18","0"
"2023","INDONESIA","ID","KOTA MOJOKERTO","ID-3576","JAWA TIMUR","ID-35","0"
"2023","INDONESIA","ID","KOTA PADANG","ID-1371","SUMATERA BARAT","ID-13","0"
"2023","INDONESIA","ID","KOTA PADANG PANJANG","ID-1374","SUMATERA BARAT","ID-13","0"
"2023","INDONESIA","ID","KOTA PADANGSIDIMPUAN","ID-1277","SUMATERA UTARA","ID-12","0"
"2023","INDONESIA","ID","KOTA PAGAR ALAM","ID-1672","SUMATERA SELATAN","ID-16","0"
"2023","INDONESIA","ID","KOTA PALANGKARAYA","ID-6271","KALIMANTAN TENGAH","ID-62","115584.75184339315"
"2023","INDONESIA","ID","KOTA PALEMBANG","ID-1671","SUMATERA SELATAN","ID-16","0"
"2023","INDONESIA","ID","KOTA PALOPO","ID-7373","SULAWESI SELATAN","ID-73","0"
"2023","INDONESIA","ID","KOTA PALU","ID-7271","SULAWESI TENGAH","ID-72","0"
"2023","INDONESIA","ID","KOTA PANGKAL PINANG","ID-1971","KEPULAUAN BANGKA BELITUNG","ID-19","0"
"2023","INDONESIA","ID","KOTA PAREPARE","ID-7372","SULAWESI SELATAN","ID-73","0"
"2023","INDONESIA","ID","KOTA PARIAMAN","ID-1377","SUMATERA BARAT","ID-13","0"
"2023","INDONESIA","ID","KOTA PASURUAN","ID-3575","JAWA TIMUR","ID-35","0"
"2023","INDONESIA","ID","KOTA PAYAKUMBUH","ID-1376","SUMATERA BARAT","ID-13","0"
"2023","INDONESIA","ID","KOTA PEKALONGAN","ID-3375","JAWA TENGAH","ID-33","0"
"2023","INDONESIA","ID","KOTA PEKANBARU","ID-1471","RIAU","ID-14","5511.351383662669"
"2023","INDONESIA","ID","KOTA PEMATANGSIANTAR","ID-1272","SUMATERA UTARA","ID-12","0"
"2023","INDONESIA","ID","KOTA PONTIANAK","ID-6171","KALIMANTAN BARAT","ID-61","4303.5655180525455"
"2023","INDONESIA","ID","KOTA PRABUMULIH","ID-1674","SUMATERA SELATAN","ID-16","0"
"2023","INDONESIA","ID","KOTA PROBOLINGGO","ID-3574","JAWA TIMUR","ID-35","0"
"2023","INDONESIA","ID","KOTA SABANG","ID-1172","ACEH","ID-11","0"
"2023","INDONESIA","ID","KOTA SALATIGA","ID-3373","JAWA TENGAH","ID-33","0"
"2023","INDONESIA","ID","KOTA SAMARINDA","ID-6472","KALIMANTAN TIMUR","ID-64","0"
"2023","INDONESIA","ID","KOTA SAWAHLUNTO","ID-1373","SUMATERA BARAT","ID-13","0"
"2023","INDONESIA","ID","KOTA SEMARANG","ID-3374","JAWA TENGAH","ID-33","0"
"2023","INDONESIA","ID","KOTA SERANG","ID-3673","BANTEN","ID-36","0"
"2023","INDONESIA","ID","KOTA SIBOLGA","ID-1273","SUMATERA UTARA","ID-12","0"
"2023","INDONESIA","ID","KOTA SINGKAWANG","ID-6172","KALIMANTAN BARAT","ID-61","3955.576711656947"
"2023","INDONESIA","ID","KOTA SOLOK","ID-1372","SUMATERA BARAT","ID-13","0"
"2023","INDONESIA","ID","KOTA SORONG","ID-9671","PAPUA BARAT DAYA","ID-96","0"
"2023","INDONESIA","ID","KOTA SUBULUSSALAM","ID-1175","ACEH","ID-11","3927.526711787974"
"2023","INDONESIA","ID","KOTA SUKABUMI","ID-3272","JAWA BARAT","ID-32","0"
"2023","INDONESIA","ID","KOTA SUNGAI PENUH","ID-1572","JAMBI","ID-15","578.8773354669264"
"2023","INDONESIA","ID","KOTA SURABAYA","ID-3578","JAWA TIMUR","ID-35","0"
"2023","INDONESIA","ID","KOTA SURAKARTA","ID-3372","JAWA TENGAH","ID-33","0"
"2023","INDONESIA","ID","KOTA TANGERANG","ID-3671","BANTEN","ID-36","0"
"2023","INDONESIA","ID","KOTA TANGERANG SELATAN","ID-3674","BANTEN","ID-36","0"
"2023","INDONESIA","ID","KOTA TANJUNGBALAI","ID-1274","SUMATERA UTARA","ID-12","0"
"2023","INDONESIA","ID","KOTA TANJUNG PINANG","ID-2172","KEPULAUAN RIAU","ID-21","0"
"2023","INDONESIA","ID","KOTA TARAKAN","ID-6571","KALIMANTAN UTARA","ID-65","3215.5865865918304"
"2023","INDONESIA","ID","KOTA TASIKMALAYA","ID-3278","JAWA BARAT","ID-32","0"
"2023","INDONESIA","ID","KOTA TEBING TINGGI","ID-1276","SUMATERA UTARA","ID-12","0"
"2023","INDONESIA","ID","KOTA TEGAL","ID-3376","JAWA TENGAH","ID-33","0"
"2023","INDONESIA","ID","KOTA TERNATE","ID-8271","MALUKU UTARA","ID-82","0"
"2023","INDONESIA","ID","KOTA TIDORE KEPULAUAN","ID-8272","MALUKU UTARA","ID-82","0"
"2023","INDONESIA","ID","KOTA TOMOHON","ID-7173","SULAWESI UTARA","ID-71","0"
"2023","INDONESIA","ID","KOTA TUAL","ID-8172","MALUKU","ID-81","0"
"2023","INDONESIA","ID","KOTAWARINGIN BARAT","ID-6201","KALIMANTAN TENGAH","ID-62","257892.80736691543"
"2023","INDONESIA","ID","KOTAWARINGIN TIMUR","ID-6202","KALIMANTAN TENGAH","ID-62","275227.77356167"
"2023","INDONESIA","ID","KOTA YOGYAKARTA","ID-3471","DAERAH ISTIMEWA YOGYAKARTA","ID-34","0"
"2023","INDONESIA","ID","KUANTAN SINGINGI","ID-1409","RIAU","ID-14","0"
"2023","INDONESIA","ID","KUBU RAYA","ID-6112","KALIMANTAN BARAT","ID-61","515393.5569979219"
"2023","INDONESIA","ID","KUDUS","ID-3319","JAWA TENGAH","ID-33","0"
"2023","INDONESIA","ID","KULON PROGO","ID-3401","DAERAH ISTIMEWA YOGYAKARTA","ID-34","0"
"2023","INDONESIA","ID","KUNINGAN","ID-3208","JAWA BARAT","ID-32","0"
"2023","INDONESIA","ID","KUPANG","ID-5301","NUSA TENGGARA TIMUR","ID-53","0"
"2023","INDONESIA","ID","KUTAI BARAT","ID-6407","KALIMANTAN TIMUR","ID-64","24592.681700819263"
"2023","INDONESIA","ID","KUTAI KARTANEGARA","ID-6402","KALIMANTAN TIMUR","ID-64","141374.38267315438"
"2023","INDONESIA","ID","KUTAI TIMUR","ID-6408","KALIMANTAN TIMUR","ID-64","1900.9224878902603"
"2023","INDONESIA","ID","LABUHANBATU","ID-1210","SUMATERA UTARA","ID-12","108488.01983083058"
"2023","INDONESIA","ID","LABUHANBATU SELATAN","ID-1222","SUMATERA UTARA","ID-12","41721.96056818482"
"2023","INDONESIA","ID","LABUHANBATU UTARA","ID-1223","SUMATERA UTARA","ID-12","76568.09443976663"
"2023","INDONESIA","ID","LAHAT","ID-1604","SUMATERA SELATAN","ID-16","0"
"2023","INDONESIA","ID","LAMANDAU","ID-6209","KALIMANTAN TENGAH","ID-62","567.4440697236604"
"2023","INDONESIA","ID","LAMONGAN","ID-3524","JAWA TIMUR","ID-35","0"
"2023","INDONESIA","ID","LAMPUNG BARAT","ID-1804","LAMPUNG","ID-18","0"
"2023","INDONESIA","ID","LAMPUNG SELATAN","ID-1801","LAMPUNG","ID-18","0"
"2023","INDONESIA","ID","LAMPUNG TENGAH","ID-1802","LAMPUNG","ID-18","0"
"2023","INDONESIA","ID","LAMPUNG TIMUR","ID-1807","LAMPUNG","ID-18","0"
"2023","INDONESIA","ID","LAMPUNG UTARA","ID-1803","LAMPUNG","ID-18","0"
"2023","INDONESIA","ID","LANDAK","ID-6108","KALIMANTAN BARAT","ID-61","43600.46431762313"
"2023","INDONESIA","ID","LANGKAT","ID-1205","SUMATERA UTARA","ID-12","0"
"2023","INDONESIA","ID","LANNY JAYA","ID-9507","PAPUA PEGUNUNGAN","ID-95","0"
"2023","INDONESIA","ID","LEBAK","ID-3602","BANTEN","ID-36","0"
"2023","INDONESIA","ID","LEBONG","ID-1707","BENGKULU","ID-17","0"
"2023","INDONESIA","ID","LEMBATA","ID-5313","NUSA TENGGARA TIMUR","ID-53","0"
"2023","INDONESIA","ID","LIMA PULUH KOTA","ID-1307","SUMATERA BARAT","ID-13","0"
"2023","INDONESIA","ID","LINGGA","ID-2104","KEPULAUAN RIAU","ID-21","0"
"2023","INDONESIA","ID","LOMBOK BARAT","ID-5201","NUSA TENGGARA BARAT","ID-52","0"
"2023","INDONESIA","ID","LOMBOK TENGAH","ID-5202","NUSA TENGGARA BARAT","ID-52","0"
"2023","INDONESIA","ID","LOMBOK TIMUR","ID-5203","NUSA TENGGARA BARAT","ID-52","0"
"2023","INDONESIA","ID","LOMBOK UTARA","ID-5208","NUSA TENGGARA BARAT","ID-52","0"
"2023","INDONESIA","ID","LUMAJANG","ID-3508","JAWA TIMUR","ID-35","0"
"2023","INDONESIA","ID","LUWU","ID-7317","SULAWESI SELATAN","ID-73","0"
"2023","INDONESIA","ID","LUWU TIMUR","ID-7324","SULAWESI SELATAN","ID-73","0"
"2023","INDONESIA","ID","LUWU UTARA","ID-7322","SULAWESI SELATAN","ID-73","0"
"2023","INDONESIA","ID","MADIUN","ID-3519","JAWA TIMUR","ID-35","0"
"2023","INDONESIA","ID","MAGELANG","ID-3308","JAWA TENGAH","ID-33","0"
"2023","INDONESIA","ID","MAGETAN","ID-3520","JAWA TIMUR","ID-35","0"
"2023","INDONESIA","ID","MAHAKAM ULU","ID-6411","KALIMANTAN TIMUR","ID-64","0"
"2023","INDONESIA","ID","MAJALENGKA","ID-3210","JAWA BARAT","ID-32","0"
"2023","INDONESIA","ID","MAJENE","ID-7605","SULAWESI BARAT","ID-76","0"
"2023","INDONESIA","ID","MALAKA","ID-5321","NUSA TENGGARA TIMUR","ID-53","0"
"2023","INDONESIA","ID","MALANG","ID-3507","JAWA TIMUR","ID-35","0"
"2023","INDONESIA","ID","MALINAU","ID-6502","KALIMANTAN UTARA","ID-65","0"
"2023","INDONESIA","ID","MALUKU BARAT DAYA","ID-8108","MALUKU","ID-81","0"
"2023","INDONESIA","ID","MALUKU TENGAH","ID-8101","MALUKU","ID-81","0"
"2023","INDONESIA","ID","MALUKU TENGGARA","ID-8102","MALUKU","ID-81","0"
"2023","INDONESIA","ID","MAMASA","ID-7603","SULAWESI BARAT","ID-76","0"
"2023","INDONESIA","ID","MAMBERAMO RAYA","ID-9120","PAPUA","ID-91","442552.123923047"
"2023","INDONESIA","ID","MAMBERAMO TENGAH","ID-9505","PAPUA PEGUNUNGAN","ID-95","35800.25921926981"
"2023","INDONESIA","ID","MAMUJU","ID-7602","SULAWESI BARAT","ID-76","3545.815901686274"
"2023","INDONESIA","ID","MAMUJU TENGAH","ID-7606","SULAWESI BARAT","ID-76","5285.072693359358"
"2023","INDONESIA","ID","MANDAILING NATAL","ID-1213","SUMATERA UTARA","ID-12","29834.00592307882"
"2023","INDONESIA","ID","MANGGARAI","ID-5310","NUSA TENGGARA TIMUR","ID-53","0"
"2023","INDONESIA","ID","MANGGARAI BARAT","ID-5315","NUSA TENGGARA TIMUR","ID-53","0"
"2023","INDONESIA","ID","MANGGARAI TIMUR","ID-5319","NUSA TENGGARA TIMUR","ID-53","0"
"2023","INDONESIA","ID","MANOKWARI","ID-9202","PAPUA BARAT","ID-92","736.1033616750423"
"2023","INDONESIA","ID","MANOKWARI SELATAN","ID-9211","PAPUA BARAT","ID-92","0"
"2023","INDONESIA","ID","MAPPI","ID-9303","PAPUA SELATAN","ID-93","389505.5393037975"
"2023","INDONESIA","ID","MAROS","ID-7309","SULAWESI SELATAN","ID-73","0"
"2023","INDONESIA","ID","MAYBRAT","ID-9605","PAPUA BARAT DAYA","ID-96","1388.526419036897"
"2023","INDONESIA","ID","MELAWI","ID-6110","KALIMANTAN BARAT","ID-61","5680.5208547236425"
"2023","INDONESIA","ID","MEMPAWAH","ID-6102","KALIMANTAN BARAT","ID-61","72099.70347832156"
"2023","INDONESIA","ID","MERANGIN","ID-1502","JAMBI","ID-15","1095.9816128019445"
"2023","INDONESIA","ID","MERAUKE","ID-9301","PAPUA SELATAN","ID-93","13749.381393167669"
"2023","INDONESIA","ID","MESUJI","ID-1811","LAMPUNG","ID-18","21276.10784578186"
"2023","INDONESIA","ID","MIMIKA","ID-9404","PAPUA TENGAH","ID-94","264013.68736623693"
"2023","INDONESIA","ID","MINAHASA","ID-7102","SULAWESI UTARA","ID-71","0"
"2023","INDONESIA","ID","MINAHASA SELATAN","ID-7105","SULAWESI UTARA","ID-71","0"
"2023","INDONESIA","ID","MINAHASA TENGGARA","ID-7107","SULAWESI UTARA","ID-71","0"
"2023","INDONESIA","ID","MINAHASA UTARA","ID-7106","SULAWESI UTARA","ID-71","0"
"2023","INDONESIA","ID","MOJOKERTO","ID-3516","JAWA TIMUR","ID-35","0"
"2023","INDONESIA","ID","MOROWALI","ID-7206","SULAWESI TENGAH","ID-72","0"
"2023","INDONESIA","ID","MOROWALI UTARA","ID-7212","SULAWESI TENGAH","ID-72","6304.367176886164"
"2023","INDONESIA","ID","MUARA ENIM","ID-1603","SUMATERA SELATAN","ID-16","20151.41111660912"
"2023","INDONESIA","ID","MUARO JAMBI","ID-1505","JAMBI","ID-15","189704.4234511261"
"2023","INDONESIA","ID","MUKOMUKO","ID-1706","BENGKULU","ID-17","6264.5721966112515"
"2023","INDONESIA","ID","MUNA","ID-7403","SULAWESI TENGGARA","ID-74","0"
"2023","INDONESIA","ID","MUNA BARAT","ID-7413","SULAWESI TENGGARA","ID-74","0"
"2023","INDONESIA","ID","MURUNG RAYA","ID-6212","KALIMANTAN TENGAH","ID-62","0"
"2023","INDONESIA","ID","MUSI BANYUASIN","ID-1606","SUMATERA SELATAN","ID-16","239727.17065908105"
"2023","INDONESIA","ID","MUSI RAWAS","ID-1605","SUMATERA SELATAN","ID-16","3916.980157950604"
"2023","INDONESIA","ID","MUSI RAWAS UTARA","ID-1613","SUMATERA SELATAN","ID-16","34018.14215503354"
"2023","INDONESIA","ID","NABIRE","ID-9401","PAPUA TENGAH","ID-94","149908.774751419"
"2023","INDONESIA","ID","NAGAN RAYA","ID-1115","ACEH","ID-11","42450.63515054629"
"2023","INDONESIA","ID","NAGEKEO","ID-5316","NUSA TENGGARA TIMUR","ID-53","0"
"2023","INDONESIA","ID","NATUNA","ID-2103","KEPULAUAN RIAU","ID-21","0"
"2023","INDONESIA","ID","NDUGA","ID-9508","PAPUA PEGUNUNGAN","ID-95","0"
"2023","INDONESIA","ID","NGADA","ID-5309","NUSA TENGGARA TIMUR","ID-53","0"
"2023","INDONESIA","ID","NGANJUK","ID-3518","JAWA TIMUR","ID-35","0"
"2023","INDONESIA","ID","NGAWI","ID-3521","JAWA TIMUR","ID-35","0"
"2023","INDONESIA","ID","NIAS","ID-1204","SUMATERA UTARA","ID-12","5662.897701149103"
"2023","INDONESIA","ID","NIAS BARAT","ID-1225","SUMATERA UTARA","ID-12","0"
"2023","INDONESIA","ID","NIAS SELATAN","ID-1214","SUMATERA UTARA","ID-12","0"
"2023","INDONESIA","ID","NIAS UTARA","ID-1224","SUMATERA UTARA","ID-12","5951.283636352389"
"2023","INDONESIA","ID","NUNUKAN","ID-6503","KALIMANTAN UTARA","ID-65","115484.64590309486"
"2023","INDONESIA","ID","OGAN ILIR","ID-1610","SUMATERA SELATAN","ID-16","0"
"2023","INDONESIA","ID","OGAN KOMERING ILIR","ID-1602","SUMATERA SELATAN","ID-16","598608.8269867621"
"2023","INDONESIA","ID","OGAN KOMERING ULU","ID-1601","SUMATERA SELATAN","ID-16","0"
"2023","INDONESIA","ID","OGAN KOMERING ULU SELATAN","ID-1609","SUMATERA SELATAN","ID-16","0"
"2023","INDONESIA","ID","OGAN KOMERING ULU TIMUR","ID-1608","SUMATERA SELATAN","ID-16","0"
"2023","INDONESIA","ID","PACITAN","ID-3501","JAWA TIMUR","ID-35","0"
"2023","INDONESIA","ID","PADANG LAWAS","ID-1221","SUMATERA UTARA","ID-12","0"
"2023","INDONESIA","ID","PADANG LAWAS UTARA","ID-1220","SUMATERA UTARA","ID-12","0"
"2023","INDONESIA","ID","PADANG PARIAMAN","ID-1305","SUMATERA BARAT","ID-13","0"
"2023","INDONESIA","ID","PAKPAK BHARAT","ID-1215","SUMATERA UTARA","ID-12","0"
"2023","INDONESIA","ID","PAMEKASAN","ID-3528","JAWA TIMUR","ID-35","0"
"2023","INDONESIA","ID","PANDEGLANG","ID-3601","BANTEN","ID-36","0"
"2023","INDONESIA","ID","PANGANDARAN","ID-3218","JAWA BARAT","ID-32","0"
"2023","INDONESIA","ID","PANGKAJENE DAN KEPULAUAN","ID-7310","SULAWESI SELATAN","ID-73","0"
"2023","INDONESIA","ID","PANIAI","ID-9403","PAPUA TENGAH","ID-94","9634.833036763215"
"2023","INDONESIA","ID","PARIGI MOUTONG","ID-7208","SULAWESI TENGAH","ID-72","0"
"2023","INDONESIA","ID","PASAMAN","ID-1308","SUMATERA BARAT","ID-13","0"
"2023","INDONESIA","ID","PASAMAN BARAT","ID-1312","SUMATERA BARAT","ID-13","34098.13111174724"
"2023","INDONESIA","ID","PASANGKAYU","ID-7601","SULAWESI BARAT","ID-76","7635.402149826805"
"2023","INDONESIA","ID","PASER","ID-6401","KALIMANTAN TIMUR","ID-64","0"
"2023","INDONESIA","ID","PASURUAN","ID-3514","JAWA TIMUR","ID-35","0"
"2023","INDONESIA","ID","PATI","ID-3318","JAWA TENGAH","ID-33","0"
"2023","INDONESIA","ID","PEGUNUNGAN ARFAK","ID-9212","PAPUA BARAT","ID-92","0"
"2023","INDONESIA","ID","PEGUNUNGAN BINTANG","ID-9502","PAPUA PEGUNUNGAN","ID-95","0"
"2023","INDONESIA","ID","PEKALONGAN","ID-3326","JAWA TENGAH","ID-33","0"
"2023","INDONESIA","ID","PELALAWAN","ID-1405","RIAU","ID-14","710910.0372718292"
"2023","INDONESIA","ID","PEMALANG","ID-3327","JAWA TENGAH","ID-33","0"
"2023","INDONESIA","ID","PENAJAM PASER UTARA","ID-6409","KALIMANTAN TIMUR","ID-64","0"
"2023","INDONESIA","ID","PENUKAL ABAB LEMATANG ILIR","ID-1612","SUMATERA SELATAN","ID-16","27355.532538448617"
"2023","INDONESIA","ID","PESAWARAN","ID-1809","LAMPUNG","ID-18","0"
"2023","INDONESIA","ID","PESISIR BARAT","ID-1813","LAMPUNG","ID-18","0"
"2023","INDONESIA","ID","PESISIR SELATAN","ID-1301","SUMATERA BARAT","ID-13","79815.33095244573"
"2023","INDONESIA","ID","PIDIE","ID-1107","ACEH","ID-11","0"
"2023","INDONESIA","ID","PIDIE JAYA","ID-1118","ACEH","ID-11","0"
"2023","INDONESIA","ID","PINRANG","ID-7315","SULAWESI SELATAN","ID-73","0"
"2023","INDONESIA","ID","POHUWATO","ID-7504","GORONTALO","ID-75","0"
"2023","INDONESIA","ID","POLEWALI MANDAR","ID-7604","SULAWESI BARAT","ID-76","0"
"2023","INDONESIA","ID","PONOROGO","ID-3502","JAWA TIMUR","ID-35","0"
"2023","INDONESIA","ID","POSO","ID-7202","SULAWESI TENGAH","ID-72","0"
"2023","INDONESIA","ID","PRINGSEWU","ID-1810","LAMPUNG","ID-18","0"
"2023","INDONESIA","ID","PROBOLINGGO","ID-3513","JAWA TIMUR","ID-35","0"
"2023","INDONESIA","ID","PULANG PISAU","ID-6211","KALIMANTAN TENGAH","ID-62","583408.1448228676"
"2023","INDONESIA","ID","PULAU MOROTAI","ID-8207","MALUKU UTARA","ID-82","0"
"2023","INDONESIA","ID","PULAU TALIABU","ID-8208","MALUKU UTARA","ID-82","0"
"2023","INDONESIA","ID","PUNCAK","ID-9405","PAPUA TENGAH","ID-94","18335.10027966011"
"2023","INDONESIA","ID","PUNCAK JAYA","ID-9402","PAPUA TENGAH","ID-94","98652.42042183325"
"2023","INDONESIA","ID","PURBALINGGA","ID-3303","JAWA TENGAH","ID-33","0"
"2023","INDONESIA","ID","PURWAKARTA","ID-3214","JAWA BARAT","ID-32","0"
"2023","INDONESIA","ID","PURWOREJO","ID-3306","JAWA TENGAH","ID-33","0"
"2023","INDONESIA","ID","RAJA AMPAT","ID-9603","PAPUA BARAT DAYA","ID-96","1450.3839273083736"
"2023","INDONESIA","ID","REJANG LEBONG","ID-1702","BENGKULU","ID-17","0"
"2023","INDONESIA","ID","REMBANG","ID-3317","JAWA TENGAH","ID-33","0"
"2023","INDONESIA","ID","ROKAN HILIR","ID-1407","RIAU","ID-14","382977.69293854304"
"2023","INDONESIA","ID","ROKAN HULU","ID-1406","RIAU","ID-14","80740.1717273693"
"2023","INDONESIA","ID","ROTE NDAO","ID-5314","NUSA TENGGARA TIMUR","ID-53","0"
"2023","INDONESIA","ID","SABU RAIJUA","ID-5320","NUSA TENGGARA TIMUR","ID-53","0"
"2023","INDONESIA","ID","SAMBAS","ID-6101","KALIMANTAN BARAT","ID-61","58066.92890042286"
"2023","INDONESIA","ID","SAMOSIR","ID-1217","SUMATERA UTARA","ID-12","238.54479910622896"
"2023","INDONESIA","ID","SAMPANG","ID-3527","JAWA TIMUR","ID-35","0"
"2023","INDONESIA","ID","SANGGAU","ID-6103","KALIMANTAN BARAT","ID-61","99415.41481529736"
"2023","INDONESIA","ID","SARMI","ID-9110","PAPUA","ID-91","210226.72111773625"
"2023","INDONESIA","ID","SAROLANGUN","ID-1503","JAMBI","ID-15","30355.925550584114"
"2023","INDONESIA","ID","SEKADAU","ID-6109","KALIMANTAN BARAT","ID-61","10294.712191974764"
"2023","INDONESIA","ID","SELUMA","ID-1705","BENGKULU","ID-17","0"
"2023","INDONESIA","ID","SEMARANG","ID-3322","JAWA TENGAH","ID-33","0"
"2023","INDONESIA","ID","SERAM BAGIAN BARAT","ID-8106","MALUKU","ID-81","0"
"2023","INDONESIA","ID","SERAM BAGIAN TIMUR","ID-8105","MALUKU","ID-81","0"
"2023","INDONESIA","ID","SERANG","ID-3604","BANTEN","ID-36","0"
"2023","INDONESIA","ID","SERDANG BEDAGAI","ID-1218","SUMATERA UTARA","ID-12","0"
"2023","INDONESIA","ID","SERUYAN","ID-6207","KALIMANTAN TENGAH","ID-62","223574.7519275211"
"2023","INDONESIA","ID","SIAK","ID-1408","RIAU","ID-14","384998.7723776948"
"2023","INDONESIA","ID","SIDENRENG RAPPANG","ID-7314","SULAWESI SELATAN","ID-73","0"
"2023","INDONESIA","ID","SIDOARJO","ID-3515","JAWA TIMUR","ID-35","0"
"2023","INDONESIA","ID","SIGI","ID-7210","SULAWESI TENGAH","ID-72","0"
"2023","INDONESIA","ID","SIJUNJUNG","ID-1303","SUMATERA BARAT","ID-13","0"
"2023","INDONESIA","ID","SIKKA","ID-5307","NUSA TENGGARA TIMUR","ID-53","0"
"2023","INDONESIA","ID","SIMALUNGUN","ID-1208","SUMATERA UTARA","ID-12","0"
"2023","INDONESIA","ID","SIMEULUE","ID-1109","ACEH","ID-11","0"
"2023","INDONESIA","ID","SINJAI","ID-7307","SULAWESI SELATAN","ID-73","0"
"2023","INDONESIA","ID","SINTANG","ID-6105","KALIMANTAN BARAT","ID-61","65732.36370864959"
"2023","INDONESIA","ID","SITUBONDO","ID-3512","JAWA TIMUR","ID-35","0"
"2023","INDONESIA","ID","SLEMAN","ID-3404","DAERAH ISTIMEWA YOGYAKARTA","ID-34","0"
"2023","INDONESIA","ID","SOLOK","ID-1302","SUMATERA BARAT","ID-13","0"
"2023","INDONESIA","ID","SOLOK SELATAN","ID-1311","SUMATERA BARAT","ID-13","0"
"2023","INDONESIA","ID","SOPPENG","ID-7312","SULAWESI SELATAN","ID-73","0"
"2023","INDONESIA","ID","SORONG","ID-9601","PAPUA BARAT DAYA","ID-96","93838.05414036552"
"2023","INDONESIA","ID","SORONG SELATAN","ID-9602","PAPUA BARAT DAYA","ID-96","254573.5954629692"
"2023","INDONESIA","ID","SRAGEN","ID-3314","JAWA TENGAH","ID-33","0"
"2023","INDONESIA","ID","SUBANG","ID-3213","JAWA BARAT","ID-32","0"
"2023","INDONESIA","ID","SUKABUMI","ID-3202","JAWA BARAT","ID-32","0"
"2023","INDONESIA","ID","SUKAMARA","ID-6208","KALIMANTAN TENGAH","ID-62","49801.13642068545"
"2023","INDONESIA","ID","SUKOHARJO","ID-3311","JAWA TENGAH","ID-33","0"
"2023","INDONESIA","ID","SUMBA BARAT","ID-5312","NUSA TENGGARA TIMUR","ID-53","0"
"2023","INDONESIA","ID","SUMBA BARAT DAYA","ID-5318","NUSA TENGGARA TIMUR","ID-53","0"
"2023","INDONESIA","ID","SUMBA TENGAH","ID-5317","NUSA TENGGARA TIMUR","ID-53","0"
"2023","INDONESIA","ID","SUMBA TIMUR","ID-5311","NUSA TENGGARA TIMUR","ID-53","0"
"2023","INDONESIA","ID","SUMBAWA","ID-5204","NUSA TENGGARA BARAT","ID-52","0"
"2023","INDONESIA","ID","SUMBAWA BARAT","ID-5207","NUSA TENGGARA BARAT","ID-52","0"
"2023","INDONESIA","ID","SUMEDANG","ID-3211","JAWA BARAT","ID-32","0"
"2023","INDONESIA","ID","SUMENEP","ID-3529","JAWA TIMUR","ID-35","0"
"2023","INDONESIA","ID","SUPIORI","ID-9119","PAPUA","ID-91","1681.2885683236836"
"2023","INDONESIA","ID","TABALONG","ID-6309","KALIMANTAN SELATAN","ID-63","9366.28159851501"
"2023","INDONESIA","ID","TABANAN","ID-5102","BALI","ID-51","0"
"2023","INDONESIA","ID","TAKALAR","ID-7305","SULAWESI SELATAN","ID-73","0"
"2023","INDONESIA","ID","TAMBRAUW","ID-9604","PAPUA BARAT DAYA","ID-96","0"
"2023","INDONESIA","ID","TANAH BUMBU","ID-6310","KALIMANTAN SELATAN","ID-63","0"
"2023","INDONESIA","ID","TANAH DATAR","ID-1304","SUMATERA BARAT","ID-13","0"
"2023","INDONESIA","ID","TANAH LAUT","ID-6301","KALIMANTAN SELATAN","ID-63","0"
"2023","INDONESIA","ID","TANA TIDUNG","ID-6504","KALIMANTAN UTARA","ID-65","97929.92607942552"
"2023","INDONESIA","ID","TANA TORAJA","ID-7318","SULAWESI SELATAN","ID-73","0"
"2023","INDONESIA","ID","TANGERANG","ID-3603","BANTEN","ID-36","0"
"2023","INDONESIA","ID","TANGGAMUS","ID-1806","LAMPUNG","ID-18","0"
"2023","INDONESIA","ID","TANJUNG JABUNG BARAT","ID-1506","JAMBI","ID-15","110629.029038218"
"2023","INDONESIA","ID","TANJUNG JABUNG TIMUR","ID-1507","JAMBI","ID-15","153330.26657174778"
"2023","INDONESIA","ID","TAPANULI SELATAN","ID-1203","SUMATERA UTARA","ID-12","18261.797736635577"
"2023","INDONESIA","ID","TAPANULI TENGAH","ID-1201","SUMATERA UTARA","ID-12","11774.693151081216"
"2023","INDONESIA","ID","TAPANULI UTARA","ID-1202","SUMATERA UTARA","ID-12","0"
"2023","INDONESIA","ID","TAPIN","ID-6305","KALIMANTAN SELATAN","ID-63","7567.093948426415"
"2023","INDONESIA","ID","TASIKMALAYA","ID-3206","JAWA BARAT","ID-32","0"
"2023","INDONESIA","ID","TEBO","ID-1509","JAMBI","ID-15","197.2475346170843"
"2023","INDONESIA","ID","TEGAL","ID-3328","JAWA TENGAH","ID-33","0"
"2023","INDONESIA","ID","TELUK BINTUNI","ID-9206","PAPUA BARAT","ID-92","326129.06089021533"
"2023","INDONESIA","ID","TELUK WONDAMA","ID-9207","PAPUA BARAT","ID-92","0"
"2023","INDONESIA","ID","TEMANGGUNG","ID-3323","JAWA TENGAH","ID-33","0"
"2023","INDONESIA","ID","TIMOR TENGAH SELATAN","ID-5302","NUSA TENGGARA TIMUR","ID-53","0"
"2023","INDONESIA","ID","TIMOR TENGAH UTARA","ID-5303","NUSA TENGGARA TIMUR","ID-53","0"
"2023","INDONESIA","ID","TOBA","ID-1212","SUMATERA UTARA","ID-12","0"
"2023","INDONESIA","ID","TOJO UNA UNA","ID-7209","SULAWESI TENGAH","ID-72","209.32670029071667"
"2023","INDONESIA","ID","TOLIKARA","ID-9504","PAPUA PEGUNUNGAN","ID-95","33324.84415361115"
"2023","INDONESIA","ID","TOLI-TOLI","ID-7204","SULAWESI TENGAH","ID-72","1050.3790415448643"
"2023","INDONESIA","ID","TORAJA UTARA","ID-7326","SULAWESI SELATAN","ID-73","0"
"2023","INDONESIA","ID","TRENGGALEK","ID-3503","JAWA TIMUR","ID-35","0"
"2023","INDONESIA","ID","TUBAN","ID-3523","JAWA TIMUR","ID-35","0"
"2023","INDONESIA","ID","TULANG BAWANG","ID-1805","LAMPUNG","ID-18","207.85907915546375"
"2023","INDONESIA","ID","TULANG BAWANG BARAT","ID-1812","LAMPUNG","ID-18","0"
"2023","INDONESIA","ID","TULUNGAGUNG","ID-3504","JAWA TIMUR","ID-35","0"
"2023","INDONESIA","ID","WAJO","ID-7313","SULAWESI SELATAN","ID-73","0"
"2023","INDONESIA","ID","WAKATOBI","ID-7407","SULAWESI TENGGARA","ID-74","0"
"2023","INDONESIA","ID","WAROPEN","ID-9115","PAPUA","ID-91","74637.26598150222"
"2023","INDONESIA","ID","WAY KANAN","ID-1808","LAMPUNG","ID-18","0"
"2023","INDONESIA","ID","WONOGIRI","ID-3312","JAWA TENGAH","ID-33","0"
"2023","INDONESIA","ID","WONOSOBO","ID-3307","JAWA TENGAH","ID-33","0"
"2023","INDONESIA","ID","YAHUKIMO","ID-9503","PAPUA PEGUNUNGAN","ID-95","401.5639098707685"
"2023","INDONESIA","ID","YALIMO","ID-9506","PAPUA PEGUNUNGAN","ID-95","16576.542298267916"
"2024","INDONESIA","ID","ACEH BARAT","ID-1105","ACEH","ID-11","23930.71650964687"
"2024","INDONESIA","ID","ACEH BARAT DAYA","ID-1112","ACEH","ID-11","2473.740237747516"
"2024","INDONESIA","ID","ACEH BESAR","ID-1106","ACEH","ID-11","0"
"2024","INDONESIA","ID","ACEH JAYA","ID-1114","ACEH","ID-11","4571.252837132295"
"2024","INDONESIA","ID","ACEH SELATAN","ID-1101","ACEH","ID-11","48836.71827814446"
"2024","INDONESIA","ID","ACEH SINGKIL","ID-1110","ACEH","ID-11","23738.41615852781"
"2024","INDONESIA","ID","ACEH TAMIANG","ID-1116","ACEH","ID-11","0"
"2024","INDONESIA","ID","ACEH TENGAH","ID-1104","ACEH","ID-11","0"
"2024","INDONESIA","ID","ACEH TENGGARA","ID-1102","ACEH","ID-11","0"
"2024","INDONESIA","ID","ACEH TIMUR","ID-1103","ACEH","ID-11","0"
"2024","INDONESIA","ID","ACEH UTARA","ID-1108","ACEH","ID-11","0"
"2024","INDONESIA","ID","ADMINISTRASI KEPULAUAN SERIBU","ID-3101","DAERAH KHUSUS IBUKOTA JAKARTA","ID-31","0"
"2024","INDONESIA","ID","AGAM","ID-1306","SUMATERA BARAT","ID-13","11138.7587677363"
"2024","INDONESIA","ID","ALOR","ID-5305","NUSA TENGGARA TIMUR","ID-53","0"
"2024","INDONESIA","ID","ASAHAN","ID-1209","SUMATERA UTARA","ID-12","28450.41170211967"
"2024","INDONESIA","ID","ASMAT","ID-9304","PAPUA SELATAN","ID-93","300132.9104511264"
"2024","INDONESIA","ID","BADUNG","ID-5103","BALI","ID-51","0"
"2024","INDONESIA","ID","BALANGAN","ID-6311","KALIMANTAN SELATAN","ID-63","2522.051580087205"
"2024","INDONESIA","ID","BANDUNG","ID-3204","JAWA BARAT","ID-32","0"
"2024","INDONESIA","ID","BANDUNG BARAT","ID-3217","JAWA BARAT","ID-32","0"
"2024","INDONESIA","ID","BANGGAI","ID-7201","SULAWESI TENGAH","ID-72","0"
"2024","INDONESIA","ID","BANGGAI KEPULAUAN","ID-7207","SULAWESI TENGAH","ID-72","0"
"2024","INDONESIA","ID","BANGGAI LAUT","ID-7211","SULAWESI TENGAH","ID-72","0"
"2024","INDONESIA","ID","BANGKA","ID-1901","KEPULAUAN BANGKA BELITUNG","ID-19","473.6416326539059"
"2024","INDONESIA","ID","BANGKA BARAT","ID-1905","KEPULAUAN BANGKA BELITUNG","ID-19","3811.70757007356"
"2024","INDONESIA","ID","BANGKALAN","ID-3526","JAWA TIMUR","ID-35","0"
"2024","INDONESIA","ID","BANGKA SELATAN","ID-1903","KEPULAUAN BANGKA BELITUNG","ID-19","3881.9879420374896"
"2024","INDONESIA","ID","BANGKA TENGAH","ID-1904","KEPULAUAN BANGKA BELITUNG","ID-19","15442.352555941152"
"2024","INDONESIA","ID","BANGLI","ID-5106","BALI","ID-51","0"
"2024","INDONESIA","ID","BANJAR","ID-6303","KALIMANTAN SELATAN","ID-63","2378.5928005565956"
"2024","INDONESIA","ID","BANJARNEGARA","ID-3304","JAWA TENGAH","ID-33","0"
"2024","INDONESIA","ID","BANTAENG","ID-7303","SULAWESI SELATAN","ID-73","0"
"2024","INDONESIA","ID","BANTUL","ID-3402","DAERAH ISTIMEWA YOGYAKARTA","ID-34","0"
"2024","INDONESIA","ID","BANYUASIN","ID-1607","SUMATERA SELATAN","ID-16","191935.43837467028"
"2024","INDONESIA","ID","BANYUMAS","ID-3302","JAWA TENGAH","ID-33","0"
"2024","INDONESIA","ID","BANYUWANGI","ID-3510","JAWA TIMUR","ID-35","0"
"2024","INDONESIA","ID","BARITO KUALA","ID-6304","KALIMANTAN SELATAN","ID-63","0"
"2024","INDONESIA","ID","BARITO SELATAN","ID-6204","KALIMANTAN TENGAH","ID-62","145654.26588574494"
"2024","INDONESIA","ID","BARITO TIMUR","ID-6213","KALIMANTAN TENGAH","ID-62","27427.309635697897"
"2024","INDONESIA","ID","BARITO UTARA","ID-6205","KALIMANTAN TENGAH","ID-62","0"
"2024","INDONESIA","ID","BARRU","ID-7311","SULAWESI SELATAN","ID-73","0"
"2024","INDONESIA","ID","BATANG","ID-3325","JAWA TENGAH","ID-33","0"
"2024","INDONESIA","ID","BATANGHARI","ID-1504","JAMBI","ID-15","0"
"2024","INDONESIA","ID","BATU BARA","ID-1219","SUMATERA UTARA","ID-12","0"
"2024","INDONESIA","ID","BEKASI","ID-3216","JAWA BARAT","ID-32","0"
"2024","INDONESIA","ID","BELITUNG","ID-1902","KEPULAUAN BANGKA BELITUNG","ID-19","0"
"2024","INDONESIA","ID","BELITUNG TIMUR","ID-1906","KEPULAUAN BANGKA BELITUNG","ID-19","714.7465418182478"
"2024","INDONESIA","ID","BELU","ID-5304","NUSA TENGGARA TIMUR","ID-53","0"
"2024","INDONESIA","ID","BENER MERIAH","ID-1117","ACEH","ID-11","0"
"2024","INDONESIA","ID","BENGKALIS","ID-1403","RIAU","ID-14","536291.4438363129"
"2024","INDONESIA","ID","BENGKAYANG","ID-6107","KALIMANTAN BARAT","ID-61","30252.381057345367"
"2024","INDONESIA","ID","BENGKULU SELATAN","ID-1701","BENGKULU","ID-17","0"
"2024","INDONESIA","ID","BENGKULU TENGAH","ID-1709","BENGKULU","ID-17","0"
"2024","INDONESIA","ID","BENGKULU UTARA","ID-1703","BENGKULU","ID-17","0"
"2024","INDONESIA","ID","BERAU","ID-6403","KALIMANTAN TIMUR","ID-64","13708.429222667815"
"2024","INDONESIA","ID","BIAK NUMFOR","ID-9106","PAPUA","ID-91","0"
"2024","INDONESIA","ID","BIMA","ID-5206","NUSA TENGGARA BARAT","ID-52","0"
"2024","INDONESIA","ID","BINTAN","ID-2101","KEPULAUAN RIAU","ID-21","0"
"2024","INDONESIA","ID","BIREUEN","ID-1111","ACEH","ID-11","0"
"2024","INDONESIA","ID","BLITAR","ID-3505","JAWA TIMUR","ID-35","0"
"2024","INDONESIA","ID","BLORA","ID-3316","JAWA TENGAH","ID-33","0"
"2024","INDONESIA","ID","BOALEMO","ID-7502","GORONTALO","ID-75","0"
"2024","INDONESIA","ID","BOGOR","ID-3201","JAWA BARAT","ID-32","0"
"2024","INDONESIA","ID","BOJONEGORO","ID-3522","JAWA TIMUR","ID-35","0"
"2024","INDONESIA","ID","BOLAANG MONGONDOW","ID-7101","SULAWESI UTARA","ID-71","0"
"2024","INDONESIA","ID","BOLAANG MONGONDOW SELATAN","ID-7111","SULAWESI UTARA","ID-71","0"
"2024","INDONESIA","ID","BOLAANG MONGONDOW TIMUR","ID-7110","SULAWESI UTARA","ID-71","0"
"2024","INDONESIA","ID","BOLAANG MONGONDOW UTARA","ID-7108","SULAWESI UTARA","ID-71","0"
"2024","INDONESIA","ID","BOMBANA","ID-7406","SULAWESI TENGGARA","ID-74","0"
"2024","INDONESIA","ID","BONDOWOSO","ID-3511","JAWA TIMUR","ID-35","0"
"2024","INDONESIA","ID","BONE","ID-7308","SULAWESI SELATAN","ID-73","0"
"2024","INDONESIA","ID","BONE BOLANGO","ID-7503","GORONTALO","ID-75","0"
"2024","INDONESIA","ID","BOVEN DIGOEL","ID-9302","PAPUA SELATAN","ID-93","123709.12557806344"
"2024","INDONESIA","ID","BOYOLALI","ID-3309","JAWA TENGAH","ID-33","0"
"2024","INDONESIA","ID","BREBES","ID-3329","JAWA TENGAH","ID-33","0"
"2024","INDONESIA","ID","BULELENG","ID-5108","BALI","ID-51","0"
"2024","INDONESIA","ID","BULUKUMBA","ID-7302","SULAWESI SELATAN","ID-73","0"
"2024","INDONESIA","ID","BULUNGAN","ID-6501","KALIMANTAN UTARA","ID-65","0"
"2024","INDONESIA","ID","BUNGO","ID-1508","JAMBI","ID-15","0"
"2024","INDONESIA","ID","BUOL","ID-7205","SULAWESI TENGAH","ID-72","0"
"2024","INDONESIA","ID","BURU","ID-8104","MALUKU","ID-81","0"
"2024","INDONESIA","ID","BURU SELATAN","ID-8109","MALUKU","ID-81","0"
"2024","INDONESIA","ID","BUTON","ID-7404","SULAWESI TENGGARA","ID-74","0"
"2024","INDONESIA","ID","BUTON SELATAN","ID-7415","SULAWESI TENGGARA","ID-74","0"
"2024","INDONESIA","ID","BUTON TENGAH","ID-7414","SULAWESI TENGGARA","ID-74","0"
"2024","INDONESIA","ID","BUTON UTARA","ID-7410","SULAWESI TENGGARA","ID-74","0"
"2024","INDONESIA","ID","CIAMIS","ID-3207","JAWA BARAT","ID-32","0"
"2024","INDONESIA","ID","CIANJUR","ID-3203","JAWA BARAT","ID-32","0"
"2024","INDONESIA","ID","CILACAP","ID-3301","JAWA TENGAH","ID-33","0"
"2024","INDONESIA","ID","CIREBON","ID-3209","JAWA BARAT","ID-32","0"
"2024","INDONESIA","ID","DAIRI","ID-1211","SUMATERA UTARA","ID-12","0"
"2024","INDONESIA","ID","DEIYAI","ID-9408","PAPUA TENGAH","ID-94","1814.530857682557"
"2024","INDONESIA","ID","DELI SERDANG","ID-1207","SUMATERA UTARA","ID-12","0"
"2024","INDONESIA","ID","DEMAK","ID-3321","JAWA TENGAH","ID-33","0"
"2024","INDONESIA","ID","DHARMASRAYA","ID-1310","SUMATERA BARAT","ID-13","0"
"2024","INDONESIA","ID","DOGIYAI","ID-9406","PAPUA TENGAH","ID-94","3220.9081995370793"
"2024","INDONESIA","ID","DOMPU","ID-5205","NUSA TENGGARA BARAT","ID-52","0"
"2024","INDONESIA","ID","DONGGALA","ID-7203","SULAWESI TENGAH","ID-72","584.3060448679521"
"2024","INDONESIA","ID","EMPAT LAWANG","ID-1611","SUMATERA SELATAN","ID-16","0"
"2024","INDONESIA","ID","ENDE","ID-5308","NUSA TENGGARA TIMUR","ID-53","0"
"2024","INDONESIA","ID","ENREKANG","ID-7316","SULAWESI SELATAN","ID-73","0"
"2024","INDONESIA","ID","FAK FAK","ID-9203","PAPUA BARAT","ID-92","26157.623771776725"
"2024","INDONESIA","ID","FLORES TIMUR","ID-5306","NUSA TENGGARA TIMUR","ID-53","0"
"2024","INDONESIA","ID","GARUT","ID-3205","JAWA BARAT","ID-32","0"
"2024","INDONESIA","ID","GAYO LUES","ID-1113","ACEH","ID-11","0"
"2024","INDONESIA","ID","GIANYAR","ID-5104","BALI","ID-51","0"
"2024","INDONESIA","ID","GORONTALO","ID-7501","GORONTALO","ID-75","0"
"2024","INDONESIA","ID","GORONTALO UTARA","ID-7505","GORONTALO","ID-75","0"
"2024","INDONESIA","ID","GOWA","ID-7306","SULAWESI SELATAN","ID-73","0"
"2024","INDONESIA","ID","GRESIK","ID-3525","JAWA TIMUR","ID-35","0"
"2024","INDONESIA","ID","GROBOGAN","ID-3315","JAWA TENGAH","ID-33","0"
"2024","INDONESIA","ID","GUNUNGKIDUL","ID-3403","DAERAH ISTIMEWA YOGYAKARTA","ID-34","0"
"2024","INDONESIA","ID","GUNUNG MAS","ID-6210","KALIMANTAN TENGAH","ID-62","0"
"2024","INDONESIA","ID","HALMAHERA BARAT","ID-8201","MALUKU UTARA","ID-82","0"
"2024","INDONESIA","ID","HALMAHERA SELATAN","ID-8204","MALUKU UTARA","ID-82","0"
"2024","INDONESIA","ID","HALMAHERA TENGAH","ID-8202","MALUKU UTARA","ID-82","0"
"2024","INDONESIA","ID","HALMAHERA TIMUR","ID-8206","MALUKU UTARA","ID-82","0"
"2024","INDONESIA","ID","HALMAHERA UTARA","ID-8203","MALUKU UTARA","ID-82","0"
"2024","INDONESIA","ID","HULU SUNGAI SELATAN","ID-6306","KALIMANTAN SELATAN","ID-63","2262.5626792109333"
"2024","INDONESIA","ID","HULU SUNGAI TENGAH","ID-6307","KALIMANTAN SELATAN","ID-63","1481.7902570695703"
"2024","INDONESIA","ID","HULU SUNGAI UTARA","ID-6308","KALIMANTAN SELATAN","ID-63","20348.114726988577"
"2024","INDONESIA","ID","HUMBANG HASUNDUTAN","ID-1216","SUMATERA UTARA","ID-12","2969.396288606546"
"2024","INDONESIA","ID","INDRAGIRI HILIR","ID-1404","RIAU","ID-14","718274.4908948487"
"2024","INDONESIA","ID","INDRAGIRI HULU","ID-1402","RIAU","ID-14","200397.77769751896"
"2024","INDONESIA","ID","INDRAMAYU","ID-3212","JAWA BARAT","ID-32","0"
"2024","INDONESIA","ID","INTAN JAYA","ID-9407","PAPUA TENGAH","ID-94","1119.980361464453"
"2024","INDONESIA","ID","JAYAPURA","ID-9103","PAPUA","ID-91","25646.883561012397"
"2024","INDONESIA","ID","JAYAWIJAYA","ID-9501","PAPUA PEGUNUNGAN","ID-95","0"
"2024","INDONESIA","ID","JEMBER","ID-3509","JAWA TIMUR","ID-35","0"
"2024","INDONESIA","ID","JEMBRANA","ID-5101","BALI","ID-51","0"
"2024","INDONESIA","ID","JENEPONTO","ID-7304","SULAWESI SELATAN","ID-73","0"
"2024","INDONESIA","ID","JEPARA","ID-3320","JAWA TENGAH","ID-33","0"
"2024","INDONESIA","ID","JOMBANG","ID-3517","JAWA TIMUR","ID-35","0"
"2024","INDONESIA","ID","KAIMANA","ID-9208","PAPUA BARAT","ID-92","86265.34616287949"
"2024","INDONESIA","ID","KAMPAR","ID-1401","RIAU","ID-14","92946.42451525282"
"2024","INDONESIA","ID","KAPUAS","ID-6203","KALIMANTAN TENGAH","ID-62","303700.54693519877"
"2024","INDONESIA","ID","KAPUAS HULU","ID-6106","KALIMANTAN BARAT","ID-61","244173.1306161445"
"2024","INDONESIA","ID","KARANGANYAR","ID-3313","JAWA TENGAH","ID-33","0"
"2024","INDONESIA","ID","KARANGASEM","ID-5107","BALI","ID-51","0"
"2024","INDONESIA","ID","KARAWANG","ID-3215","JAWA BARAT","ID-32","0"
"2024","INDONESIA","ID","KARIMUN","ID-2102","KEPULAUAN RIAU","ID-21","3592.288924627867"
"2024","INDONESIA","ID","KARO","ID-1206","SUMATERA UTARA","ID-12","0"
"2024","INDONESIA","ID","KATINGAN","ID-6206","KALIMANTAN TENGAH","ID-62","565768.5126757957"
"2024","INDONESIA","ID","KAUR","ID-1704","BENGKULU","ID-17","0"
"2024","INDONESIA","ID","KAYONG UTARA","ID-6111","KALIMANTAN BARAT","ID-61","132131.08752515668"
"2024","INDONESIA","ID","KEBUMEN","ID-3305","JAWA TENGAH","ID-33","0"
"2024","INDONESIA","ID","KEDIRI","ID-3506","JAWA TIMUR","ID-35","0"
"2024","INDONESIA","ID","KEEROM","ID-9111","PAPUA","ID-91","600.2167148364724"
"2024","INDONESIA","ID","KENDAL","ID-3324","JAWA TENGAH","ID-33","0"
"2024","INDONESIA","ID","KEPAHIANG","ID-1708","BENGKULU","ID-17","0"
"2024","INDONESIA","ID","KEP. SIAU TAGULANDANG BIARO","ID-7109","SULAWESI UTARA","ID-71","0"
"2024","INDONESIA","ID","KEPULAUAN ANAMBAS","ID-2105","KEPULAUAN RIAU","ID-21","0"
"2024","INDONESIA","ID","KEPULAUAN ARU","ID-8107","MALUKU","ID-81","0"
"2024","INDONESIA","ID","KEPULAUAN MENTAWAI","ID-1309","SUMATERA BARAT","ID-13","0"
"2024","INDONESIA","ID","KEPULAUAN MERANTI","ID-1410","RIAU","ID-14","301248.0443852444"
"2024","INDONESIA","ID","KEPULAUAN SANGIHE","ID-7103","SULAWESI UTARA","ID-71","0"
"2024","INDONESIA","ID","KEPULAUAN SELAYAR","ID-7301","SULAWESI SELATAN","ID-73","0"
"2024","INDONESIA","ID","KEPULAUAN SULA","ID-8205","MALUKU UTARA","ID-82","0"
"2024","INDONESIA","ID","KEPULAUAN TALAUD","ID-7104","SULAWESI UTARA","ID-71","0"
"2024","INDONESIA","ID","KEPULAUAN TANIMBAR","ID-8103","MALUKU","ID-81","0"
"2024","INDONESIA","ID","KEPULAUAN YAPEN","ID-9105","PAPUA","ID-91","613.4908850339178"
"2024","INDONESIA","ID","KERINCI","ID-1501","JAMBI","ID-15","4202.8736435119645"
"2024","INDONESIA","ID","KETAPANG","ID-6104","KALIMANTAN BARAT","ID-61","261272.708776481"
"2024","INDONESIA","ID","KLATEN","ID-3310","JAWA TENGAH","ID-33","0"
"2024","INDONESIA","ID","KLUNGKUNG","ID-5105","BALI","ID-51","0"
"2024","INDONESIA","ID","KOLAKA","ID-7401","SULAWESI TENGGARA","ID-74","0"
"2024","INDONESIA","ID","KOLAKA TIMUR","ID-7411","SULAWESI TENGGARA","ID-74","0"
"2024","INDONESIA","ID","KOLAKA UTARA","ID-7408","SULAWESI TENGGARA","ID-74","0"
"2024","INDONESIA","ID","KONAWE","ID-7402","SULAWESI TENGGARA","ID-74","0"
"2024","INDONESIA","ID","KONAWE KEPULAUAN","ID-7412","SULAWESI TENGGARA","ID-74","0"
"2024","INDONESIA","ID","KONAWE SELATAN","ID-7405","SULAWESI TENGGARA","ID-74","0"
"2024","INDONESIA","ID","KONAWE UTARA","ID-7409","SULAWESI TENGGARA","ID-74","0"
"2024","INDONESIA","ID","KOTA ADMINISTRASI JAKARTA BARAT","ID-3173","DAERAH KHUSUS IBUKOTA JAKARTA","ID-31","0"
"2024","INDONESIA","ID","KOTA ADMINISTRASI JAKARTA PUSAT","ID-3171","DAERAH KHUSUS IBUKOTA JAKARTA","ID-31","0"
"2024","INDONESIA","ID","KOTA ADMINISTRASI JAKARTA SELATAN","ID-3174","DAERAH KHUSUS IBUKOTA JAKARTA","ID-31","0"
"2024","INDONESIA","ID","KOTA ADMINISTRASI JAKARTA TIMUR","ID-3175","DAERAH KHUSUS IBUKOTA JAKARTA","ID-31","0"
"2024","INDONESIA","ID","KOTA ADMINISTRASI JAKARTA UTARA","ID-3172","DAERAH KHUSUS IBUKOTA JAKARTA","ID-31","0"
"2024","INDONESIA","ID","KOTA AMBON","ID-8171","MALUKU","ID-81","0"
"2024","INDONESIA","ID","KOTA BALIKPAPAN","ID-6471","KALIMANTAN TIMUR","ID-64","0"
"2024","INDONESIA","ID","KOTA BANDA ACEH","ID-1171","ACEH","ID-11","0"
"2024","INDONESIA","ID","KOTA BANDAR LAMPUNG","ID-1871","LAMPUNG","ID-18","0"
"2024","INDONESIA","ID","KOTA BANDUNG","ID-3273","JAWA BARAT","ID-32","0"
"2024","INDONESIA","ID","KOTA BANJAR","ID-3279","JAWA BARAT","ID-32","0"
"2024","INDONESIA","ID","KOTA BANJARBARU","ID-6372","KALIMANTAN SELATAN","ID-63","0"
"2024","INDONESIA","ID","KOTA BANJARMASIN","ID-6371","KALIMANTAN SELATAN","ID-63","0"
"2024","INDONESIA","ID","KOTABARU","ID-6302","KALIMANTAN SELATAN","ID-63","0"
"2024","INDONESIA","ID","KOTA BATAM","ID-2171","KEPULAUAN RIAU","ID-21","0"
"2024","INDONESIA","ID","KOTA BATU","ID-3579","JAWA TIMUR","ID-35","0"
"2024","INDONESIA","ID","KOTA BAU BAU","ID-7472","SULAWESI TENGGARA","ID-74","0"
"2024","INDONESIA","ID","KOTA BEKASI","ID-3275","JAWA BARAT","ID-32","0"
"2024","INDONESIA","ID","KOTA BENGKULU","ID-1771","BENGKULU","ID-17","0"
"2024","INDONESIA","ID","KOTA BIMA","ID-5272","NUSA TENGGARA BARAT","ID-52","0"
"2024","INDONESIA","ID","KOTA BINJAI","ID-1275","SUMATERA UTARA","ID-12","0"
"2024","INDONESIA","ID","KOTA BITUNG","ID-7172","SULAWESI UTARA","ID-71","0"
"2024","INDONESIA","ID","KOTA BLITAR","ID-3572","JAWA TIMUR","ID-35","0"
"2024","INDONESIA","ID","KOTA BOGOR","ID-3271","JAWA BARAT","ID-32","0"
"2024","INDONESIA","ID","KOTA BONTANG","ID-6474","KALIMANTAN TIMUR","ID-64","0"
"2024","INDONESIA","ID","KOTA BUKITTINGGI","ID-1375","SUMATERA BARAT","ID-13","0"
"2024","INDONESIA","ID","KOTA CILEGON","ID-3672","BANTEN","ID-36","0"
"2024","INDONESIA","ID","KOTA CIMAHI","ID-3277","JAWA BARAT","ID-32","0"
"2024","INDONESIA","ID","KOTA CIREBON","ID-3274","JAWA BARAT","ID-32","0"
"2024","INDONESIA","ID","KOTA DENPASAR","ID-5171","BALI","ID-51","0"
"2024","INDONESIA","ID","KOTA DEPOK","ID-3276","JAWA BARAT","ID-32","0"
"2024","INDONESIA","ID","KOTA DUMAI","ID-1472","RIAU","ID-14","135283.1805850815"
"2024","INDONESIA","ID","KOTA GORONTALO","ID-7571","GORONTALO","ID-75","0"
"2024","INDONESIA","ID","KOTA GUNUNGSITOLI","ID-1278","SUMATERA UTARA","ID-12","0"
"2024","INDONESIA","ID","KOTA JAMBI","ID-1571","JAMBI","ID-15","0"
"2024","INDONESIA","ID","KOTA JAYAPURA","ID-9171","PAPUA","ID-91","460.8569889148686"
"2024","INDONESIA","ID","KOTA KEDIRI","ID-3571","JAWA TIMUR","ID-35","0"
"2024","INDONESIA","ID","KOTA KENDARI","ID-7471","SULAWESI TENGGARA","ID-74","0"
"2024","INDONESIA","ID","KOTA KOTAMOBAGU","ID-7174","SULAWESI UTARA","ID-71","0"
"2024","INDONESIA","ID","KOTA KUPANG","ID-5371","NUSA TENGGARA TIMUR","ID-53","0"
"2024","INDONESIA","ID","KOTA LANGSA","ID-1174","ACEH","ID-11","0"
"2024","INDONESIA","ID","KOTA LHOKSEUMAWE","ID-1173","ACEH","ID-11","0"
"2024","INDONESIA","ID","KOTA LUBUK LINGGAU","ID-1673","SUMATERA SELATAN","ID-16","0"
"2024","INDONESIA","ID","KOTA MADIUN","ID-3577","JAWA TIMUR","ID-35","0"
"2024","INDONESIA","ID","KOTA MAGELANG","ID-3371","JAWA TENGAH","ID-33","0"
"2024","INDONESIA","ID","KOTA MAKASSAR","ID-7371","SULAWESI SELATAN","ID-73","0"
"2024","INDONESIA","ID","KOTA MALANG","ID-3573","JAWA TIMUR","ID-35","0"
"2024","INDONESIA","ID","KOTA MANADO","ID-7171","SULAWESI UTARA","ID-71","0"
"2024","INDONESIA","ID","KOTA MATARAM","ID-5271","NUSA TENGGARA BARAT","ID-52","0"
"2024","INDONESIA","ID","KOTA MEDAN","ID-1271","SUMATERA UTARA","ID-12","0"
"2024","INDONESIA","ID","KOTA METRO","ID-1872","LAMPUNG","ID-18","0"
"2024","INDONESIA","ID","KOTA MOJOKERTO","ID-3576","JAWA TIMUR","ID-35","0"
"2024","INDONESIA","ID","KOTA PADANG","ID-1371","SUMATERA BARAT","ID-13","0"
"2024","INDONESIA","ID","KOTA PADANG PANJANG","ID-1374","SUMATERA BARAT","ID-13","0"
"2024","INDONESIA","ID","KOTA PADANGSIDIMPUAN","ID-1277","SUMATERA UTARA","ID-12","0"
"2024","INDONESIA","ID","KOTA PAGAR ALAM","ID-1672","SUMATERA SELATAN","ID-16","0"
"2024","INDONESIA","ID","KOTA PALANGKARAYA","ID-6271","KALIMANTAN TENGAH","ID-62","115584.75184339315"
"2024","INDONESIA","ID","KOTA PALEMBANG","ID-1671","SUMATERA SELATAN","ID-16","0"
"2024","INDONESIA","ID","KOTA PALOPO","ID-7373","SULAWESI SELATAN","ID-73","0"
"2024","INDONESIA","ID","KOTA PALU","ID-7271","SULAWESI TENGAH","ID-72","0"
"2024","INDONESIA","ID","KOTA PANGKAL PINANG","ID-1971","KEPULAUAN BANGKA BELITUNG","ID-19","0"
"2024","INDONESIA","ID","KOTA PAREPARE","ID-7372","SULAWESI SELATAN","ID-73","0"
"2024","INDONESIA","ID","KOTA PARIAMAN","ID-1377","SUMATERA BARAT","ID-13","0"
"2024","INDONESIA","ID","KOTA PASURUAN","ID-3575","JAWA TIMUR","ID-35","0"
"2024","INDONESIA","ID","KOTA PAYAKUMBUH","ID-1376","SUMATERA BARAT","ID-13","0"
"2024","INDONESIA","ID","KOTA PEKALONGAN","ID-3375","JAWA TENGAH","ID-33","0"
"2024","INDONESIA","ID","KOTA PEKANBARU","ID-1471","RIAU","ID-14","5511.351383662669"
"2024","INDONESIA","ID","KOTA PEMATANGSIANTAR","ID-1272","SUMATERA UTARA","ID-12","0"
"2024","INDONESIA","ID","KOTA PONTIANAK","ID-6171","KALIMANTAN BARAT","ID-61","4303.5655180525455"
"2024","INDONESIA","ID","KOTA PRABUMULIH","ID-1674","SUMATERA SELATAN","ID-16","0"
"2024","INDONESIA","ID","KOTA PROBOLINGGO","ID-3574","JAWA TIMUR","ID-35","0"
"2024","INDONESIA","ID","KOTA SABANG","ID-1172","ACEH","ID-11","0"
"2024","INDONESIA","ID","KOTA SALATIGA","ID-3373","JAWA TENGAH","ID-33","0"
"2024","INDONESIA","ID","KOTA SAMARINDA","ID-6472","KALIMANTAN TIMUR","ID-64","0"
"2024","INDONESIA","ID","KOTA SAWAHLUNTO","ID-1373","SUMATERA BARAT","ID-13","0"
"2024","INDONESIA","ID","KOTA SEMARANG","ID-3374","JAWA TENGAH","ID-33","0"
"2024","INDONESIA","ID","KOTA SERANG","ID-3673","BANTEN","ID-36","0"
"2024","INDONESIA","ID","KOTA SIBOLGA","ID-1273","SUMATERA UTARA","ID-12","0"
"2024","INDONESIA","ID","KOTA SINGKAWANG","ID-6172","KALIMANTAN BARAT","ID-61","3955.576711656947"
"2024","INDONESIA","ID","KOTA SOLOK","ID-1372","SUMATERA BARAT","ID-13","0"
"2024","INDONESIA","ID","KOTA SORONG","ID-9671","PAPUA BARAT DAYA","ID-96","0"
"2024","INDONESIA","ID","KOTA SUBULUSSALAM","ID-1175","ACEH","ID-11","3927.526711787974"
"2024","INDONESIA","ID","KOTA SUKABUMI","ID-3272","JAWA BARAT","ID-32","0"
"2024","INDONESIA","ID","KOTA SUNGAI PENUH","ID-1572","JAMBI","ID-15","578.8773354669264"
"2024","INDONESIA","ID","KOTA SURABAYA","ID-3578","JAWA TIMUR","ID-35","0"
"2024","INDONESIA","ID","KOTA SURAKARTA","ID-3372","JAWA TENGAH","ID-33","0"
"2024","INDONESIA","ID","KOTA TANGERANG","ID-3671","BANTEN","ID-36","0"
"2024","INDONESIA","ID","KOTA TANGERANG SELATAN","ID-3674","BANTEN","ID-36","0"
"2024","INDONESIA","ID","KOTA TANJUNGBALAI","ID-1274","SUMATERA UTARA","ID-12","0"
"2024","INDONESIA","ID","KOTA TANJUNG PINANG","ID-2172","KEPULAUAN RIAU","ID-21","0"
"2024","INDONESIA","ID","KOTA TARAKAN","ID-6571","KALIMANTAN UTARA","ID-65","3215.5865865918304"
"2024","INDONESIA","ID","KOTA TASIKMALAYA","ID-3278","JAWA BARAT","ID-32","0"
"2024","INDONESIA","ID","KOTA TEBING TINGGI","ID-1276","SUMATERA UTARA","ID-12","0"
"2024","INDONESIA","ID","KOTA TEGAL","ID-3376","JAWA TENGAH","ID-33","0"
"2024","INDONESIA","ID","KOTA TERNATE","ID-8271","MALUKU UTARA","ID-82","0"
"2024","INDONESIA","ID","KOTA TIDORE KEPULAUAN","ID-8272","MALUKU UTARA","ID-82","0"
"2024","INDONESIA","ID","KOTA TOMOHON","ID-7173","SULAWESI UTARA","ID-71","0"
"2024","INDONESIA","ID","KOTA TUAL","ID-8172","MALUKU","ID-81","0"
"2024","INDONESIA","ID","KOTAWARINGIN BARAT","ID-6201","KALIMANTAN TENGAH","ID-62","257892.80736691543"
"2024","INDONESIA","ID","KOTAWARINGIN TIMUR","ID-6202","KALIMANTAN TENGAH","ID-62","275227.77356167"
"2024","INDONESIA","ID","KOTA YOGYAKARTA","ID-3471","DAERAH ISTIMEWA YOGYAKARTA","ID-34","0"
"2024","INDONESIA","ID","KUANTAN SINGINGI","ID-1409","RIAU","ID-14","0"
"2024","INDONESIA","ID","KUBU RAYA","ID-6112","KALIMANTAN BARAT","ID-61","515393.5569979219"
"2024","INDONESIA","ID","KUDUS","ID-3319","JAWA TENGAH","ID-33","0"
"2024","INDONESIA","ID","KULON PROGO","ID-3401","DAERAH ISTIMEWA YOGYAKARTA","ID-34","0"
"2024","INDONESIA","ID","KUNINGAN","ID-3208","JAWA BARAT","ID-32","0"
"2024","INDONESIA","ID","KUPANG","ID-5301","NUSA TENGGARA TIMUR","ID-53","0"
"2024","INDONESIA","ID","KUTAI BARAT","ID-6407","KALIMANTAN TIMUR","ID-64","24592.681700819263"
"2024","INDONESIA","ID","KUTAI KARTANEGARA","ID-6402","KALIMANTAN TIMUR","ID-64","141374.38267315438"
"2024","INDONESIA","ID","KUTAI TIMUR","ID-6408","KALIMANTAN TIMUR","ID-64","1900.9224878902603"
"2024","INDONESIA","ID","LABUHANBATU","ID-1210","SUMATERA UTARA","ID-12","108488.01983083058"
"2024","INDONESIA","ID","LABUHANBATU SELATAN","ID-1222","SUMATERA UTARA","ID-12","41721.96056818482"
"2024","INDONESIA","ID","LABUHANBATU UTARA","ID-1223","SUMATERA UTARA","ID-12","76568.09443976663"
"2024","INDONESIA","ID","LAHAT","ID-1604","SUMATERA SELATAN","ID-16","0"
"2024","INDONESIA","ID","LAMANDAU","ID-6209","KALIMANTAN TENGAH","ID-62","567.4440697236604"
"2024","INDONESIA","ID","LAMONGAN","ID-3524","JAWA TIMUR","ID-35","0"
"2024","INDONESIA","ID","LAMPUNG BARAT","ID-1804","LAMPUNG","ID-18","0"
"2024","INDONESIA","ID","LAMPUNG SELATAN","ID-1801","LAMPUNG","ID-18","0"
"2024","INDONESIA","ID","LAMPUNG TENGAH","ID-1802","LAMPUNG","ID-18","0"
"2024","INDONESIA","ID","LAMPUNG TIMUR","ID-1807","LAMPUNG","ID-18","0"
"2024","INDONESIA","ID","LAMPUNG UTARA","ID-1803","LAMPUNG","ID-18","0"
"2024","INDONESIA","ID","LANDAK","ID-6108","KALIMANTAN BARAT","ID-61","43600.46431762313"
"2024","INDONESIA","ID","LANGKAT","ID-1205","SUMATERA UTARA","ID-12","0"
"2024","INDONESIA","ID","LANNY JAYA","ID-9507","PAPUA PEGUNUNGAN","ID-95","0"
"2024","INDONESIA","ID","LEBAK","ID-3602","BANTEN","ID-36","0"
"2024","INDONESIA","ID","LEBONG","ID-1707","BENGKULU","ID-17","0"
"2024","INDONESIA","ID","LEMBATA","ID-5313","NUSA TENGGARA TIMUR","ID-53","0"
"2024","INDONESIA","ID","LIMA PULUH KOTA","ID-1307","SUMATERA BARAT","ID-13","0"
"2024","INDONESIA","ID","LINGGA","ID-2104","KEPULAUAN RIAU","ID-21","0"
"2024","INDONESIA","ID","LOMBOK BARAT","ID-5201","NUSA TENGGARA BARAT","ID-52","0"
"2024","INDONESIA","ID","LOMBOK TENGAH","ID-5202","NUSA TENGGARA BARAT","ID-52","0"
"2024","INDONESIA","ID","LOMBOK TIMUR","ID-5203","NUSA TENGGARA BARAT","ID-52","0"
"2024","INDONESIA","ID","LOMBOK UTARA","ID-5208","NUSA TENGGARA BARAT","ID-52","0"
"2024","INDONESIA","ID","LUMAJANG","ID-3508","JAWA TIMUR","ID-35","0"
"2024","INDONESIA","ID","LUWU","ID-7317","SULAWESI SELATAN","ID-73","0"
"2024","INDONESIA","ID","LUWU TIMUR","ID-7324","SULAWESI SELATAN","ID-73","0"
"2024","INDONESIA","ID","LUWU UTARA","ID-7322","SULAWESI SELATAN","ID-73","0"
"2024","INDONESIA","ID","MADIUN","ID-3519","JAWA TIMUR","ID-35","0"
"2024","INDONESIA","ID","MAGELANG","ID-3308","JAWA TENGAH","ID-33","0"
"2024","INDONESIA","ID","MAGETAN","ID-3520","JAWA TIMUR","ID-35","0"
"2024","INDONESIA","ID","MAHAKAM ULU","ID-6411","KALIMANTAN TIMUR","ID-64","0"
"2024","INDONESIA","ID","MAJALENGKA","ID-3210","JAWA BARAT","ID-32","0"
"2024","INDONESIA","ID","MAJENE","ID-7605","SULAWESI BARAT","ID-76","0"
"2024","INDONESIA","ID","MALAKA","ID-5321","NUSA TENGGARA TIMUR","ID-53","0"
"2024","INDONESIA","ID","MALANG","ID-3507","JAWA TIMUR","ID-35","0"
"2024","INDONESIA","ID","MALINAU","ID-6502","KALIMANTAN UTARA","ID-65","0"
"2024","INDONESIA","ID","MALUKU BARAT DAYA","ID-8108","MALUKU","ID-81","0"
"2024","INDONESIA","ID","MALUKU TENGAH","ID-8101","MALUKU","ID-81","0"
"2024","INDONESIA","ID","MALUKU TENGGARA","ID-8102","MALUKU","ID-81","0"
"2024","INDONESIA","ID","MAMASA","ID-7603","SULAWESI BARAT","ID-76","0"
"2024","INDONESIA","ID","MAMBERAMO RAYA","ID-9120","PAPUA","ID-91","442552.123923047"
"2024","INDONESIA","ID","MAMBERAMO TENGAH","ID-9505","PAPUA PEGUNUNGAN","ID-95","35800.25921926981"
"2024","INDONESIA","ID","MAMUJU","ID-7602","SULAWESI BARAT","ID-76","3545.815901686274"
"2024","INDONESIA","ID","MAMUJU TENGAH","ID-7606","SULAWESI BARAT","ID-76","5285.072693359358"
"2024","INDONESIA","ID","MANDAILING NATAL","ID-1213","SUMATERA UTARA","ID-12","29834.00592307882"
"2024","INDONESIA","ID","MANGGARAI","ID-5310","NUSA TENGGARA TIMUR","ID-53","0"
"2024","INDONESIA","ID","MANGGARAI BARAT","ID-5315","NUSA TENGGARA TIMUR","ID-53","0"
"2024","INDONESIA","ID","MANGGARAI TIMUR","ID-5319","NUSA TENGGARA TIMUR","ID-53","0"
"2024","INDONESIA","ID","MANOKWARI","ID-9202","PAPUA BARAT","ID-92","736.1033616750423"
"2024","INDONESIA","ID","MANOKWARI SELATAN","ID-9211","PAPUA BARAT","ID-92","0"
"2024","INDONESIA","ID","MAPPI","ID-9303","PAPUA SELATAN","ID-93","389505.5393037975"
"2024","INDONESIA","ID","MAROS","ID-7309","SULAWESI SELATAN","ID-73","0"
"2024","INDONESIA","ID","MAYBRAT","ID-9605","PAPUA BARAT DAYA","ID-96","1388.526419036897"
"2024","INDONESIA","ID","MELAWI","ID-6110","KALIMANTAN BARAT","ID-61","5680.5208547236425"
"2024","INDONESIA","ID","MEMPAWAH","ID-6102","KALIMANTAN BARAT","ID-61","72099.70347832156"
"2024","INDONESIA","ID","MERANGIN","ID-1502","JAMBI","ID-15","1095.9816128019445"
"2024","INDONESIA","ID","MERAUKE","ID-9301","PAPUA SELATAN","ID-93","13749.381393167669"
"2024","INDONESIA","ID","MESUJI","ID-1811","LAMPUNG","ID-18","21276.10784578186"
"2024","INDONESIA","ID","MIMIKA","ID-9404","PAPUA TENGAH","ID-94","264013.68736623693"
"2024","INDONESIA","ID","MINAHASA","ID-7102","SULAWESI UTARA","ID-71","0"
"2024","INDONESIA","ID","MINAHASA SELATAN","ID-7105","SULAWESI UTARA","ID-71","0"
"2024","INDONESIA","ID","MINAHASA TENGGARA","ID-7107","SULAWESI UTARA","ID-71","0"
"2024","INDONESIA","ID","MINAHASA UTARA","ID-7106","SULAWESI UTARA","ID-71","0"
"2024","INDONESIA","ID","MOJOKERTO","ID-3516","JAWA TIMUR","ID-35","0"
"2024","INDONESIA","ID","MOROWALI","ID-7206","SULAWESI TENGAH","ID-72","0"
"2024","INDONESIA","ID","MOROWALI UTARA","ID-7212","SULAWESI TENGAH","ID-72","6304.367176886164"
"2024","INDONESIA","ID","MUARA ENIM","ID-1603","SUMATERA SELATAN","ID-16","20151.41111660912"
"2024","INDONESIA","ID","MUARO JAMBI","ID-1505","JAMBI","ID-15","189704.4234511261"
"2024","INDONESIA","ID","MUKOMUKO","ID-1706","BENGKULU","ID-17","6264.5721966112515"
"2024","INDONESIA","ID","MUNA","ID-7403","SULAWESI TENGGARA","ID-74","0"
"2024","INDONESIA","ID","MUNA BARAT","ID-7413","SULAWESI TENGGARA","ID-74","0"
"2024","INDONESIA","ID","MURUNG RAYA","ID-6212","KALIMANTAN TENGAH","ID-62","0"
"2024","INDONESIA","ID","MUSI BANYUASIN","ID-1606","SUMATERA SELATAN","ID-16","239727.17065908105"
"2024","INDONESIA","ID","MUSI RAWAS","ID-1605","SUMATERA SELATAN","ID-16","3916.980157950604"
"2024","INDONESIA","ID","MUSI RAWAS UTARA","ID-1613","SUMATERA SELATAN","ID-16","34018.14215503354"
"2024","INDONESIA","ID","NABIRE","ID-9401","PAPUA TENGAH","ID-94","149908.774751419"
"2024","INDONESIA","ID","NAGAN RAYA","ID-1115","ACEH","ID-11","42450.63515054629"
"2024","INDONESIA","ID","NAGEKEO","ID-5316","NUSA TENGGARA TIMUR","ID-53","0"
"2024","INDONESIA","ID","NATUNA","ID-2103","KEPULAUAN RIAU","ID-21","0"
"2024","INDONESIA","ID","NDUGA","ID-9508","PAPUA PEGUNUNGAN","ID-95","0"
"2024","INDONESIA","ID","NGADA","ID-5309","NUSA TENGGARA TIMUR","ID-53","0"
"2024","INDONESIA","ID","NGANJUK","ID-3518","JAWA TIMUR","ID-35","0"
"2024","INDONESIA","ID","NGAWI","ID-3521","JAWA TIMUR","ID-35","0"
"2024","INDONESIA","ID","NIAS","ID-1204","SUMATERA UTARA","ID-12","5662.897701149103"
"2024","INDONESIA","ID","NIAS BARAT","ID-1225","SUMATERA UTARA","ID-12","0"
"2024","INDONESIA","ID","NIAS SELATAN","ID-1214","SUMATERA UTARA","ID-12","0"
"2024","INDONESIA","ID","NIAS UTARA","ID-1224","SUMATERA UTARA","ID-12","5951.283636352389"
"2024","INDONESIA","ID","NUNUKAN","ID-6503","KALIMANTAN UTARA","ID-65","115484.64590309486"
"2024","INDONESIA","ID","OGAN ILIR","ID-1610","SUMATERA SELATAN","ID-16","0"
"2024","INDONESIA","ID","OGAN KOMERING ILIR","ID-1602","SUMATERA SELATAN","ID-16","598608.8269867621"
"2024","INDONESIA","ID","OGAN KOMERING ULU","ID-1601","SUMATERA SELATAN","ID-16","0"
"2024","INDONESIA","ID","OGAN KOMERING ULU SELATAN","ID-1609","SUMATERA SELATAN","ID-16","0"
"2024","INDONESIA","ID","OGAN KOMERING ULU TIMUR","ID-1608","SUMATERA SELATAN","ID-16","0"
"2024","INDONESIA","ID","PACITAN","ID-3501","JAWA TIMUR","ID-35","0"
"2024","INDONESIA","ID","PADANG LAWAS","ID-1221","SUMATERA UTARA","ID-12","0"
"2024","INDONESIA","ID","PADANG LAWAS UTARA","ID-1220","SUMATERA UTARA","ID-12","0"
"2024","INDONESIA","ID","PADANG PARIAMAN","ID-1305","SUMATERA BARAT","ID-13","0"
"2024","INDONESIA","ID","PAKPAK BHARAT","ID-1215","SUMATERA UTARA","ID-12","0"
"2024","INDONESIA","ID","PAMEKASAN","ID-3528","JAWA TIMUR","ID-35","0"
"2024","INDONESIA","ID","PANDEGLANG","ID-3601","BANTEN","ID-36","0"
"2024","INDONESIA","ID","PANGANDARAN","ID-3218","JAWA BARAT","ID-32","0"
"2024","INDONESIA","ID","PANGKAJENE DAN KEPULAUAN","ID-7310","SULAWESI SELATAN","ID-73","0"
"2024","INDONESIA","ID","PANIAI","ID-9403","PAPUA TENGAH","ID-94","9634.833036763215"
"2024","INDONESIA","ID","PARIGI MOUTONG","ID-7208","SULAWESI TENGAH","ID-72","0"
"2024","INDONESIA","ID","PASAMAN","ID-1308","SUMATERA BARAT","ID-13","0"
"2024","INDONESIA","ID","PASAMAN BARAT","ID-1312","SUMATERA BARAT","ID-13","34098.13111174724"
"2024","INDONESIA","ID","PASANGKAYU","ID-7601","SULAWESI BARAT","ID-76","7635.402149826805"
"2024","INDONESIA","ID","PASER","ID-6401","KALIMANTAN TIMUR","ID-64","0"
"2024","INDONESIA","ID","PASURUAN","ID-3514","JAWA TIMUR","ID-35","0"
"2024","INDONESIA","ID","PATI","ID-3318","JAWA TENGAH","ID-33","0"
"2024","INDONESIA","ID","PEGUNUNGAN ARFAK","ID-9212","PAPUA BARAT","ID-92","0"
"2024","INDONESIA","ID","PEGUNUNGAN BINTANG","ID-9502","PAPUA PEGUNUNGAN","ID-95","0"
"2024","INDONESIA","ID","PEKALONGAN","ID-3326","JAWA TENGAH","ID-33","0"
"2024","INDONESIA","ID","PELALAWAN","ID-1405","RIAU","ID-14","710910.0372718292"
"2024","INDONESIA","ID","PEMALANG","ID-3327","JAWA TENGAH","ID-33","0"
"2024","INDONESIA","ID","PENAJAM PASER UTARA","ID-6409","KALIMANTAN TIMUR","ID-64","0"
"2024","INDONESIA","ID","PENUKAL ABAB LEMATANG ILIR","ID-1612","SUMATERA SELATAN","ID-16","27355.532538448617"
"2024","INDONESIA","ID","PESAWARAN","ID-1809","LAMPUNG","ID-18","0"
"2024","INDONESIA","ID","PESISIR BARAT","ID-1813","LAMPUNG","ID-18","0"
"2024","INDONESIA","ID","PESISIR SELATAN","ID-1301","SUMATERA BARAT","ID-13","79815.33095244573"
"2024","INDONESIA","ID","PIDIE","ID-1107","ACEH","ID-11","0"
"2024","INDONESIA","ID","PIDIE JAYA","ID-1118","ACEH","ID-11","0"
"2024","INDONESIA","ID","PINRANG","ID-7315","SULAWESI SELATAN","ID-73","0"
"2024","INDONESIA","ID","POHUWATO","ID-7504","GORONTALO","ID-75","0"
"2024","INDONESIA","ID","POLEWALI MANDAR","ID-7604","SULAWESI BARAT","ID-76","0"
"2024","INDONESIA","ID","PONOROGO","ID-3502","JAWA TIMUR","ID-35","0"
"2024","INDONESIA","ID","POSO","ID-7202","SULAWESI TENGAH","ID-72","0"
"2024","INDONESIA","ID","PRINGSEWU","ID-1810","LAMPUNG","ID-18","0"
"2024","INDONESIA","ID","PROBOLINGGO","ID-3513","JAWA TIMUR","ID-35","0"
"2024","INDONESIA","ID","PULANG PISAU","ID-6211","KALIMANTAN TENGAH","ID-62","583408.1448228676"
"2024","INDONESIA","ID","PULAU MOROTAI","ID-8207","MALUKU UTARA","ID-82","0"
"2024","INDONESIA","ID","PULAU TALIABU","ID-8208","MALUKU UTARA","ID-82","0"
"2024","INDONESIA","ID","PUNCAK","ID-9405","PAPUA TENGAH","ID-94","18335.10027966011"
"2024","INDONESIA","ID","PUNCAK JAYA","ID-9402","PAPUA TENGAH","ID-94","98652.42042183325"
"2024","INDONESIA","ID","PURBALINGGA","ID-3303","JAWA TENGAH","ID-33","0"
"2024","INDONESIA","ID","PURWAKARTA","ID-3214","JAWA BARAT","ID-32","0"
"2024","INDONESIA","ID","PURWOREJO","ID-3306","JAWA TENGAH","ID-33","0"
"2024","INDONESIA","ID","RAJA AMPAT","ID-9603","PAPUA BARAT DAYA","ID-96","1450.3839273083736"
"2024","INDONESIA","ID","REJANG LEBONG","ID-1702","BENGKULU","ID-17","0"
"2024","INDONESIA","ID","REMBANG","ID-3317","JAWA TENGAH","ID-33","0"
"2024","INDONESIA","ID","ROKAN HILIR","ID-1407","RIAU","ID-14","382977.69293854304"
"2024","INDONESIA","ID","ROKAN HULU","ID-1406","RIAU","ID-14","80740.1717273693"
"2024","INDONESIA","ID","ROTE NDAO","ID-5314","NUSA TENGGARA TIMUR","ID-53","0"
"2024","INDONESIA","ID","SABU RAIJUA","ID-5320","NUSA TENGGARA TIMUR","ID-53","0"
"2024","INDONESIA","ID","SAMBAS","ID-6101","KALIMANTAN BARAT","ID-61","58066.92890042286"
"2024","INDONESIA","ID","SAMOSIR","ID-1217","SUMATERA UTARA","ID-12","238.54479910622896"
"2024","INDONESIA","ID","SAMPANG","ID-3527","JAWA TIMUR","ID-35","0"
"2024","INDONESIA","ID","SANGGAU","ID-6103","KALIMANTAN BARAT","ID-61","99415.41481529736"
"2024","INDONESIA","ID","SARMI","ID-9110","PAPUA","ID-91","210226.72111773625"
"2024","INDONESIA","ID","SAROLANGUN","ID-1503","JAMBI","ID-15","30355.925550584114"
"2024","INDONESIA","ID","SEKADAU","ID-6109","KALIMANTAN BARAT","ID-61","10294.712191974764"
"2024","INDONESIA","ID","SELUMA","ID-1705","BENGKULU","ID-17","0"
"2024","INDONESIA","ID","SEMARANG","ID-3322","JAWA TENGAH","ID-33","0"
"2024","INDONESIA","ID","SERAM BAGIAN BARAT","ID-8106","MALUKU","ID-81","0"
"2024","INDONESIA","ID","SERAM BAGIAN TIMUR","ID-8105","MALUKU","ID-81","0"
"2024","INDONESIA","ID","SERANG","ID-3604","BANTEN","ID-36","0"
"2024","INDONESIA","ID","SERDANG BEDAGAI","ID-1218","SUMATERA UTARA","ID-12","0"
"2024","INDONESIA","ID","SERUYAN","ID-6207","KALIMANTAN TENGAH","ID-62","223574.7519275211"
"2024","INDONESIA","ID","SIAK","ID-1408","RIAU","ID-14","384998.7723776948"
"2024","INDONESIA","ID","SIDENRENG RAPPANG","ID-7314","SULAWESI SELATAN","ID-73","0"
"2024","INDONESIA","ID","SIDOARJO","ID-3515","JAWA TIMUR","ID-35","0"
"2024","INDONESIA","ID","SIGI","ID-7210","SULAWESI TENGAH","ID-72","0"
"2024","INDONESIA","ID","SIJUNJUNG","ID-1303","SUMATERA BARAT","ID-13","0"
"2024","INDONESIA","ID","SIKKA","ID-5307","NUSA TENGGARA TIMUR","ID-53","0"
"2024","INDONESIA","ID","SIMALUNGUN","ID-1208","SUMATERA UTARA","ID-12","0"
"2024","INDONESIA","ID","SIMEULUE","ID-1109","ACEH","ID-11","0"
"2024","INDONESIA","ID","SINJAI","ID-7307","SULAWESI SELATAN","ID-73","0"
"2024","INDONESIA","ID","SINTANG","ID-6105","KALIMANTAN BARAT","ID-61","65732.36370864959"
"2024","INDONESIA","ID","SITUBONDO","ID-3512","JAWA TIMUR","ID-35","0"
"2024","INDONESIA","ID","SLEMAN","ID-3404","DAERAH ISTIMEWA YOGYAKARTA","ID-34","0"
"2024","INDONESIA","ID","SOLOK","ID-1302","SUMATERA BARAT","ID-13","0"
"2024","INDONESIA","ID","SOLOK SELATAN","ID-1311","SUMATERA BARAT","ID-13","0"
"2024","INDONESIA","ID","SOPPENG","ID-7312","SULAWESI SELATAN","ID-73","0"
"2024","INDONESIA","ID","SORONG","ID-9601","PAPUA BARAT DAYA","ID-96","93838.05414036552"
"2024","INDONESIA","ID","SORONG SELATAN","ID-9602","PAPUA BARAT DAYA","ID-96","254573.5954629692"
"2024","INDONESIA","ID","SRAGEN","ID-3314","JAWA TENGAH","ID-33","0"
"2024","INDONESIA","ID","SUBANG","ID-3213","JAWA BARAT","ID-32","0"
"2024","INDONESIA","ID","SUKABUMI","ID-3202","JAWA BARAT","ID-32","0"
"2024","INDONESIA","ID","SUKAMARA","ID-6208","KALIMANTAN TENGAH","ID-62","49801.13642068545"
"2024","INDONESIA","ID","SUKOHARJO","ID-3311","JAWA TENGAH","ID-33","0"
"2024","INDONESIA","ID","SUMBA BARAT","ID-5312","NUSA TENGGARA TIMUR","ID-53","0"
"2024","INDONESIA","ID","SUMBA BARAT DAYA","ID-5318","NUSA TENGGARA TIMUR","ID-53","0"
"2024","INDONESIA","ID","SUMBA TENGAH","ID-5317","NUSA TENGGARA TIMUR","ID-53","0"
"2024","INDONESIA","ID","SUMBA TIMUR","ID-5311","NUSA TENGGARA TIMUR","ID-53","0"
"2024","INDONESIA","ID","SUMBAWA","ID-5204","NUSA TENGGARA BARAT","ID-52","0"
"2024","INDONESIA","ID","SUMBAWA BARAT","ID-5207","NUSA TENGGARA BARAT","ID-52","0"
"2024","INDONESIA","ID","SUMEDANG","ID-3211","JAWA BARAT","ID-32","0"
"2024","INDONESIA","ID","SUMENEP","ID-3529","JAWA TIMUR","ID-35","0"
"2024","INDONESIA","ID","SUPIORI","ID-9119","PAPUA","ID-91","1681.2885683236836"
"2024","INDONESIA","ID","TABALONG","ID-6309","KALIMANTAN SELATAN","ID-63","9366.28159851501"
"2024","INDONESIA","ID","TABANAN","ID-5102","BALI","ID-51","0"
"2024","INDONESIA","ID","TAKALAR","ID-7305","SULAWESI SELATAN","ID-73","0"
"2024","INDONESIA","ID","TAMBRAUW","ID-9604","PAPUA BARAT DAYA","ID-96","0"
"2024","INDONESIA","ID","TANAH BUMBU","ID-6310","KALIMANTAN SELATAN","ID-63","0"
"2024","INDONESIA","ID","TANAH DATAR","ID-1304","SUMATERA BARAT","ID-13","0"
"2024","INDONESIA","ID","TANAH LAUT","ID-6301","KALIMANTAN SELATAN","ID-63","0"
"2024","INDONESIA","ID","TANA TIDUNG","ID-6504","KALIMANTAN UTARA","ID-65","97929.92607942552"
"2024","INDONESIA","ID","TANA TORAJA","ID-7318","SULAWESI SELATAN","ID-73","0"
"2024","INDONESIA","ID","TANGERANG","ID-3603","BANTEN","ID-36","0"
"2024","INDONESIA","ID","TANGGAMUS","ID-1806","LAMPUNG","ID-18","0"
"2024","INDONESIA","ID","TANJUNG JABUNG BARAT","ID-1506","JAMBI","ID-15","110629.029038218"
"2024","INDONESIA","ID","TANJUNG JABUNG TIMUR","ID-1507","JAMBI","ID-15","153330.26657174778"
"2024","INDONESIA","ID","TAPANULI SELATAN","ID-1203","SUMATERA UTARA","ID-12","18261.797736635577"
"2024","INDONESIA","ID","TAPANULI TENGAH","ID-1201","SUMATERA UTARA","ID-12","11774.693151081216"
"2024","INDONESIA","ID","TAPANULI UTARA","ID-1202","SUMATERA UTARA","ID-12","0"
"2024","INDONESIA","ID","TAPIN","ID-6305","KALIMANTAN SELATAN","ID-63","7567.093948426415"
"2024","INDONESIA","ID","TASIKMALAYA","ID-3206","JAWA BARAT","ID-32","0"
"2024","INDONESIA","ID","TEBO","ID-1509","JAMBI","ID-15","197.2475346170843"
"2024","INDONESIA","ID","TEGAL","ID-3328","JAWA TENGAH","ID-33","0"
"2024","INDONESIA","ID","TELUK BINTUNI","ID-9206","PAPUA BARAT","ID-92","326129.06089021533"
"2024","INDONESIA","ID","TELUK WONDAMA","ID-9207","PAPUA BARAT","ID-92","0"
"2024","INDONESIA","ID","TEMANGGUNG","ID-3323","JAWA TENGAH","ID-33","0"
"2024","INDONESIA","ID","TIMOR TENGAH SELATAN","ID-5302","NUSA TENGGARA TIMUR","ID-53","0"
"2024","INDONESIA","ID","TIMOR TENGAH UTARA","ID-5303","NUSA TENGGARA TIMUR","ID-53","0"
"2024","INDONESIA","ID","TOBA","ID-1212","SUMATERA UTARA","ID-12","0"
"2024","INDONESIA","ID","TOJO UNA UNA","ID-7209","SULAWESI TENGAH","ID-72","209.32670029071667"
"2024","INDONESIA","ID","TOLIKARA","ID-9504","PAPUA PEGUNUNGAN","ID-95","33324.84415361115"
"2024","INDONESIA","ID","TOLI-TOLI","ID-7204","SULAWESI TENGAH","ID-72","1050.3790415448643"
"2024","INDONESIA","ID","TORAJA UTARA","ID-7326","SULAWESI SELATAN","ID-73","0"
"2024","INDONESIA","ID","TRENGGALEK","ID-3503","JAWA TIMUR","ID-35","0"
"2024","INDONESIA","ID","TUBAN","ID-3523","JAWA TIMUR","ID-35","0"
"2024","INDONESIA","ID","TULANG BAWANG","ID-1805","LAMPUNG","ID-18","207.85907915546375"
"2024","INDONESIA","ID","TULANG BAWANG BARAT","ID-1812","LAMPUNG","ID-18","0"
"2024","INDONESIA","ID","TULUNGAGUNG","ID-3504","JAWA TIMUR","ID-35","0"
"2024","INDONESIA","ID","WAJO","ID-7313","SULAWESI SELATAN","ID-73","0"
"2024","INDONESIA","ID","WAKATOBI","ID-7407","SULAWESI TENGGARA","ID-74","0"
"2024","INDONESIA","ID","WAROPEN","ID-9115","PAPUA","ID-91","74637.26598150222"
"2024","INDONESIA","ID","WAY KANAN","ID-1808","LAMPUNG","ID-18","0"
"2024","INDONESIA","ID","WONOGIRI","ID-3312","JAWA TENGAH","ID-33","0"
"2024","INDONESIA","ID","WONOSOBO","ID-3307","JAWA TENGAH","ID-33","0"
"2024","INDONESIA","ID","YAHUKIMO","ID-9503","PAPUA PEGUNUNGAN","ID-95","401.5639098707685"
"2024","INDONESIA","ID","YALIMO","ID-9506","PAPUA PEGUNUNGAN","ID-95","16576.542298267916"
