gid,provinsi,kabupaten,tipe,bulan,tahun,bulan_ke,titik_panas
IDN.12.1_1,KalimantanBarat,Bengkayang,Kabupaten,2012-01,2012,1,3
IDN.12.1_1,KalimantanBarat,Bengkayang,Kabupaten,2012-02,2012,2,5
IDN.12.1_1,KalimantanBarat,Bengkayang,Kabupaten,2012-03,2012,3,28
IDN.12.1_1,KalimantanBarat,Bengkayang,Kabupaten,2012-04,2012,4,33
IDN.12.1_1,KalimantanBarat,Bengkayang,Kabupaten,2012-05,2012,5,110
IDN.12.1_1,KalimantanBarat,Bengkayang,Kabupaten,2012-06,2012,6,290
IDN.12.1_1,KalimantanBarat,Bengkayang,Kabupaten,2012-07,2012,7,55
IDN.12.1_1,KalimantanBarat,Bengkayang,Kabupaten,2012-08,2012,8,704
IDN.12.1_1,KalimantanBarat,Bengkayang,Kabupaten,2012-09,2012,9,478
IDN.12.1_1,KalimantanBarat,Bengkayang,Kabupaten,2012-10,2012,10,113
IDN.12.1_1,KalimantanBarat,Bengkayang,Kabupaten,2012-11,2012,11,6
IDN.12.1_1,KalimantanBarat,Bengkayang,Kabupaten,2012-12,2012,12,0
IDN.12.1_1,KalimantanBarat,Bengkayang,Kabupaten,2013-01,2013,1,17
IDN.12.1_1,KalimantanBarat,Bengkayang,Kabupaten,2013-02,2013,2,2
IDN.12.1_1,KalimantanBarat,Bengkayang,Kabupaten,2013-03,2013,3,214
IDN.12.1_1,KalimantanBarat,Bengkayang,Kabupaten,2013-04,2013,4,43
IDN.12.1_1,KalimantanBarat,Bengkayang,Kabupaten,2013-05,2013,5,11
IDN.12.1_1,KalimantanBarat,Bengkayang,Kabupaten,2013-06,2013,6,183
IDN.12.1_1,KalimantanBarat,Bengkayang,Kabupaten,2013-07,2013,7,120
IDN.12.1_1,KalimantanBarat,Bengkayang,Kabupaten,2013-08,2013,8,834
IDN.12.1_1,KalimantanBarat,Bengkayang,Kabupaten,2013-09,2013,9,122
IDN.12.1_1,KalimantanBarat,Bengkayang,Kabupaten,2013-10,2013,10,47
IDN.12.1_1,KalimantanBarat,Bengkayang,Kabupaten,2013-11,2013,11,2
IDN.12.1_1,KalimantanBarat,Bengkayang,Kabupaten,2013-12,2013,12,2
IDN.12.1_1,KalimantanBarat,Bengkayang,Kabupaten,2014-01,2014,1,144
IDN.12.1_1,KalimantanBarat,Bengkayang,Kabupaten,2014-02,2014,2,792
IDN.12.1_1,KalimantanBarat,Bengkayang,Kabupaten,2014-03,2014,3,643
IDN.12.1_1,KalimantanBarat,Bengkayang,Kabupaten,2014-04,2014,4,48
IDN.12.1_1,KalimantanBarat,Bengkayang,Kabupaten,2014-05,2014,5,8
IDN.12.1_1,KalimantanBarat,Bengkayang,Kabupaten,2014-06,2014,6,105
IDN.12.1_1,KalimantanBarat,Bengkayang,Kabupaten,2014-07,2014,7,841
IDN.12.1_1,KalimantanBarat,Bengkayang,Kabupaten,2014-08,2014,8,199
IDN.12.1_1,KalimantanBarat,Bengkayang,Kabupaten,2014-09,2014,9,374
IDN.12.1_1,KalimantanBarat,Bengkayang,Kabupaten,2014-10,2014,10,15
IDN.12.1_1,KalimantanBarat,Bengkayang,Kabupaten,2014-11,2014,11,1
IDN.12.1_1,KalimantanBarat,Bengkayang,Kabupaten,2014-12,2014,12,3
IDN.12.1_1,KalimantanBarat,Bengkayang,Kabupaten,2015-01,2015,1,0
IDN.12.1_1,KalimantanBarat,Bengkayang,Kabupaten,2015-02,2015,2,2
IDN.12.1_1,KalimantanBarat,Bengkayang,Kabupaten,2015-03,2015,3,47
IDN.12.1_1,KalimantanBarat,Bengkayang,Kabupaten,2015-04,2015,4,16
IDN.12.1_1,KalimantanBarat,Bengkayang,Kabupaten,2015-05,2015,5,23
IDN.12.1_1,KalimantanBarat,Bengkayang,Kabupaten,2015-06,2015,6,33
IDN.12.1_1,KalimantanBarat,Bengkayang,Kabupaten,2015-07,2015,7,137
IDN.12.1_1,KalimantanBarat,Bengkayang,Kabupaten,2015-08,2015,8,494
IDN.12.1_1,KalimantanBarat,Bengkayang,Kabupaten,2015-09,2015,9,75
IDN.12.1_1,KalimantanBarat,Bengkayang,Kabupaten,2015-10,2015,10,7
IDN.12.1_1,KalimantanBarat,Bengkayang,Kabupaten,2015-11,2015,11,3
IDN.12.1_1,KalimantanBarat,Bengkayang,Kabupaten,2015-12,2015,12,6
IDN.12.1_1,KalimantanBarat,Bengkayang,Kabupaten,2016-01,2016,1,4
IDN.12.1_1,KalimantanBarat,Bengkayang,Kabupaten,2016-02,2016,2,1
IDN.12.1_1,KalimantanBarat,Bengkayang,Kabupaten,2016-03,2016,3,1
IDN.12.1_1,KalimantanBarat,Bengkayang,Kabupaten,2016-04,2016,4,3
IDN.12.1_1,KalimantanBarat,Bengkayang,Kabupaten,2016-05,2016,5,1
IDN.12.1_1,KalimantanBarat,Bengkayang,Kabupaten,2016-06,2016,6,11
IDN.12.1_1,KalimantanBarat,Bengkayang,Kabupaten,2016-07,2016,7,38
IDN.12.1_1,KalimantanBarat,Bengkayang,Kabupaten,2016-08,2016,8,722
IDN.12.1_1,KalimantanBarat,Bengkayang,Kabupaten,2016-09,2016,9,40
IDN.12.1_1,KalimantanBarat,Bengkayang,Kabupaten,2016-10,2016,10,11
IDN.12.1_1,KalimantanBarat,Bengkayang,Kabupaten,2016-11,2016,11,0
IDN.12.1_1,KalimantanBarat,Bengkayang,Kabupaten,2016-12,2016,12,6
IDN.12.1_1,KalimantanBarat,Bengkayang,Kabupaten,2017-01,2017,1,10
IDN.12.1_1,KalimantanBarat,Bengkayang,Kabupaten,2017-02,2017,2,0
IDN.12.1_1,KalimantanBarat,Bengkayang,Kabupaten,2017-03,2017,3,2
IDN.12.1_1,KalimantanBarat,Bengkayang,Kabupaten,2017-04,2017,4,3
IDN.12.1_1,KalimantanBarat,Bengkayang,Kabupaten,2017-05,2017,5,2
IDN.12.1_1,KalimantanBarat,Bengkayang,Kabupaten,2017-06,2017,6,13
IDN.12.1_1,KalimantanBarat,Bengkayang,Kabupaten,2017-07,2017,7,84
IDN.12.1_1,KalimantanBarat,Bengkayang,Kabupaten,2017-08,2017,8,170
IDN.12.1_1,KalimantanBarat,Bengkayang,Kabupaten,2017-09,2017,9,187
IDN.12.1_1,KalimantanBarat,Bengkayang,Kabupaten,2017-10,2017,10,17
IDN.12.1_1,KalimantanBarat,Bengkayang,Kabupaten,2017-11,2017,11,2
IDN.12.1_1,KalimantanBarat,Bengkayang,Kabupaten,2017-12,2017,12,3
IDN.12.1_1,KalimantanBarat,Bengkayang,Kabupaten,2018-01,2018,1,3
IDN.12.1_1,KalimantanBarat,Bengkayang,Kabupaten,2018-02,2018,2,73
IDN.12.1_1,KalimantanBarat,Bengkayang,Kabupaten,2018-03,2018,3,8
IDN.12.1_1,KalimantanBarat,Bengkayang,Kabupaten,2018-04,2018,4,14
IDN.12.1_1,KalimantanBarat,Bengkayang,Kabupaten,2018-05,2018,5,5
IDN.12.1_1,KalimantanBarat,Bengkayang,Kabupaten,2018-06,2018,6,14
IDN.12.1_1,KalimantanBarat,Bengkayang,Kabupaten,2018-07,2018,7,183
IDN.12.1_1,KalimantanBarat,Bengkayang,Kabupaten,2018-08,2018,8,952
IDN.12.1_1,KalimantanBarat,Bengkayang,Kabupaten,2018-09,2018,9,89
IDN.12.1_1,KalimantanBarat,Bengkayang,Kabupaten,2018-10,2018,10,1
IDN.12.1_1,KalimantanBarat,Bengkayang,Kabupaten,2018-11,2018,11,0
IDN.12.1_1,KalimantanBarat,Bengkayang,Kabupaten,2018-12,2018,12,1
IDN.12.1_1,KalimantanBarat,Bengkayang,Kabupaten,2019-01,2019,1,8
IDN.12.1_1,KalimantanBarat,Bengkayang,Kabupaten,2019-02,2019,2,1
IDN.12.1_1,KalimantanBarat,Bengkayang,Kabupaten,2019-03,2019,3,98
IDN.12.1_1,KalimantanBarat,Bengkayang,Kabupaten,2019-04,2019,4,43
IDN.12.1_1,KalimantanBarat,Bengkayang,Kabupaten,2019-05,2019,5,20
IDN.12.1_1,KalimantanBarat,Bengkayang,Kabupaten,2019-06,2019,6,11
IDN.12.1_1,KalimantanBarat,Bengkayang,Kabupaten,2019-07,2019,7,80
IDN.12.1_1,KalimantanBarat,Bengkayang,Kabupaten,2019-08,2019,8,350
IDN.12.1_1,KalimantanBarat,Bengkayang,Kabupaten,2019-09,2019,9,239
IDN.12.1_1,KalimantanBarat,Bengkayang,Kabupaten,2019-10,2019,10,0
IDN.12.1_1,KalimantanBarat,Bengkayang,Kabupaten,2019-11,2019,11,4
IDN.12.1_1,KalimantanBarat,Bengkayang,Kabupaten,2019-12,2019,12,0
IDN.12.1_1,KalimantanBarat,Bengkayang,Kabupaten,2020-01,2020,1,2
IDN.12.1_1,KalimantanBarat,Bengkayang,Kabupaten,2020-02,2020,2,7
IDN.12.1_1,KalimantanBarat,Bengkayang,Kabupaten,2020-03,2020,3,13
IDN.12.1_1,KalimantanBarat,Bengkayang,Kabupaten,2020-04,2020,4,13
IDN.12.1_1,KalimantanBarat,Bengkayang,Kabupaten,2020-05,2020,5,3
IDN.12.1_1,KalimantanBarat,Bengkayang,Kabupaten,2020-06,2020,6,4
IDN.12.1_1,KalimantanBarat,Bengkayang,Kabupaten,2020-07,2020,7,24
IDN.12.1_1,KalimantanBarat,Bengkayang,Kabupaten,2020-08,2020,8,733
IDN.12.1_1,KalimantanBarat,Bengkayang,Kabupaten,2020-09,2020,9,81
IDN.12.1_1,KalimantanBarat,Bengkayang,Kabupaten,2020-10,2020,10,26
IDN.12.1_1,KalimantanBarat,Bengkayang,Kabupaten,2020-11,2020,11,0
IDN.12.1_1,KalimantanBarat,Bengkayang,Kabupaten,2020-12,2020,12,1
IDN.12.1_1,KalimantanBarat,Bengkayang,Kabupaten,2021-01,2021,1,2
IDN.12.1_1,KalimantanBarat,Bengkayang,Kabupaten,2021-02,2021,2,16
IDN.12.1_1,KalimantanBarat,Bengkayang,Kabupaten,2021-03,2021,3,2
IDN.12.1_1,KalimantanBarat,Bengkayang,Kabupaten,2021-04,2021,4,11
IDN.12.1_1,KalimantanBarat,Bengkayang,Kabupaten,2021-05,2021,5,4
IDN.12.1_1,KalimantanBarat,Bengkayang,Kabupaten,2021-06,2021,6,3
IDN.12.1_1,KalimantanBarat,Bengkayang,Kabupaten,2021-07,2021,7,83
IDN.12.1_1,KalimantanBarat,Bengkayang,Kabupaten,2021-08,2021,8,135
IDN.12.1_1,KalimantanBarat,Bengkayang,Kabupaten,2021-09,2021,9,205
IDN.12.1_1,KalimantanBarat,Bengkayang,Kabupaten,2021-10,2021,10,19
IDN.12.1_1,KalimantanBarat,Bengkayang,Kabupaten,2021-11,2021,11,2
IDN.12.1_1,KalimantanBarat,Bengkayang,Kabupaten,2021-12,2021,12,2
IDN.12.1_1,KalimantanBarat,Bengkayang,Kabupaten,2022-01,2022,1,4
IDN.12.1_1,KalimantanBarat,Bengkayang,Kabupaten,2022-02,2022,2,28
IDN.12.1_1,KalimantanBarat,Bengkayang,Kabupaten,2022-03,2022,3,58
IDN.12.1_1,KalimantanBarat,Bengkayang,Kabupaten,2022-04,2022,4,15
IDN.12.1_1,KalimantanBarat,Bengkayang,Kabupaten,2022-05,2022,5,29
IDN.12.1_1,KalimantanBarat,Bengkayang,Kabupaten,2022-06,2022,6,2
IDN.12.1_1,KalimantanBarat,Bengkayang,Kabupaten,2022-07,2022,7,94
IDN.12.1_1,KalimantanBarat,Bengkayang,Kabupaten,2022-08,2022,8,173
IDN.12.1_1,KalimantanBarat,Bengkayang,Kabupaten,2022-09,2022,9,23
IDN.12.1_1,KalimantanBarat,Bengkayang,Kabupaten,2022-10,2022,10,7
IDN.12.1_1,KalimantanBarat,Bengkayang,Kabupaten,2022-11,2022,11,2
IDN.12.1_1,KalimantanBarat,Bengkayang,Kabupaten,2022-12,2022,12,9
IDN.12.1_1,KalimantanBarat,Bengkayang,Kabupaten,2023-01,2023,1,2
IDN.12.1_1,KalimantanBarat,Bengkayang,Kabupaten,2023-02,2023,2,8
IDN.12.1_1,KalimantanBarat,Bengkayang,Kabupaten,2023-03,2023,3,1
IDN.12.1_1,KalimantanBarat,Bengkayang,Kabupaten,2023-04,2023,4,33
IDN.12.1_1,KalimantanBarat,Bengkayang,Kabupaten,2023-05,2023,5,21
IDN.12.1_1,KalimantanBarat,Bengkayang,Kabupaten,2023-06,2023,6,46
IDN.12.1_1,KalimantanBarat,Bengkayang,Kabupaten,2023-07,2023,7,392
IDN.12.1_1,KalimantanBarat,Bengkayang,Kabupaten,2023-08,2023,8,400
IDN.12.1_1,KalimantanBarat,Bengkayang,Kabupaten,2023-09,2023,9,226
IDN.12.1_1,KalimantanBarat,Bengkayang,Kabupaten,2023-10,2023,10,17
IDN.12.1_1,KalimantanBarat,Bengkayang,Kabupaten,2023-11,2023,11,4
IDN.12.1_1,KalimantanBarat,Bengkayang,Kabupaten,2023-12,2023,12,6
IDN.12.1_1,KalimantanBarat,Bengkayang,Kabupaten,2024-01,2024,1,2
IDN.12.1_1,KalimantanBarat,Bengkayang,Kabupaten,2024-02,2024,2,4
IDN.12.1_1,KalimantanBarat,Bengkayang,Kabupaten,2024-03,2024,3,13
IDN.12.1_1,KalimantanBarat,Bengkayang,Kabupaten,2024-04,2024,4,3
IDN.12.1_1,KalimantanBarat,Bengkayang,Kabupaten,2024-05,2024,5,6
IDN.12.1_1,KalimantanBarat,Bengkayang,Kabupaten,2024-06,2024,6,13
IDN.12.1_1,KalimantanBarat,Bengkayang,Kabupaten,2024-07,2024,7,71
IDN.12.1_1,KalimantanBarat,Bengkayang,Kabupaten,2024-08,2024,8,113
IDN.12.1_1,KalimantanBarat,Bengkayang,Kabupaten,2024-09,2024,9,481
IDN.12.1_1,KalimantanBarat,Bengkayang,Kabupaten,2024-10,2024,10,42
IDN.12.1_1,KalimantanBarat,Bengkayang,Kabupaten,2024-11,2024,11,0
IDN.12.1_1,KalimantanBarat,Bengkayang,Kabupaten,2024-12,2024,12,5
IDN.12.1_1,KalimantanBarat,Bengkayang,Kabupaten,2025-01,2025,1,0
IDN.12.1_1,KalimantanBarat,Bengkayang,Kabupaten,2025-02,2025,2,1
IDN.12.1_1,KalimantanBarat,Bengkayang,Kabupaten,2025-03,2025,3,5
IDN.12.1_1,KalimantanBarat,Bengkayang,Kabupaten,2025-04,2025,4,1
IDN.12.1_1,KalimantanBarat,Bengkayang,Kabupaten,2025-05,2025,5,14
IDN.12.1_1,KalimantanBarat,Bengkayang,Kabupaten,2025-06,2025,6,39
IDN.12.1_1,KalimantanBarat,Bengkayang,Kabupaten,2025-07,2025,7,459
IDN.12.1_1,KalimantanBarat,Bengkayang,Kabupaten,2025-08,2025,8,555
IDN.12.1_1,KalimantanBarat,Bengkayang,Kabupaten,2025-09,2025,9,31
IDN.12.1_1,KalimantanBarat,Bengkayang,Kabupaten,2025-10,2025,10,12
IDN.12.1_1,KalimantanBarat,Bengkayang,Kabupaten,2025-11,2025,11,12
IDN.12.1_1,KalimantanBarat,Bengkayang,Kabupaten,2025-12,2025,12,1
IDN.12.2_1,KalimantanBarat,KapuasHulu,Kabupaten,2012-01,2012,1,0
IDN.12.2_1,KalimantanBarat,KapuasHulu,Kabupaten,2012-02,2012,2,0
IDN.12.2_1,KalimantanBarat,KapuasHulu,Kabupaten,2012-03,2012,3,6
IDN.12.2_1,KalimantanBarat,KapuasHulu,Kabupaten,2012-04,2012,4,12
IDN.12.2_1,KalimantanBarat,KapuasHulu,Kabupaten,2012-05,2012,5,21
IDN.12.2_1,KalimantanBarat,KapuasHulu,Kabupaten,2012-06,2012,6,169
IDN.12.2_1,KalimantanBarat,KapuasHulu,Kabupaten,2012-07,2012,7,119
IDN.12.2_1,KalimantanBarat,KapuasHulu,Kabupaten,2012-08,2012,8,1828
IDN.12.2_1,KalimantanBarat,KapuasHulu,Kabupaten,2012-09,2012,9,451
IDN.12.2_1,KalimantanBarat,KapuasHulu,Kabupaten,2012-10,2012,10,15
IDN.12.2_1,KalimantanBarat,KapuasHulu,Kabupaten,2012-11,2012,11,3
IDN.12.2_1,KalimantanBarat,KapuasHulu,Kabupaten,2012-12,2012,12,0
IDN.12.2_1,KalimantanBarat,KapuasHulu,Kabupaten,2013-01,2013,1,0
IDN.12.2_1,KalimantanBarat,KapuasHulu,Kabupaten,2013-02,2013,2,0
IDN.12.2_1,KalimantanBarat,KapuasHulu,Kabupaten,2013-03,2013,3,5
IDN.12.2_1,KalimantanBarat,KapuasHulu,Kabupaten,2013-04,2013,4,8
IDN.12.2_1,KalimantanBarat,KapuasHulu,Kabupaten,2013-05,2013,5,3
IDN.12.2_1,KalimantanBarat,KapuasHulu,Kabupaten,2013-06,2013,6,62
IDN.12.2_1,KalimantanBarat,KapuasHulu,Kabupaten,2013-07,2013,7,29
IDN.12.2_1,KalimantanBarat,KapuasHulu,Kabupaten,2013-08,2013,8,826
IDN.12.2_1,KalimantanBarat,KapuasHulu,Kabupaten,2013-09,2013,9,352
IDN.12.2_1,KalimantanBarat,KapuasHulu,Kabupaten,2013-10,2013,10,87
IDN.12.2_1,KalimantanBarat,KapuasHulu,Kabupaten,2013-11,2013,11,2
IDN.12.2_1,KalimantanBarat,KapuasHulu,Kabupaten,2013-12,2013,12,1
IDN.12.2_1,KalimantanBarat,KapuasHulu,Kabupaten,2014-01,2014,1,11
IDN.12.2_1,KalimantanBarat,KapuasHulu,Kabupaten,2014-02,2014,2,84
IDN.12.2_1,KalimantanBarat,KapuasHulu,Kabupaten,2014-03,2014,3,123
IDN.12.2_1,KalimantanBarat,KapuasHulu,Kabupaten,2014-04,2014,4,3
IDN.12.2_1,KalimantanBarat,KapuasHulu,Kabupaten,2014-05,2014,5,4
IDN.12.2_1,KalimantanBarat,KapuasHulu,Kabupaten,2014-06,2014,6,17
IDN.12.2_1,KalimantanBarat,KapuasHulu,Kabupaten,2014-07,2014,7,1109
IDN.12.2_1,KalimantanBarat,KapuasHulu,Kabupaten,2014-08,2014,8,767
IDN.12.2_1,KalimantanBarat,KapuasHulu,Kabupaten,2014-09,2014,9,411
IDN.12.2_1,KalimantanBarat,KapuasHulu,Kabupaten,2014-10,2014,10,28
IDN.12.2_1,KalimantanBarat,KapuasHulu,Kabupaten,2014-11,2014,11,5
IDN.12.2_1,KalimantanBarat,KapuasHulu,Kabupaten,2014-12,2014,12,1
IDN.12.2_1,KalimantanBarat,KapuasHulu,Kabupaten,2015-01,2015,1,1
IDN.12.2_1,KalimantanBarat,KapuasHulu,Kabupaten,2015-02,2015,2,0
IDN.12.2_1,KalimantanBarat,KapuasHulu,Kabupaten,2015-03,2015,3,5
IDN.12.2_1,KalimantanBarat,KapuasHulu,Kabupaten,2015-04,2015,4,0
IDN.12.2_1,KalimantanBarat,KapuasHulu,Kabupaten,2015-05,2015,5,3
IDN.12.2_1,KalimantanBarat,KapuasHulu,Kabupaten,2015-06,2015,6,19
IDN.12.2_1,KalimantanBarat,KapuasHulu,Kabupaten,2015-07,2015,7,590
IDN.12.2_1,KalimantanBarat,KapuasHulu,Kabupaten,2015-08,2015,8,1948
IDN.12.2_1,KalimantanBarat,KapuasHulu,Kabupaten,2015-09,2015,9,205
IDN.12.2_1,KalimantanBarat,KapuasHulu,Kabupaten,2015-10,2015,10,15
IDN.12.2_1,KalimantanBarat,KapuasHulu,Kabupaten,2015-11,2015,11,2
IDN.12.2_1,KalimantanBarat,KapuasHulu,Kabupaten,2015-12,2015,12,6
IDN.12.2_1,KalimantanBarat,KapuasHulu,Kabupaten,2016-01,2016,1,1
IDN.12.2_1,KalimantanBarat,KapuasHulu,Kabupaten,2016-02,2016,2,0
IDN.12.2_1,KalimantanBarat,KapuasHulu,Kabupaten,2016-03,2016,3,0
IDN.12.2_1,KalimantanBarat,KapuasHulu,Kabupaten,2016-04,2016,4,0
IDN.12.2_1,KalimantanBarat,KapuasHulu,Kabupaten,2016-05,2016,5,2
IDN.12.2_1,KalimantanBarat,KapuasHulu,Kabupaten,2016-06,2016,6,0
IDN.12.2_1,KalimantanBarat,KapuasHulu,Kabupaten,2016-07,2016,7,25
IDN.12.2_1,KalimantanBarat,KapuasHulu,Kabupaten,2016-08,2016,8,1029
IDN.12.2_1,KalimantanBarat,KapuasHulu,Kabupaten,2016-09,2016,9,225
IDN.12.2_1,KalimantanBarat,KapuasHulu,Kabupaten,2016-10,2016,10,44
IDN.12.2_1,KalimantanBarat,KapuasHulu,Kabupaten,2016-11,2016,11,1
IDN.12.2_1,KalimantanBarat,KapuasHulu,Kabupaten,2016-12,2016,12,0
IDN.12.2_1,KalimantanBarat,KapuasHulu,Kabupaten,2017-01,2017,1,0
IDN.12.2_1,KalimantanBarat,KapuasHulu,Kabupaten,2017-02,2017,2,3
IDN.12.2_1,KalimantanBarat,KapuasHulu,Kabupaten,2017-03,2017,3,0
IDN.12.2_1,KalimantanBarat,KapuasHulu,Kabupaten,2017-04,2017,4,2
IDN.12.2_1,KalimantanBarat,KapuasHulu,Kabupaten,2017-05,2017,5,4
IDN.12.2_1,KalimantanBarat,KapuasHulu,Kabupaten,2017-06,2017,6,6
IDN.12.2_1,KalimantanBarat,KapuasHulu,Kabupaten,2017-07,2017,7,203
IDN.12.2_1,KalimantanBarat,KapuasHulu,Kabupaten,2017-08,2017,8,313
IDN.12.2_1,KalimantanBarat,KapuasHulu,Kabupaten,2017-09,2017,9,225
IDN.12.2_1,KalimantanBarat,KapuasHulu,Kabupaten,2017-10,2017,10,4
IDN.12.2_1,KalimantanBarat,KapuasHulu,Kabupaten,2017-11,2017,11,0
IDN.12.2_1,KalimantanBarat,KapuasHulu,Kabupaten,2017-12,2017,12,4
IDN.12.2_1,KalimantanBarat,KapuasHulu,Kabupaten,2018-01,2018,1,0
IDN.12.2_1,KalimantanBarat,KapuasHulu,Kabupaten,2018-02,2018,2,6
IDN.12.2_1,KalimantanBarat,KapuasHulu,Kabupaten,2018-03,2018,3,9
IDN.12.2_1,KalimantanBarat,KapuasHulu,Kabupaten,2018-04,2018,4,5
IDN.12.2_1,KalimantanBarat,KapuasHulu,Kabupaten,2018-05,2018,5,5
IDN.12.2_1,KalimantanBarat,KapuasHulu,Kabupaten,2018-06,2018,6,4
IDN.12.2_1,KalimantanBarat,KapuasHulu,Kabupaten,2018-07,2018,7,339
IDN.12.2_1,KalimantanBarat,KapuasHulu,Kabupaten,2018-08,2018,8,1508
IDN.12.2_1,KalimantanBarat,KapuasHulu,Kabupaten,2018-09,2018,9,76
IDN.12.2_1,KalimantanBarat,KapuasHulu,Kabupaten,2018-10,2018,10,7
IDN.12.2_1,KalimantanBarat,KapuasHulu,Kabupaten,2018-11,2018,11,0
IDN.12.2_1,KalimantanBarat,KapuasHulu,Kabupaten,2018-12,2018,12,0
IDN.12.2_1,KalimantanBarat,KapuasHulu,Kabupaten,2019-01,2019,1,3
IDN.12.2_1,KalimantanBarat,KapuasHulu,Kabupaten,2019-02,2019,2,1
IDN.12.2_1,KalimantanBarat,KapuasHulu,Kabupaten,2019-03,2019,3,11
IDN.12.2_1,KalimantanBarat,KapuasHulu,Kabupaten,2019-04,2019,4,5
IDN.12.2_1,KalimantanBarat,KapuasHulu,Kabupaten,2019-05,2019,5,35
IDN.12.2_1,KalimantanBarat,KapuasHulu,Kabupaten,2019-06,2019,6,14
IDN.12.2_1,KalimantanBarat,KapuasHulu,Kabupaten,2019-07,2019,7,119
IDN.12.2_1,KalimantanBarat,KapuasHulu,Kabupaten,2019-08,2019,8,1132
IDN.12.2_1,KalimantanBarat,KapuasHulu,Kabupaten,2019-09,2019,9,515
IDN.12.2_1,KalimantanBarat,KapuasHulu,Kabupaten,2019-10,2019,10,0
IDN.12.2_1,KalimantanBarat,KapuasHulu,Kabupaten,2019-11,2019,11,3
IDN.12.2_1,KalimantanBarat,KapuasHulu,Kabupaten,2019-12,2019,12,0
IDN.12.2_1,KalimantanBarat,KapuasHulu,Kabupaten,2020-01,2020,1,0
IDN.12.2_1,KalimantanBarat,KapuasHulu,Kabupaten,2020-02,2020,2,1
IDN.12.2_1,KalimantanBarat,KapuasHulu,Kabupaten,2020-03,2020,3,2
IDN.12.2_1,KalimantanBarat,KapuasHulu,Kabupaten,2020-04,2020,4,1
IDN.12.2_1,KalimantanBarat,KapuasHulu,Kabupaten,2020-05,2020,5,8
IDN.12.2_1,KalimantanBarat,KapuasHulu,Kabupaten,2020-06,2020,6,5
IDN.12.2_1,KalimantanBarat,KapuasHulu,Kabupaten,2020-07,2020,7,0
IDN.12.2_1,KalimantanBarat,KapuasHulu,Kabupaten,2020-08,2020,8,634
IDN.12.2_1,KalimantanBarat,KapuasHulu,Kabupaten,2020-09,2020,9,127
IDN.12.2_1,KalimantanBarat,KapuasHulu,Kabupaten,2020-10,2020,10,77
IDN.12.2_1,KalimantanBarat,KapuasHulu,Kabupaten,2020-11,2020,11,0
IDN.12.2_1,KalimantanBarat,KapuasHulu,Kabupaten,2020-12,2020,12,0
IDN.12.2_1,KalimantanBarat,KapuasHulu,Kabupaten,2021-01,2021,1,0
IDN.12.2_1,KalimantanBarat,KapuasHulu,Kabupaten,2021-02,2021,2,10
IDN.12.2_1,KalimantanBarat,KapuasHulu,Kabupaten,2021-03,2021,3,1
IDN.12.2_1,KalimantanBarat,KapuasHulu,Kabupaten,2021-04,2021,4,5
IDN.12.2_1,KalimantanBarat,KapuasHulu,Kabupaten,2021-05,2021,5,6
IDN.12.2_1,KalimantanBarat,KapuasHulu,Kabupaten,2021-06,2021,6,2
IDN.12.2_1,KalimantanBarat,KapuasHulu,Kabupaten,2021-07,2021,7,74
IDN.12.2_1,KalimantanBarat,KapuasHulu,Kabupaten,2021-08,2021,8,135
IDN.12.2_1,KalimantanBarat,KapuasHulu,Kabupaten,2021-09,2021,9,202
IDN.12.2_1,KalimantanBarat,KapuasHulu,Kabupaten,2021-10,2021,10,144
IDN.12.2_1,KalimantanBarat,KapuasHulu,Kabupaten,2021-11,2021,11,1
IDN.12.2_1,KalimantanBarat,KapuasHulu,Kabupaten,2021-12,2021,12,0
IDN.12.2_1,KalimantanBarat,KapuasHulu,Kabupaten,2022-01,2022,1,2
IDN.12.2_1,KalimantanBarat,KapuasHulu,Kabupaten,2022-02,2022,2,4
IDN.12.2_1,KalimantanBarat,KapuasHulu,Kabupaten,2022-03,2022,3,4
IDN.12.2_1,KalimantanBarat,KapuasHulu,Kabupaten,2022-04,2022,4,4
IDN.12.2_1,KalimantanBarat,KapuasHulu,Kabupaten,2022-05,2022,5,9
IDN.12.2_1,KalimantanBarat,KapuasHulu,Kabupaten,2022-06,2022,6,2
IDN.12.2_1,KalimantanBarat,KapuasHulu,Kabupaten,2022-07,2022,7,75
IDN.12.2_1,KalimantanBarat,KapuasHulu,Kabupaten,2022-08,2022,8,420
IDN.12.2_1,KalimantanBarat,KapuasHulu,Kabupaten,2022-09,2022,9,74
IDN.12.2_1,KalimantanBarat,KapuasHulu,Kabupaten,2022-10,2022,10,8
IDN.12.2_1,KalimantanBarat,KapuasHulu,Kabupaten,2022-11,2022,11,6
IDN.12.2_1,KalimantanBarat,KapuasHulu,Kabupaten,2022-12,2022,12,5
IDN.12.2_1,KalimantanBarat,KapuasHulu,Kabupaten,2023-01,2023,1,7
IDN.12.2_1,KalimantanBarat,KapuasHulu,Kabupaten,2023-02,2023,2,3
IDN.12.2_1,KalimantanBarat,KapuasHulu,Kabupaten,2023-03,2023,3,5
IDN.12.2_1,KalimantanBarat,KapuasHulu,Kabupaten,2023-04,2023,4,21
IDN.12.2_1,KalimantanBarat,KapuasHulu,Kabupaten,2023-05,2023,5,14
IDN.12.2_1,KalimantanBarat,KapuasHulu,Kabupaten,2023-06,2023,6,27
IDN.12.2_1,KalimantanBarat,KapuasHulu,Kabupaten,2023-07,2023,7,736
IDN.12.2_1,KalimantanBarat,KapuasHulu,Kabupaten,2023-08,2023,8,643
IDN.12.2_1,KalimantanBarat,KapuasHulu,Kabupaten,2023-09,2023,9,61
IDN.12.2_1,KalimantanBarat,KapuasHulu,Kabupaten,2023-10,2023,10,8
IDN.12.2_1,KalimantanBarat,KapuasHulu,Kabupaten,2023-11,2023,11,0
IDN.12.2_1,KalimantanBarat,KapuasHulu,Kabupaten,2023-12,2023,12,0
IDN.12.2_1,KalimantanBarat,KapuasHulu,Kabupaten,2024-01,2024,1,2
IDN.12.2_1,KalimantanBarat,KapuasHulu,Kabupaten,2024-02,2024,2,0
IDN.12.2_1,KalimantanBarat,KapuasHulu,Kabupaten,2024-03,2024,3,6
IDN.12.2_1,KalimantanBarat,KapuasHulu,Kabupaten,2024-04,2024,4,0
IDN.12.2_1,KalimantanBarat,KapuasHulu,Kabupaten,2024-05,2024,5,5
IDN.12.2_1,KalimantanBarat,KapuasHulu,Kabupaten,2024-06,2024,6,1
IDN.12.2_1,KalimantanBarat,KapuasHulu,Kabupaten,2024-07,2024,7,22
IDN.12.2_1,KalimantanBarat,KapuasHulu,Kabupaten,2024-08,2024,8,369
IDN.12.2_1,KalimantanBarat,KapuasHulu,Kabupaten,2024-09,2024,9,558
IDN.12.2_1,KalimantanBarat,KapuasHulu,Kabupaten,2024-10,2024,10,15
IDN.12.2_1,KalimantanBarat,KapuasHulu,Kabupaten,2024-11,2024,11,1
IDN.12.2_1,KalimantanBarat,KapuasHulu,Kabupaten,2024-12,2024,12,0
IDN.12.2_1,KalimantanBarat,KapuasHulu,Kabupaten,2025-01,2025,1,1
IDN.12.2_1,KalimantanBarat,KapuasHulu,Kabupaten,2025-02,2025,2,1
IDN.12.2_1,KalimantanBarat,KapuasHulu,Kabupaten,2025-03,2025,3,4
IDN.12.2_1,KalimantanBarat,KapuasHulu,Kabupaten,2025-04,2025,4,1
IDN.12.2_1,KalimantanBarat,KapuasHulu,Kabupaten,2025-05,2025,5,13
IDN.12.2_1,KalimantanBarat,KapuasHulu,Kabupaten,2025-06,2025,6,14
IDN.12.2_1,KalimantanBarat,KapuasHulu,Kabupaten,2025-07,2025,7,420
IDN.12.2_1,KalimantanBarat,KapuasHulu,Kabupaten,2025-08,2025,8,563
IDN.12.2_1,KalimantanBarat,KapuasHulu,Kabupaten,2025-09,2025,9,296
IDN.12.2_1,KalimantanBarat,KapuasHulu,Kabupaten,2025-10,2025,10,15
IDN.12.2_1,KalimantanBarat,KapuasHulu,Kabupaten,2025-11,2025,11,19
IDN.12.2_1,KalimantanBarat,KapuasHulu,Kabupaten,2025-12,2025,12,4
IDN.12.3_1,KalimantanBarat,KayongUtara,Kabupaten,2012-01,2012,1,0
IDN.12.3_1,KalimantanBarat,KayongUtara,Kabupaten,2012-02,2012,2,1
IDN.12.3_1,KalimantanBarat,KayongUtara,Kabupaten,2012-03,2012,3,3
IDN.12.3_1,KalimantanBarat,KayongUtara,Kabupaten,2012-04,2012,4,0
IDN.12.3_1,KalimantanBarat,KayongUtara,Kabupaten,2012-05,2012,5,11
IDN.12.3_1,KalimantanBarat,KayongUtara,Kabupaten,2012-06,2012,6,44
IDN.12.3_1,KalimantanBarat,KayongUtara,Kabupaten,2012-07,2012,7,179
IDN.12.3_1,KalimantanBarat,KayongUtara,Kabupaten,2012-08,2012,8,1030
IDN.12.3_1,KalimantanBarat,KayongUtara,Kabupaten,2012-09,2012,9,1179
IDN.12.3_1,KalimantanBarat,KayongUtara,Kabupaten,2012-10,2012,10,400
IDN.12.3_1,KalimantanBarat,KayongUtara,Kabupaten,2012-11,2012,11,1
IDN.12.3_1,KalimantanBarat,KayongUtara,Kabupaten,2012-12,2012,12,0
IDN.12.3_1,KalimantanBarat,KayongUtara,Kabupaten,2013-01,2013,1,14
IDN.12.3_1,KalimantanBarat,KayongUtara,Kabupaten,2013-02,2013,2,5
IDN.12.3_1,KalimantanBarat,KayongUtara,Kabupaten,2013-03,2013,3,39
IDN.12.3_1,KalimantanBarat,KayongUtara,Kabupaten,2013-04,2013,4,1
IDN.12.3_1,KalimantanBarat,KayongUtara,Kabupaten,2013-05,2013,5,0
IDN.12.3_1,KalimantanBarat,KayongUtara,Kabupaten,2013-06,2013,6,71
IDN.12.3_1,KalimantanBarat,KayongUtara,Kabupaten,2013-07,2013,7,2
IDN.12.3_1,KalimantanBarat,KayongUtara,Kabupaten,2013-08,2013,8,89
IDN.12.3_1,KalimantanBarat,KayongUtara,Kabupaten,2013-09,2013,9,168
IDN.12.3_1,KalimantanBarat,KayongUtara,Kabupaten,2013-10,2013,10,211
IDN.12.3_1,KalimantanBarat,KayongUtara,Kabupaten,2013-11,2013,11,5
IDN.12.3_1,KalimantanBarat,KayongUtara,Kabupaten,2013-12,2013,12,0
IDN.12.3_1,KalimantanBarat,KayongUtara,Kabupaten,2014-01,2014,1,66
IDN.12.3_1,KalimantanBarat,KayongUtara,Kabupaten,2014-02,2014,2,212
IDN.12.3_1,KalimantanBarat,KayongUtara,Kabupaten,2014-03,2014,3,90
IDN.12.3_1,KalimantanBarat,KayongUtara,Kabupaten,2014-04,2014,4,6
IDN.12.3_1,KalimantanBarat,KayongUtara,Kabupaten,2014-05,2014,5,2
IDN.12.3_1,KalimantanBarat,KayongUtara,Kabupaten,2014-06,2014,6,9
IDN.12.3_1,KalimantanBarat,KayongUtara,Kabupaten,2014-07,2014,7,142
IDN.12.3_1,KalimantanBarat,KayongUtara,Kabupaten,2014-08,2014,8,147
IDN.12.3_1,KalimantanBarat,KayongUtara,Kabupaten,2014-09,2014,9,409
IDN.12.3_1,KalimantanBarat,KayongUtara,Kabupaten,2014-10,2014,10,86
IDN.12.3_1,KalimantanBarat,KayongUtara,Kabupaten,2014-11,2014,11,1
IDN.12.3_1,KalimantanBarat,KayongUtara,Kabupaten,2014-12,2014,12,1
IDN.12.3_1,KalimantanBarat,KayongUtara,Kabupaten,2015-01,2015,1,5
IDN.12.3_1,KalimantanBarat,KayongUtara,Kabupaten,2015-02,2015,2,4
IDN.12.3_1,KalimantanBarat,KayongUtara,Kabupaten,2015-03,2015,3,11
IDN.12.3_1,KalimantanBarat,KayongUtara,Kabupaten,2015-04,2015,4,0
IDN.12.3_1,KalimantanBarat,KayongUtara,Kabupaten,2015-05,2015,5,6
IDN.12.3_1,KalimantanBarat,KayongUtara,Kabupaten,2015-06,2015,6,22
IDN.12.3_1,KalimantanBarat,KayongUtara,Kabupaten,2015-07,2015,7,252
IDN.12.3_1,KalimantanBarat,KayongUtara,Kabupaten,2015-08,2015,8,1149
IDN.12.3_1,KalimantanBarat,KayongUtara,Kabupaten,2015-09,2015,9,2394
IDN.12.3_1,KalimantanBarat,KayongUtara,Kabupaten,2015-10,2015,10,420
IDN.12.3_1,KalimantanBarat,KayongUtara,Kabupaten,2015-11,2015,11,6
IDN.12.3_1,KalimantanBarat,KayongUtara,Kabupaten,2015-12,2015,12,3
IDN.12.3_1,KalimantanBarat,KayongUtara,Kabupaten,2016-01,2016,1,0
IDN.12.3_1,KalimantanBarat,KayongUtara,Kabupaten,2016-02,2016,2,1
IDN.12.3_1,KalimantanBarat,KayongUtara,Kabupaten,2016-03,2016,3,0
IDN.12.3_1,KalimantanBarat,KayongUtara,Kabupaten,2016-04,2016,4,0
IDN.12.3_1,KalimantanBarat,KayongUtara,Kabupaten,2016-05,2016,5,0
IDN.12.3_1,KalimantanBarat,KayongUtara,Kabupaten,2016-06,2016,6,1
IDN.12.3_1,KalimantanBarat,KayongUtara,Kabupaten,2016-07,2016,7,14
IDN.12.3_1,KalimantanBarat,KayongUtara,Kabupaten,2016-08,2016,8,58
IDN.12.3_1,KalimantanBarat,KayongUtara,Kabupaten,2016-09,2016,9,99
IDN.12.3_1,KalimantanBarat,KayongUtara,Kabupaten,2016-10,2016,10,7
IDN.12.3_1,KalimantanBarat,KayongUtara,Kabupaten,2016-11,2016,11,3
IDN.12.3_1,KalimantanBarat,KayongUtara,Kabupaten,2016-12,2016,12,3
IDN.12.3_1,KalimantanBarat,KayongUtara,Kabupaten,2017-01,2017,1,8
IDN.12.3_1,KalimantanBarat,KayongUtara,Kabupaten,2017-02,2017,2,6
IDN.12.3_1,KalimantanBarat,KayongUtara,Kabupaten,2017-03,2017,3,0
IDN.12.3_1,KalimantanBarat,KayongUtara,Kabupaten,2017-04,2017,4,3
IDN.12.3_1,KalimantanBarat,KayongUtara,Kabupaten,2017-05,2017,5,3
IDN.12.3_1,KalimantanBarat,KayongUtara,Kabupaten,2017-06,2017,6,4
IDN.12.3_1,KalimantanBarat,KayongUtara,Kabupaten,2017-07,2017,7,3
IDN.12.3_1,KalimantanBarat,KayongUtara,Kabupaten,2017-08,2017,8,11
IDN.12.3_1,KalimantanBarat,KayongUtara,Kabupaten,2017-09,2017,9,45
IDN.12.3_1,KalimantanBarat,KayongUtara,Kabupaten,2017-10,2017,10,3
IDN.12.3_1,KalimantanBarat,KayongUtara,Kabupaten,2017-11,2017,11,0
IDN.12.3_1,KalimantanBarat,KayongUtara,Kabupaten,2017-12,2017,12,1
IDN.12.3_1,KalimantanBarat,KayongUtara,Kabupaten,2018-01,2018,1,1
IDN.12.3_1,KalimantanBarat,KayongUtara,Kabupaten,2018-02,2018,2,19
IDN.12.3_1,KalimantanBarat,KayongUtara,Kabupaten,2018-03,2018,3,1
IDN.12.3_1,KalimantanBarat,KayongUtara,Kabupaten,2018-04,2018,4,2
IDN.12.3_1,KalimantanBarat,KayongUtara,Kabupaten,2018-05,2018,5,2
IDN.12.3_1,KalimantanBarat,KayongUtara,Kabupaten,2018-06,2018,6,0
IDN.12.3_1,KalimantanBarat,KayongUtara,Kabupaten,2018-07,2018,7,55
IDN.12.3_1,KalimantanBarat,KayongUtara,Kabupaten,2018-08,2018,8,758
IDN.12.3_1,KalimantanBarat,KayongUtara,Kabupaten,2018-09,2018,9,351
IDN.12.3_1,KalimantanBarat,KayongUtara,Kabupaten,2018-10,2018,10,4
IDN.12.3_1,KalimantanBarat,KayongUtara,Kabupaten,2018-11,2018,11,0
IDN.12.3_1,KalimantanBarat,KayongUtara,Kabupaten,2018-12,2018,12,0
IDN.12.3_1,KalimantanBarat,KayongUtara,Kabupaten,2019-01,2019,1,0
IDN.12.3_1,KalimantanBarat,KayongUtara,Kabupaten,2019-02,2019,2,1
IDN.12.3_1,KalimantanBarat,KayongUtara,Kabupaten,2019-03,2019,3,8
IDN.12.3_1,KalimantanBarat,KayongUtara,Kabupaten,2019-04,2019,4,1
IDN.12.3_1,KalimantanBarat,KayongUtara,Kabupaten,2019-05,2019,5,0
IDN.12.3_1,KalimantanBarat,KayongUtara,Kabupaten,2019-06,2019,6,0
IDN.12.3_1,KalimantanBarat,KayongUtara,Kabupaten,2019-07,2019,7,10
IDN.12.3_1,KalimantanBarat,KayongUtara,Kabupaten,2019-08,2019,8,357
IDN.12.3_1,KalimantanBarat,KayongUtara,Kabupaten,2019-09,2019,9,2644
IDN.12.3_1,KalimantanBarat,KayongUtara,Kabupaten,2019-10,2019,10,9
IDN.12.3_1,KalimantanBarat,KayongUtara,Kabupaten,2019-11,2019,11,5
IDN.12.3_1,KalimantanBarat,KayongUtara,Kabupaten,2019-12,2019,12,0
IDN.12.3_1,KalimantanBarat,KayongUtara,Kabupaten,2020-01,2020,1,0
IDN.12.3_1,KalimantanBarat,KayongUtara,Kabupaten,2020-02,2020,2,0
IDN.12.3_1,KalimantanBarat,KayongUtara,Kabupaten,2020-03,2020,3,0
IDN.12.3_1,KalimantanBarat,KayongUtara,Kabupaten,2020-04,2020,4,1
IDN.12.3_1,KalimantanBarat,KayongUtara,Kabupaten,2020-05,2020,5,3
IDN.12.3_1,KalimantanBarat,KayongUtara,Kabupaten,2020-06,2020,6,3
IDN.12.3_1,KalimantanBarat,KayongUtara,Kabupaten,2020-07,2020,7,2
IDN.12.3_1,KalimantanBarat,KayongUtara,Kabupaten,2020-08,2020,8,9
IDN.12.3_1,KalimantanBarat,KayongUtara,Kabupaten,2020-09,2020,9,30
IDN.12.3_1,KalimantanBarat,KayongUtara,Kabupaten,2020-10,2020,10,5
IDN.12.3_1,KalimantanBarat,KayongUtara,Kabupaten,2020-11,2020,11,2
IDN.12.3_1,KalimantanBarat,KayongUtara,Kabupaten,2020-12,2020,12,0
IDN.12.3_1,KalimantanBarat,KayongUtara,Kabupaten,2021-01,2021,1,0
IDN.12.3_1,KalimantanBarat,KayongUtara,Kabupaten,2021-02,2021,2,53
IDN.12.3_1,KalimantanBarat,KayongUtara,Kabupaten,2021-03,2021,3,9
IDN.12.3_1,KalimantanBarat,KayongUtara,Kabupaten,2021-04,2021,4,4
IDN.12.3_1,KalimantanBarat,KayongUtara,Kabupaten,2021-05,2021,5,1
IDN.12.3_1,KalimantanBarat,KayongUtara,Kabupaten,2021-06,2021,6,1
IDN.12.3_1,KalimantanBarat,KayongUtara,Kabupaten,2021-07,2021,7,5
IDN.12.3_1,KalimantanBarat,KayongUtara,Kabupaten,2021-08,2021,8,3
IDN.12.3_1,KalimantanBarat,KayongUtara,Kabupaten,2021-09,2021,9,30
IDN.12.3_1,KalimantanBarat,KayongUtara,Kabupaten,2021-10,2021,10,8
IDN.12.3_1,KalimantanBarat,KayongUtara,Kabupaten,2021-11,2021,11,0
IDN.12.3_1,KalimantanBarat,KayongUtara,Kabupaten,2021-12,2021,12,1
IDN.12.3_1,KalimantanBarat,KayongUtara,Kabupaten,2022-01,2022,1,2
IDN.12.3_1,KalimantanBarat,KayongUtara,Kabupaten,2022-02,2022,2,4
IDN.12.3_1,KalimantanBarat,KayongUtara,Kabupaten,2022-03,2022,3,12
IDN.12.3_1,KalimantanBarat,KayongUtara,Kabupaten,2022-04,2022,4,6
IDN.12.3_1,KalimantanBarat,KayongUtara,Kabupaten,2022-05,2022,5,3
IDN.12.3_1,KalimantanBarat,KayongUtara,Kabupaten,2022-06,2022,6,7
IDN.12.3_1,KalimantanBarat,KayongUtara,Kabupaten,2022-07,2022,7,9
IDN.12.3_1,KalimantanBarat,KayongUtara,Kabupaten,2022-08,2022,8,8
IDN.12.3_1,KalimantanBarat,KayongUtara,Kabupaten,2022-09,2022,9,10
IDN.12.3_1,KalimantanBarat,KayongUtara,Kabupaten,2022-10,2022,10,0
IDN.12.3_1,KalimantanBarat,KayongUtara,Kabupaten,2022-11,2022,11,0
IDN.12.3_1,KalimantanBarat,KayongUtara,Kabupaten,2022-12,2022,12,1
IDN.12.3_1,KalimantanBarat,KayongUtara,Kabupaten,2023-01,2023,1,1
IDN.12.3_1,KalimantanBarat,KayongUtara,Kabupaten,2023-02,2023,2,19
IDN.12.3_1,KalimantanBarat,KayongUtara,Kabupaten,2023-03,2023,3,0
IDN.12.3_1,KalimantanBarat,KayongUtara,Kabupaten,2023-04,2023,4,6
IDN.12.3_1,KalimantanBarat,KayongUtara,Kabupaten,2023-05,2023,5,14
IDN.12.3_1,KalimantanBarat,KayongUtara,Kabupaten,2023-06,2023,6,43
IDN.12.3_1,KalimantanBarat,KayongUtara,Kabupaten,2023-07,2023,7,47
IDN.12.3_1,KalimantanBarat,KayongUtara,Kabupaten,2023-08,2023,8,272
IDN.12.3_1,KalimantanBarat,KayongUtara,Kabupaten,2023-09,2023,9,461
IDN.12.3_1,KalimantanBarat,KayongUtara,Kabupaten,2023-10,2023,10,13
IDN.12.3_1,KalimantanBarat,KayongUtara,Kabupaten,2023-11,2023,11,4
IDN.12.3_1,KalimantanBarat,KayongUtara,Kabupaten,2023-12,2023,12,2
IDN.12.3_1,KalimantanBarat,KayongUtara,Kabupaten,2024-01,2024,1,1
IDN.12.3_1,KalimantanBarat,KayongUtara,Kabupaten,2024-02,2024,2,0
IDN.12.3_1,KalimantanBarat,KayongUtara,Kabupaten,2024-03,2024,3,8
IDN.12.3_1,KalimantanBarat,KayongUtara,Kabupaten,2024-04,2024,4,1
IDN.12.3_1,KalimantanBarat,KayongUtara,Kabupaten,2024-05,2024,5,1
IDN.12.3_1,KalimantanBarat,KayongUtara,Kabupaten,2024-06,2024,6,6
IDN.12.3_1,KalimantanBarat,KayongUtara,Kabupaten,2024-07,2024,7,15
IDN.12.3_1,KalimantanBarat,KayongUtara,Kabupaten,2024-08,2024,8,21
IDN.12.3_1,KalimantanBarat,KayongUtara,Kabupaten,2024-09,2024,9,70
IDN.12.3_1,KalimantanBarat,KayongUtara,Kabupaten,2024-10,2024,10,4
IDN.12.3_1,KalimantanBarat,KayongUtara,Kabupaten,2024-11,2024,11,0
IDN.12.3_1,KalimantanBarat,KayongUtara,Kabupaten,2024-12,2024,12,0
IDN.12.3_1,KalimantanBarat,KayongUtara,Kabupaten,2025-01,2025,1,0
IDN.12.3_1,KalimantanBarat,KayongUtara,Kabupaten,2025-02,2025,2,3
IDN.12.3_1,KalimantanBarat,KayongUtara,Kabupaten,2025-03,2025,3,0
IDN.12.3_1,KalimantanBarat,KayongUtara,Kabupaten,2025-04,2025,4,3
IDN.12.3_1,KalimantanBarat,KayongUtara,Kabupaten,2025-05,2025,5,10
IDN.12.3_1,KalimantanBarat,KayongUtara,Kabupaten,2025-06,2025,6,1
IDN.12.3_1,KalimantanBarat,KayongUtara,Kabupaten,2025-07,2025,7,93
IDN.12.3_1,KalimantanBarat,KayongUtara,Kabupaten,2025-08,2025,8,24
IDN.12.3_1,KalimantanBarat,KayongUtara,Kabupaten,2025-09,2025,9,45
IDN.12.3_1,KalimantanBarat,KayongUtara,Kabupaten,2025-10,2025,10,4
IDN.12.3_1,KalimantanBarat,KayongUtara,Kabupaten,2025-11,2025,11,1
IDN.12.3_1,KalimantanBarat,KayongUtara,Kabupaten,2025-12,2025,12,0
IDN.12.4_1,KalimantanBarat,Ketapang,Kabupaten,2012-01,2012,1,26
IDN.12.4_1,KalimantanBarat,Ketapang,Kabupaten,2012-02,2012,2,18
IDN.12.4_1,KalimantanBarat,Ketapang,Kabupaten,2012-03,2012,3,58
IDN.12.4_1,KalimantanBarat,Ketapang,Kabupaten,2012-04,2012,4,51
IDN.12.4_1,KalimantanBarat,Ketapang,Kabupaten,2012-05,2012,5,195
IDN.12.4_1,KalimantanBarat,Ketapang,Kabupaten,2012-06,2012,6,546
IDN.12.4_1,KalimantanBarat,Ketapang,Kabupaten,2012-07,2012,7,545
IDN.12.4_1,KalimantanBarat,Ketapang,Kabupaten,2012-08,2012,8,4366
IDN.12.4_1,KalimantanBarat,Ketapang,Kabupaten,2012-09,2012,9,4256
IDN.12.4_1,KalimantanBarat,Ketapang,Kabupaten,2012-10,2012,10,1657
IDN.12.4_1,KalimantanBarat,Ketapang,Kabupaten,2012-11,2012,11,20
IDN.12.4_1,KalimantanBarat,Ketapang,Kabupaten,2012-12,2012,12,4
IDN.12.4_1,KalimantanBarat,Ketapang,Kabupaten,2013-01,2013,1,25
IDN.12.4_1,KalimantanBarat,Ketapang,Kabupaten,2013-02,2013,2,20
IDN.12.4_1,KalimantanBarat,Ketapang,Kabupaten,2013-03,2013,3,137
IDN.12.4_1,KalimantanBarat,Ketapang,Kabupaten,2013-04,2013,4,49
IDN.12.4_1,KalimantanBarat,Ketapang,Kabupaten,2013-05,2013,5,35
IDN.12.4_1,KalimantanBarat,Ketapang,Kabupaten,2013-06,2013,6,167
IDN.12.4_1,KalimantanBarat,Ketapang,Kabupaten,2013-07,2013,7,116
IDN.12.4_1,KalimantanBarat,Ketapang,Kabupaten,2013-08,2013,8,1474
IDN.12.4_1,KalimantanBarat,Ketapang,Kabupaten,2013-09,2013,9,2629
IDN.12.4_1,KalimantanBarat,Ketapang,Kabupaten,2013-10,2013,10,1083
IDN.12.4_1,KalimantanBarat,Ketapang,Kabupaten,2013-11,2013,11,30
IDN.12.4_1,KalimantanBarat,Ketapang,Kabupaten,2013-12,2013,12,10
IDN.12.4_1,KalimantanBarat,Ketapang,Kabupaten,2014-01,2014,1,248
IDN.12.4_1,KalimantanBarat,Ketapang,Kabupaten,2014-02,2014,2,934
IDN.12.4_1,KalimantanBarat,Ketapang,Kabupaten,2014-03,2014,3,72
IDN.12.4_1,KalimantanBarat,Ketapang,Kabupaten,2014-04,2014,4,50
IDN.12.4_1,KalimantanBarat,Ketapang,Kabupaten,2014-05,2014,5,51
IDN.12.4_1,KalimantanBarat,Ketapang,Kabupaten,2014-06,2014,6,70
IDN.12.4_1,KalimantanBarat,Ketapang,Kabupaten,2014-07,2014,7,870
IDN.12.4_1,KalimantanBarat,Ketapang,Kabupaten,2014-08,2014,8,2801
IDN.12.4_1,KalimantanBarat,Ketapang,Kabupaten,2014-09,2014,9,7398
IDN.12.4_1,KalimantanBarat,Ketapang,Kabupaten,2014-10,2014,10,4330
IDN.12.4_1,KalimantanBarat,Ketapang,Kabupaten,2014-11,2014,11,1419
IDN.12.4_1,KalimantanBarat,Ketapang,Kabupaten,2014-12,2014,12,12
IDN.12.4_1,KalimantanBarat,Ketapang,Kabupaten,2015-01,2015,1,41
IDN.12.4_1,KalimantanBarat,Ketapang,Kabupaten,2015-02,2015,2,45
IDN.12.4_1,KalimantanBarat,Ketapang,Kabupaten,2015-03,2015,3,22
IDN.12.4_1,KalimantanBarat,Ketapang,Kabupaten,2015-04,2015,4,11
IDN.12.4_1,KalimantanBarat,Ketapang,Kabupaten,2015-05,2015,5,60
IDN.12.4_1,KalimantanBarat,Ketapang,Kabupaten,2015-06,2015,6,100
IDN.12.4_1,KalimantanBarat,Ketapang,Kabupaten,2015-07,2015,7,634
IDN.12.4_1,KalimantanBarat,Ketapang,Kabupaten,2015-08,2015,8,6216
IDN.12.4_1,KalimantanBarat,Ketapang,Kabupaten,2015-09,2015,9,12814
IDN.12.4_1,KalimantanBarat,Ketapang,Kabupaten,2015-10,2015,10,5141
IDN.12.4_1,KalimantanBarat,Ketapang,Kabupaten,2015-11,2015,11,333
IDN.12.4_1,KalimantanBarat,Ketapang,Kabupaten,2015-12,2015,12,23
IDN.12.4_1,KalimantanBarat,Ketapang,Kabupaten,2016-01,2016,1,3
IDN.12.4_1,KalimantanBarat,Ketapang,Kabupaten,2016-02,2016,2,13
IDN.12.4_1,KalimantanBarat,Ketapang,Kabupaten,2016-03,2016,3,24
IDN.12.4_1,KalimantanBarat,Ketapang,Kabupaten,2016-04,2016,4,6
IDN.12.4_1,KalimantanBarat,Ketapang,Kabupaten,2016-05,2016,5,17
IDN.12.4_1,KalimantanBarat,Ketapang,Kabupaten,2016-06,2016,6,18
IDN.12.4_1,KalimantanBarat,Ketapang,Kabupaten,2016-07,2016,7,39
IDN.12.4_1,KalimantanBarat,Ketapang,Kabupaten,2016-08,2016,8,734
IDN.12.4_1,KalimantanBarat,Ketapang,Kabupaten,2016-09,2016,9,1730
IDN.12.4_1,KalimantanBarat,Ketapang,Kabupaten,2016-10,2016,10,185
IDN.12.4_1,KalimantanBarat,Ketapang,Kabupaten,2016-11,2016,11,7
IDN.12.4_1,KalimantanBarat,Ketapang,Kabupaten,2016-12,2016,12,16
IDN.12.4_1,KalimantanBarat,Ketapang,Kabupaten,2017-01,2017,1,19
IDN.12.4_1,KalimantanBarat,Ketapang,Kabupaten,2017-02,2017,2,9
IDN.12.4_1,KalimantanBarat,Ketapang,Kabupaten,2017-03,2017,3,23
IDN.12.4_1,KalimantanBarat,Ketapang,Kabupaten,2017-04,2017,4,13
IDN.12.4_1,KalimantanBarat,Ketapang,Kabupaten,2017-05,2017,5,25
IDN.12.4_1,KalimantanBarat,Ketapang,Kabupaten,2017-06,2017,6,64
IDN.12.4_1,KalimantanBarat,Ketapang,Kabupaten,2017-07,2017,7,88
IDN.12.4_1,KalimantanBarat,Ketapang,Kabupaten,2017-08,2017,8,150
IDN.12.4_1,KalimantanBarat,Ketapang,Kabupaten,2017-09,2017,9,969
IDN.12.4_1,KalimantanBarat,Ketapang,Kabupaten,2017-10,2017,10,135
IDN.12.4_1,KalimantanBarat,Ketapang,Kabupaten,2017-11,2017,11,5
IDN.12.4_1,KalimantanBarat,Ketapang,Kabupaten,2017-12,2017,12,27
IDN.12.4_1,KalimantanBarat,Ketapang,Kabupaten,2018-01,2018,1,40
IDN.12.4_1,KalimantanBarat,Ketapang,Kabupaten,2018-02,2018,2,213
IDN.12.4_1,KalimantanBarat,Ketapang,Kabupaten,2018-03,2018,3,26
IDN.12.4_1,KalimantanBarat,Ketapang,Kabupaten,2018-04,2018,4,25
IDN.12.4_1,KalimantanBarat,Ketapang,Kabupaten,2018-05,2018,5,29
IDN.12.4_1,KalimantanBarat,Ketapang,Kabupaten,2018-06,2018,6,57
IDN.12.4_1,KalimantanBarat,Ketapang,Kabupaten,2018-07,2018,7,331
IDN.12.4_1,KalimantanBarat,Ketapang,Kabupaten,2018-08,2018,8,3675
IDN.12.4_1,KalimantanBarat,Ketapang,Kabupaten,2018-09,2018,9,1745
IDN.12.4_1,KalimantanBarat,Ketapang,Kabupaten,2018-10,2018,10,247
IDN.12.4_1,KalimantanBarat,Ketapang,Kabupaten,2018-11,2018,11,5
IDN.12.4_1,KalimantanBarat,Ketapang,Kabupaten,2018-12,2018,12,4
IDN.12.4_1,KalimantanBarat,Ketapang,Kabupaten,2019-01,2019,1,24
IDN.12.4_1,KalimantanBarat,Ketapang,Kabupaten,2019-02,2019,2,18
IDN.12.4_1,KalimantanBarat,Ketapang,Kabupaten,2019-03,2019,3,29
IDN.12.4_1,KalimantanBarat,Ketapang,Kabupaten,2019-04,2019,4,16
IDN.12.4_1,KalimantanBarat,Ketapang,Kabupaten,2019-05,2019,5,30
IDN.12.4_1,KalimantanBarat,Ketapang,Kabupaten,2019-06,2019,6,21
IDN.12.4_1,KalimantanBarat,Ketapang,Kabupaten,2019-07,2019,7,236
IDN.12.4_1,KalimantanBarat,Ketapang,Kabupaten,2019-08,2019,8,4107
IDN.12.4_1,KalimantanBarat,Ketapang,Kabupaten,2019-09,2019,9,14219
IDN.12.4_1,KalimantanBarat,Ketapang,Kabupaten,2019-10,2019,10,654
IDN.12.4_1,KalimantanBarat,Ketapang,Kabupaten,2019-11,2019,11,645
IDN.12.4_1,KalimantanBarat,Ketapang,Kabupaten,2019-12,2019,12,6
IDN.12.4_1,KalimantanBarat,Ketapang,Kabupaten,2020-01,2020,1,6
IDN.12.4_1,KalimantanBarat,Ketapang,Kabupaten,2020-02,2020,2,6
IDN.12.4_1,KalimantanBarat,Ketapang,Kabupaten,2020-03,2020,3,22
IDN.12.4_1,KalimantanBarat,Ketapang,Kabupaten,2020-04,2020,4,12
IDN.12.4_1,KalimantanBarat,Ketapang,Kabupaten,2020-05,2020,5,3
IDN.12.4_1,KalimantanBarat,Ketapang,Kabupaten,2020-06,2020,6,25
IDN.12.4_1,KalimantanBarat,Ketapang,Kabupaten,2020-07,2020,7,14
IDN.12.4_1,KalimantanBarat,Ketapang,Kabupaten,2020-08,2020,8,329
IDN.12.4_1,KalimantanBarat,Ketapang,Kabupaten,2020-09,2020,9,865
IDN.12.4_1,KalimantanBarat,Ketapang,Kabupaten,2020-10,2020,10,262
IDN.12.4_1,KalimantanBarat,Ketapang,Kabupaten,2020-11,2020,11,15
IDN.12.4_1,KalimantanBarat,Ketapang,Kabupaten,2020-12,2020,12,12
IDN.12.4_1,KalimantanBarat,Ketapang,Kabupaten,2021-01,2021,1,14
IDN.12.4_1,KalimantanBarat,Ketapang,Kabupaten,2021-02,2021,2,123
IDN.12.4_1,KalimantanBarat,Ketapang,Kabupaten,2021-03,2021,3,37
IDN.12.4_1,KalimantanBarat,Ketapang,Kabupaten,2021-04,2021,4,125
IDN.12.4_1,KalimantanBarat,Ketapang,Kabupaten,2021-05,2021,5,26
IDN.12.4_1,KalimantanBarat,Ketapang,Kabupaten,2021-06,2021,6,40
IDN.12.4_1,KalimantanBarat,Ketapang,Kabupaten,2021-07,2021,7,67
IDN.12.4_1,KalimantanBarat,Ketapang,Kabupaten,2021-08,2021,8,81
IDN.12.4_1,KalimantanBarat,Ketapang,Kabupaten,2021-09,2021,9,981
IDN.12.4_1,KalimantanBarat,Ketapang,Kabupaten,2021-10,2021,10,199
IDN.12.4_1,KalimantanBarat,Ketapang,Kabupaten,2021-11,2021,11,19
IDN.12.4_1,KalimantanBarat,Ketapang,Kabupaten,2021-12,2021,12,25
IDN.12.4_1,KalimantanBarat,Ketapang,Kabupaten,2022-01,2022,1,43
IDN.12.4_1,KalimantanBarat,Ketapang,Kabupaten,2022-02,2022,2,27
IDN.12.4_1,KalimantanBarat,Ketapang,Kabupaten,2022-03,2022,3,57
IDN.12.4_1,KalimantanBarat,Ketapang,Kabupaten,2022-04,2022,4,57
IDN.12.4_1,KalimantanBarat,Ketapang,Kabupaten,2022-05,2022,5,64
IDN.12.4_1,KalimantanBarat,Ketapang,Kabupaten,2022-06,2022,6,20
IDN.12.4_1,KalimantanBarat,Ketapang,Kabupaten,2022-07,2022,7,79
IDN.12.4_1,KalimantanBarat,Ketapang,Kabupaten,2022-08,2022,8,378
IDN.12.4_1,KalimantanBarat,Ketapang,Kabupaten,2022-09,2022,9,397
IDN.12.4_1,KalimantanBarat,Ketapang,Kabupaten,2022-10,2022,10,21
IDN.12.4_1,KalimantanBarat,Ketapang,Kabupaten,2022-11,2022,11,18
IDN.12.4_1,KalimantanBarat,Ketapang,Kabupaten,2022-12,2022,12,32
IDN.12.4_1,KalimantanBarat,Ketapang,Kabupaten,2023-01,2023,1,39
IDN.12.4_1,KalimantanBarat,Ketapang,Kabupaten,2023-02,2023,2,32
IDN.12.4_1,KalimantanBarat,Ketapang,Kabupaten,2023-03,2023,3,17
IDN.12.4_1,KalimantanBarat,Ketapang,Kabupaten,2023-04,2023,4,95
IDN.12.4_1,KalimantanBarat,Ketapang,Kabupaten,2023-05,2023,5,119
IDN.12.4_1,KalimantanBarat,Ketapang,Kabupaten,2023-06,2023,6,129
IDN.12.4_1,KalimantanBarat,Ketapang,Kabupaten,2023-07,2023,7,481
IDN.12.4_1,KalimantanBarat,Ketapang,Kabupaten,2023-08,2023,8,2691
IDN.12.4_1,KalimantanBarat,Ketapang,Kabupaten,2023-09,2023,9,1990
IDN.12.4_1,KalimantanBarat,Ketapang,Kabupaten,2023-10,2023,10,1333
IDN.12.4_1,KalimantanBarat,Ketapang,Kabupaten,2023-11,2023,11,29
IDN.12.4_1,KalimantanBarat,Ketapang,Kabupaten,2023-12,2023,12,18
IDN.12.4_1,KalimantanBarat,Ketapang,Kabupaten,2024-01,2024,1,19
IDN.12.4_1,KalimantanBarat,Ketapang,Kabupaten,2024-02,2024,2,11
IDN.12.4_1,KalimantanBarat,Ketapang,Kabupaten,2024-03,2024,3,37
IDN.12.4_1,KalimantanBarat,Ketapang,Kabupaten,2024-04,2024,4,7
IDN.12.4_1,KalimantanBarat,Ketapang,Kabupaten,2024-05,2024,5,20
IDN.12.4_1,KalimantanBarat,Ketapang,Kabupaten,2024-06,2024,6,44
IDN.12.4_1,KalimantanBarat,Ketapang,Kabupaten,2024-07,2024,7,92
IDN.12.4_1,KalimantanBarat,Ketapang,Kabupaten,2024-08,2024,8,330
IDN.12.4_1,KalimantanBarat,Ketapang,Kabupaten,2024-09,2024,9,2304
IDN.12.4_1,KalimantanBarat,Ketapang,Kabupaten,2024-10,2024,10,120
IDN.12.4_1,KalimantanBarat,Ketapang,Kabupaten,2024-11,2024,11,7
IDN.12.4_1,KalimantanBarat,Ketapang,Kabupaten,2024-12,2024,12,6
IDN.12.4_1,KalimantanBarat,Ketapang,Kabupaten,2025-01,2025,1,2
IDN.12.4_1,KalimantanBarat,Ketapang,Kabupaten,2025-02,2025,2,26
IDN.12.4_1,KalimantanBarat,Ketapang,Kabupaten,2025-03,2025,3,12
IDN.12.4_1,KalimantanBarat,Ketapang,Kabupaten,2025-04,2025,4,14
IDN.12.4_1,KalimantanBarat,Ketapang,Kabupaten,2025-05,2025,5,87
IDN.12.4_1,KalimantanBarat,Ketapang,Kabupaten,2025-06,2025,6,64
IDN.12.4_1,KalimantanBarat,Ketapang,Kabupaten,2025-07,2025,7,280
IDN.12.4_1,KalimantanBarat,Ketapang,Kabupaten,2025-08,2025,8,971
IDN.12.4_1,KalimantanBarat,Ketapang,Kabupaten,2025-09,2025,9,1474
IDN.12.4_1,KalimantanBarat,Ketapang,Kabupaten,2025-10,2025,10,117
IDN.12.4_1,KalimantanBarat,Ketapang,Kabupaten,2025-11,2025,11,25
IDN.12.4_1,KalimantanBarat,Ketapang,Kabupaten,2025-12,2025,12,5
IDN.12.5_1,KalimantanBarat,KotaPontianak,Kota,2012-01,2012,1,0
IDN.12.5_1,KalimantanBarat,KotaPontianak,Kota,2012-02,2012,2,0
IDN.12.5_1,KalimantanBarat,KotaPontianak,Kota,2012-03,2012,3,0
IDN.12.5_1,KalimantanBarat,KotaPontianak,Kota,2012-04,2012,4,1
IDN.12.5_1,KalimantanBarat,KotaPontianak,Kota,2012-05,2012,5,3
IDN.12.5_1,KalimantanBarat,KotaPontianak,Kota,2012-06,2012,6,2
IDN.12.5_1,KalimantanBarat,KotaPontianak,Kota,2012-07,2012,7,4
IDN.12.5_1,KalimantanBarat,KotaPontianak,Kota,2012-08,2012,8,12
IDN.12.5_1,KalimantanBarat,KotaPontianak,Kota,2012-09,2012,9,2
IDN.12.5_1,KalimantanBarat,KotaPontianak,Kota,2012-10,2012,10,0
IDN.12.5_1,KalimantanBarat,KotaPontianak,Kota,2012-11,2012,11,0
IDN.12.5_1,KalimantanBarat,KotaPontianak,Kota,2012-12,2012,12,0
IDN.12.5_1,KalimantanBarat,KotaPontianak,Kota,2013-01,2013,1,3
IDN.12.5_1,KalimantanBarat,KotaPontianak,Kota,2013-02,2013,2,1
IDN.12.5_1,KalimantanBarat,KotaPontianak,Kota,2013-03,2013,3,19
IDN.12.5_1,KalimantanBarat,KotaPontianak,Kota,2013-04,2013,4,0
IDN.12.5_1,KalimantanBarat,KotaPontianak,Kota,2013-05,2013,5,1
IDN.12.5_1,KalimantanBarat,KotaPontianak,Kota,2013-06,2013,6,2
IDN.12.5_1,KalimantanBarat,KotaPontianak,Kota,2013-07,2013,7,0
IDN.12.5_1,KalimantanBarat,KotaPontianak,Kota,2013-08,2013,8,1
IDN.12.5_1,KalimantanBarat,KotaPontianak,Kota,2013-09,2013,9,0
IDN.12.5_1,KalimantanBarat,KotaPontianak,Kota,2013-10,2013,10,2
IDN.12.5_1,KalimantanBarat,KotaPontianak,Kota,2013-11,2013,11,0
IDN.12.5_1,KalimantanBarat,KotaPontianak,Kota,2013-12,2013,12,0
IDN.12.5_1,KalimantanBarat,KotaPontianak,Kota,2014-01,2014,1,7
IDN.12.5_1,KalimantanBarat,KotaPontianak,Kota,2014-02,2014,2,22
IDN.12.5_1,KalimantanBarat,KotaPontianak,Kota,2014-03,2014,3,2
IDN.12.5_1,KalimantanBarat,KotaPontianak,Kota,2014-04,2014,4,0
IDN.12.5_1,KalimantanBarat,KotaPontianak,Kota,2014-05,2014,5,0
IDN.12.5_1,KalimantanBarat,KotaPontianak,Kota,2014-06,2014,6,2
IDN.12.5_1,KalimantanBarat,KotaPontianak,Kota,2014-07,2014,7,0
IDN.12.5_1,KalimantanBarat,KotaPontianak,Kota,2014-08,2014,8,0
IDN.12.5_1,KalimantanBarat,KotaPontianak,Kota,2014-09,2014,9,1
IDN.12.5_1,KalimantanBarat,KotaPontianak,Kota,2014-10,2014,10,0
IDN.12.5_1,KalimantanBarat,KotaPontianak,Kota,2014-11,2014,11,0
IDN.12.5_1,KalimantanBarat,KotaPontianak,Kota,2014-12,2014,12,0
IDN.12.5_1,KalimantanBarat,KotaPontianak,Kota,2015-01,2015,1,0
IDN.12.5_1,KalimantanBarat,KotaPontianak,Kota,2015-02,2015,2,0
IDN.12.5_1,KalimantanBarat,KotaPontianak,Kota,2015-03,2015,3,5
IDN.12.5_1,KalimantanBarat,KotaPontianak,Kota,2015-04,2015,4,2
IDN.12.5_1,KalimantanBarat,KotaPontianak,Kota,2015-05,2015,5,1
IDN.12.5_1,KalimantanBarat,KotaPontianak,Kota,2015-06,2015,6,0
IDN.12.5_1,KalimantanBarat,KotaPontianak,Kota,2015-07,2015,7,1
IDN.12.5_1,KalimantanBarat,KotaPontianak,Kota,2015-08,2015,8,4
IDN.12.5_1,KalimantanBarat,KotaPontianak,Kota,2015-09,2015,9,0
IDN.12.5_1,KalimantanBarat,KotaPontianak,Kota,2015-10,2015,10,0
IDN.12.5_1,KalimantanBarat,KotaPontianak,Kota,2015-11,2015,11,0
IDN.12.5_1,KalimantanBarat,KotaPontianak,Kota,2015-12,2015,12,0
IDN.12.5_1,KalimantanBarat,KotaPontianak,Kota,2016-01,2016,1,0
IDN.12.5_1,KalimantanBarat,KotaPontianak,Kota,2016-02,2016,2,0
IDN.12.5_1,KalimantanBarat,KotaPontianak,Kota,2016-03,2016,3,1
IDN.12.5_1,KalimantanBarat,KotaPontianak,Kota,2016-04,2016,4,0
IDN.12.5_1,KalimantanBarat,KotaPontianak,Kota,2016-05,2016,5,0
IDN.12.5_1,KalimantanBarat,KotaPontianak,Kota,2016-06,2016,6,1
IDN.12.5_1,KalimantanBarat,KotaPontianak,Kota,2016-07,2016,7,0
IDN.12.5_1,KalimantanBarat,KotaPontianak,Kota,2016-08,2016,8,9
IDN.12.5_1,KalimantanBarat,KotaPontianak,Kota,2016-09,2016,9,8
IDN.12.5_1,KalimantanBarat,KotaPontianak,Kota,2016-10,2016,10,2
IDN.12.5_1,KalimantanBarat,KotaPontianak,Kota,2016-11,2016,11,0
IDN.12.5_1,KalimantanBarat,KotaPontianak,Kota,2016-12,2016,12,1
IDN.12.5_1,KalimantanBarat,KotaPontianak,Kota,2017-01,2017,1,8
IDN.12.5_1,KalimantanBarat,KotaPontianak,Kota,2017-02,2017,2,2
IDN.12.5_1,KalimantanBarat,KotaPontianak,Kota,2017-03,2017,3,0
IDN.12.5_1,KalimantanBarat,KotaPontianak,Kota,2017-04,2017,4,0
IDN.12.5_1,KalimantanBarat,KotaPontianak,Kota,2017-05,2017,5,0
IDN.12.5_1,KalimantanBarat,KotaPontianak,Kota,2017-06,2017,6,0
IDN.12.5_1,KalimantanBarat,KotaPontianak,Kota,2017-07,2017,7,0
IDN.12.5_1,KalimantanBarat,KotaPontianak,Kota,2017-08,2017,8,1
IDN.12.5_1,KalimantanBarat,KotaPontianak,Kota,2017-09,2017,9,0
IDN.12.5_1,KalimantanBarat,KotaPontianak,Kota,2017-10,2017,10,0
IDN.12.5_1,KalimantanBarat,KotaPontianak,Kota,2017-11,2017,11,0
IDN.12.5_1,KalimantanBarat,KotaPontianak,Kota,2017-12,2017,12,0
IDN.12.5_1,KalimantanBarat,KotaPontianak,Kota,2018-01,2018,1,0
IDN.12.5_1,KalimantanBarat,KotaPontianak,Kota,2018-02,2018,2,4
IDN.12.5_1,KalimantanBarat,KotaPontianak,Kota,2018-03,2018,3,1
IDN.12.5_1,KalimantanBarat,KotaPontianak,Kota,2018-04,2018,4,0
IDN.12.5_1,KalimantanBarat,KotaPontianak,Kota,2018-05,2018,5,0
IDN.12.5_1,KalimantanBarat,KotaPontianak,Kota,2018-06,2018,6,0
IDN.12.5_1,KalimantanBarat,KotaPontianak,Kota,2018-07,2018,7,4
IDN.12.5_1,KalimantanBarat,KotaPontianak,Kota,2018-08,2018,8,26
IDN.12.5_1,KalimantanBarat,KotaPontianak,Kota,2018-09,2018,9,0
IDN.12.5_1,KalimantanBarat,KotaPontianak,Kota,2018-10,2018,10,0
IDN.12.5_1,KalimantanBarat,KotaPontianak,Kota,2018-11,2018,11,0
IDN.12.5_1,KalimantanBarat,KotaPontianak,Kota,2018-12,2018,12,0
IDN.12.5_1,KalimantanBarat,KotaPontianak,Kota,2019-01,2019,1,0
IDN.12.5_1,KalimantanBarat,KotaPontianak,Kota,2019-02,2019,2,0
IDN.12.5_1,KalimantanBarat,KotaPontianak,Kota,2019-03,2019,3,0
IDN.12.5_1,KalimantanBarat,KotaPontianak,Kota,2019-04,2019,4,4
IDN.12.5_1,KalimantanBarat,KotaPontianak,Kota,2019-05,2019,5,0
IDN.12.5_1,KalimantanBarat,KotaPontianak,Kota,2019-06,2019,6,0
IDN.12.5_1,KalimantanBarat,KotaPontianak,Kota,2019-07,2019,7,0
IDN.12.5_1,KalimantanBarat,KotaPontianak,Kota,2019-08,2019,8,3
IDN.12.5_1,KalimantanBarat,KotaPontianak,Kota,2019-09,2019,9,1
IDN.12.5_1,KalimantanBarat,KotaPontianak,Kota,2019-10,2019,10,1
IDN.12.5_1,KalimantanBarat,KotaPontianak,Kota,2019-11,2019,11,0
IDN.12.5_1,KalimantanBarat,KotaPontianak,Kota,2019-12,2019,12,0
IDN.12.5_1,KalimantanBarat,KotaPontianak,Kota,2020-01,2020,1,0
IDN.12.5_1,KalimantanBarat,KotaPontianak,Kota,2020-02,2020,2,0
IDN.12.5_1,KalimantanBarat,KotaPontianak,Kota,2020-03,2020,3,0
IDN.12.5_1,KalimantanBarat,KotaPontianak,Kota,2020-04,2020,4,0
IDN.12.5_1,KalimantanBarat,KotaPontianak,Kota,2020-05,2020,5,0
IDN.12.5_1,KalimantanBarat,KotaPontianak,Kota,2020-06,2020,6,0
IDN.12.5_1,KalimantanBarat,KotaPontianak,Kota,2020-07,2020,7,0
IDN.12.5_1,KalimantanBarat,KotaPontianak,Kota,2020-08,2020,8,0
IDN.12.5_1,KalimantanBarat,KotaPontianak,Kota,2020-09,2020,9,0
IDN.12.5_1,KalimantanBarat,KotaPontianak,Kota,2020-10,2020,10,0
IDN.12.5_1,KalimantanBarat,KotaPontianak,Kota,2020-11,2020,11,0
IDN.12.5_1,KalimantanBarat,KotaPontianak,Kota,2020-12,2020,12,0
IDN.12.5_1,KalimantanBarat,KotaPontianak,Kota,2021-01,2021,1,0
IDN.12.5_1,KalimantanBarat,KotaPontianak,Kota,2021-02,2021,2,56
IDN.12.5_1,KalimantanBarat,KotaPontianak,Kota,2021-03,2021,3,0
IDN.12.5_1,KalimantanBarat,KotaPontianak,Kota,2021-04,2021,4,3
IDN.12.5_1,KalimantanBarat,KotaPontianak,Kota,2021-05,2021,5,0
IDN.12.5_1,KalimantanBarat,KotaPontianak,Kota,2021-06,2021,6,0
IDN.12.5_1,KalimantanBarat,KotaPontianak,Kota,2021-07,2021,7,0
IDN.12.5_1,KalimantanBarat,KotaPontianak,Kota,2021-08,2021,8,0
IDN.12.5_1,KalimantanBarat,KotaPontianak,Kota,2021-09,2021,9,0
IDN.12.5_1,KalimantanBarat,KotaPontianak,Kota,2021-10,2021,10,0
IDN.12.5_1,KalimantanBarat,KotaPontianak,Kota,2021-11,2021,11,0
IDN.12.5_1,KalimantanBarat,KotaPontianak,Kota,2021-12,2021,12,0
IDN.12.5_1,KalimantanBarat,KotaPontianak,Kota,2022-01,2022,1,0
IDN.12.5_1,KalimantanBarat,KotaPontianak,Kota,2022-02,2022,2,0
IDN.12.5_1,KalimantanBarat,KotaPontianak,Kota,2022-03,2022,3,1
IDN.12.5_1,KalimantanBarat,KotaPontianak,Kota,2022-04,2022,4,9
IDN.12.5_1,KalimantanBarat,KotaPontianak,Kota,2022-05,2022,5,1
IDN.12.5_1,KalimantanBarat,KotaPontianak,Kota,2022-06,2022,6,0
IDN.12.5_1,KalimantanBarat,KotaPontianak,Kota,2022-07,2022,7,0
IDN.12.5_1,KalimantanBarat,KotaPontianak,Kota,2022-08,2022,8,0
IDN.12.5_1,KalimantanBarat,KotaPontianak,Kota,2022-09,2022,9,0
IDN.12.5_1,KalimantanBarat,KotaPontianak,Kota,2022-10,2022,10,0
IDN.12.5_1,KalimantanBarat,KotaPontianak,Kota,2022-11,2022,11,0
IDN.12.5_1,KalimantanBarat,KotaPontianak,Kota,2022-12,2022,12,0
IDN.12.5_1,KalimantanBarat,KotaPontianak,Kota,2023-01,2023,1,0
IDN.12.5_1,KalimantanBarat,KotaPontianak,Kota,2023-02,2023,2,2
IDN.12.5_1,KalimantanBarat,KotaPontianak,Kota,2023-03,2023,3,0
IDN.12.5_1,KalimantanBarat,KotaPontianak,Kota,2023-04,2023,4,0
IDN.12.5_1,KalimantanBarat,KotaPontianak,Kota,2023-05,2023,5,0
IDN.12.5_1,KalimantanBarat,KotaPontianak,Kota,2023-06,2023,6,0
IDN.12.5_1,KalimantanBarat,KotaPontianak,Kota,2023-07,2023,7,0
IDN.12.5_1,KalimantanBarat,KotaPontianak,Kota,2023-08,2023,8,0
IDN.12.5_1,KalimantanBarat,KotaPontianak,Kota,2023-09,2023,9,0
IDN.12.5_1,KalimantanBarat,KotaPontianak,Kota,2023-10,2023,10,0
IDN.12.5_1,KalimantanBarat,KotaPontianak,Kota,2023-11,2023,11,0
IDN.12.5_1,KalimantanBarat,KotaPontianak,Kota,2023-12,2023,12,0
IDN.12.5_1,KalimantanBarat,KotaPontianak,Kota,2024-01,2024,1,0
IDN.12.5_1,KalimantanBarat,KotaPontianak,Kota,2024-02,2024,2,0
IDN.12.5_1,KalimantanBarat,KotaPontianak,Kota,2024-03,2024,3,0
IDN.12.5_1,KalimantanBarat,KotaPontianak,Kota,2024-04,2024,4,0
IDN.12.5_1,KalimantanBarat,KotaPontianak,Kota,2024-05,2024,5,0
IDN.12.5_1,KalimantanBarat,KotaPontianak,Kota,2024-06,2024,6,0
IDN.12.5_1,KalimantanBarat,KotaPontianak,Kota,2024-07,2024,7,0
IDN.12.5_1,KalimantanBarat,KotaPontianak,Kota,2024-08,2024,8,0
IDN.12.5_1,KalimantanBarat,KotaPontianak,Kota,2024-09,2024,9,0
IDN.12.5_1,KalimantanBarat,KotaPontianak,Kota,2024-10,2024,10,2
IDN.12.5_1,KalimantanBarat,KotaPontianak,Kota,2024-11,2024,11,2
IDN.12.5_1,KalimantanBarat,KotaPontianak,Kota,2024-12,2024,12,1
IDN.12.5_1,KalimantanBarat,KotaPontianak,Kota,2025-01,2025,1,0
IDN.12.5_1,KalimantanBarat,KotaPontianak,Kota,2025-02,2025,2,1
IDN.12.5_1,KalimantanBarat,KotaPontianak,Kota,2025-03,2025,3,0
IDN.12.5_1,KalimantanBarat,KotaPontianak,Kota,2025-04,2025,4,0
IDN.12.5_1,KalimantanBarat,KotaPontianak,Kota,2025-05,2025,5,0
IDN.12.5_1,KalimantanBarat,KotaPontianak,Kota,2025-06,2025,6,0
IDN.12.5_1,KalimantanBarat,KotaPontianak,Kota,2025-07,2025,7,1
IDN.12.5_1,KalimantanBarat,KotaPontianak,Kota,2025-08,2025,8,0
IDN.12.5_1,KalimantanBarat,KotaPontianak,Kota,2025-09,2025,9,0
IDN.12.5_1,KalimantanBarat,KotaPontianak,Kota,2025-10,2025,10,0
IDN.12.5_1,KalimantanBarat,KotaPontianak,Kota,2025-11,2025,11,2
IDN.12.5_1,KalimantanBarat,KotaPontianak,Kota,2025-12,2025,12,0
IDN.12.6_1,KalimantanBarat,KubuRaya,Kabupaten,2012-01,2012,1,51
IDN.12.6_1,KalimantanBarat,KubuRaya,Kabupaten,2012-02,2012,2,5
IDN.12.6_1,KalimantanBarat,KubuRaya,Kabupaten,2012-03,2012,3,123
IDN.12.6_1,KalimantanBarat,KubuRaya,Kabupaten,2012-04,2012,4,32
IDN.12.6_1,KalimantanBarat,KubuRaya,Kabupaten,2012-05,2012,5,78
IDN.12.6_1,KalimantanBarat,KubuRaya,Kabupaten,2012-06,2012,6,603
IDN.12.6_1,KalimantanBarat,KubuRaya,Kabupaten,2012-07,2012,7,270
IDN.12.6_1,KalimantanBarat,KubuRaya,Kabupaten,2012-08,2012,8,1162
IDN.12.6_1,KalimantanBarat,KubuRaya,Kabupaten,2012-09,2012,9,874
IDN.12.6_1,KalimantanBarat,KubuRaya,Kabupaten,2012-10,2012,10,273
IDN.12.6_1,KalimantanBarat,KubuRaya,Kabupaten,2012-11,2012,11,1
IDN.12.6_1,KalimantanBarat,KubuRaya,Kabupaten,2012-12,2012,12,0
IDN.12.6_1,KalimantanBarat,KubuRaya,Kabupaten,2013-01,2013,1,315
IDN.12.6_1,KalimantanBarat,KubuRaya,Kabupaten,2013-02,2013,2,57
IDN.12.6_1,KalimantanBarat,KubuRaya,Kabupaten,2013-03,2013,3,422
IDN.12.6_1,KalimantanBarat,KubuRaya,Kabupaten,2013-04,2013,4,8
IDN.12.6_1,KalimantanBarat,KubuRaya,Kabupaten,2013-05,2013,5,7
IDN.12.6_1,KalimantanBarat,KubuRaya,Kabupaten,2013-06,2013,6,260
IDN.12.6_1,KalimantanBarat,KubuRaya,Kabupaten,2013-07,2013,7,52
IDN.12.6_1,KalimantanBarat,KubuRaya,Kabupaten,2013-08,2013,8,305
IDN.12.6_1,KalimantanBarat,KubuRaya,Kabupaten,2013-09,2013,9,176
IDN.12.6_1,KalimantanBarat,KubuRaya,Kabupaten,2013-10,2013,10,450
IDN.12.6_1,KalimantanBarat,KubuRaya,Kabupaten,2013-11,2013,11,2
IDN.12.6_1,KalimantanBarat,KubuRaya,Kabupaten,2013-12,2013,12,0
IDN.12.6_1,KalimantanBarat,KubuRaya,Kabupaten,2014-01,2014,1,725
IDN.12.6_1,KalimantanBarat,KubuRaya,Kabupaten,2014-02,2014,2,2356
IDN.12.6_1,KalimantanBarat,KubuRaya,Kabupaten,2014-03,2014,3,242
IDN.12.6_1,KalimantanBarat,KubuRaya,Kabupaten,2014-04,2014,4,42
IDN.12.6_1,KalimantanBarat,KubuRaya,Kabupaten,2014-05,2014,5,24
IDN.12.6_1,KalimantanBarat,KubuRaya,Kabupaten,2014-06,2014,6,63
IDN.12.6_1,KalimantanBarat,KubuRaya,Kabupaten,2014-07,2014,7,841
IDN.12.6_1,KalimantanBarat,KubuRaya,Kabupaten,2014-08,2014,8,562
IDN.12.6_1,KalimantanBarat,KubuRaya,Kabupaten,2014-09,2014,9,675
IDN.12.6_1,KalimantanBarat,KubuRaya,Kabupaten,2014-10,2014,10,45
IDN.12.6_1,KalimantanBarat,KubuRaya,Kabupaten,2014-11,2014,11,1
IDN.12.6_1,KalimantanBarat,KubuRaya,Kabupaten,2014-12,2014,12,2
IDN.12.6_1,KalimantanBarat,KubuRaya,Kabupaten,2015-01,2015,1,11
IDN.12.6_1,KalimantanBarat,KubuRaya,Kabupaten,2015-02,2015,2,42
IDN.12.6_1,KalimantanBarat,KubuRaya,Kabupaten,2015-03,2015,3,158
IDN.12.6_1,KalimantanBarat,KubuRaya,Kabupaten,2015-04,2015,4,10
IDN.12.6_1,KalimantanBarat,KubuRaya,Kabupaten,2015-05,2015,5,15
IDN.12.6_1,KalimantanBarat,KubuRaya,Kabupaten,2015-06,2015,6,87
IDN.12.6_1,KalimantanBarat,KubuRaya,Kabupaten,2015-07,2015,7,965
IDN.12.6_1,KalimantanBarat,KubuRaya,Kabupaten,2015-08,2015,8,901
IDN.12.6_1,KalimantanBarat,KubuRaya,Kabupaten,2015-09,2015,9,2776
IDN.12.6_1,KalimantanBarat,KubuRaya,Kabupaten,2015-10,2015,10,199
IDN.12.6_1,KalimantanBarat,KubuRaya,Kabupaten,2015-11,2015,11,6
IDN.12.6_1,KalimantanBarat,KubuRaya,Kabupaten,2015-12,2015,12,22
IDN.12.6_1,KalimantanBarat,KubuRaya,Kabupaten,2016-01,2016,1,1
IDN.12.6_1,KalimantanBarat,KubuRaya,Kabupaten,2016-02,2016,2,4
IDN.12.6_1,KalimantanBarat,KubuRaya,Kabupaten,2016-03,2016,3,60
IDN.12.6_1,KalimantanBarat,KubuRaya,Kabupaten,2016-04,2016,4,7
IDN.12.6_1,KalimantanBarat,KubuRaya,Kabupaten,2016-05,2016,5,2
IDN.12.6_1,KalimantanBarat,KubuRaya,Kabupaten,2016-06,2016,6,10
IDN.12.6_1,KalimantanBarat,KubuRaya,Kabupaten,2016-07,2016,7,121
IDN.12.6_1,KalimantanBarat,KubuRaya,Kabupaten,2016-08,2016,8,565
IDN.12.6_1,KalimantanBarat,KubuRaya,Kabupaten,2016-09,2016,9,184
IDN.12.6_1,KalimantanBarat,KubuRaya,Kabupaten,2016-10,2016,10,47
IDN.12.6_1,KalimantanBarat,KubuRaya,Kabupaten,2016-11,2016,11,2
IDN.12.6_1,KalimantanBarat,KubuRaya,Kabupaten,2016-12,2016,12,20
IDN.12.6_1,KalimantanBarat,KubuRaya,Kabupaten,2017-01,2017,1,93
IDN.12.6_1,KalimantanBarat,KubuRaya,Kabupaten,2017-02,2017,2,97
IDN.12.6_1,KalimantanBarat,KubuRaya,Kabupaten,2017-03,2017,3,15
IDN.12.6_1,KalimantanBarat,KubuRaya,Kabupaten,2017-04,2017,4,8
IDN.12.6_1,KalimantanBarat,KubuRaya,Kabupaten,2017-05,2017,5,9
IDN.12.6_1,KalimantanBarat,KubuRaya,Kabupaten,2017-06,2017,6,15
IDN.12.6_1,KalimantanBarat,KubuRaya,Kabupaten,2017-07,2017,7,146
IDN.12.6_1,KalimantanBarat,KubuRaya,Kabupaten,2017-08,2017,8,131
IDN.12.6_1,KalimantanBarat,KubuRaya,Kabupaten,2017-09,2017,9,25
IDN.12.6_1,KalimantanBarat,KubuRaya,Kabupaten,2017-10,2017,10,18
IDN.12.6_1,KalimantanBarat,KubuRaya,Kabupaten,2017-11,2017,11,3
IDN.12.6_1,KalimantanBarat,KubuRaya,Kabupaten,2017-12,2017,12,35
IDN.12.6_1,KalimantanBarat,KubuRaya,Kabupaten,2018-01,2018,1,12
IDN.12.6_1,KalimantanBarat,KubuRaya,Kabupaten,2018-02,2018,2,661
IDN.12.6_1,KalimantanBarat,KubuRaya,Kabupaten,2018-03,2018,3,30
IDN.12.6_1,KalimantanBarat,KubuRaya,Kabupaten,2018-04,2018,4,18
IDN.12.6_1,KalimantanBarat,KubuRaya,Kabupaten,2018-05,2018,5,16
IDN.12.6_1,KalimantanBarat,KubuRaya,Kabupaten,2018-06,2018,6,6
IDN.12.6_1,KalimantanBarat,KubuRaya,Kabupaten,2018-07,2018,7,426
IDN.12.6_1,KalimantanBarat,KubuRaya,Kabupaten,2018-08,2018,8,3686
IDN.12.6_1,KalimantanBarat,KubuRaya,Kabupaten,2018-09,2018,9,137
IDN.12.6_1,KalimantanBarat,KubuRaya,Kabupaten,2018-10,2018,10,3
IDN.12.6_1,KalimantanBarat,KubuRaya,Kabupaten,2018-11,2018,11,2
IDN.12.6_1,KalimantanBarat,KubuRaya,Kabupaten,2018-12,2018,12,1
IDN.12.6_1,KalimantanBarat,KubuRaya,Kabupaten,2019-01,2019,1,40
IDN.12.6_1,KalimantanBarat,KubuRaya,Kabupaten,2019-02,2019,2,15
IDN.12.6_1,KalimantanBarat,KubuRaya,Kabupaten,2019-03,2019,3,274
IDN.12.6_1,KalimantanBarat,KubuRaya,Kabupaten,2019-04,2019,4,80
IDN.12.6_1,KalimantanBarat,KubuRaya,Kabupaten,2019-05,2019,5,13
IDN.12.6_1,KalimantanBarat,KubuRaya,Kabupaten,2019-06,2019,6,16
IDN.12.6_1,KalimantanBarat,KubuRaya,Kabupaten,2019-07,2019,7,188
IDN.12.6_1,KalimantanBarat,KubuRaya,Kabupaten,2019-08,2019,8,1164
IDN.12.6_1,KalimantanBarat,KubuRaya,Kabupaten,2019-09,2019,9,1709
IDN.12.6_1,KalimantanBarat,KubuRaya,Kabupaten,2019-10,2019,10,3
IDN.12.6_1,KalimantanBarat,KubuRaya,Kabupaten,2019-11,2019,11,9
IDN.12.6_1,KalimantanBarat,KubuRaya,Kabupaten,2019-12,2019,12,0
IDN.12.6_1,KalimantanBarat,KubuRaya,Kabupaten,2020-01,2020,1,3
IDN.12.6_1,KalimantanBarat,KubuRaya,Kabupaten,2020-02,2020,2,9
IDN.12.6_1,KalimantanBarat,KubuRaya,Kabupaten,2020-03,2020,3,57
IDN.12.6_1,KalimantanBarat,KubuRaya,Kabupaten,2020-04,2020,4,21
IDN.12.6_1,KalimantanBarat,KubuRaya,Kabupaten,2020-05,2020,5,2
IDN.12.6_1,KalimantanBarat,KubuRaya,Kabupaten,2020-06,2020,6,7
IDN.12.6_1,KalimantanBarat,KubuRaya,Kabupaten,2020-07,2020,7,5
IDN.12.6_1,KalimantanBarat,KubuRaya,Kabupaten,2020-08,2020,8,18
IDN.12.6_1,KalimantanBarat,KubuRaya,Kabupaten,2020-09,2020,9,17
IDN.12.6_1,KalimantanBarat,KubuRaya,Kabupaten,2020-10,2020,10,6
IDN.12.6_1,KalimantanBarat,KubuRaya,Kabupaten,2020-11,2020,11,2
IDN.12.6_1,KalimantanBarat,KubuRaya,Kabupaten,2020-12,2020,12,26
IDN.12.6_1,KalimantanBarat,KubuRaya,Kabupaten,2021-01,2021,1,27
IDN.12.6_1,KalimantanBarat,KubuRaya,Kabupaten,2021-02,2021,2,1095
IDN.12.6_1,KalimantanBarat,KubuRaya,Kabupaten,2021-03,2021,3,55
IDN.12.6_1,KalimantanBarat,KubuRaya,Kabupaten,2021-04,2021,4,47
IDN.12.6_1,KalimantanBarat,KubuRaya,Kabupaten,2021-05,2021,5,5
IDN.12.6_1,KalimantanBarat,KubuRaya,Kabupaten,2021-06,2021,6,6
IDN.12.6_1,KalimantanBarat,KubuRaya,Kabupaten,2021-07,2021,7,34
IDN.12.6_1,KalimantanBarat,KubuRaya,Kabupaten,2021-08,2021,8,29
IDN.12.6_1,KalimantanBarat,KubuRaya,Kabupaten,2021-09,2021,9,19
IDN.12.6_1,KalimantanBarat,KubuRaya,Kabupaten,2021-10,2021,10,14
IDN.12.6_1,KalimantanBarat,KubuRaya,Kabupaten,2021-11,2021,11,0
IDN.12.6_1,KalimantanBarat,KubuRaya,Kabupaten,2021-12,2021,12,9
IDN.12.6_1,KalimantanBarat,KubuRaya,Kabupaten,2022-01,2022,1,31
IDN.12.6_1,KalimantanBarat,KubuRaya,Kabupaten,2022-02,2022,2,31
IDN.12.6_1,KalimantanBarat,KubuRaya,Kabupaten,2022-03,2022,3,228
IDN.12.6_1,KalimantanBarat,KubuRaya,Kabupaten,2022-04,2022,4,95
IDN.12.6_1,KalimantanBarat,KubuRaya,Kabupaten,2022-05,2022,5,10
IDN.12.6_1,KalimantanBarat,KubuRaya,Kabupaten,2022-06,2022,6,5
IDN.12.6_1,KalimantanBarat,KubuRaya,Kabupaten,2022-07,2022,7,14
IDN.12.6_1,KalimantanBarat,KubuRaya,Kabupaten,2022-08,2022,8,17
IDN.12.6_1,KalimantanBarat,KubuRaya,Kabupaten,2022-09,2022,9,1
IDN.12.6_1,KalimantanBarat,KubuRaya,Kabupaten,2022-10,2022,10,0
IDN.12.6_1,KalimantanBarat,KubuRaya,Kabupaten,2022-11,2022,11,9
IDN.12.6_1,KalimantanBarat,KubuRaya,Kabupaten,2022-12,2022,12,10
IDN.12.6_1,KalimantanBarat,KubuRaya,Kabupaten,2023-01,2023,1,58
IDN.12.6_1,KalimantanBarat,KubuRaya,Kabupaten,2023-02,2023,2,62
IDN.12.6_1,KalimantanBarat,KubuRaya,Kabupaten,2023-03,2023,3,2
IDN.12.6_1,KalimantanBarat,KubuRaya,Kabupaten,2023-04,2023,4,30
IDN.12.6_1,KalimantanBarat,KubuRaya,Kabupaten,2023-05,2023,5,31
IDN.12.6_1,KalimantanBarat,KubuRaya,Kabupaten,2023-06,2023,6,44
IDN.12.6_1,KalimantanBarat,KubuRaya,Kabupaten,2023-07,2023,7,76
IDN.12.6_1,KalimantanBarat,KubuRaya,Kabupaten,2023-08,2023,8,680
IDN.12.6_1,KalimantanBarat,KubuRaya,Kabupaten,2023-09,2023,9,569
IDN.12.6_1,KalimantanBarat,KubuRaya,Kabupaten,2023-10,2023,10,23
IDN.12.6_1,KalimantanBarat,KubuRaya,Kabupaten,2023-11,2023,11,5
IDN.12.6_1,KalimantanBarat,KubuRaya,Kabupaten,2023-12,2023,12,0
IDN.12.6_1,KalimantanBarat,KubuRaya,Kabupaten,2024-01,2024,1,3
IDN.12.6_1,KalimantanBarat,KubuRaya,Kabupaten,2024-02,2024,2,7
IDN.12.6_1,KalimantanBarat,KubuRaya,Kabupaten,2024-03,2024,3,18
IDN.12.6_1,KalimantanBarat,KubuRaya,Kabupaten,2024-04,2024,4,0
IDN.12.6_1,KalimantanBarat,KubuRaya,Kabupaten,2024-05,2024,5,2
IDN.12.6_1,KalimantanBarat,KubuRaya,Kabupaten,2024-06,2024,6,9
IDN.12.6_1,KalimantanBarat,KubuRaya,Kabupaten,2024-07,2024,7,117
IDN.12.6_1,KalimantanBarat,KubuRaya,Kabupaten,2024-08,2024,8,24
IDN.12.6_1,KalimantanBarat,KubuRaya,Kabupaten,2024-09,2024,9,49
IDN.12.6_1,KalimantanBarat,KubuRaya,Kabupaten,2024-10,2024,10,72
IDN.12.6_1,KalimantanBarat,KubuRaya,Kabupaten,2024-11,2024,11,1
IDN.12.6_1,KalimantanBarat,KubuRaya,Kabupaten,2024-12,2024,12,7
IDN.12.6_1,KalimantanBarat,KubuRaya,Kabupaten,2025-01,2025,1,0
IDN.12.6_1,KalimantanBarat,KubuRaya,Kabupaten,2025-02,2025,2,32
IDN.12.6_1,KalimantanBarat,KubuRaya,Kabupaten,2025-03,2025,3,2
IDN.12.6_1,KalimantanBarat,KubuRaya,Kabupaten,2025-04,2025,4,1
IDN.12.6_1,KalimantanBarat,KubuRaya,Kabupaten,2025-05,2025,5,23
IDN.12.6_1,KalimantanBarat,KubuRaya,Kabupaten,2025-06,2025,6,65
IDN.12.6_1,KalimantanBarat,KubuRaya,Kabupaten,2025-07,2025,7,366
IDN.12.6_1,KalimantanBarat,KubuRaya,Kabupaten,2025-08,2025,8,50
IDN.12.6_1,KalimantanBarat,KubuRaya,Kabupaten,2025-09,2025,9,22
IDN.12.6_1,KalimantanBarat,KubuRaya,Kabupaten,2025-10,2025,10,7
IDN.12.6_1,KalimantanBarat,KubuRaya,Kabupaten,2025-11,2025,11,9
IDN.12.6_1,KalimantanBarat,KubuRaya,Kabupaten,2025-12,2025,12,6
IDN.12.7_1,KalimantanBarat,Landak,Kabupaten,2012-01,2012,1,1
IDN.12.7_1,KalimantanBarat,Landak,Kabupaten,2012-02,2012,2,2
IDN.12.7_1,KalimantanBarat,Landak,Kabupaten,2012-03,2012,3,24
IDN.12.7_1,KalimantanBarat,Landak,Kabupaten,2012-04,2012,4,11
IDN.12.7_1,KalimantanBarat,Landak,Kabupaten,2012-05,2012,5,32
IDN.12.7_1,KalimantanBarat,Landak,Kabupaten,2012-06,2012,6,79
IDN.12.7_1,KalimantanBarat,Landak,Kabupaten,2012-07,2012,7,68
IDN.12.7_1,KalimantanBarat,Landak,Kabupaten,2012-08,2012,8,1160
IDN.12.7_1,KalimantanBarat,Landak,Kabupaten,2012-09,2012,9,383
IDN.12.7_1,KalimantanBarat,Landak,Kabupaten,2012-10,2012,10,56
IDN.12.7_1,KalimantanBarat,Landak,Kabupaten,2012-11,2012,11,3
IDN.12.7_1,KalimantanBarat,Landak,Kabupaten,2012-12,2012,12,0
IDN.12.7_1,KalimantanBarat,Landak,Kabupaten,2013-01,2013,1,24
IDN.12.7_1,KalimantanBarat,Landak,Kabupaten,2013-02,2013,2,1
IDN.12.7_1,KalimantanBarat,Landak,Kabupaten,2013-03,2013,3,53
IDN.12.7_1,KalimantanBarat,Landak,Kabupaten,2013-04,2013,4,5
IDN.12.7_1,KalimantanBarat,Landak,Kabupaten,2013-05,2013,5,1
IDN.12.7_1,KalimantanBarat,Landak,Kabupaten,2013-06,2013,6,77
IDN.12.7_1,KalimantanBarat,Landak,Kabupaten,2013-07,2013,7,273
IDN.12.7_1,KalimantanBarat,Landak,Kabupaten,2013-08,2013,8,1437
IDN.12.7_1,KalimantanBarat,Landak,Kabupaten,2013-09,2013,9,90
IDN.12.7_1,KalimantanBarat,Landak,Kabupaten,2013-10,2013,10,15
IDN.12.7_1,KalimantanBarat,Landak,Kabupaten,2013-11,2013,11,5
IDN.12.7_1,KalimantanBarat,Landak,Kabupaten,2013-12,2013,12,1
IDN.12.7_1,KalimantanBarat,Landak,Kabupaten,2014-01,2014,1,85
IDN.12.7_1,KalimantanBarat,Landak,Kabupaten,2014-02,2014,2,211
IDN.12.7_1,KalimantanBarat,Landak,Kabupaten,2014-03,2014,3,22
IDN.12.7_1,KalimantanBarat,Landak,Kabupaten,2014-04,2014,4,14
IDN.12.7_1,KalimantanBarat,Landak,Kabupaten,2014-05,2014,5,14
IDN.12.7_1,KalimantanBarat,Landak,Kabupaten,2014-06,2014,6,18
IDN.12.7_1,KalimantanBarat,Landak,Kabupaten,2014-07,2014,7,492
IDN.12.7_1,KalimantanBarat,Landak,Kabupaten,2014-08,2014,8,574
IDN.12.7_1,KalimantanBarat,Landak,Kabupaten,2014-09,2014,9,328
IDN.12.7_1,KalimantanBarat,Landak,Kabupaten,2014-10,2014,10,28
IDN.12.7_1,KalimantanBarat,Landak,Kabupaten,2014-11,2014,11,3
IDN.12.7_1,KalimantanBarat,Landak,Kabupaten,2014-12,2014,12,10
IDN.12.7_1,KalimantanBarat,Landak,Kabupaten,2015-01,2015,1,2
IDN.12.7_1,KalimantanBarat,Landak,Kabupaten,2015-02,2015,2,12
IDN.12.7_1,KalimantanBarat,Landak,Kabupaten,2015-03,2015,3,19
IDN.12.7_1,KalimantanBarat,Landak,Kabupaten,2015-04,2015,4,16
IDN.12.7_1,KalimantanBarat,Landak,Kabupaten,2015-05,2015,5,15
IDN.12.7_1,KalimantanBarat,Landak,Kabupaten,2015-06,2015,6,29
IDN.12.7_1,KalimantanBarat,Landak,Kabupaten,2015-07,2015,7,171
IDN.12.7_1,KalimantanBarat,Landak,Kabupaten,2015-08,2015,8,1243
IDN.12.7_1,KalimantanBarat,Landak,Kabupaten,2015-09,2015,9,147
IDN.12.7_1,KalimantanBarat,Landak,Kabupaten,2015-10,2015,10,11
IDN.12.7_1,KalimantanBarat,Landak,Kabupaten,2015-11,2015,11,3
IDN.12.7_1,KalimantanBarat,Landak,Kabupaten,2015-12,2015,12,3
IDN.12.7_1,KalimantanBarat,Landak,Kabupaten,2016-01,2016,1,2
IDN.12.7_1,KalimantanBarat,Landak,Kabupaten,2016-02,2016,2,0
IDN.12.7_1,KalimantanBarat,Landak,Kabupaten,2016-03,2016,3,4
IDN.12.7_1,KalimantanBarat,Landak,Kabupaten,2016-04,2016,4,3
IDN.12.7_1,KalimantanBarat,Landak,Kabupaten,2016-05,2016,5,2
IDN.12.7_1,KalimantanBarat,Landak,Kabupaten,2016-06,2016,6,7
IDN.12.7_1,KalimantanBarat,Landak,Kabupaten,2016-07,2016,7,28
IDN.12.7_1,KalimantanBarat,Landak,Kabupaten,2016-08,2016,8,944
IDN.12.7_1,KalimantanBarat,Landak,Kabupaten,2016-09,2016,9,156
IDN.12.7_1,KalimantanBarat,Landak,Kabupaten,2016-10,2016,10,17
IDN.12.7_1,KalimantanBarat,Landak,Kabupaten,2016-11,2016,11,0
IDN.12.7_1,KalimantanBarat,Landak,Kabupaten,2016-12,2016,12,5
IDN.12.7_1,KalimantanBarat,Landak,Kabupaten,2017-01,2017,1,9
IDN.12.7_1,KalimantanBarat,Landak,Kabupaten,2017-02,2017,2,5
IDN.12.7_1,KalimantanBarat,Landak,Kabupaten,2017-03,2017,3,3
IDN.12.7_1,KalimantanBarat,Landak,Kabupaten,2017-04,2017,4,2
IDN.12.7_1,KalimantanBarat,Landak,Kabupaten,2017-05,2017,5,4
IDN.12.7_1,KalimantanBarat,Landak,Kabupaten,2017-06,2017,6,9
IDN.12.7_1,KalimantanBarat,Landak,Kabupaten,2017-07,2017,7,157
IDN.12.7_1,KalimantanBarat,Landak,Kabupaten,2017-08,2017,8,429
IDN.12.7_1,KalimantanBarat,Landak,Kabupaten,2017-09,2017,9,240
IDN.12.7_1,KalimantanBarat,Landak,Kabupaten,2017-10,2017,10,38
IDN.12.7_1,KalimantanBarat,Landak,Kabupaten,2017-11,2017,11,3
IDN.12.7_1,KalimantanBarat,Landak,Kabupaten,2017-12,2017,12,8
IDN.12.7_1,KalimantanBarat,Landak,Kabupaten,2018-01,2018,1,1
IDN.12.7_1,KalimantanBarat,Landak,Kabupaten,2018-02,2018,2,51
IDN.12.7_1,KalimantanBarat,Landak,Kabupaten,2018-03,2018,3,6
IDN.12.7_1,KalimantanBarat,Landak,Kabupaten,2018-04,2018,4,11
IDN.12.7_1,KalimantanBarat,Landak,Kabupaten,2018-05,2018,5,12
IDN.12.7_1,KalimantanBarat,Landak,Kabupaten,2018-06,2018,6,19
IDN.12.7_1,KalimantanBarat,Landak,Kabupaten,2018-07,2018,7,221
IDN.12.7_1,KalimantanBarat,Landak,Kabupaten,2018-08,2018,8,1084
IDN.12.7_1,KalimantanBarat,Landak,Kabupaten,2018-09,2018,9,76
IDN.12.7_1,KalimantanBarat,Landak,Kabupaten,2018-10,2018,10,4
IDN.12.7_1,KalimantanBarat,Landak,Kabupaten,2018-11,2018,11,1
IDN.12.7_1,KalimantanBarat,Landak,Kabupaten,2018-12,2018,12,0
IDN.12.7_1,KalimantanBarat,Landak,Kabupaten,2019-01,2019,1,7
IDN.12.7_1,KalimantanBarat,Landak,Kabupaten,2019-02,2019,2,2
IDN.12.7_1,KalimantanBarat,Landak,Kabupaten,2019-03,2019,3,11
IDN.12.7_1,KalimantanBarat,Landak,Kabupaten,2019-04,2019,4,2
IDN.12.7_1,KalimantanBarat,Landak,Kabupaten,2019-05,2019,5,7
IDN.12.7_1,KalimantanBarat,Landak,Kabupaten,2019-06,2019,6,14
IDN.12.7_1,KalimantanBarat,Landak,Kabupaten,2019-07,2019,7,125
IDN.12.7_1,KalimantanBarat,Landak,Kabupaten,2019-08,2019,8,943
IDN.12.7_1,KalimantanBarat,Landak,Kabupaten,2019-09,2019,9,148
IDN.12.7_1,KalimantanBarat,Landak,Kabupaten,2019-10,2019,10,7
IDN.12.7_1,KalimantanBarat,Landak,Kabupaten,2019-11,2019,11,12
IDN.12.7_1,KalimantanBarat,Landak,Kabupaten,2019-12,2019,12,0
IDN.12.7_1,KalimantanBarat,Landak,Kabupaten,2020-01,2020,1,1
IDN.12.7_1,KalimantanBarat,Landak,Kabupaten,2020-02,2020,2,4
IDN.12.7_1,KalimantanBarat,Landak,Kabupaten,2020-03,2020,3,11
IDN.12.7_1,KalimantanBarat,Landak,Kabupaten,2020-04,2020,4,18
IDN.12.7_1,KalimantanBarat,Landak,Kabupaten,2020-05,2020,5,23
IDN.12.7_1,KalimantanBarat,Landak,Kabupaten,2020-06,2020,6,6
IDN.12.7_1,KalimantanBarat,Landak,Kabupaten,2020-07,2020,7,1
IDN.12.7_1,KalimantanBarat,Landak,Kabupaten,2020-08,2020,8,1076
IDN.12.7_1,KalimantanBarat,Landak,Kabupaten,2020-09,2020,9,229
IDN.12.7_1,KalimantanBarat,Landak,Kabupaten,2020-10,2020,10,33
IDN.12.7_1,KalimantanBarat,Landak,Kabupaten,2020-11,2020,11,3
IDN.12.7_1,KalimantanBarat,Landak,Kabupaten,2020-12,2020,12,7
IDN.12.7_1,KalimantanBarat,Landak,Kabupaten,2021-01,2021,1,2
IDN.12.7_1,KalimantanBarat,Landak,Kabupaten,2021-02,2021,2,43
IDN.12.7_1,KalimantanBarat,Landak,Kabupaten,2021-03,2021,3,10
IDN.12.7_1,KalimantanBarat,Landak,Kabupaten,2021-04,2021,4,17
IDN.12.7_1,KalimantanBarat,Landak,Kabupaten,2021-05,2021,5,8
IDN.12.7_1,KalimantanBarat,Landak,Kabupaten,2021-06,2021,6,7
IDN.12.7_1,KalimantanBarat,Landak,Kabupaten,2021-07,2021,7,35
IDN.12.7_1,KalimantanBarat,Landak,Kabupaten,2021-08,2021,8,235
IDN.12.7_1,KalimantanBarat,Landak,Kabupaten,2021-09,2021,9,435
IDN.12.7_1,KalimantanBarat,Landak,Kabupaten,2021-10,2021,10,88
IDN.12.7_1,KalimantanBarat,Landak,Kabupaten,2021-11,2021,11,15
IDN.12.7_1,KalimantanBarat,Landak,Kabupaten,2021-12,2021,12,10
IDN.12.7_1,KalimantanBarat,Landak,Kabupaten,2022-01,2022,1,8
IDN.12.7_1,KalimantanBarat,Landak,Kabupaten,2022-02,2022,2,9
IDN.12.7_1,KalimantanBarat,Landak,Kabupaten,2022-03,2022,3,29
IDN.12.7_1,KalimantanBarat,Landak,Kabupaten,2022-04,2022,4,35
IDN.12.7_1,KalimantanBarat,Landak,Kabupaten,2022-05,2022,5,42
IDN.12.7_1,KalimantanBarat,Landak,Kabupaten,2022-06,2022,6,9
IDN.12.7_1,KalimantanBarat,Landak,Kabupaten,2022-07,2022,7,201
IDN.12.7_1,KalimantanBarat,Landak,Kabupaten,2022-08,2022,8,471
IDN.12.7_1,KalimantanBarat,Landak,Kabupaten,2022-09,2022,9,72
IDN.12.7_1,KalimantanBarat,Landak,Kabupaten,2022-10,2022,10,6
IDN.12.7_1,KalimantanBarat,Landak,Kabupaten,2022-11,2022,11,12
IDN.12.7_1,KalimantanBarat,Landak,Kabupaten,2022-12,2022,12,20
IDN.12.7_1,KalimantanBarat,Landak,Kabupaten,2023-01,2023,1,6
IDN.12.7_1,KalimantanBarat,Landak,Kabupaten,2023-02,2023,2,18
IDN.12.7_1,KalimantanBarat,Landak,Kabupaten,2023-03,2023,3,10
IDN.12.7_1,KalimantanBarat,Landak,Kabupaten,2023-04,2023,4,68
IDN.12.7_1,KalimantanBarat,Landak,Kabupaten,2023-05,2023,5,67
IDN.12.7_1,KalimantanBarat,Landak,Kabupaten,2023-06,2023,6,60
IDN.12.7_1,KalimantanBarat,Landak,Kabupaten,2023-07,2023,7,516
IDN.12.7_1,KalimantanBarat,Landak,Kabupaten,2023-08,2023,8,934
IDN.12.7_1,KalimantanBarat,Landak,Kabupaten,2023-09,2023,9,119
IDN.12.7_1,KalimantanBarat,Landak,Kabupaten,2023-10,2023,10,33
IDN.12.7_1,KalimantanBarat,Landak,Kabupaten,2023-11,2023,11,17
IDN.12.7_1,KalimantanBarat,Landak,Kabupaten,2023-12,2023,12,13
IDN.12.7_1,KalimantanBarat,Landak,Kabupaten,2024-01,2024,1,7
IDN.12.7_1,KalimantanBarat,Landak,Kabupaten,2024-02,2024,2,6
IDN.12.7_1,KalimantanBarat,Landak,Kabupaten,2024-03,2024,3,24
IDN.12.7_1,KalimantanBarat,Landak,Kabupaten,2024-04,2024,4,7
IDN.12.7_1,KalimantanBarat,Landak,Kabupaten,2024-05,2024,5,25
IDN.12.7_1,KalimantanBarat,Landak,Kabupaten,2024-06,2024,6,27
IDN.12.7_1,KalimantanBarat,Landak,Kabupaten,2024-07,2024,7,107
IDN.12.7_1,KalimantanBarat,Landak,Kabupaten,2024-08,2024,8,207
IDN.12.7_1,KalimantanBarat,Landak,Kabupaten,2024-09,2024,9,1016
IDN.12.7_1,KalimantanBarat,Landak,Kabupaten,2024-10,2024,10,66
IDN.12.7_1,KalimantanBarat,Landak,Kabupaten,2024-11,2024,11,0
IDN.12.7_1,KalimantanBarat,Landak,Kabupaten,2024-12,2024,12,4
IDN.12.7_1,KalimantanBarat,Landak,Kabupaten,2025-01,2025,1,4
IDN.12.7_1,KalimantanBarat,Landak,Kabupaten,2025-02,2025,2,12
IDN.12.7_1,KalimantanBarat,Landak,Kabupaten,2025-03,2025,3,35
IDN.12.7_1,KalimantanBarat,Landak,Kabupaten,2025-04,2025,4,11
IDN.12.7_1,KalimantanBarat,Landak,Kabupaten,2025-05,2025,5,49
IDN.12.7_1,KalimantanBarat,Landak,Kabupaten,2025-06,2025,6,52
IDN.12.7_1,KalimantanBarat,Landak,Kabupaten,2025-07,2025,7,500
IDN.12.7_1,KalimantanBarat,Landak,Kabupaten,2025-08,2025,8,1273
IDN.12.7_1,KalimantanBarat,Landak,Kabupaten,2025-09,2025,9,254
IDN.12.7_1,KalimantanBarat,Landak,Kabupaten,2025-10,2025,10,45
IDN.12.7_1,KalimantanBarat,Landak,Kabupaten,2025-11,2025,11,20
IDN.12.7_1,KalimantanBarat,Landak,Kabupaten,2025-12,2025,12,10
IDN.12.8_1,KalimantanBarat,Melawi,Kabupaten,2012-01,2012,1,0
IDN.12.8_1,KalimantanBarat,Melawi,Kabupaten,2012-02,2012,2,1
IDN.12.8_1,KalimantanBarat,Melawi,Kabupaten,2012-03,2012,3,9
IDN.12.8_1,KalimantanBarat,Melawi,Kabupaten,2012-04,2012,4,11
IDN.12.8_1,KalimantanBarat,Melawi,Kabupaten,2012-05,2012,5,28
IDN.12.8_1,KalimantanBarat,Melawi,Kabupaten,2012-06,2012,6,44
IDN.12.8_1,KalimantanBarat,Melawi,Kabupaten,2012-07,2012,7,30
IDN.12.8_1,KalimantanBarat,Melawi,Kabupaten,2012-08,2012,8,580
IDN.12.8_1,KalimantanBarat,Melawi,Kabupaten,2012-09,2012,9,587
IDN.12.8_1,KalimantanBarat,Melawi,Kabupaten,2012-10,2012,10,6
IDN.12.8_1,KalimantanBarat,Melawi,Kabupaten,2012-11,2012,11,6
IDN.12.8_1,KalimantanBarat,Melawi,Kabupaten,2012-12,2012,12,0
IDN.12.8_1,KalimantanBarat,Melawi,Kabupaten,2013-01,2013,1,1
IDN.12.8_1,KalimantanBarat,Melawi,Kabupaten,2013-02,2013,2,0
IDN.12.8_1,KalimantanBarat,Melawi,Kabupaten,2013-03,2013,3,5
IDN.12.8_1,KalimantanBarat,Melawi,Kabupaten,2013-04,2013,4,10
IDN.12.8_1,KalimantanBarat,Melawi,Kabupaten,2013-05,2013,5,8
IDN.12.8_1,KalimantanBarat,Melawi,Kabupaten,2013-06,2013,6,38
IDN.12.8_1,KalimantanBarat,Melawi,Kabupaten,2013-07,2013,7,5
IDN.12.8_1,KalimantanBarat,Melawi,Kabupaten,2013-08,2013,8,536
IDN.12.8_1,KalimantanBarat,Melawi,Kabupaten,2013-09,2013,9,371
IDN.12.8_1,KalimantanBarat,Melawi,Kabupaten,2013-10,2013,10,77
IDN.12.8_1,KalimantanBarat,Melawi,Kabupaten,2013-11,2013,11,6
IDN.12.8_1,KalimantanBarat,Melawi,Kabupaten,2013-12,2013,12,2
IDN.12.8_1,KalimantanBarat,Melawi,Kabupaten,2014-01,2014,1,10
IDN.12.8_1,KalimantanBarat,Melawi,Kabupaten,2014-02,2014,2,60
IDN.12.8_1,KalimantanBarat,Melawi,Kabupaten,2014-03,2014,3,16
IDN.12.8_1,KalimantanBarat,Melawi,Kabupaten,2014-04,2014,4,12
IDN.12.8_1,KalimantanBarat,Melawi,Kabupaten,2014-05,2014,5,6
IDN.12.8_1,KalimantanBarat,Melawi,Kabupaten,2014-06,2014,6,12
IDN.12.8_1,KalimantanBarat,Melawi,Kabupaten,2014-07,2014,7,569
IDN.12.8_1,KalimantanBarat,Melawi,Kabupaten,2014-08,2014,8,758
IDN.12.8_1,KalimantanBarat,Melawi,Kabupaten,2014-09,2014,9,158
IDN.12.8_1,KalimantanBarat,Melawi,Kabupaten,2014-10,2014,10,25
IDN.12.8_1,KalimantanBarat,Melawi,Kabupaten,2014-11,2014,11,3
IDN.12.8_1,KalimantanBarat,Melawi,Kabupaten,2014-12,2014,12,4
IDN.12.8_1,KalimantanBarat,Melawi,Kabupaten,2015-01,2015,1,1
IDN.12.8_1,KalimantanBarat,Melawi,Kabupaten,2015-02,2015,2,2
IDN.12.8_1,KalimantanBarat,Melawi,Kabupaten,2015-03,2015,3,5
IDN.12.8_1,KalimantanBarat,Melawi,Kabupaten,2015-04,2015,4,7
IDN.12.8_1,KalimantanBarat,Melawi,Kabupaten,2015-05,2015,5,9
IDN.12.8_1,KalimantanBarat,Melawi,Kabupaten,2015-06,2015,6,11
IDN.12.8_1,KalimantanBarat,Melawi,Kabupaten,2015-07,2015,7,187
IDN.12.8_1,KalimantanBarat,Melawi,Kabupaten,2015-08,2015,8,1621
IDN.12.8_1,KalimantanBarat,Melawi,Kabupaten,2015-09,2015,9,602
IDN.12.8_1,KalimantanBarat,Melawi,Kabupaten,2015-10,2015,10,19
IDN.12.8_1,KalimantanBarat,Melawi,Kabupaten,2015-11,2015,11,6
IDN.12.8_1,KalimantanBarat,Melawi,Kabupaten,2015-12,2015,12,8
IDN.12.8_1,KalimantanBarat,Melawi,Kabupaten,2016-01,2016,1,1
IDN.12.8_1,KalimantanBarat,Melawi,Kabupaten,2016-02,2016,2,3
IDN.12.8_1,KalimantanBarat,Melawi,Kabupaten,2016-03,2016,3,0
IDN.12.8_1,KalimantanBarat,Melawi,Kabupaten,2016-04,2016,4,2
IDN.12.8_1,KalimantanBarat,Melawi,Kabupaten,2016-05,2016,5,12
IDN.12.8_1,KalimantanBarat,Melawi,Kabupaten,2016-06,2016,6,2
IDN.12.8_1,KalimantanBarat,Melawi,Kabupaten,2016-07,2016,7,18
IDN.12.8_1,KalimantanBarat,Melawi,Kabupaten,2016-08,2016,8,523
IDN.12.8_1,KalimantanBarat,Melawi,Kabupaten,2016-09,2016,9,463
IDN.12.8_1,KalimantanBarat,Melawi,Kabupaten,2016-10,2016,10,46
IDN.12.8_1,KalimantanBarat,Melawi,Kabupaten,2016-11,2016,11,3
IDN.12.8_1,KalimantanBarat,Melawi,Kabupaten,2016-12,2016,12,1
IDN.12.8_1,KalimantanBarat,Melawi,Kabupaten,2017-01,2017,1,2
IDN.12.8_1,KalimantanBarat,Melawi,Kabupaten,2017-02,2017,2,4
IDN.12.8_1,KalimantanBarat,Melawi,Kabupaten,2017-03,2017,3,0
IDN.12.8_1,KalimantanBarat,Melawi,Kabupaten,2017-04,2017,4,10
IDN.12.8_1,KalimantanBarat,Melawi,Kabupaten,2017-05,2017,5,6
IDN.12.8_1,KalimantanBarat,Melawi,Kabupaten,2017-06,2017,6,25
IDN.12.8_1,KalimantanBarat,Melawi,Kabupaten,2017-07,2017,7,12
IDN.12.8_1,KalimantanBarat,Melawi,Kabupaten,2017-08,2017,8,124
IDN.12.8_1,KalimantanBarat,Melawi,Kabupaten,2017-09,2017,9,288
IDN.12.8_1,KalimantanBarat,Melawi,Kabupaten,2017-10,2017,10,31
IDN.12.8_1,KalimantanBarat,Melawi,Kabupaten,2017-11,2017,11,0
IDN.12.8_1,KalimantanBarat,Melawi,Kabupaten,2017-12,2017,12,3
IDN.12.8_1,KalimantanBarat,Melawi,Kabupaten,2018-01,2018,1,0
IDN.12.8_1,KalimantanBarat,Melawi,Kabupaten,2018-02,2018,2,4
IDN.12.8_1,KalimantanBarat,Melawi,Kabupaten,2018-03,2018,3,1
IDN.12.8_1,KalimantanBarat,Melawi,Kabupaten,2018-04,2018,4,2
IDN.12.8_1,KalimantanBarat,Melawi,Kabupaten,2018-05,2018,5,3
IDN.12.8_1,KalimantanBarat,Melawi,Kabupaten,2018-06,2018,6,23
IDN.12.8_1,KalimantanBarat,Melawi,Kabupaten,2018-07,2018,7,132
IDN.12.8_1,KalimantanBarat,Melawi,Kabupaten,2018-08,2018,8,789
IDN.12.8_1,KalimantanBarat,Melawi,Kabupaten,2018-09,2018,9,352
IDN.12.8_1,KalimantanBarat,Melawi,Kabupaten,2018-10,2018,10,1
IDN.12.8_1,KalimantanBarat,Melawi,Kabupaten,2018-11,2018,11,9
IDN.12.8_1,KalimantanBarat,Melawi,Kabupaten,2018-12,2018,12,0
IDN.12.8_1,KalimantanBarat,Melawi,Kabupaten,2019-01,2019,1,1
IDN.12.8_1,KalimantanBarat,Melawi,Kabupaten,2019-02,2019,2,2
IDN.12.8_1,KalimantanBarat,Melawi,Kabupaten,2019-03,2019,3,0
IDN.12.8_1,KalimantanBarat,Melawi,Kabupaten,2019-04,2019,4,0
IDN.12.8_1,KalimantanBarat,Melawi,Kabupaten,2019-05,2019,5,9
IDN.12.8_1,KalimantanBarat,Melawi,Kabupaten,2019-06,2019,6,8
IDN.12.8_1,KalimantanBarat,Melawi,Kabupaten,2019-07,2019,7,49
IDN.12.8_1,KalimantanBarat,Melawi,Kabupaten,2019-08,2019,8,555
IDN.12.8_1,KalimantanBarat,Melawi,Kabupaten,2019-09,2019,9,1138
IDN.12.8_1,KalimantanBarat,Melawi,Kabupaten,2019-10,2019,10,25
IDN.12.8_1,KalimantanBarat,Melawi,Kabupaten,2019-11,2019,11,5
IDN.12.8_1,KalimantanBarat,Melawi,Kabupaten,2019-12,2019,12,0
IDN.12.8_1,KalimantanBarat,Melawi,Kabupaten,2020-01,2020,1,1
IDN.12.8_1,KalimantanBarat,Melawi,Kabupaten,2020-02,2020,2,0
IDN.12.8_1,KalimantanBarat,Melawi,Kabupaten,2020-03,2020,3,0
IDN.12.8_1,KalimantanBarat,Melawi,Kabupaten,2020-04,2020,4,2
IDN.12.8_1,KalimantanBarat,Melawi,Kabupaten,2020-05,2020,5,2
IDN.12.8_1,KalimantanBarat,Melawi,Kabupaten,2020-06,2020,6,2
IDN.12.8_1,KalimantanBarat,Melawi,Kabupaten,2020-07,2020,7,9
IDN.12.8_1,KalimantanBarat,Melawi,Kabupaten,2020-08,2020,8,158
IDN.12.8_1,KalimantanBarat,Melawi,Kabupaten,2020-09,2020,9,161
IDN.12.8_1,KalimantanBarat,Melawi,Kabupaten,2020-10,2020,10,108
IDN.12.8_1,KalimantanBarat,Melawi,Kabupaten,2020-11,2020,11,8
IDN.12.8_1,KalimantanBarat,Melawi,Kabupaten,2020-12,2020,12,3
IDN.12.8_1,KalimantanBarat,Melawi,Kabupaten,2021-01,2021,1,1
IDN.12.8_1,KalimantanBarat,Melawi,Kabupaten,2021-02,2021,2,18
IDN.12.8_1,KalimantanBarat,Melawi,Kabupaten,2021-03,2021,3,7
IDN.12.8_1,KalimantanBarat,Melawi,Kabupaten,2021-04,2021,4,7
IDN.12.8_1,KalimantanBarat,Melawi,Kabupaten,2021-05,2021,5,7
IDN.12.8_1,KalimantanBarat,Melawi,Kabupaten,2021-06,2021,6,2
IDN.12.8_1,KalimantanBarat,Melawi,Kabupaten,2021-07,2021,7,37
IDN.12.8_1,KalimantanBarat,Melawi,Kabupaten,2021-08,2021,8,14
IDN.12.8_1,KalimantanBarat,Melawi,Kabupaten,2021-09,2021,9,311
IDN.12.8_1,KalimantanBarat,Melawi,Kabupaten,2021-10,2021,10,90
IDN.12.8_1,KalimantanBarat,Melawi,Kabupaten,2021-11,2021,11,4
IDN.12.8_1,KalimantanBarat,Melawi,Kabupaten,2021-12,2021,12,5
IDN.12.8_1,KalimantanBarat,Melawi,Kabupaten,2022-01,2022,1,1
IDN.12.8_1,KalimantanBarat,Melawi,Kabupaten,2022-02,2022,2,10
IDN.12.8_1,KalimantanBarat,Melawi,Kabupaten,2022-03,2022,3,7
IDN.12.8_1,KalimantanBarat,Melawi,Kabupaten,2022-04,2022,4,9
IDN.12.8_1,KalimantanBarat,Melawi,Kabupaten,2022-05,2022,5,14
IDN.12.8_1,KalimantanBarat,Melawi,Kabupaten,2022-06,2022,6,7
IDN.12.8_1,KalimantanBarat,Melawi,Kabupaten,2022-07,2022,7,72
IDN.12.8_1,KalimantanBarat,Melawi,Kabupaten,2022-08,2022,8,288
IDN.12.8_1,KalimantanBarat,Melawi,Kabupaten,2022-09,2022,9,115
IDN.12.8_1,KalimantanBarat,Melawi,Kabupaten,2022-10,2022,10,1
IDN.12.8_1,KalimantanBarat,Melawi,Kabupaten,2022-11,2022,11,4
IDN.12.8_1,KalimantanBarat,Melawi,Kabupaten,2022-12,2022,12,2
IDN.12.8_1,KalimantanBarat,Melawi,Kabupaten,2023-01,2023,1,7
IDN.12.8_1,KalimantanBarat,Melawi,Kabupaten,2023-02,2023,2,2
IDN.12.8_1,KalimantanBarat,Melawi,Kabupaten,2023-03,2023,3,7
IDN.12.8_1,KalimantanBarat,Melawi,Kabupaten,2023-04,2023,4,10
IDN.12.8_1,KalimantanBarat,Melawi,Kabupaten,2023-05,2023,5,14
IDN.12.8_1,KalimantanBarat,Melawi,Kabupaten,2023-06,2023,6,24
IDN.12.8_1,KalimantanBarat,Melawi,Kabupaten,2023-07,2023,7,219
IDN.12.8_1,KalimantanBarat,Melawi,Kabupaten,2023-08,2023,8,783
IDN.12.8_1,KalimantanBarat,Melawi,Kabupaten,2023-09,2023,9,201
IDN.12.8_1,KalimantanBarat,Melawi,Kabupaten,2023-10,2023,10,19
IDN.12.8_1,KalimantanBarat,Melawi,Kabupaten,2023-11,2023,11,7
IDN.12.8_1,KalimantanBarat,Melawi,Kabupaten,2023-12,2023,12,4
IDN.12.8_1,KalimantanBarat,Melawi,Kabupaten,2024-01,2024,1,5
IDN.12.8_1,KalimantanBarat,Melawi,Kabupaten,2024-02,2024,2,1
IDN.12.8_1,KalimantanBarat,Melawi,Kabupaten,2024-03,2024,3,5
IDN.12.8_1,KalimantanBarat,Melawi,Kabupaten,2024-04,2024,4,2
IDN.12.8_1,KalimantanBarat,Melawi,Kabupaten,2024-05,2024,5,1
IDN.12.8_1,KalimantanBarat,Melawi,Kabupaten,2024-06,2024,6,14
IDN.12.8_1,KalimantanBarat,Melawi,Kabupaten,2024-07,2024,7,14
IDN.12.8_1,KalimantanBarat,Melawi,Kabupaten,2024-08,2024,8,295
IDN.12.8_1,KalimantanBarat,Melawi,Kabupaten,2024-09,2024,9,619
IDN.12.8_1,KalimantanBarat,Melawi,Kabupaten,2024-10,2024,10,21
IDN.12.8_1,KalimantanBarat,Melawi,Kabupaten,2024-11,2024,11,1
IDN.12.8_1,KalimantanBarat,Melawi,Kabupaten,2024-12,2024,12,0
IDN.12.8_1,KalimantanBarat,Melawi,Kabupaten,2025-01,2025,1,1
IDN.12.8_1,KalimantanBarat,Melawi,Kabupaten,2025-02,2025,2,1
IDN.12.8_1,KalimantanBarat,Melawi,Kabupaten,2025-03,2025,3,4
IDN.12.8_1,KalimantanBarat,Melawi,Kabupaten,2025-04,2025,4,1
IDN.12.8_1,KalimantanBarat,Melawi,Kabupaten,2025-05,2025,5,10
IDN.12.8_1,KalimantanBarat,Melawi,Kabupaten,2025-06,2025,6,9
IDN.12.8_1,KalimantanBarat,Melawi,Kabupaten,2025-07,2025,7,135
IDN.12.8_1,KalimantanBarat,Melawi,Kabupaten,2025-08,2025,8,611
IDN.12.8_1,KalimantanBarat,Melawi,Kabupaten,2025-09,2025,9,327
IDN.12.8_1,KalimantanBarat,Melawi,Kabupaten,2025-10,2025,10,20
IDN.12.8_1,KalimantanBarat,Melawi,Kabupaten,2025-11,2025,11,3
IDN.12.8_1,KalimantanBarat,Melawi,Kabupaten,2025-12,2025,12,1
IDN.12.9_1,KalimantanBarat,Pontianak,Kabupaten,2012-01,2012,1,8
IDN.12.9_1,KalimantanBarat,Pontianak,Kabupaten,2012-02,2012,2,7
IDN.12.9_1,KalimantanBarat,Pontianak,Kabupaten,2012-03,2012,3,51
IDN.12.9_1,KalimantanBarat,Pontianak,Kabupaten,2012-04,2012,4,26
IDN.12.9_1,KalimantanBarat,Pontianak,Kabupaten,2012-05,2012,5,155
IDN.12.9_1,KalimantanBarat,Pontianak,Kabupaten,2012-06,2012,6,94
IDN.12.9_1,KalimantanBarat,Pontianak,Kabupaten,2012-07,2012,7,34
IDN.12.9_1,KalimantanBarat,Pontianak,Kabupaten,2012-08,2012,8,297
IDN.12.9_1,KalimantanBarat,Pontianak,Kabupaten,2012-09,2012,9,243
IDN.12.9_1,KalimantanBarat,Pontianak,Kabupaten,2012-10,2012,10,338
IDN.12.9_1,KalimantanBarat,Pontianak,Kabupaten,2012-11,2012,11,0
IDN.12.9_1,KalimantanBarat,Pontianak,Kabupaten,2012-12,2012,12,0
IDN.12.9_1,KalimantanBarat,Pontianak,Kabupaten,2013-01,2013,1,84
IDN.12.9_1,KalimantanBarat,Pontianak,Kabupaten,2013-02,2013,2,7
IDN.12.9_1,KalimantanBarat,Pontianak,Kabupaten,2013-03,2013,3,293
IDN.12.9_1,KalimantanBarat,Pontianak,Kabupaten,2013-04,2013,4,9
IDN.12.9_1,KalimantanBarat,Pontianak,Kabupaten,2013-05,2013,5,4
IDN.12.9_1,KalimantanBarat,Pontianak,Kabupaten,2013-06,2013,6,275
IDN.12.9_1,KalimantanBarat,Pontianak,Kabupaten,2013-07,2013,7,12
IDN.12.9_1,KalimantanBarat,Pontianak,Kabupaten,2013-08,2013,8,275
IDN.12.9_1,KalimantanBarat,Pontianak,Kabupaten,2013-09,2013,9,81
IDN.12.9_1,KalimantanBarat,Pontianak,Kabupaten,2013-10,2013,10,848
IDN.12.9_1,KalimantanBarat,Pontianak,Kabupaten,2013-11,2013,11,3
IDN.12.9_1,KalimantanBarat,Pontianak,Kabupaten,2013-12,2013,12,0
IDN.12.9_1,KalimantanBarat,Pontianak,Kabupaten,2014-01,2014,1,505
IDN.12.9_1,KalimantanBarat,Pontianak,Kabupaten,2014-02,2014,2,1707
IDN.12.9_1,KalimantanBarat,Pontianak,Kabupaten,2014-03,2014,3,272
IDN.12.9_1,KalimantanBarat,Pontianak,Kabupaten,2014-04,2014,4,78
IDN.12.9_1,KalimantanBarat,Pontianak,Kabupaten,2014-05,2014,5,0
IDN.12.9_1,KalimantanBarat,Pontianak,Kabupaten,2014-06,2014,6,31
IDN.12.9_1,KalimantanBarat,Pontianak,Kabupaten,2014-07,2014,7,556
IDN.12.9_1,KalimantanBarat,Pontianak,Kabupaten,2014-08,2014,8,187
IDN.12.9_1,KalimantanBarat,Pontianak,Kabupaten,2014-09,2014,9,49
IDN.12.9_1,KalimantanBarat,Pontianak,Kabupaten,2014-10,2014,10,2
IDN.12.9_1,KalimantanBarat,Pontianak,Kabupaten,2014-11,2014,11,1
IDN.12.9_1,KalimantanBarat,Pontianak,Kabupaten,2014-12,2014,12,1
IDN.12.9_1,KalimantanBarat,Pontianak,Kabupaten,2015-01,2015,1,1
IDN.12.9_1,KalimantanBarat,Pontianak,Kabupaten,2015-02,2015,2,13
IDN.12.9_1,KalimantanBarat,Pontianak,Kabupaten,2015-03,2015,3,35
IDN.12.9_1,KalimantanBarat,Pontianak,Kabupaten,2015-04,2015,4,7
IDN.12.9_1,KalimantanBarat,Pontianak,Kabupaten,2015-05,2015,5,10
IDN.12.9_1,KalimantanBarat,Pontianak,Kabupaten,2015-06,2015,6,12
IDN.12.9_1,KalimantanBarat,Pontianak,Kabupaten,2015-07,2015,7,97
IDN.12.9_1,KalimantanBarat,Pontianak,Kabupaten,2015-08,2015,8,166
IDN.12.9_1,KalimantanBarat,Pontianak,Kabupaten,2015-09,2015,9,273
IDN.12.9_1,KalimantanBarat,Pontianak,Kabupaten,2015-10,2015,10,6
IDN.12.9_1,KalimantanBarat,Pontianak,Kabupaten,2015-11,2015,11,1
IDN.12.9_1,KalimantanBarat,Pontianak,Kabupaten,2015-12,2015,12,3
IDN.12.9_1,KalimantanBarat,Pontianak,Kabupaten,2016-01,2016,1,0
IDN.12.9_1,KalimantanBarat,Pontianak,Kabupaten,2016-02,2016,2,0
IDN.12.9_1,KalimantanBarat,Pontianak,Kabupaten,2016-03,2016,3,13
IDN.12.9_1,KalimantanBarat,Pontianak,Kabupaten,2016-04,2016,4,6
IDN.12.9_1,KalimantanBarat,Pontianak,Kabupaten,2016-05,2016,5,1
IDN.12.9_1,KalimantanBarat,Pontianak,Kabupaten,2016-06,2016,6,1
IDN.12.9_1,KalimantanBarat,Pontianak,Kabupaten,2016-07,2016,7,8
IDN.12.9_1,KalimantanBarat,Pontianak,Kabupaten,2016-08,2016,8,360
IDN.12.9_1,KalimantanBarat,Pontianak,Kabupaten,2016-09,2016,9,48
IDN.12.9_1,KalimantanBarat,Pontianak,Kabupaten,2016-10,2016,10,22
IDN.12.9_1,KalimantanBarat,Pontianak,Kabupaten,2016-11,2016,11,1
IDN.12.9_1,KalimantanBarat,Pontianak,Kabupaten,2016-12,2016,12,3
IDN.12.9_1,KalimantanBarat,Pontianak,Kabupaten,2017-01,2017,1,27
IDN.12.9_1,KalimantanBarat,Pontianak,Kabupaten,2017-02,2017,2,10
IDN.12.9_1,KalimantanBarat,Pontianak,Kabupaten,2017-03,2017,3,20
IDN.12.9_1,KalimantanBarat,Pontianak,Kabupaten,2017-04,2017,4,31
IDN.12.9_1,KalimantanBarat,Pontianak,Kabupaten,2017-05,2017,5,3
IDN.12.9_1,KalimantanBarat,Pontianak,Kabupaten,2017-06,2017,6,5
IDN.12.9_1,KalimantanBarat,Pontianak,Kabupaten,2017-07,2017,7,20
IDN.12.9_1,KalimantanBarat,Pontianak,Kabupaten,2017-08,2017,8,22
IDN.12.9_1,KalimantanBarat,Pontianak,Kabupaten,2017-09,2017,9,10
IDN.12.9_1,KalimantanBarat,Pontianak,Kabupaten,2017-10,2017,10,18
IDN.12.9_1,KalimantanBarat,Pontianak,Kabupaten,2017-11,2017,11,2
IDN.12.9_1,KalimantanBarat,Pontianak,Kabupaten,2017-12,2017,12,7
IDN.12.9_1,KalimantanBarat,Pontianak,Kabupaten,2018-01,2018,1,8
IDN.12.9_1,KalimantanBarat,Pontianak,Kabupaten,2018-02,2018,2,499
IDN.12.9_1,KalimantanBarat,Pontianak,Kabupaten,2018-03,2018,3,118
IDN.12.9_1,KalimantanBarat,Pontianak,Kabupaten,2018-04,2018,4,29
IDN.12.9_1,KalimantanBarat,Pontianak,Kabupaten,2018-05,2018,5,5
IDN.12.9_1,KalimantanBarat,Pontianak,Kabupaten,2018-06,2018,6,4
IDN.12.9_1,KalimantanBarat,Pontianak,Kabupaten,2018-07,2018,7,102
IDN.12.9_1,KalimantanBarat,Pontianak,Kabupaten,2018-08,2018,8,439
IDN.12.9_1,KalimantanBarat,Pontianak,Kabupaten,2018-09,2018,9,94
IDN.12.9_1,KalimantanBarat,Pontianak,Kabupaten,2018-10,2018,10,0
IDN.12.9_1,KalimantanBarat,Pontianak,Kabupaten,2018-11,2018,11,0
IDN.12.9_1,KalimantanBarat,Pontianak,Kabupaten,2018-12,2018,12,3
IDN.12.9_1,KalimantanBarat,Pontianak,Kabupaten,2019-01,2019,1,3
IDN.12.9_1,KalimantanBarat,Pontianak,Kabupaten,2019-02,2019,2,1
IDN.12.9_1,KalimantanBarat,Pontianak,Kabupaten,2019-03,2019,3,76
IDN.12.9_1,KalimantanBarat,Pontianak,Kabupaten,2019-04,2019,4,107
IDN.12.9_1,KalimantanBarat,Pontianak,Kabupaten,2019-05,2019,5,21
IDN.12.9_1,KalimantanBarat,Pontianak,Kabupaten,2019-06,2019,6,1
IDN.12.9_1,KalimantanBarat,Pontianak,Kabupaten,2019-07,2019,7,83
IDN.12.9_1,KalimantanBarat,Pontianak,Kabupaten,2019-08,2019,8,964
IDN.12.9_1,KalimantanBarat,Pontianak,Kabupaten,2019-09,2019,9,236
IDN.12.9_1,KalimantanBarat,Pontianak,Kabupaten,2019-10,2019,10,1
IDN.12.9_1,KalimantanBarat,Pontianak,Kabupaten,2019-11,2019,11,1
IDN.12.9_1,KalimantanBarat,Pontianak,Kabupaten,2019-12,2019,12,0
IDN.12.9_1,KalimantanBarat,Pontianak,Kabupaten,2020-01,2020,1,1
IDN.12.9_1,KalimantanBarat,Pontianak,Kabupaten,2020-02,2020,2,1
IDN.12.9_1,KalimantanBarat,Pontianak,Kabupaten,2020-03,2020,3,18
IDN.12.9_1,KalimantanBarat,Pontianak,Kabupaten,2020-04,2020,4,16
IDN.12.9_1,KalimantanBarat,Pontianak,Kabupaten,2020-05,2020,5,2
IDN.12.9_1,KalimantanBarat,Pontianak,Kabupaten,2020-06,2020,6,2
IDN.12.9_1,KalimantanBarat,Pontianak,Kabupaten,2020-07,2020,7,1
IDN.12.9_1,KalimantanBarat,Pontianak,Kabupaten,2020-08,2020,8,43
IDN.12.9_1,KalimantanBarat,Pontianak,Kabupaten,2020-09,2020,9,19
IDN.12.9_1,KalimantanBarat,Pontianak,Kabupaten,2020-10,2020,10,6
IDN.12.9_1,KalimantanBarat,Pontianak,Kabupaten,2020-11,2020,11,0
IDN.12.9_1,KalimantanBarat,Pontianak,Kabupaten,2020-12,2020,12,10
IDN.12.9_1,KalimantanBarat,Pontianak,Kabupaten,2021-01,2021,1,4
IDN.12.9_1,KalimantanBarat,Pontianak,Kabupaten,2021-02,2021,2,266
IDN.12.9_1,KalimantanBarat,Pontianak,Kabupaten,2021-03,2021,3,35
IDN.12.9_1,KalimantanBarat,Pontianak,Kabupaten,2021-04,2021,4,27
IDN.12.9_1,KalimantanBarat,Pontianak,Kabupaten,2021-05,2021,5,2
IDN.12.9_1,KalimantanBarat,Pontianak,Kabupaten,2021-06,2021,6,1
IDN.12.9_1,KalimantanBarat,Pontianak,Kabupaten,2021-07,2021,7,16
IDN.12.9_1,KalimantanBarat,Pontianak,Kabupaten,2021-08,2021,8,13
IDN.12.9_1,KalimantanBarat,Pontianak,Kabupaten,2021-09,2021,9,4
IDN.12.9_1,KalimantanBarat,Pontianak,Kabupaten,2021-10,2021,10,8
IDN.12.9_1,KalimantanBarat,Pontianak,Kabupaten,2021-11,2021,11,4
IDN.12.9_1,KalimantanBarat,Pontianak,Kabupaten,2021-12,2021,12,13
IDN.12.9_1,KalimantanBarat,Pontianak,Kabupaten,2022-01,2022,1,12
IDN.12.9_1,KalimantanBarat,Pontianak,Kabupaten,2022-02,2022,2,14
IDN.12.9_1,KalimantanBarat,Pontianak,Kabupaten,2022-03,2022,3,347
IDN.12.9_1,KalimantanBarat,Pontianak,Kabupaten,2022-04,2022,4,255
IDN.12.9_1,KalimantanBarat,Pontianak,Kabupaten,2022-05,2022,5,15
IDN.12.9_1,KalimantanBarat,Pontianak,Kabupaten,2022-06,2022,6,1
IDN.12.9_1,KalimantanBarat,Pontianak,Kabupaten,2022-07,2022,7,65
IDN.12.9_1,KalimantanBarat,Pontianak,Kabupaten,2022-08,2022,8,4
IDN.12.9_1,KalimantanBarat,Pontianak,Kabupaten,2022-09,2022,9,4
IDN.12.9_1,KalimantanBarat,Pontianak,Kabupaten,2022-10,2022,10,0
IDN.12.9_1,KalimantanBarat,Pontianak,Kabupaten,2022-11,2022,11,4
IDN.12.9_1,KalimantanBarat,Pontianak,Kabupaten,2022-12,2022,12,9
IDN.12.9_1,KalimantanBarat,Pontianak,Kabupaten,2023-01,2023,1,10
IDN.12.9_1,KalimantanBarat,Pontianak,Kabupaten,2023-02,2023,2,74
IDN.12.9_1,KalimantanBarat,Pontianak,Kabupaten,2023-03,2023,3,2
IDN.12.9_1,KalimantanBarat,Pontianak,Kabupaten,2023-04,2023,4,61
IDN.12.9_1,KalimantanBarat,Pontianak,Kabupaten,2023-05,2023,5,14
IDN.12.9_1,KalimantanBarat,Pontianak,Kabupaten,2023-06,2023,6,36
IDN.12.9_1,KalimantanBarat,Pontianak,Kabupaten,2023-07,2023,7,79
IDN.12.9_1,KalimantanBarat,Pontianak,Kabupaten,2023-08,2023,8,70
IDN.12.9_1,KalimantanBarat,Pontianak,Kabupaten,2023-09,2023,9,295
IDN.12.9_1,KalimantanBarat,Pontianak,Kabupaten,2023-10,2023,10,97
IDN.12.9_1,KalimantanBarat,Pontianak,Kabupaten,2023-11,2023,11,2
IDN.12.9_1,KalimantanBarat,Pontianak,Kabupaten,2023-12,2023,12,0
IDN.12.9_1,KalimantanBarat,Pontianak,Kabupaten,2024-01,2024,1,0
IDN.12.9_1,KalimantanBarat,Pontianak,Kabupaten,2024-02,2024,2,11
IDN.12.9_1,KalimantanBarat,Pontianak,Kabupaten,2024-03,2024,3,13
IDN.12.9_1,KalimantanBarat,Pontianak,Kabupaten,2024-04,2024,4,2
IDN.12.9_1,KalimantanBarat,Pontianak,Kabupaten,2024-05,2024,5,2
IDN.12.9_1,KalimantanBarat,Pontianak,Kabupaten,2024-06,2024,6,8
IDN.12.9_1,KalimantanBarat,Pontianak,Kabupaten,2024-07,2024,7,23
IDN.12.9_1,KalimantanBarat,Pontianak,Kabupaten,2024-08,2024,8,0
IDN.12.9_1,KalimantanBarat,Pontianak,Kabupaten,2024-09,2024,9,51
IDN.12.9_1,KalimantanBarat,Pontianak,Kabupaten,2024-10,2024,10,30
IDN.12.9_1,KalimantanBarat,Pontianak,Kabupaten,2024-11,2024,11,0
IDN.12.9_1,KalimantanBarat,Pontianak,Kabupaten,2024-12,2024,12,2
IDN.12.9_1,KalimantanBarat,Pontianak,Kabupaten,2025-01,2025,1,1
IDN.12.9_1,KalimantanBarat,Pontianak,Kabupaten,2025-02,2025,2,7
IDN.12.9_1,KalimantanBarat,Pontianak,Kabupaten,2025-03,2025,3,1
IDN.12.9_1,KalimantanBarat,Pontianak,Kabupaten,2025-04,2025,4,14
IDN.12.9_1,KalimantanBarat,Pontianak,Kabupaten,2025-05,2025,5,21
IDN.12.9_1,KalimantanBarat,Pontianak,Kabupaten,2025-06,2025,6,13
IDN.12.9_1,KalimantanBarat,Pontianak,Kabupaten,2025-07,2025,7,739
IDN.12.9_1,KalimantanBarat,Pontianak,Kabupaten,2025-08,2025,8,35
IDN.12.9_1,KalimantanBarat,Pontianak,Kabupaten,2025-09,2025,9,13
IDN.12.9_1,KalimantanBarat,Pontianak,Kabupaten,2025-10,2025,10,4
IDN.12.9_1,KalimantanBarat,Pontianak,Kabupaten,2025-11,2025,11,28
IDN.12.9_1,KalimantanBarat,Pontianak,Kabupaten,2025-12,2025,12,2
IDN.12.10_1,KalimantanBarat,Sambas,Kabupaten,2012-01,2012,1,3
IDN.12.10_1,KalimantanBarat,Sambas,Kabupaten,2012-02,2012,2,0
IDN.12.10_1,KalimantanBarat,Sambas,Kabupaten,2012-03,2012,3,70
IDN.12.10_1,KalimantanBarat,Sambas,Kabupaten,2012-04,2012,4,121
IDN.12.10_1,KalimantanBarat,Sambas,Kabupaten,2012-05,2012,5,476
IDN.12.10_1,KalimantanBarat,Sambas,Kabupaten,2012-06,2012,6,970
IDN.12.10_1,KalimantanBarat,Sambas,Kabupaten,2012-07,2012,7,73
IDN.12.10_1,KalimantanBarat,Sambas,Kabupaten,2012-08,2012,8,327
IDN.12.10_1,KalimantanBarat,Sambas,Kabupaten,2012-09,2012,9,425
IDN.12.10_1,KalimantanBarat,Sambas,Kabupaten,2012-10,2012,10,136
IDN.12.10_1,KalimantanBarat,Sambas,Kabupaten,2012-11,2012,11,1
IDN.12.10_1,KalimantanBarat,Sambas,Kabupaten,2012-12,2012,12,2
IDN.12.10_1,KalimantanBarat,Sambas,Kabupaten,2013-01,2013,1,30
IDN.12.10_1,KalimantanBarat,Sambas,Kabupaten,2013-02,2013,2,6
IDN.12.10_1,KalimantanBarat,Sambas,Kabupaten,2013-03,2013,3,229
IDN.12.10_1,KalimantanBarat,Sambas,Kabupaten,2013-04,2013,4,36
IDN.12.10_1,KalimantanBarat,Sambas,Kabupaten,2013-05,2013,5,17
IDN.12.10_1,KalimantanBarat,Sambas,Kabupaten,2013-06,2013,6,629
IDN.12.10_1,KalimantanBarat,Sambas,Kabupaten,2013-07,2013,7,116
IDN.12.10_1,KalimantanBarat,Sambas,Kabupaten,2013-08,2013,8,229
IDN.12.10_1,KalimantanBarat,Sambas,Kabupaten,2013-09,2013,9,159
IDN.12.10_1,KalimantanBarat,Sambas,Kabupaten,2013-10,2013,10,60
IDN.12.10_1,KalimantanBarat,Sambas,Kabupaten,2013-11,2013,11,8
IDN.12.10_1,KalimantanBarat,Sambas,Kabupaten,2013-12,2013,12,3
IDN.12.10_1,KalimantanBarat,Sambas,Kabupaten,2014-01,2014,1,244
IDN.12.10_1,KalimantanBarat,Sambas,Kabupaten,2014-02,2014,2,944
IDN.12.10_1,KalimantanBarat,Sambas,Kabupaten,2014-03,2014,3,338
IDN.12.10_1,KalimantanBarat,Sambas,Kabupaten,2014-04,2014,4,92
IDN.12.10_1,KalimantanBarat,Sambas,Kabupaten,2014-05,2014,5,89
IDN.12.10_1,KalimantanBarat,Sambas,Kabupaten,2014-06,2014,6,911
IDN.12.10_1,KalimantanBarat,Sambas,Kabupaten,2014-07,2014,7,5285
IDN.12.10_1,KalimantanBarat,Sambas,Kabupaten,2014-08,2014,8,143
IDN.12.10_1,KalimantanBarat,Sambas,Kabupaten,2014-09,2014,9,37
IDN.12.10_1,KalimantanBarat,Sambas,Kabupaten,2014-10,2014,10,4
IDN.12.10_1,KalimantanBarat,Sambas,Kabupaten,2014-11,2014,11,0
IDN.12.10_1,KalimantanBarat,Sambas,Kabupaten,2014-12,2014,12,10
IDN.12.10_1,KalimantanBarat,Sambas,Kabupaten,2015-01,2015,1,0
IDN.12.10_1,KalimantanBarat,Sambas,Kabupaten,2015-02,2015,2,1
IDN.12.10_1,KalimantanBarat,Sambas,Kabupaten,2015-03,2015,3,105
IDN.12.10_1,KalimantanBarat,Sambas,Kabupaten,2015-04,2015,4,25
IDN.12.10_1,KalimantanBarat,Sambas,Kabupaten,2015-05,2015,5,85
IDN.12.10_1,KalimantanBarat,Sambas,Kabupaten,2015-06,2015,6,48
IDN.12.10_1,KalimantanBarat,Sambas,Kabupaten,2015-07,2015,7,382
IDN.12.10_1,KalimantanBarat,Sambas,Kabupaten,2015-08,2015,8,71
IDN.12.10_1,KalimantanBarat,Sambas,Kabupaten,2015-09,2015,9,71
IDN.12.10_1,KalimantanBarat,Sambas,Kabupaten,2015-10,2015,10,9
IDN.12.10_1,KalimantanBarat,Sambas,Kabupaten,2015-11,2015,11,0
IDN.12.10_1,KalimantanBarat,Sambas,Kabupaten,2015-12,2015,12,24
IDN.12.10_1,KalimantanBarat,Sambas,Kabupaten,2016-01,2016,1,1
IDN.12.10_1,KalimantanBarat,Sambas,Kabupaten,2016-02,2016,2,0
IDN.12.10_1,KalimantanBarat,Sambas,Kabupaten,2016-03,2016,3,37
IDN.12.10_1,KalimantanBarat,Sambas,Kabupaten,2016-04,2016,4,27
IDN.12.10_1,KalimantanBarat,Sambas,Kabupaten,2016-05,2016,5,11
IDN.12.10_1,KalimantanBarat,Sambas,Kabupaten,2016-06,2016,6,2
IDN.12.10_1,KalimantanBarat,Sambas,Kabupaten,2016-07,2016,7,79
IDN.12.10_1,KalimantanBarat,Sambas,Kabupaten,2016-08,2016,8,625
IDN.12.10_1,KalimantanBarat,Sambas,Kabupaten,2016-09,2016,9,54
IDN.12.10_1,KalimantanBarat,Sambas,Kabupaten,2016-10,2016,10,26
IDN.12.10_1,KalimantanBarat,Sambas,Kabupaten,2016-11,2016,11,3
IDN.12.10_1,KalimantanBarat,Sambas,Kabupaten,2016-12,2016,12,8
IDN.12.10_1,KalimantanBarat,Sambas,Kabupaten,2017-01,2017,1,22
IDN.12.10_1,KalimantanBarat,Sambas,Kabupaten,2017-02,2017,2,1
IDN.12.10_1,KalimantanBarat,Sambas,Kabupaten,2017-03,2017,3,13
IDN.12.10_1,KalimantanBarat,Sambas,Kabupaten,2017-04,2017,4,7
IDN.12.10_1,KalimantanBarat,Sambas,Kabupaten,2017-05,2017,5,17
IDN.12.10_1,KalimantanBarat,Sambas,Kabupaten,2017-06,2017,6,26
IDN.12.10_1,KalimantanBarat,Sambas,Kabupaten,2017-07,2017,7,96
IDN.12.10_1,KalimantanBarat,Sambas,Kabupaten,2017-08,2017,8,21
IDN.12.10_1,KalimantanBarat,Sambas,Kabupaten,2017-09,2017,9,13
IDN.12.10_1,KalimantanBarat,Sambas,Kabupaten,2017-10,2017,10,30
IDN.12.10_1,KalimantanBarat,Sambas,Kabupaten,2017-11,2017,11,0
IDN.12.10_1,KalimantanBarat,Sambas,Kabupaten,2017-12,2017,12,2
IDN.12.10_1,KalimantanBarat,Sambas,Kabupaten,2018-01,2018,1,0
IDN.12.10_1,KalimantanBarat,Sambas,Kabupaten,2018-02,2018,2,73
IDN.12.10_1,KalimantanBarat,Sambas,Kabupaten,2018-03,2018,3,8
IDN.12.10_1,KalimantanBarat,Sambas,Kabupaten,2018-04,2018,4,11
IDN.12.10_1,KalimantanBarat,Sambas,Kabupaten,2018-05,2018,5,12
IDN.12.10_1,KalimantanBarat,Sambas,Kabupaten,2018-06,2018,6,10
IDN.12.10_1,KalimantanBarat,Sambas,Kabupaten,2018-07,2018,7,292
IDN.12.10_1,KalimantanBarat,Sambas,Kabupaten,2018-08,2018,8,1925
IDN.12.10_1,KalimantanBarat,Sambas,Kabupaten,2018-09,2018,9,65
IDN.12.10_1,KalimantanBarat,Sambas,Kabupaten,2018-10,2018,10,1
IDN.12.10_1,KalimantanBarat,Sambas,Kabupaten,2018-11,2018,11,4
IDN.12.10_1,KalimantanBarat,Sambas,Kabupaten,2018-12,2018,12,1
IDN.12.10_1,KalimantanBarat,Sambas,Kabupaten,2019-01,2019,1,5
IDN.12.10_1,KalimantanBarat,Sambas,Kabupaten,2019-02,2019,2,2
IDN.12.10_1,KalimantanBarat,Sambas,Kabupaten,2019-03,2019,3,51
IDN.12.10_1,KalimantanBarat,Sambas,Kabupaten,2019-04,2019,4,67
IDN.12.10_1,KalimantanBarat,Sambas,Kabupaten,2019-05,2019,5,244
IDN.12.10_1,KalimantanBarat,Sambas,Kabupaten,2019-06,2019,6,3
IDN.12.10_1,KalimantanBarat,Sambas,Kabupaten,2019-07,2019,7,44
IDN.12.10_1,KalimantanBarat,Sambas,Kabupaten,2019-08,2019,8,484
IDN.12.10_1,KalimantanBarat,Sambas,Kabupaten,2019-09,2019,9,501
IDN.12.10_1,KalimantanBarat,Sambas,Kabupaten,2019-10,2019,10,1
IDN.12.10_1,KalimantanBarat,Sambas,Kabupaten,2019-11,2019,11,0
IDN.12.10_1,KalimantanBarat,Sambas,Kabupaten,2019-12,2019,12,0
IDN.12.10_1,KalimantanBarat,Sambas,Kabupaten,2020-01,2020,1,2
IDN.12.10_1,KalimantanBarat,Sambas,Kabupaten,2020-02,2020,2,11
IDN.12.10_1,KalimantanBarat,Sambas,Kabupaten,2020-03,2020,3,20
IDN.12.10_1,KalimantanBarat,Sambas,Kabupaten,2020-04,2020,4,16
IDN.12.10_1,KalimantanBarat,Sambas,Kabupaten,2020-05,2020,5,10
IDN.12.10_1,KalimantanBarat,Sambas,Kabupaten,2020-06,2020,6,4
IDN.12.10_1,KalimantanBarat,Sambas,Kabupaten,2020-07,2020,7,3
IDN.12.10_1,KalimantanBarat,Sambas,Kabupaten,2020-08,2020,8,10
IDN.12.10_1,KalimantanBarat,Sambas,Kabupaten,2020-09,2020,9,5
IDN.12.10_1,KalimantanBarat,Sambas,Kabupaten,2020-10,2020,10,16
IDN.12.10_1,KalimantanBarat,Sambas,Kabupaten,2020-11,2020,11,0
IDN.12.10_1,KalimantanBarat,Sambas,Kabupaten,2020-12,2020,12,0
IDN.12.10_1,KalimantanBarat,Sambas,Kabupaten,2021-01,2021,1,1
IDN.12.10_1,KalimantanBarat,Sambas,Kabupaten,2021-02,2021,2,92
IDN.12.10_1,KalimantanBarat,Sambas,Kabupaten,2021-03,2021,3,44
IDN.12.10_1,KalimantanBarat,Sambas,Kabupaten,2021-04,2021,4,153
IDN.12.10_1,KalimantanBarat,Sambas,Kabupaten,2021-05,2021,5,69
IDN.12.10_1,KalimantanBarat,Sambas,Kabupaten,2021-06,2021,6,7
IDN.12.10_1,KalimantanBarat,Sambas,Kabupaten,2021-07,2021,7,93
IDN.12.10_1,KalimantanBarat,Sambas,Kabupaten,2021-08,2021,8,54
IDN.12.10_1,KalimantanBarat,Sambas,Kabupaten,2021-09,2021,9,11
IDN.12.10_1,KalimantanBarat,Sambas,Kabupaten,2021-10,2021,10,16
IDN.12.10_1,KalimantanBarat,Sambas,Kabupaten,2021-11,2021,11,9
IDN.12.10_1,KalimantanBarat,Sambas,Kabupaten,2021-12,2021,12,2
IDN.12.10_1,KalimantanBarat,Sambas,Kabupaten,2022-01,2022,1,3
IDN.12.10_1,KalimantanBarat,Sambas,Kabupaten,2022-02,2022,2,3
IDN.12.10_1,KalimantanBarat,Sambas,Kabupaten,2022-03,2022,3,390
IDN.12.10_1,KalimantanBarat,Sambas,Kabupaten,2022-04,2022,4,25
IDN.12.10_1,KalimantanBarat,Sambas,Kabupaten,2022-05,2022,5,15
IDN.12.10_1,KalimantanBarat,Sambas,Kabupaten,2022-06,2022,6,2
IDN.12.10_1,KalimantanBarat,Sambas,Kabupaten,2022-07,2022,7,33
IDN.12.10_1,KalimantanBarat,Sambas,Kabupaten,2022-08,2022,8,17
IDN.12.10_1,KalimantanBarat,Sambas,Kabupaten,2022-09,2022,9,5
IDN.12.10_1,KalimantanBarat,Sambas,Kabupaten,2022-10,2022,10,3
IDN.12.10_1,KalimantanBarat,Sambas,Kabupaten,2022-11,2022,11,1
IDN.12.10_1,KalimantanBarat,Sambas,Kabupaten,2022-12,2022,12,5
IDN.12.10_1,KalimantanBarat,Sambas,Kabupaten,2023-01,2023,1,2
IDN.12.10_1,KalimantanBarat,Sambas,Kabupaten,2023-02,2023,2,8
IDN.12.10_1,KalimantanBarat,Sambas,Kabupaten,2023-03,2023,3,0
IDN.12.10_1,KalimantanBarat,Sambas,Kabupaten,2023-04,2023,4,49
IDN.12.10_1,KalimantanBarat,Sambas,Kabupaten,2023-05,2023,5,41
IDN.12.10_1,KalimantanBarat,Sambas,Kabupaten,2023-06,2023,6,98
IDN.12.10_1,KalimantanBarat,Sambas,Kabupaten,2023-07,2023,7,233
IDN.12.10_1,KalimantanBarat,Sambas,Kabupaten,2023-08,2023,8,233
IDN.12.10_1,KalimantanBarat,Sambas,Kabupaten,2023-09,2023,9,292
IDN.12.10_1,KalimantanBarat,Sambas,Kabupaten,2023-10,2023,10,10
IDN.12.10_1,KalimantanBarat,Sambas,Kabupaten,2023-11,2023,11,1
IDN.12.10_1,KalimantanBarat,Sambas,Kabupaten,2023-12,2023,12,1
IDN.12.10_1,KalimantanBarat,Sambas,Kabupaten,2024-01,2024,1,2
IDN.12.10_1,KalimantanBarat,Sambas,Kabupaten,2024-02,2024,2,5
IDN.12.10_1,KalimantanBarat,Sambas,Kabupaten,2024-03,2024,3,101
IDN.12.10_1,KalimantanBarat,Sambas,Kabupaten,2024-04,2024,4,39
IDN.12.10_1,KalimantanBarat,Sambas,Kabupaten,2024-05,2024,5,6
IDN.12.10_1,KalimantanBarat,Sambas,Kabupaten,2024-06,2024,6,2
IDN.12.10_1,KalimantanBarat,Sambas,Kabupaten,2024-07,2024,7,15
IDN.12.10_1,KalimantanBarat,Sambas,Kabupaten,2024-08,2024,8,2
IDN.12.10_1,KalimantanBarat,Sambas,Kabupaten,2024-09,2024,9,58
IDN.12.10_1,KalimantanBarat,Sambas,Kabupaten,2024-10,2024,10,179
IDN.12.10_1,KalimantanBarat,Sambas,Kabupaten,2024-11,2024,11,18
IDN.12.10_1,KalimantanBarat,Sambas,Kabupaten,2024-12,2024,12,0
IDN.12.10_1,KalimantanBarat,Sambas,Kabupaten,2025-01,2025,1,0
IDN.12.10_1,KalimantanBarat,Sambas,Kabupaten,2025-02,2025,2,1
IDN.12.10_1,KalimantanBarat,Sambas,Kabupaten,2025-03,2025,3,1
IDN.12.10_1,KalimantanBarat,Sambas,Kabupaten,2025-04,2025,4,8
IDN.12.10_1,KalimantanBarat,Sambas,Kabupaten,2025-05,2025,5,52
IDN.12.10_1,KalimantanBarat,Sambas,Kabupaten,2025-06,2025,6,39
IDN.12.10_1,KalimantanBarat,Sambas,Kabupaten,2025-07,2025,7,622
IDN.12.10_1,KalimantanBarat,Sambas,Kabupaten,2025-08,2025,8,37
IDN.12.10_1,KalimantanBarat,Sambas,Kabupaten,2025-09,2025,9,37
IDN.12.10_1,KalimantanBarat,Sambas,Kabupaten,2025-10,2025,10,21
IDN.12.10_1,KalimantanBarat,Sambas,Kabupaten,2025-11,2025,11,18
IDN.12.10_1,KalimantanBarat,Sambas,Kabupaten,2025-12,2025,12,0
IDN.12.11_1,KalimantanBarat,Sanggau,Kabupaten,2012-01,2012,1,2
IDN.12.11_1,KalimantanBarat,Sanggau,Kabupaten,2012-02,2012,2,1
IDN.12.11_1,KalimantanBarat,Sanggau,Kabupaten,2012-03,2012,3,8
IDN.12.11_1,KalimantanBarat,Sanggau,Kabupaten,2012-04,2012,4,11
IDN.12.11_1,KalimantanBarat,Sanggau,Kabupaten,2012-05,2012,5,38
IDN.12.11_1,KalimantanBarat,Sanggau,Kabupaten,2012-06,2012,6,111
IDN.12.11_1,KalimantanBarat,Sanggau,Kabupaten,2012-07,2012,7,157
IDN.12.11_1,KalimantanBarat,Sanggau,Kabupaten,2012-08,2012,8,2304
IDN.12.11_1,KalimantanBarat,Sanggau,Kabupaten,2012-09,2012,9,1138
IDN.12.11_1,KalimantanBarat,Sanggau,Kabupaten,2012-10,2012,10,34
IDN.12.11_1,KalimantanBarat,Sanggau,Kabupaten,2012-11,2012,11,4
IDN.12.11_1,KalimantanBarat,Sanggau,Kabupaten,2012-12,2012,12,8
IDN.12.11_1,KalimantanBarat,Sanggau,Kabupaten,2013-01,2013,1,35
IDN.12.11_1,KalimantanBarat,Sanggau,Kabupaten,2013-02,2013,2,7
IDN.12.11_1,KalimantanBarat,Sanggau,Kabupaten,2013-03,2013,3,75
IDN.12.11_1,KalimantanBarat,Sanggau,Kabupaten,2013-04,2013,4,1
IDN.12.11_1,KalimantanBarat,Sanggau,Kabupaten,2013-05,2013,5,1
IDN.12.11_1,KalimantanBarat,Sanggau,Kabupaten,2013-06,2013,6,89
IDN.12.11_1,KalimantanBarat,Sanggau,Kabupaten,2013-07,2013,7,149
IDN.12.11_1,KalimantanBarat,Sanggau,Kabupaten,2013-08,2013,8,2840
IDN.12.11_1,KalimantanBarat,Sanggau,Kabupaten,2013-09,2013,9,583
IDN.12.11_1,KalimantanBarat,Sanggau,Kabupaten,2013-10,2013,10,62
IDN.12.11_1,KalimantanBarat,Sanggau,Kabupaten,2013-11,2013,11,3
IDN.12.11_1,KalimantanBarat,Sanggau,Kabupaten,2013-12,2013,12,1
IDN.12.11_1,KalimantanBarat,Sanggau,Kabupaten,2014-01,2014,1,55
IDN.12.11_1,KalimantanBarat,Sanggau,Kabupaten,2014-02,2014,2,112
IDN.12.11_1,KalimantanBarat,Sanggau,Kabupaten,2014-03,2014,3,29
IDN.12.11_1,KalimantanBarat,Sanggau,Kabupaten,2014-04,2014,4,23
IDN.12.11_1,KalimantanBarat,Sanggau,Kabupaten,2014-05,2014,5,29
IDN.12.11_1,KalimantanBarat,Sanggau,Kabupaten,2014-06,2014,6,48
IDN.12.11_1,KalimantanBarat,Sanggau,Kabupaten,2014-07,2014,7,1612
IDN.12.11_1,KalimantanBarat,Sanggau,Kabupaten,2014-08,2014,8,1580
IDN.12.11_1,KalimantanBarat,Sanggau,Kabupaten,2014-09,2014,9,798
IDN.12.11_1,KalimantanBarat,Sanggau,Kabupaten,2014-10,2014,10,39
IDN.12.11_1,KalimantanBarat,Sanggau,Kabupaten,2014-11,2014,11,18
IDN.12.11_1,KalimantanBarat,Sanggau,Kabupaten,2014-12,2014,12,12
IDN.12.11_1,KalimantanBarat,Sanggau,Kabupaten,2015-01,2015,1,3
IDN.12.11_1,KalimantanBarat,Sanggau,Kabupaten,2015-02,2015,2,15
IDN.12.11_1,KalimantanBarat,Sanggau,Kabupaten,2015-03,2015,3,22
IDN.12.11_1,KalimantanBarat,Sanggau,Kabupaten,2015-04,2015,4,9
IDN.12.11_1,KalimantanBarat,Sanggau,Kabupaten,2015-05,2015,5,25
IDN.12.11_1,KalimantanBarat,Sanggau,Kabupaten,2015-06,2015,6,46
IDN.12.11_1,KalimantanBarat,Sanggau,Kabupaten,2015-07,2015,7,361
IDN.12.11_1,KalimantanBarat,Sanggau,Kabupaten,2015-08,2015,8,3271
IDN.12.11_1,KalimantanBarat,Sanggau,Kabupaten,2015-09,2015,9,410
IDN.12.11_1,KalimantanBarat,Sanggau,Kabupaten,2015-10,2015,10,33
IDN.12.11_1,KalimantanBarat,Sanggau,Kabupaten,2015-11,2015,11,3
IDN.12.11_1,KalimantanBarat,Sanggau,Kabupaten,2015-12,2015,12,19
IDN.12.11_1,KalimantanBarat,Sanggau,Kabupaten,2016-01,2016,1,5
IDN.12.11_1,KalimantanBarat,Sanggau,Kabupaten,2016-02,2016,2,0
IDN.12.11_1,KalimantanBarat,Sanggau,Kabupaten,2016-03,2016,3,2
IDN.12.11_1,KalimantanBarat,Sanggau,Kabupaten,2016-04,2016,4,5
IDN.12.11_1,KalimantanBarat,Sanggau,Kabupaten,2016-05,2016,5,12
IDN.12.11_1,KalimantanBarat,Sanggau,Kabupaten,2016-06,2016,6,8
IDN.12.11_1,KalimantanBarat,Sanggau,Kabupaten,2016-07,2016,7,75
IDN.12.11_1,KalimantanBarat,Sanggau,Kabupaten,2016-08,2016,8,1874
IDN.12.11_1,KalimantanBarat,Sanggau,Kabupaten,2016-09,2016,9,610
IDN.12.11_1,KalimantanBarat,Sanggau,Kabupaten,2016-10,2016,10,57
IDN.12.11_1,KalimantanBarat,Sanggau,Kabupaten,2016-11,2016,11,8
IDN.12.11_1,KalimantanBarat,Sanggau,Kabupaten,2016-12,2016,12,4
IDN.12.11_1,KalimantanBarat,Sanggau,Kabupaten,2017-01,2017,1,5
IDN.12.11_1,KalimantanBarat,Sanggau,Kabupaten,2017-02,2017,2,2
IDN.12.11_1,KalimantanBarat,Sanggau,Kabupaten,2017-03,2017,3,0
IDN.12.11_1,KalimantanBarat,Sanggau,Kabupaten,2017-04,2017,4,4
IDN.12.11_1,KalimantanBarat,Sanggau,Kabupaten,2017-05,2017,5,4
IDN.12.11_1,KalimantanBarat,Sanggau,Kabupaten,2017-06,2017,6,18
IDN.12.11_1,KalimantanBarat,Sanggau,Kabupaten,2017-07,2017,7,278
IDN.12.11_1,KalimantanBarat,Sanggau,Kabupaten,2017-08,2017,8,640
IDN.12.11_1,KalimantanBarat,Sanggau,Kabupaten,2017-09,2017,9,874
IDN.12.11_1,KalimantanBarat,Sanggau,Kabupaten,2017-10,2017,10,26
IDN.12.11_1,KalimantanBarat,Sanggau,Kabupaten,2017-11,2017,11,1
IDN.12.11_1,KalimantanBarat,Sanggau,Kabupaten,2017-12,2017,12,4
IDN.12.11_1,KalimantanBarat,Sanggau,Kabupaten,2018-01,2018,1,3
IDN.12.11_1,KalimantanBarat,Sanggau,Kabupaten,2018-02,2018,2,25
IDN.12.11_1,KalimantanBarat,Sanggau,Kabupaten,2018-03,2018,3,2
IDN.12.11_1,KalimantanBarat,Sanggau,Kabupaten,2018-04,2018,4,10
IDN.12.11_1,KalimantanBarat,Sanggau,Kabupaten,2018-05,2018,5,6
IDN.12.11_1,KalimantanBarat,Sanggau,Kabupaten,2018-06,2018,6,17
IDN.12.11_1,KalimantanBarat,Sanggau,Kabupaten,2018-07,2018,7,413
IDN.12.11_1,KalimantanBarat,Sanggau,Kabupaten,2018-08,2018,8,2683
IDN.12.11_1,KalimantanBarat,Sanggau,Kabupaten,2018-09,2018,9,354
IDN.12.11_1,KalimantanBarat,Sanggau,Kabupaten,2018-10,2018,10,13
IDN.12.11_1,KalimantanBarat,Sanggau,Kabupaten,2018-11,2018,11,3
IDN.12.11_1,KalimantanBarat,Sanggau,Kabupaten,2018-12,2018,12,0
IDN.12.11_1,KalimantanBarat,Sanggau,Kabupaten,2019-01,2019,1,1
IDN.12.11_1,KalimantanBarat,Sanggau,Kabupaten,2019-02,2019,2,1
IDN.12.11_1,KalimantanBarat,Sanggau,Kabupaten,2019-03,2019,3,8
IDN.12.11_1,KalimantanBarat,Sanggau,Kabupaten,2019-04,2019,4,3
IDN.12.11_1,KalimantanBarat,Sanggau,Kabupaten,2019-05,2019,5,3
IDN.12.11_1,KalimantanBarat,Sanggau,Kabupaten,2019-06,2019,6,8
IDN.12.11_1,KalimantanBarat,Sanggau,Kabupaten,2019-07,2019,7,170
IDN.12.11_1,KalimantanBarat,Sanggau,Kabupaten,2019-08,2019,8,1903
IDN.12.11_1,KalimantanBarat,Sanggau,Kabupaten,2019-09,2019,9,678
IDN.12.11_1,KalimantanBarat,Sanggau,Kabupaten,2019-10,2019,10,6
IDN.12.11_1,KalimantanBarat,Sanggau,Kabupaten,2019-11,2019,11,6
IDN.12.11_1,KalimantanBarat,Sanggau,Kabupaten,2019-12,2019,12,2
IDN.12.11_1,KalimantanBarat,Sanggau,Kabupaten,2020-01,2020,1,3
IDN.12.11_1,KalimantanBarat,Sanggau,Kabupaten,2020-02,2020,2,5
IDN.12.11_1,KalimantanBarat,Sanggau,Kabupaten,2020-03,2020,3,4
IDN.12.11_1,KalimantanBarat,Sanggau,Kabupaten,2020-04,2020,4,6
IDN.12.11_1,KalimantanBarat,Sanggau,Kabupaten,2020-05,2020,5,6
IDN.12.11_1,KalimantanBarat,Sanggau,Kabupaten,2020-06,2020,6,1
IDN.12.11_1,KalimantanBarat,Sanggau,Kabupaten,2020-07,2020,7,10
IDN.12.11_1,KalimantanBarat,Sanggau,Kabupaten,2020-08,2020,8,1415
IDN.12.11_1,KalimantanBarat,Sanggau,Kabupaten,2020-09,2020,9,481
IDN.12.11_1,KalimantanBarat,Sanggau,Kabupaten,2020-10,2020,10,101
IDN.12.11_1,KalimantanBarat,Sanggau,Kabupaten,2020-11,2020,11,1
IDN.12.11_1,KalimantanBarat,Sanggau,Kabupaten,2020-12,2020,12,0
IDN.12.11_1,KalimantanBarat,Sanggau,Kabupaten,2021-01,2021,1,0
IDN.12.11_1,KalimantanBarat,Sanggau,Kabupaten,2021-02,2021,2,12
IDN.12.11_1,KalimantanBarat,Sanggau,Kabupaten,2021-03,2021,3,8
IDN.12.11_1,KalimantanBarat,Sanggau,Kabupaten,2021-04,2021,4,13
IDN.12.11_1,KalimantanBarat,Sanggau,Kabupaten,2021-05,2021,5,7
IDN.12.11_1,KalimantanBarat,Sanggau,Kabupaten,2021-06,2021,6,10
IDN.12.11_1,KalimantanBarat,Sanggau,Kabupaten,2021-07,2021,7,161
IDN.12.11_1,KalimantanBarat,Sanggau,Kabupaten,2021-08,2021,8,604
IDN.12.11_1,KalimantanBarat,Sanggau,Kabupaten,2021-09,2021,9,939
IDN.12.11_1,KalimantanBarat,Sanggau,Kabupaten,2021-10,2021,10,133
IDN.12.11_1,KalimantanBarat,Sanggau,Kabupaten,2021-11,2021,11,7
IDN.12.11_1,KalimantanBarat,Sanggau,Kabupaten,2021-12,2021,12,5
IDN.12.11_1,KalimantanBarat,Sanggau,Kabupaten,2022-01,2022,1,10
IDN.12.11_1,KalimantanBarat,Sanggau,Kabupaten,2022-02,2022,2,14
IDN.12.11_1,KalimantanBarat,Sanggau,Kabupaten,2022-03,2022,3,20
IDN.12.11_1,KalimantanBarat,Sanggau,Kabupaten,2022-04,2022,4,24
IDN.12.11_1,KalimantanBarat,Sanggau,Kabupaten,2022-05,2022,5,43
IDN.12.11_1,KalimantanBarat,Sanggau,Kabupaten,2022-06,2022,6,28
IDN.12.11_1,KalimantanBarat,Sanggau,Kabupaten,2022-07,2022,7,221
IDN.12.11_1,KalimantanBarat,Sanggau,Kabupaten,2022-08,2022,8,770
IDN.12.11_1,KalimantanBarat,Sanggau,Kabupaten,2022-09,2022,9,247
IDN.12.11_1,KalimantanBarat,Sanggau,Kabupaten,2022-10,2022,10,13
IDN.12.11_1,KalimantanBarat,Sanggau,Kabupaten,2022-11,2022,11,20
IDN.12.11_1,KalimantanBarat,Sanggau,Kabupaten,2022-12,2022,12,9
IDN.12.11_1,KalimantanBarat,Sanggau,Kabupaten,2023-01,2023,1,9
IDN.12.11_1,KalimantanBarat,Sanggau,Kabupaten,2023-02,2023,2,17
IDN.12.11_1,KalimantanBarat,Sanggau,Kabupaten,2023-03,2023,3,10
IDN.12.11_1,KalimantanBarat,Sanggau,Kabupaten,2023-04,2023,4,56
IDN.12.11_1,KalimantanBarat,Sanggau,Kabupaten,2023-05,2023,5,47
IDN.12.11_1,KalimantanBarat,Sanggau,Kabupaten,2023-06,2023,6,66
IDN.12.11_1,KalimantanBarat,Sanggau,Kabupaten,2023-07,2023,7,1240
IDN.12.11_1,KalimantanBarat,Sanggau,Kabupaten,2023-08,2023,8,2492
IDN.12.11_1,KalimantanBarat,Sanggau,Kabupaten,2023-09,2023,9,304
IDN.12.11_1,KalimantanBarat,Sanggau,Kabupaten,2023-10,2023,10,25
IDN.12.11_1,KalimantanBarat,Sanggau,Kabupaten,2023-11,2023,11,11
IDN.12.11_1,KalimantanBarat,Sanggau,Kabupaten,2023-12,2023,12,4
IDN.12.11_1,KalimantanBarat,Sanggau,Kabupaten,2024-01,2024,1,11
IDN.12.11_1,KalimantanBarat,Sanggau,Kabupaten,2024-02,2024,2,3
IDN.12.11_1,KalimantanBarat,Sanggau,Kabupaten,2024-03,2024,3,24
IDN.12.11_1,KalimantanBarat,Sanggau,Kabupaten,2024-04,2024,4,7
IDN.12.11_1,KalimantanBarat,Sanggau,Kabupaten,2024-05,2024,5,6
IDN.12.11_1,KalimantanBarat,Sanggau,Kabupaten,2024-06,2024,6,24
IDN.12.11_1,KalimantanBarat,Sanggau,Kabupaten,2024-07,2024,7,180
IDN.12.11_1,KalimantanBarat,Sanggau,Kabupaten,2024-08,2024,8,500
IDN.12.11_1,KalimantanBarat,Sanggau,Kabupaten,2024-09,2024,9,2205
IDN.12.11_1,KalimantanBarat,Sanggau,Kabupaten,2024-10,2024,10,60
IDN.12.11_1,KalimantanBarat,Sanggau,Kabupaten,2024-11,2024,11,5
IDN.12.11_1,KalimantanBarat,Sanggau,Kabupaten,2024-12,2024,12,1
IDN.12.11_1,KalimantanBarat,Sanggau,Kabupaten,2025-01,2025,1,1
IDN.12.11_1,KalimantanBarat,Sanggau,Kabupaten,2025-02,2025,2,10
IDN.12.11_1,KalimantanBarat,Sanggau,Kabupaten,2025-03,2025,3,2
IDN.12.11_1,KalimantanBarat,Sanggau,Kabupaten,2025-04,2025,4,7
IDN.12.11_1,KalimantanBarat,Sanggau,Kabupaten,2025-05,2025,5,47
IDN.12.11_1,KalimantanBarat,Sanggau,Kabupaten,2025-06,2025,6,30
IDN.12.11_1,KalimantanBarat,Sanggau,Kabupaten,2025-07,2025,7,1420
IDN.12.11_1,KalimantanBarat,Sanggau,Kabupaten,2025-08,2025,8,2187
IDN.12.11_1,KalimantanBarat,Sanggau,Kabupaten,2025-09,2025,9,1043
IDN.12.11_1,KalimantanBarat,Sanggau,Kabupaten,2025-10,2025,10,32
IDN.12.11_1,KalimantanBarat,Sanggau,Kabupaten,2025-11,2025,11,10
IDN.12.11_1,KalimantanBarat,Sanggau,Kabupaten,2025-12,2025,12,10
IDN.12.12_1,KalimantanBarat,Sekadau,Kabupaten,2012-01,2012,1,0
IDN.12.12_1,KalimantanBarat,Sekadau,Kabupaten,2012-02,2012,2,0
IDN.12.12_1,KalimantanBarat,Sekadau,Kabupaten,2012-03,2012,3,0
IDN.12.12_1,KalimantanBarat,Sekadau,Kabupaten,2012-04,2012,4,2
IDN.12.12_1,KalimantanBarat,Sekadau,Kabupaten,2012-05,2012,5,2
IDN.12.12_1,KalimantanBarat,Sekadau,Kabupaten,2012-06,2012,6,10
IDN.12.12_1,KalimantanBarat,Sekadau,Kabupaten,2012-07,2012,7,2
IDN.12.12_1,KalimantanBarat,Sekadau,Kabupaten,2012-08,2012,8,322
IDN.12.12_1,KalimantanBarat,Sekadau,Kabupaten,2012-09,2012,9,961
IDN.12.12_1,KalimantanBarat,Sekadau,Kabupaten,2012-10,2012,10,7
IDN.12.12_1,KalimantanBarat,Sekadau,Kabupaten,2012-11,2012,11,3
IDN.12.12_1,KalimantanBarat,Sekadau,Kabupaten,2012-12,2012,12,0
IDN.12.12_1,KalimantanBarat,Sekadau,Kabupaten,2013-01,2013,1,16
IDN.12.12_1,KalimantanBarat,Sekadau,Kabupaten,2013-02,2013,2,0
IDN.12.12_1,KalimantanBarat,Sekadau,Kabupaten,2013-03,2013,3,2
IDN.12.12_1,KalimantanBarat,Sekadau,Kabupaten,2013-04,2013,4,1
IDN.12.12_1,KalimantanBarat,Sekadau,Kabupaten,2013-05,2013,5,0
IDN.12.12_1,KalimantanBarat,Sekadau,Kabupaten,2013-06,2013,6,43
IDN.12.12_1,KalimantanBarat,Sekadau,Kabupaten,2013-07,2013,7,10
IDN.12.12_1,KalimantanBarat,Sekadau,Kabupaten,2013-08,2013,8,503
IDN.12.12_1,KalimantanBarat,Sekadau,Kabupaten,2013-09,2013,9,794
IDN.12.12_1,KalimantanBarat,Sekadau,Kabupaten,2013-10,2013,10,37
IDN.12.12_1,KalimantanBarat,Sekadau,Kabupaten,2013-11,2013,11,1
IDN.12.12_1,KalimantanBarat,Sekadau,Kabupaten,2013-12,2013,12,6
IDN.12.12_1,KalimantanBarat,Sekadau,Kabupaten,2014-01,2014,1,6
IDN.12.12_1,KalimantanBarat,Sekadau,Kabupaten,2014-02,2014,2,7
IDN.12.12_1,KalimantanBarat,Sekadau,Kabupaten,2014-03,2014,3,1
IDN.12.12_1,KalimantanBarat,Sekadau,Kabupaten,2014-04,2014,4,6
IDN.12.12_1,KalimantanBarat,Sekadau,Kabupaten,2014-05,2014,5,8
IDN.12.12_1,KalimantanBarat,Sekadau,Kabupaten,2014-06,2014,6,4
IDN.12.12_1,KalimantanBarat,Sekadau,Kabupaten,2014-07,2014,7,201
IDN.12.12_1,KalimantanBarat,Sekadau,Kabupaten,2014-08,2014,8,478
IDN.12.12_1,KalimantanBarat,Sekadau,Kabupaten,2014-09,2014,9,759
IDN.12.12_1,KalimantanBarat,Sekadau,Kabupaten,2014-10,2014,10,11
IDN.12.12_1,KalimantanBarat,Sekadau,Kabupaten,2014-11,2014,11,3
IDN.12.12_1,KalimantanBarat,Sekadau,Kabupaten,2014-12,2014,12,7
IDN.12.12_1,KalimantanBarat,Sekadau,Kabupaten,2015-01,2015,1,1
IDN.12.12_1,KalimantanBarat,Sekadau,Kabupaten,2015-02,2015,2,9
IDN.12.12_1,KalimantanBarat,Sekadau,Kabupaten,2015-03,2015,3,9
IDN.12.12_1,KalimantanBarat,Sekadau,Kabupaten,2015-04,2015,4,5
IDN.12.12_1,KalimantanBarat,Sekadau,Kabupaten,2015-05,2015,5,5
IDN.12.12_1,KalimantanBarat,Sekadau,Kabupaten,2015-06,2015,6,2
IDN.12.12_1,KalimantanBarat,Sekadau,Kabupaten,2015-07,2015,7,98
IDN.12.12_1,KalimantanBarat,Sekadau,Kabupaten,2015-08,2015,8,1224
IDN.12.12_1,KalimantanBarat,Sekadau,Kabupaten,2015-09,2015,9,422
IDN.12.12_1,KalimantanBarat,Sekadau,Kabupaten,2015-10,2015,10,39
IDN.12.12_1,KalimantanBarat,Sekadau,Kabupaten,2015-11,2015,11,3
IDN.12.12_1,KalimantanBarat,Sekadau,Kabupaten,2015-12,2015,12,2
IDN.12.12_1,KalimantanBarat,Sekadau,Kabupaten,2016-01,2016,1,3
IDN.12.12_1,KalimantanBarat,Sekadau,Kabupaten,2016-02,2016,2,0
IDN.12.12_1,KalimantanBarat,Sekadau,Kabupaten,2016-03,2016,3,0
IDN.12.12_1,KalimantanBarat,Sekadau,Kabupaten,2016-04,2016,4,3
IDN.12.12_1,KalimantanBarat,Sekadau,Kabupaten,2016-05,2016,5,1
IDN.12.12_1,KalimantanBarat,Sekadau,Kabupaten,2016-06,2016,6,1
IDN.12.12_1,KalimantanBarat,Sekadau,Kabupaten,2016-07,2016,7,2
IDN.12.12_1,KalimantanBarat,Sekadau,Kabupaten,2016-08,2016,8,343
IDN.12.12_1,KalimantanBarat,Sekadau,Kabupaten,2016-09,2016,9,1016
IDN.12.12_1,KalimantanBarat,Sekadau,Kabupaten,2016-10,2016,10,54
IDN.12.12_1,KalimantanBarat,Sekadau,Kabupaten,2016-11,2016,11,5
IDN.12.12_1,KalimantanBarat,Sekadau,Kabupaten,2016-12,2016,12,0
IDN.12.12_1,KalimantanBarat,Sekadau,Kabupaten,2017-01,2017,1,1
IDN.12.12_1,KalimantanBarat,Sekadau,Kabupaten,2017-02,2017,2,1
IDN.12.12_1,KalimantanBarat,Sekadau,Kabupaten,2017-03,2017,3,3
IDN.12.12_1,KalimantanBarat,Sekadau,Kabupaten,2017-04,2017,4,3
IDN.12.12_1,KalimantanBarat,Sekadau,Kabupaten,2017-05,2017,5,1
IDN.12.12_1,KalimantanBarat,Sekadau,Kabupaten,2017-06,2017,6,1
IDN.12.12_1,KalimantanBarat,Sekadau,Kabupaten,2017-07,2017,7,18
IDN.12.12_1,KalimantanBarat,Sekadau,Kabupaten,2017-08,2017,8,76
IDN.12.12_1,KalimantanBarat,Sekadau,Kabupaten,2017-09,2017,9,457
IDN.12.12_1,KalimantanBarat,Sekadau,Kabupaten,2017-10,2017,10,30
IDN.12.12_1,KalimantanBarat,Sekadau,Kabupaten,2017-11,2017,11,0
IDN.12.12_1,KalimantanBarat,Sekadau,Kabupaten,2017-12,2017,12,0
IDN.12.12_1,KalimantanBarat,Sekadau,Kabupaten,2018-01,2018,1,0
IDN.12.12_1,KalimantanBarat,Sekadau,Kabupaten,2018-02,2018,2,6
IDN.12.12_1,KalimantanBarat,Sekadau,Kabupaten,2018-03,2018,3,0
IDN.12.12_1,KalimantanBarat,Sekadau,Kabupaten,2018-04,2018,4,4
IDN.12.12_1,KalimantanBarat,Sekadau,Kabupaten,2018-05,2018,5,1
IDN.12.12_1,KalimantanBarat,Sekadau,Kabupaten,2018-06,2018,6,2
IDN.12.12_1,KalimantanBarat,Sekadau,Kabupaten,2018-07,2018,7,52
IDN.12.12_1,KalimantanBarat,Sekadau,Kabupaten,2018-08,2018,8,661
IDN.12.12_1,KalimantanBarat,Sekadau,Kabupaten,2018-09,2018,9,538
IDN.12.12_1,KalimantanBarat,Sekadau,Kabupaten,2018-10,2018,10,10
IDN.12.12_1,KalimantanBarat,Sekadau,Kabupaten,2018-11,2018,11,0
IDN.12.12_1,KalimantanBarat,Sekadau,Kabupaten,2018-12,2018,12,0
IDN.12.12_1,KalimantanBarat,Sekadau,Kabupaten,2019-01,2019,1,2
IDN.12.12_1,KalimantanBarat,Sekadau,Kabupaten,2019-02,2019,2,0
IDN.12.12_1,KalimantanBarat,Sekadau,Kabupaten,2019-03,2019,3,0
IDN.12.12_1,KalimantanBarat,Sekadau,Kabupaten,2019-04,2019,4,0
IDN.12.12_1,KalimantanBarat,Sekadau,Kabupaten,2019-05,2019,5,2
IDN.12.12_1,KalimantanBarat,Sekadau,Kabupaten,2019-06,2019,6,1
IDN.12.12_1,KalimantanBarat,Sekadau,Kabupaten,2019-07,2019,7,2
IDN.12.12_1,KalimantanBarat,Sekadau,Kabupaten,2019-08,2019,8,287
IDN.12.12_1,KalimantanBarat,Sekadau,Kabupaten,2019-09,2019,9,447
IDN.12.12_1,KalimantanBarat,Sekadau,Kabupaten,2019-10,2019,10,23
IDN.12.12_1,KalimantanBarat,Sekadau,Kabupaten,2019-11,2019,11,4
IDN.12.12_1,KalimantanBarat,Sekadau,Kabupaten,2019-12,2019,12,2
IDN.12.12_1,KalimantanBarat,Sekadau,Kabupaten,2020-01,2020,1,1
IDN.12.12_1,KalimantanBarat,Sekadau,Kabupaten,2020-02,2020,2,2
IDN.12.12_1,KalimantanBarat,Sekadau,Kabupaten,2020-03,2020,3,1
IDN.12.12_1,KalimantanBarat,Sekadau,Kabupaten,2020-04,2020,4,1
IDN.12.12_1,KalimantanBarat,Sekadau,Kabupaten,2020-05,2020,5,0
IDN.12.12_1,KalimantanBarat,Sekadau,Kabupaten,2020-06,2020,6,3
IDN.12.12_1,KalimantanBarat,Sekadau,Kabupaten,2020-07,2020,7,0
IDN.12.12_1,KalimantanBarat,Sekadau,Kabupaten,2020-08,2020,8,188
IDN.12.12_1,KalimantanBarat,Sekadau,Kabupaten,2020-09,2020,9,391
IDN.12.12_1,KalimantanBarat,Sekadau,Kabupaten,2020-10,2020,10,103
IDN.12.12_1,KalimantanBarat,Sekadau,Kabupaten,2020-11,2020,11,0
IDN.12.12_1,KalimantanBarat,Sekadau,Kabupaten,2020-12,2020,12,0
IDN.12.12_1,KalimantanBarat,Sekadau,Kabupaten,2021-01,2021,1,0
IDN.12.12_1,KalimantanBarat,Sekadau,Kabupaten,2021-02,2021,2,2
IDN.12.12_1,KalimantanBarat,Sekadau,Kabupaten,2021-03,2021,3,0
IDN.12.12_1,KalimantanBarat,Sekadau,Kabupaten,2021-04,2021,4,0
IDN.12.12_1,KalimantanBarat,Sekadau,Kabupaten,2021-05,2021,5,2
IDN.12.12_1,KalimantanBarat,Sekadau,Kabupaten,2021-06,2021,6,0
IDN.12.12_1,KalimantanBarat,Sekadau,Kabupaten,2021-07,2021,7,39
IDN.12.12_1,KalimantanBarat,Sekadau,Kabupaten,2021-08,2021,8,30
IDN.12.12_1,KalimantanBarat,Sekadau,Kabupaten,2021-09,2021,9,731
IDN.12.12_1,KalimantanBarat,Sekadau,Kabupaten,2021-10,2021,10,115
IDN.12.12_1,KalimantanBarat,Sekadau,Kabupaten,2021-11,2021,11,0
IDN.12.12_1,KalimantanBarat,Sekadau,Kabupaten,2021-12,2021,12,2
IDN.12.12_1,KalimantanBarat,Sekadau,Kabupaten,2022-01,2022,1,3
IDN.12.12_1,KalimantanBarat,Sekadau,Kabupaten,2022-02,2022,2,1
IDN.12.12_1,KalimantanBarat,Sekadau,Kabupaten,2022-03,2022,3,7
IDN.12.12_1,KalimantanBarat,Sekadau,Kabupaten,2022-04,2022,4,4
IDN.12.12_1,KalimantanBarat,Sekadau,Kabupaten,2022-05,2022,5,10
IDN.12.12_1,KalimantanBarat,Sekadau,Kabupaten,2022-06,2022,6,5
IDN.12.12_1,KalimantanBarat,Sekadau,Kabupaten,2022-07,2022,7,45
IDN.12.12_1,KalimantanBarat,Sekadau,Kabupaten,2022-08,2022,8,361
IDN.12.12_1,KalimantanBarat,Sekadau,Kabupaten,2022-09,2022,9,151
IDN.12.12_1,KalimantanBarat,Sekadau,Kabupaten,2022-10,2022,10,27
IDN.12.12_1,KalimantanBarat,Sekadau,Kabupaten,2022-11,2022,11,1
IDN.12.12_1,KalimantanBarat,Sekadau,Kabupaten,2022-12,2022,12,3
IDN.12.12_1,KalimantanBarat,Sekadau,Kabupaten,2023-01,2023,1,4
IDN.12.12_1,KalimantanBarat,Sekadau,Kabupaten,2023-02,2023,2,3
IDN.12.12_1,KalimantanBarat,Sekadau,Kabupaten,2023-03,2023,3,6
IDN.12.12_1,KalimantanBarat,Sekadau,Kabupaten,2023-04,2023,4,12
IDN.12.12_1,KalimantanBarat,Sekadau,Kabupaten,2023-05,2023,5,7
IDN.12.12_1,KalimantanBarat,Sekadau,Kabupaten,2023-06,2023,6,12
IDN.12.12_1,KalimantanBarat,Sekadau,Kabupaten,2023-07,2023,7,318
IDN.12.12_1,KalimantanBarat,Sekadau,Kabupaten,2023-08,2023,8,848
IDN.12.12_1,KalimantanBarat,Sekadau,Kabupaten,2023-09,2023,9,290
IDN.12.12_1,KalimantanBarat,Sekadau,Kabupaten,2023-10,2023,10,24
IDN.12.12_1,KalimantanBarat,Sekadau,Kabupaten,2023-11,2023,11,7
IDN.12.12_1,KalimantanBarat,Sekadau,Kabupaten,2023-12,2023,12,7
IDN.12.12_1,KalimantanBarat,Sekadau,Kabupaten,2024-01,2024,1,2
IDN.12.12_1,KalimantanBarat,Sekadau,Kabupaten,2024-02,2024,2,4
IDN.12.12_1,KalimantanBarat,Sekadau,Kabupaten,2024-03,2024,3,8
IDN.12.12_1,KalimantanBarat,Sekadau,Kabupaten,2024-04,2024,4,3
IDN.12.12_1,KalimantanBarat,Sekadau,Kabupaten,2024-05,2024,5,4
IDN.12.12_1,KalimantanBarat,Sekadau,Kabupaten,2024-06,2024,6,1
IDN.12.12_1,KalimantanBarat,Sekadau,Kabupaten,2024-07,2024,7,47
IDN.12.12_1,KalimantanBarat,Sekadau,Kabupaten,2024-08,2024,8,214
IDN.12.12_1,KalimantanBarat,Sekadau,Kabupaten,2024-09,2024,9,1082
IDN.12.12_1,KalimantanBarat,Sekadau,Kabupaten,2024-10,2024,10,34
IDN.12.12_1,KalimantanBarat,Sekadau,Kabupaten,2024-11,2024,11,1
IDN.12.12_1,KalimantanBarat,Sekadau,Kabupaten,2024-12,2024,12,4
IDN.12.12_1,KalimantanBarat,Sekadau,Kabupaten,2025-01,2025,1,0
IDN.12.12_1,KalimantanBarat,Sekadau,Kabupaten,2025-02,2025,2,0
IDN.12.12_1,KalimantanBarat,Sekadau,Kabupaten,2025-03,2025,3,1
IDN.12.12_1,KalimantanBarat,Sekadau,Kabupaten,2025-04,2025,4,2
IDN.12.12_1,KalimantanBarat,Sekadau,Kabupaten,2025-05,2025,5,4
IDN.12.12_1,KalimantanBarat,Sekadau,Kabupaten,2025-06,2025,6,4
IDN.12.12_1,KalimantanBarat,Sekadau,Kabupaten,2025-07,2025,7,171
IDN.12.12_1,KalimantanBarat,Sekadau,Kabupaten,2025-08,2025,8,601
IDN.12.12_1,KalimantanBarat,Sekadau,Kabupaten,2025-09,2025,9,1404
IDN.12.12_1,KalimantanBarat,Sekadau,Kabupaten,2025-10,2025,10,20
IDN.12.12_1,KalimantanBarat,Sekadau,Kabupaten,2025-11,2025,11,4
IDN.12.12_1,KalimantanBarat,Sekadau,Kabupaten,2025-12,2025,12,3
IDN.12.13_1,KalimantanBarat,Singkawang,Kota,2012-01,2012,1,0
IDN.12.13_1,KalimantanBarat,Singkawang,Kota,2012-02,2012,2,0
IDN.12.13_1,KalimantanBarat,Singkawang,Kota,2012-03,2012,3,1
IDN.12.13_1,KalimantanBarat,Singkawang,Kota,2012-04,2012,4,5
IDN.12.13_1,KalimantanBarat,Singkawang,Kota,2012-05,2012,5,7
IDN.12.13_1,KalimantanBarat,Singkawang,Kota,2012-06,2012,6,60
IDN.12.13_1,KalimantanBarat,Singkawang,Kota,2012-07,2012,7,3
IDN.12.13_1,KalimantanBarat,Singkawang,Kota,2012-08,2012,8,27
IDN.12.13_1,KalimantanBarat,Singkawang,Kota,2012-09,2012,9,13
IDN.12.13_1,KalimantanBarat,Singkawang,Kota,2012-10,2012,10,15
IDN.12.13_1,KalimantanBarat,Singkawang,Kota,2012-11,2012,11,1
IDN.12.13_1,KalimantanBarat,Singkawang,Kota,2012-12,2012,12,0
IDN.12.13_1,KalimantanBarat,Singkawang,Kota,2013-01,2013,1,7
IDN.12.13_1,KalimantanBarat,Singkawang,Kota,2013-02,2013,2,3
IDN.12.13_1,KalimantanBarat,Singkawang,Kota,2013-03,2013,3,29
IDN.12.13_1,KalimantanBarat,Singkawang,Kota,2013-04,2013,4,6
IDN.12.13_1,KalimantanBarat,Singkawang,Kota,2013-05,2013,5,1
IDN.12.13_1,KalimantanBarat,Singkawang,Kota,2013-06,2013,6,27
IDN.12.13_1,KalimantanBarat,Singkawang,Kota,2013-07,2013,7,1
IDN.12.13_1,KalimantanBarat,Singkawang,Kota,2013-08,2013,8,5
IDN.12.13_1,KalimantanBarat,Singkawang,Kota,2013-09,2013,9,4
IDN.12.13_1,KalimantanBarat,Singkawang,Kota,2013-10,2013,10,2
IDN.12.13_1,KalimantanBarat,Singkawang,Kota,2013-11,2013,11,1
IDN.12.13_1,KalimantanBarat,Singkawang,Kota,2013-12,2013,12,0
IDN.12.13_1,KalimantanBarat,Singkawang,Kota,2014-01,2014,1,43
IDN.12.13_1,KalimantanBarat,Singkawang,Kota,2014-02,2014,2,41
IDN.12.13_1,KalimantanBarat,Singkawang,Kota,2014-03,2014,3,36
IDN.12.13_1,KalimantanBarat,Singkawang,Kota,2014-04,2014,4,4
IDN.12.13_1,KalimantanBarat,Singkawang,Kota,2014-05,2014,5,1
IDN.12.13_1,KalimantanBarat,Singkawang,Kota,2014-06,2014,6,7
IDN.12.13_1,KalimantanBarat,Singkawang,Kota,2014-07,2014,7,233
IDN.12.13_1,KalimantanBarat,Singkawang,Kota,2014-08,2014,8,13
IDN.12.13_1,KalimantanBarat,Singkawang,Kota,2014-09,2014,9,1
IDN.12.13_1,KalimantanBarat,Singkawang,Kota,2014-10,2014,10,4
IDN.12.13_1,KalimantanBarat,Singkawang,Kota,2014-11,2014,11,0
IDN.12.13_1,KalimantanBarat,Singkawang,Kota,2014-12,2014,12,0
IDN.12.13_1,KalimantanBarat,Singkawang,Kota,2015-01,2015,1,0
IDN.12.13_1,KalimantanBarat,Singkawang,Kota,2015-02,2015,2,2
IDN.12.13_1,KalimantanBarat,Singkawang,Kota,2015-03,2015,3,2
IDN.12.13_1,KalimantanBarat,Singkawang,Kota,2015-04,2015,4,0
IDN.12.13_1,KalimantanBarat,Singkawang,Kota,2015-05,2015,5,2
IDN.12.13_1,KalimantanBarat,Singkawang,Kota,2015-06,2015,6,3
IDN.12.13_1,KalimantanBarat,Singkawang,Kota,2015-07,2015,7,5
IDN.12.13_1,KalimantanBarat,Singkawang,Kota,2015-08,2015,8,15
IDN.12.13_1,KalimantanBarat,Singkawang,Kota,2015-09,2015,9,4
IDN.12.13_1,KalimantanBarat,Singkawang,Kota,2015-10,2015,10,0
IDN.12.13_1,KalimantanBarat,Singkawang,Kota,2015-11,2015,11,0
IDN.12.13_1,KalimantanBarat,Singkawang,Kota,2015-12,2015,12,3
IDN.12.13_1,KalimantanBarat,Singkawang,Kota,2016-01,2016,1,0
IDN.12.13_1,KalimantanBarat,Singkawang,Kota,2016-02,2016,2,0
IDN.12.13_1,KalimantanBarat,Singkawang,Kota,2016-03,2016,3,0
IDN.12.13_1,KalimantanBarat,Singkawang,Kota,2016-04,2016,4,1
IDN.12.13_1,KalimantanBarat,Singkawang,Kota,2016-05,2016,5,0
IDN.12.13_1,KalimantanBarat,Singkawang,Kota,2016-06,2016,6,2
IDN.12.13_1,KalimantanBarat,Singkawang,Kota,2016-07,2016,7,5
IDN.12.13_1,KalimantanBarat,Singkawang,Kota,2016-08,2016,8,16
IDN.12.13_1,KalimantanBarat,Singkawang,Kota,2016-09,2016,9,7
IDN.12.13_1,KalimantanBarat,Singkawang,Kota,2016-10,2016,10,1
IDN.12.13_1,KalimantanBarat,Singkawang,Kota,2016-11,2016,11,0
IDN.12.13_1,KalimantanBarat,Singkawang,Kota,2016-12,2016,12,2
IDN.12.13_1,KalimantanBarat,Singkawang,Kota,2017-01,2017,1,3
IDN.12.13_1,KalimantanBarat,Singkawang,Kota,2017-02,2017,2,2
IDN.12.13_1,KalimantanBarat,Singkawang,Kota,2017-03,2017,3,0
IDN.12.13_1,KalimantanBarat,Singkawang,Kota,2017-04,2017,4,2
IDN.12.13_1,KalimantanBarat,Singkawang,Kota,2017-05,2017,5,0
IDN.12.13_1,KalimantanBarat,Singkawang,Kota,2017-06,2017,6,2
IDN.12.13_1,KalimantanBarat,Singkawang,Kota,2017-07,2017,7,1
IDN.12.13_1,KalimantanBarat,Singkawang,Kota,2017-08,2017,8,1
IDN.12.13_1,KalimantanBarat,Singkawang,Kota,2017-09,2017,9,0
IDN.12.13_1,KalimantanBarat,Singkawang,Kota,2017-10,2017,10,2
IDN.12.13_1,KalimantanBarat,Singkawang,Kota,2017-11,2017,11,0
IDN.12.13_1,KalimantanBarat,Singkawang,Kota,2017-12,2017,12,2
IDN.12.13_1,KalimantanBarat,Singkawang,Kota,2018-01,2018,1,0
IDN.12.13_1,KalimantanBarat,Singkawang,Kota,2018-02,2018,2,2
IDN.12.13_1,KalimantanBarat,Singkawang,Kota,2018-03,2018,3,3
IDN.12.13_1,KalimantanBarat,Singkawang,Kota,2018-04,2018,4,2
IDN.12.13_1,KalimantanBarat,Singkawang,Kota,2018-05,2018,5,0
IDN.12.13_1,KalimantanBarat,Singkawang,Kota,2018-06,2018,6,0
IDN.12.13_1,KalimantanBarat,Singkawang,Kota,2018-07,2018,7,0
IDN.12.13_1,KalimantanBarat,Singkawang,Kota,2018-08,2018,8,59
IDN.12.13_1,KalimantanBarat,Singkawang,Kota,2018-09,2018,9,4
IDN.12.13_1,KalimantanBarat,Singkawang,Kota,2018-10,2018,10,1
IDN.12.13_1,KalimantanBarat,Singkawang,Kota,2018-11,2018,11,1
IDN.12.13_1,KalimantanBarat,Singkawang,Kota,2018-12,2018,12,0
IDN.12.13_1,KalimantanBarat,Singkawang,Kota,2019-01,2019,1,1
IDN.12.13_1,KalimantanBarat,Singkawang,Kota,2019-02,2019,2,0
IDN.12.13_1,KalimantanBarat,Singkawang,Kota,2019-03,2019,3,83
IDN.12.13_1,KalimantanBarat,Singkawang,Kota,2019-04,2019,4,3
IDN.12.13_1,KalimantanBarat,Singkawang,Kota,2019-05,2019,5,0
IDN.12.13_1,KalimantanBarat,Singkawang,Kota,2019-06,2019,6,0
IDN.12.13_1,KalimantanBarat,Singkawang,Kota,2019-07,2019,7,6
IDN.12.13_1,KalimantanBarat,Singkawang,Kota,2019-08,2019,8,28
IDN.12.13_1,KalimantanBarat,Singkawang,Kota,2019-09,2019,9,49
IDN.12.13_1,KalimantanBarat,Singkawang,Kota,2019-10,2019,10,0
IDN.12.13_1,KalimantanBarat,Singkawang,Kota,2019-11,2019,11,0
IDN.12.13_1,KalimantanBarat,Singkawang,Kota,2019-12,2019,12,0
IDN.12.13_1,KalimantanBarat,Singkawang,Kota,2020-01,2020,1,0
IDN.12.13_1,KalimantanBarat,Singkawang,Kota,2020-02,2020,2,0
IDN.12.13_1,KalimantanBarat,Singkawang,Kota,2020-03,2020,3,0
IDN.12.13_1,KalimantanBarat,Singkawang,Kota,2020-04,2020,4,1
IDN.12.13_1,KalimantanBarat,Singkawang,Kota,2020-05,2020,5,0
IDN.12.13_1,KalimantanBarat,Singkawang,Kota,2020-06,2020,6,0
IDN.12.13_1,KalimantanBarat,Singkawang,Kota,2020-07,2020,7,0
IDN.12.13_1,KalimantanBarat,Singkawang,Kota,2020-08,2020,8,0
IDN.12.13_1,KalimantanBarat,Singkawang,Kota,2020-09,2020,9,0
IDN.12.13_1,KalimantanBarat,Singkawang,Kota,2020-10,2020,10,0
IDN.12.13_1,KalimantanBarat,Singkawang,Kota,2020-11,2020,11,0
IDN.12.13_1,KalimantanBarat,Singkawang,Kota,2020-12,2020,12,0
IDN.12.13_1,KalimantanBarat,Singkawang,Kota,2021-01,2021,1,0
IDN.12.13_1,KalimantanBarat,Singkawang,Kota,2021-02,2021,2,1
IDN.12.13_1,KalimantanBarat,Singkawang,Kota,2021-03,2021,3,0
IDN.12.13_1,KalimantanBarat,Singkawang,Kota,2021-04,2021,4,3
IDN.12.13_1,KalimantanBarat,Singkawang,Kota,2021-05,2021,5,0
IDN.12.13_1,KalimantanBarat,Singkawang,Kota,2021-06,2021,6,0
IDN.12.13_1,KalimantanBarat,Singkawang,Kota,2021-07,2021,7,3
IDN.12.13_1,KalimantanBarat,Singkawang,Kota,2021-08,2021,8,0
IDN.12.13_1,KalimantanBarat,Singkawang,Kota,2021-09,2021,9,0
IDN.12.13_1,KalimantanBarat,Singkawang,Kota,2021-10,2021,10,0
IDN.12.13_1,KalimantanBarat,Singkawang,Kota,2021-11,2021,11,0
IDN.12.13_1,KalimantanBarat,Singkawang,Kota,2021-12,2021,12,0
IDN.12.13_1,KalimantanBarat,Singkawang,Kota,2022-01,2022,1,0
IDN.12.13_1,KalimantanBarat,Singkawang,Kota,2022-02,2022,2,0
IDN.12.13_1,KalimantanBarat,Singkawang,Kota,2022-03,2022,3,6
IDN.12.13_1,KalimantanBarat,Singkawang,Kota,2022-04,2022,4,20
IDN.12.13_1,KalimantanBarat,Singkawang,Kota,2022-05,2022,5,1
IDN.12.13_1,KalimantanBarat,Singkawang,Kota,2022-06,2022,6,0
IDN.12.13_1,KalimantanBarat,Singkawang,Kota,2022-07,2022,7,3
IDN.12.13_1,KalimantanBarat,Singkawang,Kota,2022-08,2022,8,0
IDN.12.13_1,KalimantanBarat,Singkawang,Kota,2022-09,2022,9,1
IDN.12.13_1,KalimantanBarat,Singkawang,Kota,2022-10,2022,10,0
IDN.12.13_1,KalimantanBarat,Singkawang,Kota,2022-11,2022,11,0
IDN.12.13_1,KalimantanBarat,Singkawang,Kota,2022-12,2022,12,0
IDN.12.13_1,KalimantanBarat,Singkawang,Kota,2023-01,2023,1,0
IDN.12.13_1,KalimantanBarat,Singkawang,Kota,2023-02,2023,2,1
IDN.12.13_1,KalimantanBarat,Singkawang,Kota,2023-03,2023,3,0
IDN.12.13_1,KalimantanBarat,Singkawang,Kota,2023-04,2023,4,3
IDN.12.13_1,KalimantanBarat,Singkawang,Kota,2023-05,2023,5,2
IDN.12.13_1,KalimantanBarat,Singkawang,Kota,2023-06,2023,6,3
IDN.12.13_1,KalimantanBarat,Singkawang,Kota,2023-07,2023,7,5
IDN.12.13_1,KalimantanBarat,Singkawang,Kota,2023-08,2023,8,9
IDN.12.13_1,KalimantanBarat,Singkawang,Kota,2023-09,2023,9,45
IDN.12.13_1,KalimantanBarat,Singkawang,Kota,2023-10,2023,10,1
IDN.12.13_1,KalimantanBarat,Singkawang,Kota,2023-11,2023,11,0
IDN.12.13_1,KalimantanBarat,Singkawang,Kota,2023-12,2023,12,0
IDN.12.13_1,KalimantanBarat,Singkawang,Kota,2024-01,2024,1,0
IDN.12.13_1,KalimantanBarat,Singkawang,Kota,2024-02,2024,2,0
IDN.12.13_1,KalimantanBarat,Singkawang,Kota,2024-03,2024,3,1
IDN.12.13_1,KalimantanBarat,Singkawang,Kota,2024-04,2024,4,0
IDN.12.13_1,KalimantanBarat,Singkawang,Kota,2024-05,2024,5,0
IDN.12.13_1,KalimantanBarat,Singkawang,Kota,2024-06,2024,6,1
IDN.12.13_1,KalimantanBarat,Singkawang,Kota,2024-07,2024,7,6
IDN.12.13_1,KalimantanBarat,Singkawang,Kota,2024-08,2024,8,0
IDN.12.13_1,KalimantanBarat,Singkawang,Kota,2024-09,2024,9,1
IDN.12.13_1,KalimantanBarat,Singkawang,Kota,2024-10,2024,10,11
IDN.12.13_1,KalimantanBarat,Singkawang,Kota,2024-11,2024,11,1
IDN.12.13_1,KalimantanBarat,Singkawang,Kota,2024-12,2024,12,0
IDN.12.13_1,KalimantanBarat,Singkawang,Kota,2025-01,2025,1,0
IDN.12.13_1,KalimantanBarat,Singkawang,Kota,2025-02,2025,2,2
IDN.12.13_1,KalimantanBarat,Singkawang,Kota,2025-03,2025,3,0
IDN.12.13_1,KalimantanBarat,Singkawang,Kota,2025-04,2025,4,0
IDN.12.13_1,KalimantanBarat,Singkawang,Kota,2025-05,2025,5,1
IDN.12.13_1,KalimantanBarat,Singkawang,Kota,2025-06,2025,6,2
IDN.12.13_1,KalimantanBarat,Singkawang,Kota,2025-07,2025,7,9
IDN.12.13_1,KalimantanBarat,Singkawang,Kota,2025-08,2025,8,1
IDN.12.13_1,KalimantanBarat,Singkawang,Kota,2025-09,2025,9,1
IDN.12.13_1,KalimantanBarat,Singkawang,Kota,2025-10,2025,10,0
IDN.12.13_1,KalimantanBarat,Singkawang,Kota,2025-11,2025,11,0
IDN.12.13_1,KalimantanBarat,Singkawang,Kota,2025-12,2025,12,0
IDN.12.14_1,KalimantanBarat,Sintang,Kabupaten,2012-01,2012,1,2
IDN.12.14_1,KalimantanBarat,Sintang,Kabupaten,2012-02,2012,2,4
IDN.12.14_1,KalimantanBarat,Sintang,Kabupaten,2012-03,2012,3,9
IDN.12.14_1,KalimantanBarat,Sintang,Kabupaten,2012-04,2012,4,9
IDN.12.14_1,KalimantanBarat,Sintang,Kabupaten,2012-05,2012,5,31
IDN.12.14_1,KalimantanBarat,Sintang,Kabupaten,2012-06,2012,6,53
IDN.12.14_1,KalimantanBarat,Sintang,Kabupaten,2012-07,2012,7,122
IDN.12.14_1,KalimantanBarat,Sintang,Kabupaten,2012-08,2012,8,1310
IDN.12.14_1,KalimantanBarat,Sintang,Kabupaten,2012-09,2012,9,2075
IDN.12.14_1,KalimantanBarat,Sintang,Kabupaten,2012-10,2012,10,44
IDN.12.14_1,KalimantanBarat,Sintang,Kabupaten,2012-11,2012,11,6
IDN.12.14_1,KalimantanBarat,Sintang,Kabupaten,2012-12,2012,12,3
IDN.12.14_1,KalimantanBarat,Sintang,Kabupaten,2013-01,2013,1,35
IDN.12.14_1,KalimantanBarat,Sintang,Kabupaten,2013-02,2013,2,1
IDN.12.14_1,KalimantanBarat,Sintang,Kabupaten,2013-03,2013,3,19
IDN.12.14_1,KalimantanBarat,Sintang,Kabupaten,2013-04,2013,4,4
IDN.12.14_1,KalimantanBarat,Sintang,Kabupaten,2013-05,2013,5,2
IDN.12.14_1,KalimantanBarat,Sintang,Kabupaten,2013-06,2013,6,63
IDN.12.14_1,KalimantanBarat,Sintang,Kabupaten,2013-07,2013,7,27
IDN.12.14_1,KalimantanBarat,Sintang,Kabupaten,2013-08,2013,8,988
IDN.12.14_1,KalimantanBarat,Sintang,Kabupaten,2013-09,2013,9,1554
IDN.12.14_1,KalimantanBarat,Sintang,Kabupaten,2013-10,2013,10,236
IDN.12.14_1,KalimantanBarat,Sintang,Kabupaten,2013-11,2013,11,4
IDN.12.14_1,KalimantanBarat,Sintang,Kabupaten,2013-12,2013,12,4
IDN.12.14_1,KalimantanBarat,Sintang,Kabupaten,2014-01,2014,1,34
IDN.12.14_1,KalimantanBarat,Sintang,Kabupaten,2014-02,2014,2,116
IDN.12.14_1,KalimantanBarat,Sintang,Kabupaten,2014-03,2014,3,29
IDN.12.14_1,KalimantanBarat,Sintang,Kabupaten,2014-04,2014,4,19
IDN.12.14_1,KalimantanBarat,Sintang,Kabupaten,2014-05,2014,5,12
IDN.12.14_1,KalimantanBarat,Sintang,Kabupaten,2014-06,2014,6,28
IDN.12.14_1,KalimantanBarat,Sintang,Kabupaten,2014-07,2014,7,1783
IDN.12.14_1,KalimantanBarat,Sintang,Kabupaten,2014-08,2014,8,1067
IDN.12.14_1,KalimantanBarat,Sintang,Kabupaten,2014-09,2014,9,878
IDN.12.14_1,KalimantanBarat,Sintang,Kabupaten,2014-10,2014,10,50
IDN.12.14_1,KalimantanBarat,Sintang,Kabupaten,2014-11,2014,11,12
IDN.12.14_1,KalimantanBarat,Sintang,Kabupaten,2014-12,2014,12,5
IDN.12.14_1,KalimantanBarat,Sintang,Kabupaten,2015-01,2015,1,2
IDN.12.14_1,KalimantanBarat,Sintang,Kabupaten,2015-02,2015,2,3
IDN.12.14_1,KalimantanBarat,Sintang,Kabupaten,2015-03,2015,3,8
IDN.12.14_1,KalimantanBarat,Sintang,Kabupaten,2015-04,2015,4,11
IDN.12.14_1,KalimantanBarat,Sintang,Kabupaten,2015-05,2015,5,8
IDN.12.14_1,KalimantanBarat,Sintang,Kabupaten,2015-06,2015,6,22
IDN.12.14_1,KalimantanBarat,Sintang,Kabupaten,2015-07,2015,7,260
IDN.12.14_1,KalimantanBarat,Sintang,Kabupaten,2015-08,2015,8,2934
IDN.12.14_1,KalimantanBarat,Sintang,Kabupaten,2015-09,2015,9,1933
IDN.12.14_1,KalimantanBarat,Sintang,Kabupaten,2015-10,2015,10,66
IDN.12.14_1,KalimantanBarat,Sintang,Kabupaten,2015-11,2015,11,3
IDN.12.14_1,KalimantanBarat,Sintang,Kabupaten,2015-12,2015,12,15
IDN.12.14_1,KalimantanBarat,Sintang,Kabupaten,2016-01,2016,1,1
IDN.12.14_1,KalimantanBarat,Sintang,Kabupaten,2016-02,2016,2,1
IDN.12.14_1,KalimantanBarat,Sintang,Kabupaten,2016-03,2016,3,5
IDN.12.14_1,KalimantanBarat,Sintang,Kabupaten,2016-04,2016,4,4
IDN.12.14_1,KalimantanBarat,Sintang,Kabupaten,2016-05,2016,5,6
IDN.12.14_1,KalimantanBarat,Sintang,Kabupaten,2016-06,2016,6,6
IDN.12.14_1,KalimantanBarat,Sintang,Kabupaten,2016-07,2016,7,36
IDN.12.14_1,KalimantanBarat,Sintang,Kabupaten,2016-08,2016,8,715
IDN.12.14_1,KalimantanBarat,Sintang,Kabupaten,2016-09,2016,9,1147
IDN.12.14_1,KalimantanBarat,Sintang,Kabupaten,2016-10,2016,10,260
IDN.12.14_1,KalimantanBarat,Sintang,Kabupaten,2016-11,2016,11,3
IDN.12.14_1,KalimantanBarat,Sintang,Kabupaten,2016-12,2016,12,2
IDN.12.14_1,KalimantanBarat,Sintang,Kabupaten,2017-01,2017,1,2
IDN.12.14_1,KalimantanBarat,Sintang,Kabupaten,2017-02,2017,2,2
IDN.12.14_1,KalimantanBarat,Sintang,Kabupaten,2017-03,2017,3,3
IDN.12.14_1,KalimantanBarat,Sintang,Kabupaten,2017-04,2017,4,4
IDN.12.14_1,KalimantanBarat,Sintang,Kabupaten,2017-05,2017,5,9
IDN.12.14_1,KalimantanBarat,Sintang,Kabupaten,2017-06,2017,6,6
IDN.12.14_1,KalimantanBarat,Sintang,Kabupaten,2017-07,2017,7,177
IDN.12.14_1,KalimantanBarat,Sintang,Kabupaten,2017-08,2017,8,165
IDN.12.14_1,KalimantanBarat,Sintang,Kabupaten,2017-09,2017,9,746
IDN.12.14_1,KalimantanBarat,Sintang,Kabupaten,2017-10,2017,10,98
IDN.12.14_1,KalimantanBarat,Sintang,Kabupaten,2017-11,2017,11,3
IDN.12.14_1,KalimantanBarat,Sintang,Kabupaten,2017-12,2017,12,3
IDN.12.14_1,KalimantanBarat,Sintang,Kabupaten,2018-01,2018,1,0
IDN.12.14_1,KalimantanBarat,Sintang,Kabupaten,2018-02,2018,2,8
IDN.12.14_1,KalimantanBarat,Sintang,Kabupaten,2018-03,2018,3,2
IDN.12.14_1,KalimantanBarat,Sintang,Kabupaten,2018-04,2018,4,3
IDN.12.14_1,KalimantanBarat,Sintang,Kabupaten,2018-05,2018,5,5
IDN.12.14_1,KalimantanBarat,Sintang,Kabupaten,2018-06,2018,6,24
IDN.12.14_1,KalimantanBarat,Sintang,Kabupaten,2018-07,2018,7,346
IDN.12.14_1,KalimantanBarat,Sintang,Kabupaten,2018-08,2018,8,1562
IDN.12.14_1,KalimantanBarat,Sintang,Kabupaten,2018-09,2018,9,558
IDN.12.14_1,KalimantanBarat,Sintang,Kabupaten,2018-10,2018,10,31
IDN.12.14_1,KalimantanBarat,Sintang,Kabupaten,2018-11,2018,11,0
IDN.12.14_1,KalimantanBarat,Sintang,Kabupaten,2018-12,2018,12,1
IDN.12.14_1,KalimantanBarat,Sintang,Kabupaten,2019-01,2019,1,1
IDN.12.14_1,KalimantanBarat,Sintang,Kabupaten,2019-02,2019,2,3
IDN.12.14_1,KalimantanBarat,Sintang,Kabupaten,2019-03,2019,3,4
IDN.12.14_1,KalimantanBarat,Sintang,Kabupaten,2019-04,2019,4,0
IDN.12.14_1,KalimantanBarat,Sintang,Kabupaten,2019-05,2019,5,7
IDN.12.14_1,KalimantanBarat,Sintang,Kabupaten,2019-06,2019,6,4
IDN.12.14_1,KalimantanBarat,Sintang,Kabupaten,2019-07,2019,7,57
IDN.12.14_1,KalimantanBarat,Sintang,Kabupaten,2019-08,2019,8,956
IDN.12.14_1,KalimantanBarat,Sintang,Kabupaten,2019-09,2019,9,1413
IDN.12.14_1,KalimantanBarat,Sintang,Kabupaten,2019-10,2019,10,82
IDN.12.14_1,KalimantanBarat,Sintang,Kabupaten,2019-11,2019,11,10
IDN.12.14_1,KalimantanBarat,Sintang,Kabupaten,2019-12,2019,12,0
IDN.12.14_1,KalimantanBarat,Sintang,Kabupaten,2020-01,2020,1,2
IDN.12.14_1,KalimantanBarat,Sintang,Kabupaten,2020-02,2020,2,1
IDN.12.14_1,KalimantanBarat,Sintang,Kabupaten,2020-03,2020,3,2
IDN.12.14_1,KalimantanBarat,Sintang,Kabupaten,2020-04,2020,4,5
IDN.12.14_1,KalimantanBarat,Sintang,Kabupaten,2020-05,2020,5,6
IDN.12.14_1,KalimantanBarat,Sintang,Kabupaten,2020-06,2020,6,3
IDN.12.14_1,KalimantanBarat,Sintang,Kabupaten,2020-07,2020,7,9
IDN.12.14_1,KalimantanBarat,Sintang,Kabupaten,2020-08,2020,8,224
IDN.12.14_1,KalimantanBarat,Sintang,Kabupaten,2020-09,2020,9,458
IDN.12.14_1,KalimantanBarat,Sintang,Kabupaten,2020-10,2020,10,630
IDN.12.14_1,KalimantanBarat,Sintang,Kabupaten,2020-11,2020,11,11
IDN.12.14_1,KalimantanBarat,Sintang,Kabupaten,2020-12,2020,12,2
IDN.12.14_1,KalimantanBarat,Sintang,Kabupaten,2021-01,2021,1,1
IDN.12.14_1,KalimantanBarat,Sintang,Kabupaten,2021-02,2021,2,11
IDN.12.14_1,KalimantanBarat,Sintang,Kabupaten,2021-03,2021,3,1
IDN.12.14_1,KalimantanBarat,Sintang,Kabupaten,2021-04,2021,4,11
IDN.12.14_1,KalimantanBarat,Sintang,Kabupaten,2021-05,2021,5,3
IDN.12.14_1,KalimantanBarat,Sintang,Kabupaten,2021-06,2021,6,12
IDN.12.14_1,KalimantanBarat,Sintang,Kabupaten,2021-07,2021,7,232
IDN.12.14_1,KalimantanBarat,Sintang,Kabupaten,2021-08,2021,8,153
IDN.12.14_1,KalimantanBarat,Sintang,Kabupaten,2021-09,2021,9,612
IDN.12.14_1,KalimantanBarat,Sintang,Kabupaten,2021-10,2021,10,387
IDN.12.14_1,KalimantanBarat,Sintang,Kabupaten,2021-11,2021,11,9
IDN.12.14_1,KalimantanBarat,Sintang,Kabupaten,2021-12,2021,12,9
IDN.12.14_1,KalimantanBarat,Sintang,Kabupaten,2022-01,2022,1,5
IDN.12.14_1,KalimantanBarat,Sintang,Kabupaten,2022-02,2022,2,10
IDN.12.14_1,KalimantanBarat,Sintang,Kabupaten,2022-03,2022,3,12
IDN.12.14_1,KalimantanBarat,Sintang,Kabupaten,2022-04,2022,4,8
IDN.12.14_1,KalimantanBarat,Sintang,Kabupaten,2022-05,2022,5,20
IDN.12.14_1,KalimantanBarat,Sintang,Kabupaten,2022-06,2022,6,11
IDN.12.14_1,KalimantanBarat,Sintang,Kabupaten,2022-07,2022,7,112
IDN.12.14_1,KalimantanBarat,Sintang,Kabupaten,2022-08,2022,8,526
IDN.12.14_1,KalimantanBarat,Sintang,Kabupaten,2022-09,2022,9,268
IDN.12.14_1,KalimantanBarat,Sintang,Kabupaten,2022-10,2022,10,45
IDN.12.14_1,KalimantanBarat,Sintang,Kabupaten,2022-11,2022,11,10
IDN.12.14_1,KalimantanBarat,Sintang,Kabupaten,2022-12,2022,12,8
IDN.12.14_1,KalimantanBarat,Sintang,Kabupaten,2023-01,2023,1,13
IDN.12.14_1,KalimantanBarat,Sintang,Kabupaten,2023-02,2023,2,8
IDN.12.14_1,KalimantanBarat,Sintang,Kabupaten,2023-03,2023,3,5
IDN.12.14_1,KalimantanBarat,Sintang,Kabupaten,2023-04,2023,4,32
IDN.12.14_1,KalimantanBarat,Sintang,Kabupaten,2023-05,2023,5,17
IDN.12.14_1,KalimantanBarat,Sintang,Kabupaten,2023-06,2023,6,61
IDN.12.14_1,KalimantanBarat,Sintang,Kabupaten,2023-07,2023,7,626
IDN.12.14_1,KalimantanBarat,Sintang,Kabupaten,2023-08,2023,8,1241
IDN.12.14_1,KalimantanBarat,Sintang,Kabupaten,2023-09,2023,9,344
IDN.12.14_1,KalimantanBarat,Sintang,Kabupaten,2023-10,2023,10,30
IDN.12.14_1,KalimantanBarat,Sintang,Kabupaten,2023-11,2023,11,5
IDN.12.14_1,KalimantanBarat,Sintang,Kabupaten,2023-12,2023,12,11
IDN.12.14_1,KalimantanBarat,Sintang,Kabupaten,2024-01,2024,1,1
IDN.12.14_1,KalimantanBarat,Sintang,Kabupaten,2024-02,2024,2,2
IDN.12.14_1,KalimantanBarat,Sintang,Kabupaten,2024-03,2024,3,9
IDN.12.14_1,KalimantanBarat,Sintang,Kabupaten,2024-04,2024,4,3
IDN.12.14_1,KalimantanBarat,Sintang,Kabupaten,2024-05,2024,5,3
IDN.12.14_1,KalimantanBarat,Sintang,Kabupaten,2024-06,2024,6,7
IDN.12.14_1,KalimantanBarat,Sintang,Kabupaten,2024-07,2024,7,24
IDN.12.14_1,KalimantanBarat,Sintang,Kabupaten,2024-08,2024,8,191
IDN.12.14_1,KalimantanBarat,Sintang,Kabupaten,2024-09,2024,9,1790
IDN.12.14_1,KalimantanBarat,Sintang,Kabupaten,2024-10,2024,10,53
IDN.12.14_1,KalimantanBarat,Sintang,Kabupaten,2024-11,2024,11,5
IDN.12.14_1,KalimantanBarat,Sintang,Kabupaten,2024-12,2024,12,1
IDN.12.14_1,KalimantanBarat,Sintang,Kabupaten,2025-01,2025,1,0
IDN.12.14_1,KalimantanBarat,Sintang,Kabupaten,2025-02,2025,2,0
IDN.12.14_1,KalimantanBarat,Sintang,Kabupaten,2025-03,2025,3,2
IDN.12.14_1,KalimantanBarat,Sintang,Kabupaten,2025-04,2025,4,8
IDN.12.14_1,KalimantanBarat,Sintang,Kabupaten,2025-05,2025,5,20
IDN.12.14_1,KalimantanBarat,Sintang,Kabupaten,2025-06,2025,6,9
IDN.12.14_1,KalimantanBarat,Sintang,Kabupaten,2025-07,2025,7,377
IDN.12.14_1,KalimantanBarat,Sintang,Kabupaten,2025-08,2025,8,677
IDN.12.14_1,KalimantanBarat,Sintang,Kabupaten,2025-09,2025,9,1628
IDN.12.14_1,KalimantanBarat,Sintang,Kabupaten,2025-10,2025,10,42
IDN.12.14_1,KalimantanBarat,Sintang,Kabupaten,2025-11,2025,11,13
IDN.12.14_1,KalimantanBarat,Sintang,Kabupaten,2025-12,2025,12,0
IDN.13.1_1,KalimantanSelatan,Balangan,Kabupaten,2012-01,2012,1,0
IDN.13.1_1,KalimantanSelatan,Balangan,Kabupaten,2012-02,2012,2,3
IDN.13.1_1,KalimantanSelatan,Balangan,Kabupaten,2012-03,2012,3,0
IDN.13.1_1,KalimantanSelatan,Balangan,Kabupaten,2012-04,2012,4,0
IDN.13.1_1,KalimantanSelatan,Balangan,Kabupaten,2012-05,2012,5,15
IDN.13.1_1,KalimantanSelatan,Balangan,Kabupaten,2012-06,2012,6,5
IDN.13.1_1,KalimantanSelatan,Balangan,Kabupaten,2012-07,2012,7,18
IDN.13.1_1,KalimantanSelatan,Balangan,Kabupaten,2012-08,2012,8,45
IDN.13.1_1,KalimantanSelatan,Balangan,Kabupaten,2012-09,2012,9,135
IDN.13.1_1,KalimantanSelatan,Balangan,Kabupaten,2012-10,2012,10,57
IDN.13.1_1,KalimantanSelatan,Balangan,Kabupaten,2012-11,2012,11,10
IDN.13.1_1,KalimantanSelatan,Balangan,Kabupaten,2012-12,2012,12,0
IDN.13.1_1,KalimantanSelatan,Balangan,Kabupaten,2013-01,2013,1,0
IDN.13.1_1,KalimantanSelatan,Balangan,Kabupaten,2013-02,2013,2,0
IDN.13.1_1,KalimantanSelatan,Balangan,Kabupaten,2013-03,2013,3,0
IDN.13.1_1,KalimantanSelatan,Balangan,Kabupaten,2013-04,2013,4,1
IDN.13.1_1,KalimantanSelatan,Balangan,Kabupaten,2013-05,2013,5,1
IDN.13.1_1,KalimantanSelatan,Balangan,Kabupaten,2013-06,2013,6,6
IDN.13.1_1,KalimantanSelatan,Balangan,Kabupaten,2013-07,2013,7,6
IDN.13.1_1,KalimantanSelatan,Balangan,Kabupaten,2013-08,2013,8,19
IDN.13.1_1,KalimantanSelatan,Balangan,Kabupaten,2013-09,2013,9,97
IDN.13.1_1,KalimantanSelatan,Balangan,Kabupaten,2013-10,2013,10,75
IDN.13.1_1,KalimantanSelatan,Balangan,Kabupaten,2013-11,2013,11,13
IDN.13.1_1,KalimantanSelatan,Balangan,Kabupaten,2013-12,2013,12,0
IDN.13.1_1,KalimantanSelatan,Balangan,Kabupaten,2014-01,2014,1,6
IDN.13.1_1,KalimantanSelatan,Balangan,Kabupaten,2014-02,2014,2,1
IDN.13.1_1,KalimantanSelatan,Balangan,Kabupaten,2014-03,2014,3,0
IDN.13.1_1,KalimantanSelatan,Balangan,Kabupaten,2014-04,2014,4,7
IDN.13.1_1,KalimantanSelatan,Balangan,Kabupaten,2014-05,2014,5,0
IDN.13.1_1,KalimantanSelatan,Balangan,Kabupaten,2014-06,2014,6,2
IDN.13.1_1,KalimantanSelatan,Balangan,Kabupaten,2014-07,2014,7,7
IDN.13.1_1,KalimantanSelatan,Balangan,Kabupaten,2014-08,2014,8,54
IDN.13.1_1,KalimantanSelatan,Balangan,Kabupaten,2014-09,2014,9,199
IDN.13.1_1,KalimantanSelatan,Balangan,Kabupaten,2014-10,2014,10,120
IDN.13.1_1,KalimantanSelatan,Balangan,Kabupaten,2014-11,2014,11,65
IDN.13.1_1,KalimantanSelatan,Balangan,Kabupaten,2014-12,2014,12,0
IDN.13.1_1,KalimantanSelatan,Balangan,Kabupaten,2015-01,2015,1,0
IDN.13.1_1,KalimantanSelatan,Balangan,Kabupaten,2015-02,2015,2,1
IDN.13.1_1,KalimantanSelatan,Balangan,Kabupaten,2015-03,2015,3,0
IDN.13.1_1,KalimantanSelatan,Balangan,Kabupaten,2015-04,2015,4,1
IDN.13.1_1,KalimantanSelatan,Balangan,Kabupaten,2015-05,2015,5,5
IDN.13.1_1,KalimantanSelatan,Balangan,Kabupaten,2015-06,2015,6,1
IDN.13.1_1,KalimantanSelatan,Balangan,Kabupaten,2015-07,2015,7,37
IDN.13.1_1,KalimantanSelatan,Balangan,Kabupaten,2015-08,2015,8,211
IDN.13.1_1,KalimantanSelatan,Balangan,Kabupaten,2015-09,2015,9,345
IDN.13.1_1,KalimantanSelatan,Balangan,Kabupaten,2015-10,2015,10,615
IDN.13.1_1,KalimantanSelatan,Balangan,Kabupaten,2015-11,2015,11,119
IDN.13.1_1,KalimantanSelatan,Balangan,Kabupaten,2015-12,2015,12,51
IDN.13.1_1,KalimantanSelatan,Balangan,Kabupaten,2016-01,2016,1,80
IDN.13.1_1,KalimantanSelatan,Balangan,Kabupaten,2016-02,2016,2,25
IDN.13.1_1,KalimantanSelatan,Balangan,Kabupaten,2016-03,2016,3,2
IDN.13.1_1,KalimantanSelatan,Balangan,Kabupaten,2016-04,2016,4,0
IDN.13.1_1,KalimantanSelatan,Balangan,Kabupaten,2016-05,2016,5,0
IDN.13.1_1,KalimantanSelatan,Balangan,Kabupaten,2016-06,2016,6,3
IDN.13.1_1,KalimantanSelatan,Balangan,Kabupaten,2016-07,2016,7,9
IDN.13.1_1,KalimantanSelatan,Balangan,Kabupaten,2016-08,2016,8,13
IDN.13.1_1,KalimantanSelatan,Balangan,Kabupaten,2016-09,2016,9,9
IDN.13.1_1,KalimantanSelatan,Balangan,Kabupaten,2016-10,2016,10,23
IDN.13.1_1,KalimantanSelatan,Balangan,Kabupaten,2016-11,2016,11,1
IDN.13.1_1,KalimantanSelatan,Balangan,Kabupaten,2016-12,2016,12,0
IDN.13.1_1,KalimantanSelatan,Balangan,Kabupaten,2017-01,2017,1,1
IDN.13.1_1,KalimantanSelatan,Balangan,Kabupaten,2017-02,2017,2,0
IDN.13.1_1,KalimantanSelatan,Balangan,Kabupaten,2017-03,2017,3,2
IDN.13.1_1,KalimantanSelatan,Balangan,Kabupaten,2017-04,2017,4,8
IDN.13.1_1,KalimantanSelatan,Balangan,Kabupaten,2017-05,2017,5,1
IDN.13.1_1,KalimantanSelatan,Balangan,Kabupaten,2017-06,2017,6,4
IDN.13.1_1,KalimantanSelatan,Balangan,Kabupaten,2017-07,2017,7,1
IDN.13.1_1,KalimantanSelatan,Balangan,Kabupaten,2017-08,2017,8,9
IDN.13.1_1,KalimantanSelatan,Balangan,Kabupaten,2017-09,2017,9,36
IDN.13.1_1,KalimantanSelatan,Balangan,Kabupaten,2017-10,2017,10,14
IDN.13.1_1,KalimantanSelatan,Balangan,Kabupaten,2017-11,2017,11,0
IDN.13.1_1,KalimantanSelatan,Balangan,Kabupaten,2017-12,2017,12,0
IDN.13.1_1,KalimantanSelatan,Balangan,Kabupaten,2018-01,2018,1,0
IDN.13.1_1,KalimantanSelatan,Balangan,Kabupaten,2018-02,2018,2,0
IDN.13.1_1,KalimantanSelatan,Balangan,Kabupaten,2018-03,2018,3,1
IDN.13.1_1,KalimantanSelatan,Balangan,Kabupaten,2018-04,2018,4,0
IDN.13.1_1,KalimantanSelatan,Balangan,Kabupaten,2018-05,2018,5,3
IDN.13.1_1,KalimantanSelatan,Balangan,Kabupaten,2018-06,2018,6,1
IDN.13.1_1,KalimantanSelatan,Balangan,Kabupaten,2018-07,2018,7,2
IDN.13.1_1,KalimantanSelatan,Balangan,Kabupaten,2018-08,2018,8,29
IDN.13.1_1,KalimantanSelatan,Balangan,Kabupaten,2018-09,2018,9,87
IDN.13.1_1,KalimantanSelatan,Balangan,Kabupaten,2018-10,2018,10,43
IDN.13.1_1,KalimantanSelatan,Balangan,Kabupaten,2018-11,2018,11,0
IDN.13.1_1,KalimantanSelatan,Balangan,Kabupaten,2018-12,2018,12,0
IDN.13.1_1,KalimantanSelatan,Balangan,Kabupaten,2019-01,2019,1,0
IDN.13.1_1,KalimantanSelatan,Balangan,Kabupaten,2019-02,2019,2,1
IDN.13.1_1,KalimantanSelatan,Balangan,Kabupaten,2019-03,2019,3,2
IDN.13.1_1,KalimantanSelatan,Balangan,Kabupaten,2019-04,2019,4,1
IDN.13.1_1,KalimantanSelatan,Balangan,Kabupaten,2019-05,2019,5,9
IDN.13.1_1,KalimantanSelatan,Balangan,Kabupaten,2019-06,2019,6,4
IDN.13.1_1,KalimantanSelatan,Balangan,Kabupaten,2019-07,2019,7,14
IDN.13.1_1,KalimantanSelatan,Balangan,Kabupaten,2019-08,2019,8,44
IDN.13.1_1,KalimantanSelatan,Balangan,Kabupaten,2019-09,2019,9,270
IDN.13.1_1,KalimantanSelatan,Balangan,Kabupaten,2019-10,2019,10,63
IDN.13.1_1,KalimantanSelatan,Balangan,Kabupaten,2019-11,2019,11,27
IDN.13.1_1,KalimantanSelatan,Balangan,Kabupaten,2019-12,2019,12,3
IDN.13.1_1,KalimantanSelatan,Balangan,Kabupaten,2020-01,2020,1,0
IDN.13.1_1,KalimantanSelatan,Balangan,Kabupaten,2020-02,2020,2,1
IDN.13.1_1,KalimantanSelatan,Balangan,Kabupaten,2020-03,2020,3,2
IDN.13.1_1,KalimantanSelatan,Balangan,Kabupaten,2020-04,2020,4,3
IDN.13.1_1,KalimantanSelatan,Balangan,Kabupaten,2020-05,2020,5,1
IDN.13.1_1,KalimantanSelatan,Balangan,Kabupaten,2020-06,2020,6,1
IDN.13.1_1,KalimantanSelatan,Balangan,Kabupaten,2020-07,2020,7,2
IDN.13.1_1,KalimantanSelatan,Balangan,Kabupaten,2020-08,2020,8,7
IDN.13.1_1,KalimantanSelatan,Balangan,Kabupaten,2020-09,2020,9,14
IDN.13.1_1,KalimantanSelatan,Balangan,Kabupaten,2020-10,2020,10,17
IDN.13.1_1,KalimantanSelatan,Balangan,Kabupaten,2020-11,2020,11,3
IDN.13.1_1,KalimantanSelatan,Balangan,Kabupaten,2020-12,2020,12,0
IDN.13.1_1,KalimantanSelatan,Balangan,Kabupaten,2021-01,2021,1,0
IDN.13.1_1,KalimantanSelatan,Balangan,Kabupaten,2021-02,2021,2,0
IDN.13.1_1,KalimantanSelatan,Balangan,Kabupaten,2021-03,2021,3,0
IDN.13.1_1,KalimantanSelatan,Balangan,Kabupaten,2021-04,2021,4,2
IDN.13.1_1,KalimantanSelatan,Balangan,Kabupaten,2021-05,2021,5,1
IDN.13.1_1,KalimantanSelatan,Balangan,Kabupaten,2021-06,2021,6,3
IDN.13.1_1,KalimantanSelatan,Balangan,Kabupaten,2021-07,2021,7,2
IDN.13.1_1,KalimantanSelatan,Balangan,Kabupaten,2021-08,2021,8,6
IDN.13.1_1,KalimantanSelatan,Balangan,Kabupaten,2021-09,2021,9,11
IDN.13.1_1,KalimantanSelatan,Balangan,Kabupaten,2021-10,2021,10,12
IDN.13.1_1,KalimantanSelatan,Balangan,Kabupaten,2021-11,2021,11,0
IDN.13.1_1,KalimantanSelatan,Balangan,Kabupaten,2021-12,2021,12,1
IDN.13.1_1,KalimantanSelatan,Balangan,Kabupaten,2022-01,2022,1,3
IDN.13.1_1,KalimantanSelatan,Balangan,Kabupaten,2022-02,2022,2,0
IDN.13.1_1,KalimantanSelatan,Balangan,Kabupaten,2022-03,2022,3,1
IDN.13.1_1,KalimantanSelatan,Balangan,Kabupaten,2022-04,2022,4,1
IDN.13.1_1,KalimantanSelatan,Balangan,Kabupaten,2022-05,2022,5,4
IDN.13.1_1,KalimantanSelatan,Balangan,Kabupaten,2022-06,2022,6,8
IDN.13.1_1,KalimantanSelatan,Balangan,Kabupaten,2022-07,2022,7,4
IDN.13.1_1,KalimantanSelatan,Balangan,Kabupaten,2022-08,2022,8,12
IDN.13.1_1,KalimantanSelatan,Balangan,Kabupaten,2022-09,2022,9,18
IDN.13.1_1,KalimantanSelatan,Balangan,Kabupaten,2022-10,2022,10,2
IDN.13.1_1,KalimantanSelatan,Balangan,Kabupaten,2022-11,2022,11,1
IDN.13.1_1,KalimantanSelatan,Balangan,Kabupaten,2022-12,2022,12,0
IDN.13.1_1,KalimantanSelatan,Balangan,Kabupaten,2023-01,2023,1,3
IDN.13.1_1,KalimantanSelatan,Balangan,Kabupaten,2023-02,2023,2,0
IDN.13.1_1,KalimantanSelatan,Balangan,Kabupaten,2023-03,2023,3,0
IDN.13.1_1,KalimantanSelatan,Balangan,Kabupaten,2023-04,2023,4,0
IDN.13.1_1,KalimantanSelatan,Balangan,Kabupaten,2023-05,2023,5,3
IDN.13.1_1,KalimantanSelatan,Balangan,Kabupaten,2023-06,2023,6,6
IDN.13.1_1,KalimantanSelatan,Balangan,Kabupaten,2023-07,2023,7,29
IDN.13.1_1,KalimantanSelatan,Balangan,Kabupaten,2023-08,2023,8,84
IDN.13.1_1,KalimantanSelatan,Balangan,Kabupaten,2023-09,2023,9,111
IDN.13.1_1,KalimantanSelatan,Balangan,Kabupaten,2023-10,2023,10,46
IDN.13.1_1,KalimantanSelatan,Balangan,Kabupaten,2023-11,2023,11,7
IDN.13.1_1,KalimantanSelatan,Balangan,Kabupaten,2023-12,2023,12,0
IDN.13.1_1,KalimantanSelatan,Balangan,Kabupaten,2024-01,2024,1,1
IDN.13.1_1,KalimantanSelatan,Balangan,Kabupaten,2024-02,2024,2,4
IDN.13.1_1,KalimantanSelatan,Balangan,Kabupaten,2024-03,2024,3,0
IDN.13.1_1,KalimantanSelatan,Balangan,Kabupaten,2024-04,2024,4,1
IDN.13.1_1,KalimantanSelatan,Balangan,Kabupaten,2024-05,2024,5,7
IDN.13.1_1,KalimantanSelatan,Balangan,Kabupaten,2024-06,2024,6,8
IDN.13.1_1,KalimantanSelatan,Balangan,Kabupaten,2024-07,2024,7,13
IDN.13.1_1,KalimantanSelatan,Balangan,Kabupaten,2024-08,2024,8,14
IDN.13.1_1,KalimantanSelatan,Balangan,Kabupaten,2024-09,2024,9,47
IDN.13.1_1,KalimantanSelatan,Balangan,Kabupaten,2024-10,2024,10,36
IDN.13.1_1,KalimantanSelatan,Balangan,Kabupaten,2024-11,2024,11,2
IDN.13.1_1,KalimantanSelatan,Balangan,Kabupaten,2024-12,2024,12,0
IDN.13.1_1,KalimantanSelatan,Balangan,Kabupaten,2025-01,2025,1,0
IDN.13.1_1,KalimantanSelatan,Balangan,Kabupaten,2025-02,2025,2,0
IDN.13.1_1,KalimantanSelatan,Balangan,Kabupaten,2025-03,2025,3,1
IDN.13.1_1,KalimantanSelatan,Balangan,Kabupaten,2025-04,2025,4,4
IDN.13.1_1,KalimantanSelatan,Balangan,Kabupaten,2025-05,2025,5,1
IDN.13.1_1,KalimantanSelatan,Balangan,Kabupaten,2025-06,2025,6,0
IDN.13.1_1,KalimantanSelatan,Balangan,Kabupaten,2025-07,2025,7,12
IDN.13.1_1,KalimantanSelatan,Balangan,Kabupaten,2025-08,2025,8,8
IDN.13.1_1,KalimantanSelatan,Balangan,Kabupaten,2025-09,2025,9,20
IDN.13.1_1,KalimantanSelatan,Balangan,Kabupaten,2025-10,2025,10,14
IDN.13.1_1,KalimantanSelatan,Balangan,Kabupaten,2025-11,2025,11,5
IDN.13.1_1,KalimantanSelatan,Balangan,Kabupaten,2025-12,2025,12,0
IDN.13.3_1,KalimantanSelatan,Banjar,Kabupaten,2012-01,2012,1,1
IDN.13.3_1,KalimantanSelatan,Banjar,Kabupaten,2012-02,2012,2,0
IDN.13.3_1,KalimantanSelatan,Banjar,Kabupaten,2012-03,2012,3,0
IDN.13.3_1,KalimantanSelatan,Banjar,Kabupaten,2012-04,2012,4,3
IDN.13.3_1,KalimantanSelatan,Banjar,Kabupaten,2012-05,2012,5,17
IDN.13.3_1,KalimantanSelatan,Banjar,Kabupaten,2012-06,2012,6,8
IDN.13.3_1,KalimantanSelatan,Banjar,Kabupaten,2012-07,2012,7,27
IDN.13.3_1,KalimantanSelatan,Banjar,Kabupaten,2012-08,2012,8,176
IDN.13.3_1,KalimantanSelatan,Banjar,Kabupaten,2012-09,2012,9,745
IDN.13.3_1,KalimantanSelatan,Banjar,Kabupaten,2012-10,2012,10,448
IDN.13.3_1,KalimantanSelatan,Banjar,Kabupaten,2012-11,2012,11,13
IDN.13.3_1,KalimantanSelatan,Banjar,Kabupaten,2012-12,2012,12,6
IDN.13.3_1,KalimantanSelatan,Banjar,Kabupaten,2013-01,2013,1,3
IDN.13.3_1,KalimantanSelatan,Banjar,Kabupaten,2013-02,2013,2,2
IDN.13.3_1,KalimantanSelatan,Banjar,Kabupaten,2013-03,2013,3,0
IDN.13.3_1,KalimantanSelatan,Banjar,Kabupaten,2013-04,2013,4,1
IDN.13.3_1,KalimantanSelatan,Banjar,Kabupaten,2013-05,2013,5,5
IDN.13.3_1,KalimantanSelatan,Banjar,Kabupaten,2013-06,2013,6,11
IDN.13.3_1,KalimantanSelatan,Banjar,Kabupaten,2013-07,2013,7,12
IDN.13.3_1,KalimantanSelatan,Banjar,Kabupaten,2013-08,2013,8,56
IDN.13.3_1,KalimantanSelatan,Banjar,Kabupaten,2013-09,2013,9,284
IDN.13.3_1,KalimantanSelatan,Banjar,Kabupaten,2013-10,2013,10,301
IDN.13.3_1,KalimantanSelatan,Banjar,Kabupaten,2013-11,2013,11,14
IDN.13.3_1,KalimantanSelatan,Banjar,Kabupaten,2013-12,2013,12,0
IDN.13.3_1,KalimantanSelatan,Banjar,Kabupaten,2014-01,2014,1,0
IDN.13.3_1,KalimantanSelatan,Banjar,Kabupaten,2014-02,2014,2,1
IDN.13.3_1,KalimantanSelatan,Banjar,Kabupaten,2014-03,2014,3,3
IDN.13.3_1,KalimantanSelatan,Banjar,Kabupaten,2014-04,2014,4,2
IDN.13.3_1,KalimantanSelatan,Banjar,Kabupaten,2014-05,2014,5,8
IDN.13.3_1,KalimantanSelatan,Banjar,Kabupaten,2014-06,2014,6,2
IDN.13.3_1,KalimantanSelatan,Banjar,Kabupaten,2014-07,2014,7,41
IDN.13.3_1,KalimantanSelatan,Banjar,Kabupaten,2014-08,2014,8,256
IDN.13.3_1,KalimantanSelatan,Banjar,Kabupaten,2014-09,2014,9,1234
IDN.13.3_1,KalimantanSelatan,Banjar,Kabupaten,2014-10,2014,10,1639
IDN.13.3_1,KalimantanSelatan,Banjar,Kabupaten,2014-11,2014,11,190
IDN.13.3_1,KalimantanSelatan,Banjar,Kabupaten,2014-12,2014,12,0
IDN.13.3_1,KalimantanSelatan,Banjar,Kabupaten,2015-01,2015,1,0
IDN.13.3_1,KalimantanSelatan,Banjar,Kabupaten,2015-02,2015,2,0
IDN.13.3_1,KalimantanSelatan,Banjar,Kabupaten,2015-03,2015,3,0
IDN.13.3_1,KalimantanSelatan,Banjar,Kabupaten,2015-04,2015,4,1
IDN.13.3_1,KalimantanSelatan,Banjar,Kabupaten,2015-05,2015,5,4
IDN.13.3_1,KalimantanSelatan,Banjar,Kabupaten,2015-06,2015,6,7
IDN.13.3_1,KalimantanSelatan,Banjar,Kabupaten,2015-07,2015,7,93
IDN.13.3_1,KalimantanSelatan,Banjar,Kabupaten,2015-08,2015,8,433
IDN.13.3_1,KalimantanSelatan,Banjar,Kabupaten,2015-09,2015,9,3023
IDN.13.3_1,KalimantanSelatan,Banjar,Kabupaten,2015-10,2015,10,2061
IDN.13.3_1,KalimantanSelatan,Banjar,Kabupaten,2015-11,2015,11,187
IDN.13.3_1,KalimantanSelatan,Banjar,Kabupaten,2015-12,2015,12,11
IDN.13.3_1,KalimantanSelatan,Banjar,Kabupaten,2016-01,2016,1,13
IDN.13.3_1,KalimantanSelatan,Banjar,Kabupaten,2016-02,2016,2,1
IDN.13.3_1,KalimantanSelatan,Banjar,Kabupaten,2016-03,2016,3,1
IDN.13.3_1,KalimantanSelatan,Banjar,Kabupaten,2016-04,2016,4,0
IDN.13.3_1,KalimantanSelatan,Banjar,Kabupaten,2016-05,2016,5,0
IDN.13.3_1,KalimantanSelatan,Banjar,Kabupaten,2016-06,2016,6,4
IDN.13.3_1,KalimantanSelatan,Banjar,Kabupaten,2016-07,2016,7,8
IDN.13.3_1,KalimantanSelatan,Banjar,Kabupaten,2016-08,2016,8,23
IDN.13.3_1,KalimantanSelatan,Banjar,Kabupaten,2016-09,2016,9,55
IDN.13.3_1,KalimantanSelatan,Banjar,Kabupaten,2016-10,2016,10,69
IDN.13.3_1,KalimantanSelatan,Banjar,Kabupaten,2016-11,2016,11,5
IDN.13.3_1,KalimantanSelatan,Banjar,Kabupaten,2016-12,2016,12,0
IDN.13.3_1,KalimantanSelatan,Banjar,Kabupaten,2017-01,2017,1,1
IDN.13.3_1,KalimantanSelatan,Banjar,Kabupaten,2017-02,2017,2,1
IDN.13.3_1,KalimantanSelatan,Banjar,Kabupaten,2017-03,2017,3,5
IDN.13.3_1,KalimantanSelatan,Banjar,Kabupaten,2017-04,2017,4,2
IDN.13.3_1,KalimantanSelatan,Banjar,Kabupaten,2017-05,2017,5,4
IDN.13.3_1,KalimantanSelatan,Banjar,Kabupaten,2017-06,2017,6,11
IDN.13.3_1,KalimantanSelatan,Banjar,Kabupaten,2017-07,2017,7,24
IDN.13.3_1,KalimantanSelatan,Banjar,Kabupaten,2017-08,2017,8,51
IDN.13.3_1,KalimantanSelatan,Banjar,Kabupaten,2017-09,2017,9,227
IDN.13.3_1,KalimantanSelatan,Banjar,Kabupaten,2017-10,2017,10,75
IDN.13.3_1,KalimantanSelatan,Banjar,Kabupaten,2017-11,2017,11,2
IDN.13.3_1,KalimantanSelatan,Banjar,Kabupaten,2017-12,2017,12,1
IDN.13.3_1,KalimantanSelatan,Banjar,Kabupaten,2018-01,2018,1,1
IDN.13.3_1,KalimantanSelatan,Banjar,Kabupaten,2018-02,2018,2,3
IDN.13.3_1,KalimantanSelatan,Banjar,Kabupaten,2018-03,2018,3,2
IDN.13.3_1,KalimantanSelatan,Banjar,Kabupaten,2018-04,2018,4,2
IDN.13.3_1,KalimantanSelatan,Banjar,Kabupaten,2018-05,2018,5,9
IDN.13.3_1,KalimantanSelatan,Banjar,Kabupaten,2018-06,2018,6,18
IDN.13.3_1,KalimantanSelatan,Banjar,Kabupaten,2018-07,2018,7,92
IDN.13.3_1,KalimantanSelatan,Banjar,Kabupaten,2018-08,2018,8,202
IDN.13.3_1,KalimantanSelatan,Banjar,Kabupaten,2018-09,2018,9,843
IDN.13.3_1,KalimantanSelatan,Banjar,Kabupaten,2018-10,2018,10,512
IDN.13.3_1,KalimantanSelatan,Banjar,Kabupaten,2018-11,2018,11,25
IDN.13.3_1,KalimantanSelatan,Banjar,Kabupaten,2018-12,2018,12,0
IDN.13.3_1,KalimantanSelatan,Banjar,Kabupaten,2019-01,2019,1,3
IDN.13.3_1,KalimantanSelatan,Banjar,Kabupaten,2019-02,2019,2,2
IDN.13.3_1,KalimantanSelatan,Banjar,Kabupaten,2019-03,2019,3,3
IDN.13.3_1,KalimantanSelatan,Banjar,Kabupaten,2019-04,2019,4,1
IDN.13.3_1,KalimantanSelatan,Banjar,Kabupaten,2019-05,2019,5,3
IDN.13.3_1,KalimantanSelatan,Banjar,Kabupaten,2019-06,2019,6,6
IDN.13.3_1,KalimantanSelatan,Banjar,Kabupaten,2019-07,2019,7,77
IDN.13.3_1,KalimantanSelatan,Banjar,Kabupaten,2019-08,2019,8,292
IDN.13.3_1,KalimantanSelatan,Banjar,Kabupaten,2019-09,2019,9,1307
IDN.13.3_1,KalimantanSelatan,Banjar,Kabupaten,2019-10,2019,10,480
IDN.13.3_1,KalimantanSelatan,Banjar,Kabupaten,2019-11,2019,11,314
IDN.13.3_1,KalimantanSelatan,Banjar,Kabupaten,2019-12,2019,12,5
IDN.13.3_1,KalimantanSelatan,Banjar,Kabupaten,2020-01,2020,1,0
IDN.13.3_1,KalimantanSelatan,Banjar,Kabupaten,2020-02,2020,2,1
IDN.13.3_1,KalimantanSelatan,Banjar,Kabupaten,2020-03,2020,3,0
IDN.13.3_1,KalimantanSelatan,Banjar,Kabupaten,2020-04,2020,4,1
IDN.13.3_1,KalimantanSelatan,Banjar,Kabupaten,2020-05,2020,5,0
IDN.13.3_1,KalimantanSelatan,Banjar,Kabupaten,2020-06,2020,6,4
IDN.13.3_1,KalimantanSelatan,Banjar,Kabupaten,2020-07,2020,7,6
IDN.13.3_1,KalimantanSelatan,Banjar,Kabupaten,2020-08,2020,8,52
IDN.13.3_1,KalimantanSelatan,Banjar,Kabupaten,2020-09,2020,9,60
IDN.13.3_1,KalimantanSelatan,Banjar,Kabupaten,2020-10,2020,10,39
IDN.13.3_1,KalimantanSelatan,Banjar,Kabupaten,2020-11,2020,11,6
IDN.13.3_1,KalimantanSelatan,Banjar,Kabupaten,2020-12,2020,12,0
IDN.13.3_1,KalimantanSelatan,Banjar,Kabupaten,2021-01,2021,1,0
IDN.13.3_1,KalimantanSelatan,Banjar,Kabupaten,2021-02,2021,2,0
IDN.13.3_1,KalimantanSelatan,Banjar,Kabupaten,2021-03,2021,3,1
IDN.13.3_1,KalimantanSelatan,Banjar,Kabupaten,2021-04,2021,4,4
IDN.13.3_1,KalimantanSelatan,Banjar,Kabupaten,2021-05,2021,5,3
IDN.13.3_1,KalimantanSelatan,Banjar,Kabupaten,2021-06,2021,6,18
IDN.13.3_1,KalimantanSelatan,Banjar,Kabupaten,2021-07,2021,7,25
IDN.13.3_1,KalimantanSelatan,Banjar,Kabupaten,2021-08,2021,8,40
IDN.13.3_1,KalimantanSelatan,Banjar,Kabupaten,2021-09,2021,9,35
IDN.13.3_1,KalimantanSelatan,Banjar,Kabupaten,2021-10,2021,10,12
IDN.13.3_1,KalimantanSelatan,Banjar,Kabupaten,2021-11,2021,11,2
IDN.13.3_1,KalimantanSelatan,Banjar,Kabupaten,2021-12,2021,12,0
IDN.13.3_1,KalimantanSelatan,Banjar,Kabupaten,2022-01,2022,1,1
IDN.13.3_1,KalimantanSelatan,Banjar,Kabupaten,2022-02,2022,2,0
IDN.13.3_1,KalimantanSelatan,Banjar,Kabupaten,2022-03,2022,3,5
IDN.13.3_1,KalimantanSelatan,Banjar,Kabupaten,2022-04,2022,4,1
IDN.13.3_1,KalimantanSelatan,Banjar,Kabupaten,2022-05,2022,5,1
IDN.13.3_1,KalimantanSelatan,Banjar,Kabupaten,2022-06,2022,6,1
IDN.13.3_1,KalimantanSelatan,Banjar,Kabupaten,2022-07,2022,7,16
IDN.13.3_1,KalimantanSelatan,Banjar,Kabupaten,2022-08,2022,8,11
IDN.13.3_1,KalimantanSelatan,Banjar,Kabupaten,2022-09,2022,9,49
IDN.13.3_1,KalimantanSelatan,Banjar,Kabupaten,2022-10,2022,10,3
IDN.13.3_1,KalimantanSelatan,Banjar,Kabupaten,2022-11,2022,11,2
IDN.13.3_1,KalimantanSelatan,Banjar,Kabupaten,2022-12,2022,12,4
IDN.13.3_1,KalimantanSelatan,Banjar,Kabupaten,2023-01,2023,1,1
IDN.13.3_1,KalimantanSelatan,Banjar,Kabupaten,2023-02,2023,2,0
IDN.13.3_1,KalimantanSelatan,Banjar,Kabupaten,2023-03,2023,3,3
IDN.13.3_1,KalimantanSelatan,Banjar,Kabupaten,2023-04,2023,4,2
IDN.13.3_1,KalimantanSelatan,Banjar,Kabupaten,2023-05,2023,5,18
IDN.13.3_1,KalimantanSelatan,Banjar,Kabupaten,2023-06,2023,6,53
IDN.13.3_1,KalimantanSelatan,Banjar,Kabupaten,2023-07,2023,7,143
IDN.13.3_1,KalimantanSelatan,Banjar,Kabupaten,2023-08,2023,8,898
IDN.13.3_1,KalimantanSelatan,Banjar,Kabupaten,2023-09,2023,9,1574
IDN.13.3_1,KalimantanSelatan,Banjar,Kabupaten,2023-10,2023,10,695
IDN.13.3_1,KalimantanSelatan,Banjar,Kabupaten,2023-11,2023,11,29
IDN.13.3_1,KalimantanSelatan,Banjar,Kabupaten,2023-12,2023,12,25
IDN.13.3_1,KalimantanSelatan,Banjar,Kabupaten,2024-01,2024,1,10
IDN.13.3_1,KalimantanSelatan,Banjar,Kabupaten,2024-02,2024,2,4
IDN.13.3_1,KalimantanSelatan,Banjar,Kabupaten,2024-03,2024,3,2
IDN.13.3_1,KalimantanSelatan,Banjar,Kabupaten,2024-04,2024,4,0
IDN.13.3_1,KalimantanSelatan,Banjar,Kabupaten,2024-05,2024,5,2
IDN.13.3_1,KalimantanSelatan,Banjar,Kabupaten,2024-06,2024,6,0
IDN.13.3_1,KalimantanSelatan,Banjar,Kabupaten,2024-07,2024,7,6
IDN.13.3_1,KalimantanSelatan,Banjar,Kabupaten,2024-08,2024,8,13
IDN.13.3_1,KalimantanSelatan,Banjar,Kabupaten,2024-09,2024,9,134
IDN.13.3_1,KalimantanSelatan,Banjar,Kabupaten,2024-10,2024,10,77
IDN.13.3_1,KalimantanSelatan,Banjar,Kabupaten,2024-11,2024,11,5
IDN.13.3_1,KalimantanSelatan,Banjar,Kabupaten,2024-12,2024,12,0
IDN.13.3_1,KalimantanSelatan,Banjar,Kabupaten,2025-01,2025,1,0
IDN.13.3_1,KalimantanSelatan,Banjar,Kabupaten,2025-02,2025,2,1
IDN.13.3_1,KalimantanSelatan,Banjar,Kabupaten,2025-03,2025,3,0
IDN.13.3_1,KalimantanSelatan,Banjar,Kabupaten,2025-04,2025,4,2
IDN.13.3_1,KalimantanSelatan,Banjar,Kabupaten,2025-05,2025,5,0
IDN.13.3_1,KalimantanSelatan,Banjar,Kabupaten,2025-06,2025,6,3
IDN.13.3_1,KalimantanSelatan,Banjar,Kabupaten,2025-07,2025,7,99
IDN.13.3_1,KalimantanSelatan,Banjar,Kabupaten,2025-08,2025,8,9
IDN.13.3_1,KalimantanSelatan,Banjar,Kabupaten,2025-09,2025,9,65
IDN.13.3_1,KalimantanSelatan,Banjar,Kabupaten,2025-10,2025,10,28
IDN.13.3_1,KalimantanSelatan,Banjar,Kabupaten,2025-11,2025,11,2
IDN.13.3_1,KalimantanSelatan,Banjar,Kabupaten,2025-12,2025,12,0
IDN.13.2_1,KalimantanSelatan,BanjarBaru,Kota,2012-01,2012,1,1
IDN.13.2_1,KalimantanSelatan,BanjarBaru,Kota,2012-02,2012,2,0
IDN.13.2_1,KalimantanSelatan,BanjarBaru,Kota,2012-03,2012,3,1
IDN.13.2_1,KalimantanSelatan,BanjarBaru,Kota,2012-04,2012,4,1
IDN.13.2_1,KalimantanSelatan,BanjarBaru,Kota,2012-05,2012,5,3
IDN.13.2_1,KalimantanSelatan,BanjarBaru,Kota,2012-06,2012,6,0
IDN.13.2_1,KalimantanSelatan,BanjarBaru,Kota,2012-07,2012,7,2
IDN.13.2_1,KalimantanSelatan,BanjarBaru,Kota,2012-08,2012,8,30
IDN.13.2_1,KalimantanSelatan,BanjarBaru,Kota,2012-09,2012,9,80
IDN.13.2_1,KalimantanSelatan,BanjarBaru,Kota,2012-10,2012,10,42
IDN.13.2_1,KalimantanSelatan,BanjarBaru,Kota,2012-11,2012,11,6
IDN.13.2_1,KalimantanSelatan,BanjarBaru,Kota,2012-12,2012,12,1
IDN.13.2_1,KalimantanSelatan,BanjarBaru,Kota,2013-01,2013,1,0
IDN.13.2_1,KalimantanSelatan,BanjarBaru,Kota,2013-02,2013,2,0
IDN.13.2_1,KalimantanSelatan,BanjarBaru,Kota,2013-03,2013,3,0
IDN.13.2_1,KalimantanSelatan,BanjarBaru,Kota,2013-04,2013,4,0
IDN.13.2_1,KalimantanSelatan,BanjarBaru,Kota,2013-05,2013,5,0
IDN.13.2_1,KalimantanSelatan,BanjarBaru,Kota,2013-06,2013,6,2
IDN.13.2_1,KalimantanSelatan,BanjarBaru,Kota,2013-07,2013,7,2
IDN.13.2_1,KalimantanSelatan,BanjarBaru,Kota,2013-08,2013,8,13
IDN.13.2_1,KalimantanSelatan,BanjarBaru,Kota,2013-09,2013,9,35
IDN.13.2_1,KalimantanSelatan,BanjarBaru,Kota,2013-10,2013,10,135
IDN.13.2_1,KalimantanSelatan,BanjarBaru,Kota,2013-11,2013,11,3
IDN.13.2_1,KalimantanSelatan,BanjarBaru,Kota,2013-12,2013,12,2
IDN.13.2_1,KalimantanSelatan,BanjarBaru,Kota,2014-01,2014,1,0
IDN.13.2_1,KalimantanSelatan,BanjarBaru,Kota,2014-02,2014,2,0
IDN.13.2_1,KalimantanSelatan,BanjarBaru,Kota,2014-03,2014,3,0
IDN.13.2_1,KalimantanSelatan,BanjarBaru,Kota,2014-04,2014,4,0
IDN.13.2_1,KalimantanSelatan,BanjarBaru,Kota,2014-05,2014,5,0
IDN.13.2_1,KalimantanSelatan,BanjarBaru,Kota,2014-06,2014,6,0
IDN.13.2_1,KalimantanSelatan,BanjarBaru,Kota,2014-07,2014,7,0
IDN.13.2_1,KalimantanSelatan,BanjarBaru,Kota,2014-08,2014,8,31
IDN.13.2_1,KalimantanSelatan,BanjarBaru,Kota,2014-09,2014,9,163
IDN.13.2_1,KalimantanSelatan,BanjarBaru,Kota,2014-10,2014,10,83
IDN.13.2_1,KalimantanSelatan,BanjarBaru,Kota,2014-11,2014,11,52
IDN.13.2_1,KalimantanSelatan,BanjarBaru,Kota,2014-12,2014,12,0
IDN.13.2_1,KalimantanSelatan,BanjarBaru,Kota,2015-01,2015,1,0
IDN.13.2_1,KalimantanSelatan,BanjarBaru,Kota,2015-02,2015,2,0
IDN.13.2_1,KalimantanSelatan,BanjarBaru,Kota,2015-03,2015,3,0
IDN.13.2_1,KalimantanSelatan,BanjarBaru,Kota,2015-04,2015,4,0
IDN.13.2_1,KalimantanSelatan,BanjarBaru,Kota,2015-05,2015,5,1
IDN.13.2_1,KalimantanSelatan,BanjarBaru,Kota,2015-06,2015,6,0
IDN.13.2_1,KalimantanSelatan,BanjarBaru,Kota,2015-07,2015,7,13
IDN.13.2_1,KalimantanSelatan,BanjarBaru,Kota,2015-08,2015,8,236
IDN.13.2_1,KalimantanSelatan,BanjarBaru,Kota,2015-09,2015,9,331
IDN.13.2_1,KalimantanSelatan,BanjarBaru,Kota,2015-10,2015,10,201
IDN.13.2_1,KalimantanSelatan,BanjarBaru,Kota,2015-11,2015,11,4
IDN.13.2_1,KalimantanSelatan,BanjarBaru,Kota,2015-12,2015,12,0
IDN.13.2_1,KalimantanSelatan,BanjarBaru,Kota,2016-01,2016,1,0
IDN.13.2_1,KalimantanSelatan,BanjarBaru,Kota,2016-02,2016,2,0
IDN.13.2_1,KalimantanSelatan,BanjarBaru,Kota,2016-03,2016,3,0
IDN.13.2_1,KalimantanSelatan,BanjarBaru,Kota,2016-04,2016,4,0
IDN.13.2_1,KalimantanSelatan,BanjarBaru,Kota,2016-05,2016,5,0
IDN.13.2_1,KalimantanSelatan,BanjarBaru,Kota,2016-06,2016,6,0
IDN.13.2_1,KalimantanSelatan,BanjarBaru,Kota,2016-07,2016,7,0
IDN.13.2_1,KalimantanSelatan,BanjarBaru,Kota,2016-08,2016,8,2
IDN.13.2_1,KalimantanSelatan,BanjarBaru,Kota,2016-09,2016,9,5
IDN.13.2_1,KalimantanSelatan,BanjarBaru,Kota,2016-10,2016,10,3
IDN.13.2_1,KalimantanSelatan,BanjarBaru,Kota,2016-11,2016,11,0
IDN.13.2_1,KalimantanSelatan,BanjarBaru,Kota,2016-12,2016,12,0
IDN.13.2_1,KalimantanSelatan,BanjarBaru,Kota,2017-01,2017,1,0
IDN.13.2_1,KalimantanSelatan,BanjarBaru,Kota,2017-02,2017,2,0
IDN.13.2_1,KalimantanSelatan,BanjarBaru,Kota,2017-03,2017,3,0
IDN.13.2_1,KalimantanSelatan,BanjarBaru,Kota,2017-04,2017,4,0
IDN.13.2_1,KalimantanSelatan,BanjarBaru,Kota,2017-05,2017,5,0
IDN.13.2_1,KalimantanSelatan,BanjarBaru,Kota,2017-06,2017,6,0
IDN.13.2_1,KalimantanSelatan,BanjarBaru,Kota,2017-07,2017,7,0
IDN.13.2_1,KalimantanSelatan,BanjarBaru,Kota,2017-08,2017,8,2
IDN.13.2_1,KalimantanSelatan,BanjarBaru,Kota,2017-09,2017,9,55
IDN.13.2_1,KalimantanSelatan,BanjarBaru,Kota,2017-10,2017,10,5
IDN.13.2_1,KalimantanSelatan,BanjarBaru,Kota,2017-11,2017,11,1
IDN.13.2_1,KalimantanSelatan,BanjarBaru,Kota,2017-12,2017,12,0
IDN.13.2_1,KalimantanSelatan,BanjarBaru,Kota,2018-01,2018,1,0
IDN.13.2_1,KalimantanSelatan,BanjarBaru,Kota,2018-02,2018,2,0
IDN.13.2_1,KalimantanSelatan,BanjarBaru,Kota,2018-03,2018,3,0
IDN.13.2_1,KalimantanSelatan,BanjarBaru,Kota,2018-04,2018,4,0
IDN.13.2_1,KalimantanSelatan,BanjarBaru,Kota,2018-05,2018,5,0
IDN.13.2_1,KalimantanSelatan,BanjarBaru,Kota,2018-06,2018,6,2
IDN.13.2_1,KalimantanSelatan,BanjarBaru,Kota,2018-07,2018,7,1
IDN.13.2_1,KalimantanSelatan,BanjarBaru,Kota,2018-08,2018,8,30
IDN.13.2_1,KalimantanSelatan,BanjarBaru,Kota,2018-09,2018,9,193
IDN.13.2_1,KalimantanSelatan,BanjarBaru,Kota,2018-10,2018,10,62
IDN.13.2_1,KalimantanSelatan,BanjarBaru,Kota,2018-11,2018,11,1
IDN.13.2_1,KalimantanSelatan,BanjarBaru,Kota,2018-12,2018,12,0
IDN.13.2_1,KalimantanSelatan,BanjarBaru,Kota,2019-01,2019,1,0
IDN.13.2_1,KalimantanSelatan,BanjarBaru,Kota,2019-02,2019,2,0
IDN.13.2_1,KalimantanSelatan,BanjarBaru,Kota,2019-03,2019,3,0
IDN.13.2_1,KalimantanSelatan,BanjarBaru,Kota,2019-04,2019,4,0
IDN.13.2_1,KalimantanSelatan,BanjarBaru,Kota,2019-05,2019,5,2
IDN.13.2_1,KalimantanSelatan,BanjarBaru,Kota,2019-06,2019,6,0
IDN.13.2_1,KalimantanSelatan,BanjarBaru,Kota,2019-07,2019,7,2
IDN.13.2_1,KalimantanSelatan,BanjarBaru,Kota,2019-08,2019,8,31
IDN.13.2_1,KalimantanSelatan,BanjarBaru,Kota,2019-09,2019,9,419
IDN.13.2_1,KalimantanSelatan,BanjarBaru,Kota,2019-10,2019,10,58
IDN.13.2_1,KalimantanSelatan,BanjarBaru,Kota,2019-11,2019,11,8
IDN.13.2_1,KalimantanSelatan,BanjarBaru,Kota,2019-12,2019,12,2
IDN.13.2_1,KalimantanSelatan,BanjarBaru,Kota,2020-01,2020,1,0
IDN.13.2_1,KalimantanSelatan,BanjarBaru,Kota,2020-02,2020,2,0
IDN.13.2_1,KalimantanSelatan,BanjarBaru,Kota,2020-03,2020,3,0
IDN.13.2_1,KalimantanSelatan,BanjarBaru,Kota,2020-04,2020,4,0
IDN.13.2_1,KalimantanSelatan,BanjarBaru,Kota,2020-05,2020,5,0
IDN.13.2_1,KalimantanSelatan,BanjarBaru,Kota,2020-06,2020,6,0
IDN.13.2_1,KalimantanSelatan,BanjarBaru,Kota,2020-07,2020,7,0
IDN.13.2_1,KalimantanSelatan,BanjarBaru,Kota,2020-08,2020,8,0
IDN.13.2_1,KalimantanSelatan,BanjarBaru,Kota,2020-09,2020,9,3
IDN.13.2_1,KalimantanSelatan,BanjarBaru,Kota,2020-10,2020,10,5
IDN.13.2_1,KalimantanSelatan,BanjarBaru,Kota,2020-11,2020,11,0
IDN.13.2_1,KalimantanSelatan,BanjarBaru,Kota,2020-12,2020,12,0
IDN.13.2_1,KalimantanSelatan,BanjarBaru,Kota,2021-01,2021,1,0
IDN.13.2_1,KalimantanSelatan,BanjarBaru,Kota,2021-02,2021,2,0
IDN.13.2_1,KalimantanSelatan,BanjarBaru,Kota,2021-03,2021,3,0
IDN.13.2_1,KalimantanSelatan,BanjarBaru,Kota,2021-04,2021,4,1
IDN.13.2_1,KalimantanSelatan,BanjarBaru,Kota,2021-05,2021,5,0
IDN.13.2_1,KalimantanSelatan,BanjarBaru,Kota,2021-06,2021,6,1
IDN.13.2_1,KalimantanSelatan,BanjarBaru,Kota,2021-07,2021,7,2
IDN.13.2_1,KalimantanSelatan,BanjarBaru,Kota,2021-08,2021,8,1
IDN.13.2_1,KalimantanSelatan,BanjarBaru,Kota,2021-09,2021,9,0
IDN.13.2_1,KalimantanSelatan,BanjarBaru,Kota,2021-10,2021,10,2
IDN.13.2_1,KalimantanSelatan,BanjarBaru,Kota,2021-11,2021,11,0
IDN.13.2_1,KalimantanSelatan,BanjarBaru,Kota,2021-12,2021,12,0
IDN.13.2_1,KalimantanSelatan,BanjarBaru,Kota,2022-01,2022,1,0
IDN.13.2_1,KalimantanSelatan,BanjarBaru,Kota,2022-02,2022,2,0
IDN.13.2_1,KalimantanSelatan,BanjarBaru,Kota,2022-03,2022,3,0
IDN.13.2_1,KalimantanSelatan,BanjarBaru,Kota,2022-04,2022,4,0
IDN.13.2_1,KalimantanSelatan,BanjarBaru,Kota,2022-05,2022,5,2
IDN.13.2_1,KalimantanSelatan,BanjarBaru,Kota,2022-06,2022,6,0
IDN.13.2_1,KalimantanSelatan,BanjarBaru,Kota,2022-07,2022,7,0
IDN.13.2_1,KalimantanSelatan,BanjarBaru,Kota,2022-08,2022,8,1
IDN.13.2_1,KalimantanSelatan,BanjarBaru,Kota,2022-09,2022,9,0
IDN.13.2_1,KalimantanSelatan,BanjarBaru,Kota,2022-10,2022,10,0
IDN.13.2_1,KalimantanSelatan,BanjarBaru,Kota,2022-11,2022,11,0
IDN.13.2_1,KalimantanSelatan,BanjarBaru,Kota,2022-12,2022,12,0
IDN.13.2_1,KalimantanSelatan,BanjarBaru,Kota,2023-01,2023,1,0
IDN.13.2_1,KalimantanSelatan,BanjarBaru,Kota,2023-02,2023,2,0
IDN.13.2_1,KalimantanSelatan,BanjarBaru,Kota,2023-03,2023,3,0
IDN.13.2_1,KalimantanSelatan,BanjarBaru,Kota,2023-04,2023,4,0
IDN.13.2_1,KalimantanSelatan,BanjarBaru,Kota,2023-05,2023,5,0
IDN.13.2_1,KalimantanSelatan,BanjarBaru,Kota,2023-06,2023,6,14
IDN.13.2_1,KalimantanSelatan,BanjarBaru,Kota,2023-07,2023,7,16
IDN.13.2_1,KalimantanSelatan,BanjarBaru,Kota,2023-08,2023,8,123
IDN.13.2_1,KalimantanSelatan,BanjarBaru,Kota,2023-09,2023,9,224
IDN.13.2_1,KalimantanSelatan,BanjarBaru,Kota,2023-10,2023,10,70
IDN.13.2_1,KalimantanSelatan,BanjarBaru,Kota,2023-11,2023,11,1
IDN.13.2_1,KalimantanSelatan,BanjarBaru,Kota,2023-12,2023,12,0
IDN.13.2_1,KalimantanSelatan,BanjarBaru,Kota,2024-01,2024,1,0
IDN.13.2_1,KalimantanSelatan,BanjarBaru,Kota,2024-02,2024,2,0
IDN.13.2_1,KalimantanSelatan,BanjarBaru,Kota,2024-03,2024,3,0
IDN.13.2_1,KalimantanSelatan,BanjarBaru,Kota,2024-04,2024,4,1
IDN.13.2_1,KalimantanSelatan,BanjarBaru,Kota,2024-05,2024,5,0
IDN.13.2_1,KalimantanSelatan,BanjarBaru,Kota,2024-06,2024,6,0
IDN.13.2_1,KalimantanSelatan,BanjarBaru,Kota,2024-07,2024,7,0
IDN.13.2_1,KalimantanSelatan,BanjarBaru,Kota,2024-08,2024,8,4
IDN.13.2_1,KalimantanSelatan,BanjarBaru,Kota,2024-09,2024,9,5
IDN.13.2_1,KalimantanSelatan,BanjarBaru,Kota,2024-10,2024,10,5
IDN.13.2_1,KalimantanSelatan,BanjarBaru,Kota,2024-11,2024,11,1
IDN.13.2_1,KalimantanSelatan,BanjarBaru,Kota,2024-12,2024,12,0
IDN.13.2_1,KalimantanSelatan,BanjarBaru,Kota,2025-01,2025,1,0
IDN.13.2_1,KalimantanSelatan,BanjarBaru,Kota,2025-02,2025,2,0
IDN.13.2_1,KalimantanSelatan,BanjarBaru,Kota,2025-03,2025,3,0
IDN.13.2_1,KalimantanSelatan,BanjarBaru,Kota,2025-04,2025,4,0
IDN.13.2_1,KalimantanSelatan,BanjarBaru,Kota,2025-05,2025,5,0
IDN.13.2_1,KalimantanSelatan,BanjarBaru,Kota,2025-06,2025,6,0
IDN.13.2_1,KalimantanSelatan,BanjarBaru,Kota,2025-07,2025,7,3
IDN.13.2_1,KalimantanSelatan,BanjarBaru,Kota,2025-08,2025,8,0
IDN.13.2_1,KalimantanSelatan,BanjarBaru,Kota,2025-09,2025,9,0
IDN.13.2_1,KalimantanSelatan,BanjarBaru,Kota,2025-10,2025,10,3
IDN.13.2_1,KalimantanSelatan,BanjarBaru,Kota,2025-11,2025,11,0
IDN.13.2_1,KalimantanSelatan,BanjarBaru,Kota,2025-12,2025,12,0
IDN.13.4_1,KalimantanSelatan,Banjarmasin,Kota,2012-01,2012,1,0
IDN.13.4_1,KalimantanSelatan,Banjarmasin,Kota,2012-02,2012,2,0
IDN.13.4_1,KalimantanSelatan,Banjarmasin,Kota,2012-03,2012,3,0
IDN.13.4_1,KalimantanSelatan,Banjarmasin,Kota,2012-04,2012,4,0
IDN.13.4_1,KalimantanSelatan,Banjarmasin,Kota,2012-05,2012,5,0
IDN.13.4_1,KalimantanSelatan,Banjarmasin,Kota,2012-06,2012,6,0
IDN.13.4_1,KalimantanSelatan,Banjarmasin,Kota,2012-07,2012,7,3
IDN.13.4_1,KalimantanSelatan,Banjarmasin,Kota,2012-08,2012,8,0
IDN.13.4_1,KalimantanSelatan,Banjarmasin,Kota,2012-09,2012,9,1
IDN.13.4_1,KalimantanSelatan,Banjarmasin,Kota,2012-10,2012,10,0
IDN.13.4_1,KalimantanSelatan,Banjarmasin,Kota,2012-11,2012,11,0
IDN.13.4_1,KalimantanSelatan,Banjarmasin,Kota,2012-12,2012,12,0
IDN.13.4_1,KalimantanSelatan,Banjarmasin,Kota,2013-01,2013,1,0
IDN.13.4_1,KalimantanSelatan,Banjarmasin,Kota,2013-02,2013,2,0
IDN.13.4_1,KalimantanSelatan,Banjarmasin,Kota,2013-03,2013,3,0
IDN.13.4_1,KalimantanSelatan,Banjarmasin,Kota,2013-04,2013,4,0
IDN.13.4_1,KalimantanSelatan,Banjarmasin,Kota,2013-05,2013,5,0
IDN.13.4_1,KalimantanSelatan,Banjarmasin,Kota,2013-06,2013,6,0
IDN.13.4_1,KalimantanSelatan,Banjarmasin,Kota,2013-07,2013,7,5
IDN.13.4_1,KalimantanSelatan,Banjarmasin,Kota,2013-08,2013,8,0
IDN.13.4_1,KalimantanSelatan,Banjarmasin,Kota,2013-09,2013,9,0
IDN.13.4_1,KalimantanSelatan,Banjarmasin,Kota,2013-10,2013,10,0
IDN.13.4_1,KalimantanSelatan,Banjarmasin,Kota,2013-11,2013,11,0
IDN.13.4_1,KalimantanSelatan,Banjarmasin,Kota,2013-12,2013,12,0
IDN.13.4_1,KalimantanSelatan,Banjarmasin,Kota,2014-01,2014,1,0
IDN.13.4_1,KalimantanSelatan,Banjarmasin,Kota,2014-02,2014,2,0
IDN.13.4_1,KalimantanSelatan,Banjarmasin,Kota,2014-03,2014,3,0
IDN.13.4_1,KalimantanSelatan,Banjarmasin,Kota,2014-04,2014,4,0
IDN.13.4_1,KalimantanSelatan,Banjarmasin,Kota,2014-05,2014,5,0
IDN.13.4_1,KalimantanSelatan,Banjarmasin,Kota,2014-06,2014,6,0
IDN.13.4_1,KalimantanSelatan,Banjarmasin,Kota,2014-07,2014,7,0
IDN.13.4_1,KalimantanSelatan,Banjarmasin,Kota,2014-08,2014,8,1
IDN.13.4_1,KalimantanSelatan,Banjarmasin,Kota,2014-09,2014,9,6
IDN.13.4_1,KalimantanSelatan,Banjarmasin,Kota,2014-10,2014,10,4
IDN.13.4_1,KalimantanSelatan,Banjarmasin,Kota,2014-11,2014,11,2
IDN.13.4_1,KalimantanSelatan,Banjarmasin,Kota,2014-12,2014,12,0
IDN.13.4_1,KalimantanSelatan,Banjarmasin,Kota,2015-01,2015,1,0
IDN.13.4_1,KalimantanSelatan,Banjarmasin,Kota,2015-02,2015,2,0
IDN.13.4_1,KalimantanSelatan,Banjarmasin,Kota,2015-03,2015,3,0
IDN.13.4_1,KalimantanSelatan,Banjarmasin,Kota,2015-04,2015,4,0
IDN.13.4_1,KalimantanSelatan,Banjarmasin,Kota,2015-05,2015,5,0
IDN.13.4_1,KalimantanSelatan,Banjarmasin,Kota,2015-06,2015,6,0
IDN.13.4_1,KalimantanSelatan,Banjarmasin,Kota,2015-07,2015,7,0
IDN.13.4_1,KalimantanSelatan,Banjarmasin,Kota,2015-08,2015,8,0
IDN.13.4_1,KalimantanSelatan,Banjarmasin,Kota,2015-09,2015,9,2
IDN.13.4_1,KalimantanSelatan,Banjarmasin,Kota,2015-10,2015,10,9
IDN.13.4_1,KalimantanSelatan,Banjarmasin,Kota,2015-11,2015,11,1
IDN.13.4_1,KalimantanSelatan,Banjarmasin,Kota,2015-12,2015,12,0
IDN.13.4_1,KalimantanSelatan,Banjarmasin,Kota,2016-01,2016,1,0
IDN.13.4_1,KalimantanSelatan,Banjarmasin,Kota,2016-02,2016,2,0
IDN.13.4_1,KalimantanSelatan,Banjarmasin,Kota,2016-03,2016,3,0
IDN.13.4_1,KalimantanSelatan,Banjarmasin,Kota,2016-04,2016,4,0
IDN.13.4_1,KalimantanSelatan,Banjarmasin,Kota,2016-05,2016,5,0
IDN.13.4_1,KalimantanSelatan,Banjarmasin,Kota,2016-06,2016,6,0
IDN.13.4_1,KalimantanSelatan,Banjarmasin,Kota,2016-07,2016,7,0
IDN.13.4_1,KalimantanSelatan,Banjarmasin,Kota,2016-08,2016,8,0
IDN.13.4_1,KalimantanSelatan,Banjarmasin,Kota,2016-09,2016,9,0
IDN.13.4_1,KalimantanSelatan,Banjarmasin,Kota,2016-10,2016,10,0
IDN.13.4_1,KalimantanSelatan,Banjarmasin,Kota,2016-11,2016,11,0
IDN.13.4_1,KalimantanSelatan,Banjarmasin,Kota,2016-12,2016,12,0
IDN.13.4_1,KalimantanSelatan,Banjarmasin,Kota,2017-01,2017,1,0
IDN.13.4_1,KalimantanSelatan,Banjarmasin,Kota,2017-02,2017,2,0
IDN.13.4_1,KalimantanSelatan,Banjarmasin,Kota,2017-03,2017,3,0
IDN.13.4_1,KalimantanSelatan,Banjarmasin,Kota,2017-04,2017,4,0
IDN.13.4_1,KalimantanSelatan,Banjarmasin,Kota,2017-05,2017,5,0
IDN.13.4_1,KalimantanSelatan,Banjarmasin,Kota,2017-06,2017,6,0
IDN.13.4_1,KalimantanSelatan,Banjarmasin,Kota,2017-07,2017,7,0
IDN.13.4_1,KalimantanSelatan,Banjarmasin,Kota,2017-08,2017,8,0
IDN.13.4_1,KalimantanSelatan,Banjarmasin,Kota,2017-09,2017,9,0
IDN.13.4_1,KalimantanSelatan,Banjarmasin,Kota,2017-10,2017,10,0
IDN.13.4_1,KalimantanSelatan,Banjarmasin,Kota,2017-11,2017,11,0
IDN.13.4_1,KalimantanSelatan,Banjarmasin,Kota,2017-12,2017,12,0
IDN.13.4_1,KalimantanSelatan,Banjarmasin,Kota,2018-01,2018,1,0
IDN.13.4_1,KalimantanSelatan,Banjarmasin,Kota,2018-02,2018,2,0
IDN.13.4_1,KalimantanSelatan,Banjarmasin,Kota,2018-03,2018,3,0
IDN.13.4_1,KalimantanSelatan,Banjarmasin,Kota,2018-04,2018,4,0
IDN.13.4_1,KalimantanSelatan,Banjarmasin,Kota,2018-05,2018,5,0
IDN.13.4_1,KalimantanSelatan,Banjarmasin,Kota,2018-06,2018,6,0
IDN.13.4_1,KalimantanSelatan,Banjarmasin,Kota,2018-07,2018,7,0
IDN.13.4_1,KalimantanSelatan,Banjarmasin,Kota,2018-08,2018,8,0
IDN.13.4_1,KalimantanSelatan,Banjarmasin,Kota,2018-09,2018,9,0
IDN.13.4_1,KalimantanSelatan,Banjarmasin,Kota,2018-10,2018,10,1
IDN.13.4_1,KalimantanSelatan,Banjarmasin,Kota,2018-11,2018,11,0
IDN.13.4_1,KalimantanSelatan,Banjarmasin,Kota,2018-12,2018,12,0
IDN.13.4_1,KalimantanSelatan,Banjarmasin,Kota,2019-01,2019,1,0
IDN.13.4_1,KalimantanSelatan,Banjarmasin,Kota,2019-02,2019,2,0
IDN.13.4_1,KalimantanSelatan,Banjarmasin,Kota,2019-03,2019,3,0
IDN.13.4_1,KalimantanSelatan,Banjarmasin,Kota,2019-04,2019,4,0
IDN.13.4_1,KalimantanSelatan,Banjarmasin,Kota,2019-05,2019,5,1
IDN.13.4_1,KalimantanSelatan,Banjarmasin,Kota,2019-06,2019,6,0
IDN.13.4_1,KalimantanSelatan,Banjarmasin,Kota,2019-07,2019,7,0
IDN.13.4_1,KalimantanSelatan,Banjarmasin,Kota,2019-08,2019,8,0
IDN.13.4_1,KalimantanSelatan,Banjarmasin,Kota,2019-09,2019,9,0
IDN.13.4_1,KalimantanSelatan,Banjarmasin,Kota,2019-10,2019,10,0
IDN.13.4_1,KalimantanSelatan,Banjarmasin,Kota,2019-11,2019,11,0
IDN.13.4_1,KalimantanSelatan,Banjarmasin,Kota,2019-12,2019,12,0
IDN.13.4_1,KalimantanSelatan,Banjarmasin,Kota,2020-01,2020,1,0
IDN.13.4_1,KalimantanSelatan,Banjarmasin,Kota,2020-02,2020,2,0
IDN.13.4_1,KalimantanSelatan,Banjarmasin,Kota,2020-03,2020,3,0
IDN.13.4_1,KalimantanSelatan,Banjarmasin,Kota,2020-04,2020,4,0
IDN.13.4_1,KalimantanSelatan,Banjarmasin,Kota,2020-05,2020,5,0
IDN.13.4_1,KalimantanSelatan,Banjarmasin,Kota,2020-06,2020,6,0
IDN.13.4_1,KalimantanSelatan,Banjarmasin,Kota,2020-07,2020,7,0
IDN.13.4_1,KalimantanSelatan,Banjarmasin,Kota,2020-08,2020,8,0
IDN.13.4_1,KalimantanSelatan,Banjarmasin,Kota,2020-09,2020,9,0
IDN.13.4_1,KalimantanSelatan,Banjarmasin,Kota,2020-10,2020,10,0
IDN.13.4_1,KalimantanSelatan,Banjarmasin,Kota,2020-11,2020,11,0
IDN.13.4_1,KalimantanSelatan,Banjarmasin,Kota,2020-12,2020,12,0
IDN.13.4_1,KalimantanSelatan,Banjarmasin,Kota,2021-01,2021,1,0
IDN.13.4_1,KalimantanSelatan,Banjarmasin,Kota,2021-02,2021,2,0
IDN.13.4_1,KalimantanSelatan,Banjarmasin,Kota,2021-03,2021,3,0
IDN.13.4_1,KalimantanSelatan,Banjarmasin,Kota,2021-04,2021,4,0
IDN.13.4_1,KalimantanSelatan,Banjarmasin,Kota,2021-05,2021,5,0
IDN.13.4_1,KalimantanSelatan,Banjarmasin,Kota,2021-06,2021,6,2
IDN.13.4_1,KalimantanSelatan,Banjarmasin,Kota,2021-07,2021,7,0
IDN.13.4_1,KalimantanSelatan,Banjarmasin,Kota,2021-08,2021,8,1
IDN.13.4_1,KalimantanSelatan,Banjarmasin,Kota,2021-09,2021,9,0
IDN.13.4_1,KalimantanSelatan,Banjarmasin,Kota,2021-10,2021,10,0
IDN.13.4_1,KalimantanSelatan,Banjarmasin,Kota,2021-11,2021,11,0
IDN.13.4_1,KalimantanSelatan,Banjarmasin,Kota,2021-12,2021,12,0
IDN.13.4_1,KalimantanSelatan,Banjarmasin,Kota,2022-01,2022,1,0
IDN.13.4_1,KalimantanSelatan,Banjarmasin,Kota,2022-02,2022,2,0
IDN.13.4_1,KalimantanSelatan,Banjarmasin,Kota,2022-03,2022,3,0
IDN.13.4_1,KalimantanSelatan,Banjarmasin,Kota,2022-04,2022,4,0
IDN.13.4_1,KalimantanSelatan,Banjarmasin,Kota,2022-05,2022,5,1
IDN.13.4_1,KalimantanSelatan,Banjarmasin,Kota,2022-06,2022,6,0
IDN.13.4_1,KalimantanSelatan,Banjarmasin,Kota,2022-07,2022,7,1
IDN.13.4_1,KalimantanSelatan,Banjarmasin,Kota,2022-08,2022,8,0
IDN.13.4_1,KalimantanSelatan,Banjarmasin,Kota,2022-09,2022,9,0
IDN.13.4_1,KalimantanSelatan,Banjarmasin,Kota,2022-10,2022,10,0
IDN.13.4_1,KalimantanSelatan,Banjarmasin,Kota,2022-11,2022,11,0
IDN.13.4_1,KalimantanSelatan,Banjarmasin,Kota,2022-12,2022,12,0
IDN.13.4_1,KalimantanSelatan,Banjarmasin,Kota,2023-01,2023,1,0
IDN.13.4_1,KalimantanSelatan,Banjarmasin,Kota,2023-02,2023,2,0
IDN.13.4_1,KalimantanSelatan,Banjarmasin,Kota,2023-03,2023,3,0
IDN.13.4_1,KalimantanSelatan,Banjarmasin,Kota,2023-04,2023,4,0
IDN.13.4_1,KalimantanSelatan,Banjarmasin,Kota,2023-05,2023,5,1
IDN.13.4_1,KalimantanSelatan,Banjarmasin,Kota,2023-06,2023,6,4
IDN.13.4_1,KalimantanSelatan,Banjarmasin,Kota,2023-07,2023,7,0
IDN.13.4_1,KalimantanSelatan,Banjarmasin,Kota,2023-08,2023,8,0
IDN.13.4_1,KalimantanSelatan,Banjarmasin,Kota,2023-09,2023,9,0
IDN.13.4_1,KalimantanSelatan,Banjarmasin,Kota,2023-10,2023,10,1
IDN.13.4_1,KalimantanSelatan,Banjarmasin,Kota,2023-11,2023,11,0
IDN.13.4_1,KalimantanSelatan,Banjarmasin,Kota,2023-12,2023,12,0
IDN.13.4_1,KalimantanSelatan,Banjarmasin,Kota,2024-01,2024,1,0
IDN.13.4_1,KalimantanSelatan,Banjarmasin,Kota,2024-02,2024,2,0
IDN.13.4_1,KalimantanSelatan,Banjarmasin,Kota,2024-03,2024,3,0
IDN.13.4_1,KalimantanSelatan,Banjarmasin,Kota,2024-04,2024,4,0
IDN.13.4_1,KalimantanSelatan,Banjarmasin,Kota,2024-05,2024,5,0
IDN.13.4_1,KalimantanSelatan,Banjarmasin,Kota,2024-06,2024,6,0
IDN.13.4_1,KalimantanSelatan,Banjarmasin,Kota,2024-07,2024,7,0
IDN.13.4_1,KalimantanSelatan,Banjarmasin,Kota,2024-08,2024,8,0
IDN.13.4_1,KalimantanSelatan,Banjarmasin,Kota,2024-09,2024,9,0
IDN.13.4_1,KalimantanSelatan,Banjarmasin,Kota,2024-10,2024,10,1
IDN.13.4_1,KalimantanSelatan,Banjarmasin,Kota,2024-11,2024,11,0
IDN.13.4_1,KalimantanSelatan,Banjarmasin,Kota,2024-12,2024,12,0
IDN.13.4_1,KalimantanSelatan,Banjarmasin,Kota,2025-01,2025,1,0
IDN.13.4_1,KalimantanSelatan,Banjarmasin,Kota,2025-02,2025,2,0
IDN.13.4_1,KalimantanSelatan,Banjarmasin,Kota,2025-03,2025,3,0
IDN.13.4_1,KalimantanSelatan,Banjarmasin,Kota,2025-04,2025,4,0
IDN.13.4_1,KalimantanSelatan,Banjarmasin,Kota,2025-05,2025,5,0
IDN.13.4_1,KalimantanSelatan,Banjarmasin,Kota,2025-06,2025,6,1
IDN.13.4_1,KalimantanSelatan,Banjarmasin,Kota,2025-07,2025,7,0
IDN.13.4_1,KalimantanSelatan,Banjarmasin,Kota,2025-08,2025,8,0
IDN.13.4_1,KalimantanSelatan,Banjarmasin,Kota,2025-09,2025,9,0
IDN.13.4_1,KalimantanSelatan,Banjarmasin,Kota,2025-10,2025,10,0
IDN.13.4_1,KalimantanSelatan,Banjarmasin,Kota,2025-11,2025,11,0
IDN.13.4_1,KalimantanSelatan,Banjarmasin,Kota,2025-12,2025,12,0
IDN.13.5_1,KalimantanSelatan,BaritoKuala,Kabupaten,2012-01,2012,1,0
IDN.13.5_1,KalimantanSelatan,BaritoKuala,Kabupaten,2012-02,2012,2,0
IDN.13.5_1,KalimantanSelatan,BaritoKuala,Kabupaten,2012-03,2012,3,0
IDN.13.5_1,KalimantanSelatan,BaritoKuala,Kabupaten,2012-04,2012,4,2
IDN.13.5_1,KalimantanSelatan,BaritoKuala,Kabupaten,2012-05,2012,5,9
IDN.13.5_1,KalimantanSelatan,BaritoKuala,Kabupaten,2012-06,2012,6,0
IDN.13.5_1,KalimantanSelatan,BaritoKuala,Kabupaten,2012-07,2012,7,7
IDN.13.5_1,KalimantanSelatan,BaritoKuala,Kabupaten,2012-08,2012,8,30
IDN.13.5_1,KalimantanSelatan,BaritoKuala,Kabupaten,2012-09,2012,9,392
IDN.13.5_1,KalimantanSelatan,BaritoKuala,Kabupaten,2012-10,2012,10,272
IDN.13.5_1,KalimantanSelatan,BaritoKuala,Kabupaten,2012-11,2012,11,8
IDN.13.5_1,KalimantanSelatan,BaritoKuala,Kabupaten,2012-12,2012,12,0
IDN.13.5_1,KalimantanSelatan,BaritoKuala,Kabupaten,2013-01,2013,1,0
IDN.13.5_1,KalimantanSelatan,BaritoKuala,Kabupaten,2013-02,2013,2,0
IDN.13.5_1,KalimantanSelatan,BaritoKuala,Kabupaten,2013-03,2013,3,0
IDN.13.5_1,KalimantanSelatan,BaritoKuala,Kabupaten,2013-04,2013,4,1
IDN.13.5_1,KalimantanSelatan,BaritoKuala,Kabupaten,2013-05,2013,5,0
IDN.13.5_1,KalimantanSelatan,BaritoKuala,Kabupaten,2013-06,2013,6,5
IDN.13.5_1,KalimantanSelatan,BaritoKuala,Kabupaten,2013-07,2013,7,1
IDN.13.5_1,KalimantanSelatan,BaritoKuala,Kabupaten,2013-08,2013,8,23
IDN.13.5_1,KalimantanSelatan,BaritoKuala,Kabupaten,2013-09,2013,9,48
IDN.13.5_1,KalimantanSelatan,BaritoKuala,Kabupaten,2013-10,2013,10,215
IDN.13.5_1,KalimantanSelatan,BaritoKuala,Kabupaten,2013-11,2013,11,17
IDN.13.5_1,KalimantanSelatan,BaritoKuala,Kabupaten,2013-12,2013,12,2
IDN.13.5_1,KalimantanSelatan,BaritoKuala,Kabupaten,2014-01,2014,1,1
IDN.13.5_1,KalimantanSelatan,BaritoKuala,Kabupaten,2014-02,2014,2,0
IDN.13.5_1,KalimantanSelatan,BaritoKuala,Kabupaten,2014-03,2014,3,0
IDN.13.5_1,KalimantanSelatan,BaritoKuala,Kabupaten,2014-04,2014,4,2
IDN.13.5_1,KalimantanSelatan,BaritoKuala,Kabupaten,2014-05,2014,5,3
IDN.13.5_1,KalimantanSelatan,BaritoKuala,Kabupaten,2014-06,2014,6,6
IDN.13.5_1,KalimantanSelatan,BaritoKuala,Kabupaten,2014-07,2014,7,10
IDN.13.5_1,KalimantanSelatan,BaritoKuala,Kabupaten,2014-08,2014,8,48
IDN.13.5_1,KalimantanSelatan,BaritoKuala,Kabupaten,2014-09,2014,9,635
IDN.13.5_1,KalimantanSelatan,BaritoKuala,Kabupaten,2014-10,2014,10,702
IDN.13.5_1,KalimantanSelatan,BaritoKuala,Kabupaten,2014-11,2014,11,330
IDN.13.5_1,KalimantanSelatan,BaritoKuala,Kabupaten,2014-12,2014,12,1
IDN.13.5_1,KalimantanSelatan,BaritoKuala,Kabupaten,2015-01,2015,1,0
IDN.13.5_1,KalimantanSelatan,BaritoKuala,Kabupaten,2015-02,2015,2,0
IDN.13.5_1,KalimantanSelatan,BaritoKuala,Kabupaten,2015-03,2015,3,0
IDN.13.5_1,KalimantanSelatan,BaritoKuala,Kabupaten,2015-04,2015,4,0
IDN.13.5_1,KalimantanSelatan,BaritoKuala,Kabupaten,2015-05,2015,5,2
IDN.13.5_1,KalimantanSelatan,BaritoKuala,Kabupaten,2015-06,2015,6,0
IDN.13.5_1,KalimantanSelatan,BaritoKuala,Kabupaten,2015-07,2015,7,25
IDN.13.5_1,KalimantanSelatan,BaritoKuala,Kabupaten,2015-08,2015,8,393
IDN.13.5_1,KalimantanSelatan,BaritoKuala,Kabupaten,2015-09,2015,9,1273
IDN.13.5_1,KalimantanSelatan,BaritoKuala,Kabupaten,2015-10,2015,10,1060
IDN.13.5_1,KalimantanSelatan,BaritoKuala,Kabupaten,2015-11,2015,11,60
IDN.13.5_1,KalimantanSelatan,BaritoKuala,Kabupaten,2015-12,2015,12,4
IDN.13.5_1,KalimantanSelatan,BaritoKuala,Kabupaten,2016-01,2016,1,3
IDN.13.5_1,KalimantanSelatan,BaritoKuala,Kabupaten,2016-02,2016,2,0
IDN.13.5_1,KalimantanSelatan,BaritoKuala,Kabupaten,2016-03,2016,3,1
IDN.13.5_1,KalimantanSelatan,BaritoKuala,Kabupaten,2016-04,2016,4,0
IDN.13.5_1,KalimantanSelatan,BaritoKuala,Kabupaten,2016-05,2016,5,2
IDN.13.5_1,KalimantanSelatan,BaritoKuala,Kabupaten,2016-06,2016,6,1
IDN.13.5_1,KalimantanSelatan,BaritoKuala,Kabupaten,2016-07,2016,7,0
IDN.13.5_1,KalimantanSelatan,BaritoKuala,Kabupaten,2016-08,2016,8,29
IDN.13.5_1,KalimantanSelatan,BaritoKuala,Kabupaten,2016-09,2016,9,10
IDN.13.5_1,KalimantanSelatan,BaritoKuala,Kabupaten,2016-10,2016,10,1
IDN.13.5_1,KalimantanSelatan,BaritoKuala,Kabupaten,2016-11,2016,11,0
IDN.13.5_1,KalimantanSelatan,BaritoKuala,Kabupaten,2016-12,2016,12,1
IDN.13.5_1,KalimantanSelatan,BaritoKuala,Kabupaten,2017-01,2017,1,0
IDN.13.5_1,KalimantanSelatan,BaritoKuala,Kabupaten,2017-02,2017,2,0
IDN.13.5_1,KalimantanSelatan,BaritoKuala,Kabupaten,2017-03,2017,3,1
IDN.13.5_1,KalimantanSelatan,BaritoKuala,Kabupaten,2017-04,2017,4,0
IDN.13.5_1,KalimantanSelatan,BaritoKuala,Kabupaten,2017-05,2017,5,0
IDN.13.5_1,KalimantanSelatan,BaritoKuala,Kabupaten,2017-06,2017,6,1
IDN.13.5_1,KalimantanSelatan,BaritoKuala,Kabupaten,2017-07,2017,7,9
IDN.13.5_1,KalimantanSelatan,BaritoKuala,Kabupaten,2017-08,2017,8,3
IDN.13.5_1,KalimantanSelatan,BaritoKuala,Kabupaten,2017-09,2017,9,13
IDN.13.5_1,KalimantanSelatan,BaritoKuala,Kabupaten,2017-10,2017,10,21
IDN.13.5_1,KalimantanSelatan,BaritoKuala,Kabupaten,2017-11,2017,11,4
IDN.13.5_1,KalimantanSelatan,BaritoKuala,Kabupaten,2017-12,2017,12,0
IDN.13.5_1,KalimantanSelatan,BaritoKuala,Kabupaten,2018-01,2018,1,0
IDN.13.5_1,KalimantanSelatan,BaritoKuala,Kabupaten,2018-02,2018,2,0
IDN.13.5_1,KalimantanSelatan,BaritoKuala,Kabupaten,2018-03,2018,3,0
IDN.13.5_1,KalimantanSelatan,BaritoKuala,Kabupaten,2018-04,2018,4,0
IDN.13.5_1,KalimantanSelatan,BaritoKuala,Kabupaten,2018-05,2018,5,1
IDN.13.5_1,KalimantanSelatan,BaritoKuala,Kabupaten,2018-06,2018,6,0
IDN.13.5_1,KalimantanSelatan,BaritoKuala,Kabupaten,2018-07,2018,7,10
IDN.13.5_1,KalimantanSelatan,BaritoKuala,Kabupaten,2018-08,2018,8,42
IDN.13.5_1,KalimantanSelatan,BaritoKuala,Kabupaten,2018-09,2018,9,153
IDN.13.5_1,KalimantanSelatan,BaritoKuala,Kabupaten,2018-10,2018,10,92
IDN.13.5_1,KalimantanSelatan,BaritoKuala,Kabupaten,2018-11,2018,11,3
IDN.13.5_1,KalimantanSelatan,BaritoKuala,Kabupaten,2018-12,2018,12,0
IDN.13.5_1,KalimantanSelatan,BaritoKuala,Kabupaten,2019-01,2019,1,1
IDN.13.5_1,KalimantanSelatan,BaritoKuala,Kabupaten,2019-02,2019,2,1
IDN.13.5_1,KalimantanSelatan,BaritoKuala,Kabupaten,2019-03,2019,3,0
IDN.13.5_1,KalimantanSelatan,BaritoKuala,Kabupaten,2019-04,2019,4,1
IDN.13.5_1,KalimantanSelatan,BaritoKuala,Kabupaten,2019-05,2019,5,0
IDN.13.5_1,KalimantanSelatan,BaritoKuala,Kabupaten,2019-06,2019,6,1
IDN.13.5_1,KalimantanSelatan,BaritoKuala,Kabupaten,2019-07,2019,7,12
IDN.13.5_1,KalimantanSelatan,BaritoKuala,Kabupaten,2019-08,2019,8,70
IDN.13.5_1,KalimantanSelatan,BaritoKuala,Kabupaten,2019-09,2019,9,786
IDN.13.5_1,KalimantanSelatan,BaritoKuala,Kabupaten,2019-10,2019,10,155
IDN.13.5_1,KalimantanSelatan,BaritoKuala,Kabupaten,2019-11,2019,11,117
IDN.13.5_1,KalimantanSelatan,BaritoKuala,Kabupaten,2019-12,2019,12,2
IDN.13.5_1,KalimantanSelatan,BaritoKuala,Kabupaten,2020-01,2020,1,0
IDN.13.5_1,KalimantanSelatan,BaritoKuala,Kabupaten,2020-02,2020,2,1
IDN.13.5_1,KalimantanSelatan,BaritoKuala,Kabupaten,2020-03,2020,3,0
IDN.13.5_1,KalimantanSelatan,BaritoKuala,Kabupaten,2020-04,2020,4,1
IDN.13.5_1,KalimantanSelatan,BaritoKuala,Kabupaten,2020-05,2020,5,0
IDN.13.5_1,KalimantanSelatan,BaritoKuala,Kabupaten,2020-06,2020,6,0
IDN.13.5_1,KalimantanSelatan,BaritoKuala,Kabupaten,2020-07,2020,7,1
IDN.13.5_1,KalimantanSelatan,BaritoKuala,Kabupaten,2020-08,2020,8,4
IDN.13.5_1,KalimantanSelatan,BaritoKuala,Kabupaten,2020-09,2020,9,14
IDN.13.5_1,KalimantanSelatan,BaritoKuala,Kabupaten,2020-10,2020,10,15
IDN.13.5_1,KalimantanSelatan,BaritoKuala,Kabupaten,2020-11,2020,11,1
IDN.13.5_1,KalimantanSelatan,BaritoKuala,Kabupaten,2020-12,2020,12,1
IDN.13.5_1,KalimantanSelatan,BaritoKuala,Kabupaten,2021-01,2021,1,0
IDN.13.5_1,KalimantanSelatan,BaritoKuala,Kabupaten,2021-02,2021,2,0
IDN.13.5_1,KalimantanSelatan,BaritoKuala,Kabupaten,2021-03,2021,3,0
IDN.13.5_1,KalimantanSelatan,BaritoKuala,Kabupaten,2021-04,2021,4,0
IDN.13.5_1,KalimantanSelatan,BaritoKuala,Kabupaten,2021-05,2021,5,1
IDN.13.5_1,KalimantanSelatan,BaritoKuala,Kabupaten,2021-06,2021,6,1
IDN.13.5_1,KalimantanSelatan,BaritoKuala,Kabupaten,2021-07,2021,7,0
IDN.13.5_1,KalimantanSelatan,BaritoKuala,Kabupaten,2021-08,2021,8,0
IDN.13.5_1,KalimantanSelatan,BaritoKuala,Kabupaten,2021-09,2021,9,0
IDN.13.5_1,KalimantanSelatan,BaritoKuala,Kabupaten,2021-10,2021,10,0
IDN.13.5_1,KalimantanSelatan,BaritoKuala,Kabupaten,2021-11,2021,11,0
IDN.13.5_1,KalimantanSelatan,BaritoKuala,Kabupaten,2021-12,2021,12,0
IDN.13.5_1,KalimantanSelatan,BaritoKuala,Kabupaten,2022-01,2022,1,0
IDN.13.5_1,KalimantanSelatan,BaritoKuala,Kabupaten,2022-02,2022,2,0
IDN.13.5_1,KalimantanSelatan,BaritoKuala,Kabupaten,2022-03,2022,3,0
IDN.13.5_1,KalimantanSelatan,BaritoKuala,Kabupaten,2022-04,2022,4,0
IDN.13.5_1,KalimantanSelatan,BaritoKuala,Kabupaten,2022-05,2022,5,0
IDN.13.5_1,KalimantanSelatan,BaritoKuala,Kabupaten,2022-06,2022,6,0
IDN.13.5_1,KalimantanSelatan,BaritoKuala,Kabupaten,2022-07,2022,7,0
IDN.13.5_1,KalimantanSelatan,BaritoKuala,Kabupaten,2022-08,2022,8,19
IDN.13.5_1,KalimantanSelatan,BaritoKuala,Kabupaten,2022-09,2022,9,4
IDN.13.5_1,KalimantanSelatan,BaritoKuala,Kabupaten,2022-10,2022,10,3
IDN.13.5_1,KalimantanSelatan,BaritoKuala,Kabupaten,2022-11,2022,11,0
IDN.13.5_1,KalimantanSelatan,BaritoKuala,Kabupaten,2022-12,2022,12,0
IDN.13.5_1,KalimantanSelatan,BaritoKuala,Kabupaten,2023-01,2023,1,0
IDN.13.5_1,KalimantanSelatan,BaritoKuala,Kabupaten,2023-02,2023,2,0
IDN.13.5_1,KalimantanSelatan,BaritoKuala,Kabupaten,2023-03,2023,3,0
IDN.13.5_1,KalimantanSelatan,BaritoKuala,Kabupaten,2023-04,2023,4,0
IDN.13.5_1,KalimantanSelatan,BaritoKuala,Kabupaten,2023-05,2023,5,0
IDN.13.5_1,KalimantanSelatan,BaritoKuala,Kabupaten,2023-06,2023,6,4
IDN.13.5_1,KalimantanSelatan,BaritoKuala,Kabupaten,2023-07,2023,7,12
IDN.13.5_1,KalimantanSelatan,BaritoKuala,Kabupaten,2023-08,2023,8,176
IDN.13.5_1,KalimantanSelatan,BaritoKuala,Kabupaten,2023-09,2023,9,504
IDN.13.5_1,KalimantanSelatan,BaritoKuala,Kabupaten,2023-10,2023,10,308
IDN.13.5_1,KalimantanSelatan,BaritoKuala,Kabupaten,2023-11,2023,11,12
IDN.13.5_1,KalimantanSelatan,BaritoKuala,Kabupaten,2023-12,2023,12,1
IDN.13.5_1,KalimantanSelatan,BaritoKuala,Kabupaten,2024-01,2024,1,0
IDN.13.5_1,KalimantanSelatan,BaritoKuala,Kabupaten,2024-02,2024,2,0
IDN.13.5_1,KalimantanSelatan,BaritoKuala,Kabupaten,2024-03,2024,3,0
IDN.13.5_1,KalimantanSelatan,BaritoKuala,Kabupaten,2024-04,2024,4,0
IDN.13.5_1,KalimantanSelatan,BaritoKuala,Kabupaten,2024-05,2024,5,0
IDN.13.5_1,KalimantanSelatan,BaritoKuala,Kabupaten,2024-06,2024,6,1
IDN.13.5_1,KalimantanSelatan,BaritoKuala,Kabupaten,2024-07,2024,7,2
IDN.13.5_1,KalimantanSelatan,BaritoKuala,Kabupaten,2024-08,2024,8,8
IDN.13.5_1,KalimantanSelatan,BaritoKuala,Kabupaten,2024-09,2024,9,19
IDN.13.5_1,KalimantanSelatan,BaritoKuala,Kabupaten,2024-10,2024,10,8
IDN.13.5_1,KalimantanSelatan,BaritoKuala,Kabupaten,2024-11,2024,11,0
IDN.13.5_1,KalimantanSelatan,BaritoKuala,Kabupaten,2024-12,2024,12,0
IDN.13.5_1,KalimantanSelatan,BaritoKuala,Kabupaten,2025-01,2025,1,0
IDN.13.5_1,KalimantanSelatan,BaritoKuala,Kabupaten,2025-02,2025,2,0
IDN.13.5_1,KalimantanSelatan,BaritoKuala,Kabupaten,2025-03,2025,3,0
IDN.13.5_1,KalimantanSelatan,BaritoKuala,Kabupaten,2025-04,2025,4,0
IDN.13.5_1,KalimantanSelatan,BaritoKuala,Kabupaten,2025-05,2025,5,0
IDN.13.5_1,KalimantanSelatan,BaritoKuala,Kabupaten,2025-06,2025,6,1
IDN.13.5_1,KalimantanSelatan,BaritoKuala,Kabupaten,2025-07,2025,7,2
IDN.13.5_1,KalimantanSelatan,BaritoKuala,Kabupaten,2025-08,2025,8,5
IDN.13.5_1,KalimantanSelatan,BaritoKuala,Kabupaten,2025-09,2025,9,6
IDN.13.5_1,KalimantanSelatan,BaritoKuala,Kabupaten,2025-10,2025,10,6
IDN.13.5_1,KalimantanSelatan,BaritoKuala,Kabupaten,2025-11,2025,11,5
IDN.13.5_1,KalimantanSelatan,BaritoKuala,Kabupaten,2025-12,2025,12,0
IDN.13.6_1,KalimantanSelatan,HuluSungaiSelatan,Kabupaten,2012-01,2012,1,0
IDN.13.6_1,KalimantanSelatan,HuluSungaiSelatan,Kabupaten,2012-02,2012,2,0
IDN.13.6_1,KalimantanSelatan,HuluSungaiSelatan,Kabupaten,2012-03,2012,3,0
IDN.13.6_1,KalimantanSelatan,HuluSungaiSelatan,Kabupaten,2012-04,2012,4,0
IDN.13.6_1,KalimantanSelatan,HuluSungaiSelatan,Kabupaten,2012-05,2012,5,1
IDN.13.6_1,KalimantanSelatan,HuluSungaiSelatan,Kabupaten,2012-06,2012,6,16
IDN.13.6_1,KalimantanSelatan,HuluSungaiSelatan,Kabupaten,2012-07,2012,7,64
IDN.13.6_1,KalimantanSelatan,HuluSungaiSelatan,Kabupaten,2012-08,2012,8,202
IDN.13.6_1,KalimantanSelatan,HuluSungaiSelatan,Kabupaten,2012-09,2012,9,539
IDN.13.6_1,KalimantanSelatan,HuluSungaiSelatan,Kabupaten,2012-10,2012,10,251
IDN.13.6_1,KalimantanSelatan,HuluSungaiSelatan,Kabupaten,2012-11,2012,11,7
IDN.13.6_1,KalimantanSelatan,HuluSungaiSelatan,Kabupaten,2012-12,2012,12,0
IDN.13.6_1,KalimantanSelatan,HuluSungaiSelatan,Kabupaten,2013-01,2013,1,0
IDN.13.6_1,KalimantanSelatan,HuluSungaiSelatan,Kabupaten,2013-02,2013,2,0
IDN.13.6_1,KalimantanSelatan,HuluSungaiSelatan,Kabupaten,2013-03,2013,3,0
IDN.13.6_1,KalimantanSelatan,HuluSungaiSelatan,Kabupaten,2013-04,2013,4,0
IDN.13.6_1,KalimantanSelatan,HuluSungaiSelatan,Kabupaten,2013-05,2013,5,0
IDN.13.6_1,KalimantanSelatan,HuluSungaiSelatan,Kabupaten,2013-06,2013,6,2
IDN.13.6_1,KalimantanSelatan,HuluSungaiSelatan,Kabupaten,2013-07,2013,7,7
IDN.13.6_1,KalimantanSelatan,HuluSungaiSelatan,Kabupaten,2013-08,2013,8,47
IDN.13.6_1,KalimantanSelatan,HuluSungaiSelatan,Kabupaten,2013-09,2013,9,260
IDN.13.6_1,KalimantanSelatan,HuluSungaiSelatan,Kabupaten,2013-10,2013,10,186
IDN.13.6_1,KalimantanSelatan,HuluSungaiSelatan,Kabupaten,2013-11,2013,11,17
IDN.13.6_1,KalimantanSelatan,HuluSungaiSelatan,Kabupaten,2013-12,2013,12,2
IDN.13.6_1,KalimantanSelatan,HuluSungaiSelatan,Kabupaten,2014-01,2014,1,0
IDN.13.6_1,KalimantanSelatan,HuluSungaiSelatan,Kabupaten,2014-02,2014,2,2
IDN.13.6_1,KalimantanSelatan,HuluSungaiSelatan,Kabupaten,2014-03,2014,3,1
IDN.13.6_1,KalimantanSelatan,HuluSungaiSelatan,Kabupaten,2014-04,2014,4,0
IDN.13.6_1,KalimantanSelatan,HuluSungaiSelatan,Kabupaten,2014-05,2014,5,4
IDN.13.6_1,KalimantanSelatan,HuluSungaiSelatan,Kabupaten,2014-06,2014,6,4
IDN.13.6_1,KalimantanSelatan,HuluSungaiSelatan,Kabupaten,2014-07,2014,7,36
IDN.13.6_1,KalimantanSelatan,HuluSungaiSelatan,Kabupaten,2014-08,2014,8,322
IDN.13.6_1,KalimantanSelatan,HuluSungaiSelatan,Kabupaten,2014-09,2014,9,975
IDN.13.6_1,KalimantanSelatan,HuluSungaiSelatan,Kabupaten,2014-10,2014,10,635
IDN.13.6_1,KalimantanSelatan,HuluSungaiSelatan,Kabupaten,2014-11,2014,11,272
IDN.13.6_1,KalimantanSelatan,HuluSungaiSelatan,Kabupaten,2014-12,2014,12,0
IDN.13.6_1,KalimantanSelatan,HuluSungaiSelatan,Kabupaten,2015-01,2015,1,0
IDN.13.6_1,KalimantanSelatan,HuluSungaiSelatan,Kabupaten,2015-02,2015,2,0
IDN.13.6_1,KalimantanSelatan,HuluSungaiSelatan,Kabupaten,2015-03,2015,3,2
IDN.13.6_1,KalimantanSelatan,HuluSungaiSelatan,Kabupaten,2015-04,2015,4,0
IDN.13.6_1,KalimantanSelatan,HuluSungaiSelatan,Kabupaten,2015-05,2015,5,2
IDN.13.6_1,KalimantanSelatan,HuluSungaiSelatan,Kabupaten,2015-06,2015,6,19
IDN.13.6_1,KalimantanSelatan,HuluSungaiSelatan,Kabupaten,2015-07,2015,7,73
IDN.13.6_1,KalimantanSelatan,HuluSungaiSelatan,Kabupaten,2015-08,2015,8,707
IDN.13.6_1,KalimantanSelatan,HuluSungaiSelatan,Kabupaten,2015-09,2015,9,1040
IDN.13.6_1,KalimantanSelatan,HuluSungaiSelatan,Kabupaten,2015-10,2015,10,730
IDN.13.6_1,KalimantanSelatan,HuluSungaiSelatan,Kabupaten,2015-11,2015,11,71
IDN.13.6_1,KalimantanSelatan,HuluSungaiSelatan,Kabupaten,2015-12,2015,12,5
IDN.13.6_1,KalimantanSelatan,HuluSungaiSelatan,Kabupaten,2016-01,2016,1,2
IDN.13.6_1,KalimantanSelatan,HuluSungaiSelatan,Kabupaten,2016-02,2016,2,0
IDN.13.6_1,KalimantanSelatan,HuluSungaiSelatan,Kabupaten,2016-03,2016,3,0
IDN.13.6_1,KalimantanSelatan,HuluSungaiSelatan,Kabupaten,2016-04,2016,4,0
IDN.13.6_1,KalimantanSelatan,HuluSungaiSelatan,Kabupaten,2016-05,2016,5,0
IDN.13.6_1,KalimantanSelatan,HuluSungaiSelatan,Kabupaten,2016-06,2016,6,3
IDN.13.6_1,KalimantanSelatan,HuluSungaiSelatan,Kabupaten,2016-07,2016,7,2
IDN.13.6_1,KalimantanSelatan,HuluSungaiSelatan,Kabupaten,2016-08,2016,8,49
IDN.13.6_1,KalimantanSelatan,HuluSungaiSelatan,Kabupaten,2016-09,2016,9,56
IDN.13.6_1,KalimantanSelatan,HuluSungaiSelatan,Kabupaten,2016-10,2016,10,30
IDN.13.6_1,KalimantanSelatan,HuluSungaiSelatan,Kabupaten,2016-11,2016,11,2
IDN.13.6_1,KalimantanSelatan,HuluSungaiSelatan,Kabupaten,2016-12,2016,12,0
IDN.13.6_1,KalimantanSelatan,HuluSungaiSelatan,Kabupaten,2017-01,2017,1,0
IDN.13.6_1,KalimantanSelatan,HuluSungaiSelatan,Kabupaten,2017-02,2017,2,0
IDN.13.6_1,KalimantanSelatan,HuluSungaiSelatan,Kabupaten,2017-03,2017,3,2
IDN.13.6_1,KalimantanSelatan,HuluSungaiSelatan,Kabupaten,2017-04,2017,4,0
IDN.13.6_1,KalimantanSelatan,HuluSungaiSelatan,Kabupaten,2017-05,2017,5,0
IDN.13.6_1,KalimantanSelatan,HuluSungaiSelatan,Kabupaten,2017-06,2017,6,3
IDN.13.6_1,KalimantanSelatan,HuluSungaiSelatan,Kabupaten,2017-07,2017,7,48
IDN.13.6_1,KalimantanSelatan,HuluSungaiSelatan,Kabupaten,2017-08,2017,8,57
IDN.13.6_1,KalimantanSelatan,HuluSungaiSelatan,Kabupaten,2017-09,2017,9,225
IDN.13.6_1,KalimantanSelatan,HuluSungaiSelatan,Kabupaten,2017-10,2017,10,53
IDN.13.6_1,KalimantanSelatan,HuluSungaiSelatan,Kabupaten,2017-11,2017,11,13
IDN.13.6_1,KalimantanSelatan,HuluSungaiSelatan,Kabupaten,2017-12,2017,12,8
IDN.13.6_1,KalimantanSelatan,HuluSungaiSelatan,Kabupaten,2018-01,2018,1,1
IDN.13.6_1,KalimantanSelatan,HuluSungaiSelatan,Kabupaten,2018-02,2018,2,2
IDN.13.6_1,KalimantanSelatan,HuluSungaiSelatan,Kabupaten,2018-03,2018,3,0
IDN.13.6_1,KalimantanSelatan,HuluSungaiSelatan,Kabupaten,2018-04,2018,4,0
IDN.13.6_1,KalimantanSelatan,HuluSungaiSelatan,Kabupaten,2018-05,2018,5,1
IDN.13.6_1,KalimantanSelatan,HuluSungaiSelatan,Kabupaten,2018-06,2018,6,39
IDN.13.6_1,KalimantanSelatan,HuluSungaiSelatan,Kabupaten,2018-07,2018,7,75
IDN.13.6_1,KalimantanSelatan,HuluSungaiSelatan,Kabupaten,2018-08,2018,8,283
IDN.13.6_1,KalimantanSelatan,HuluSungaiSelatan,Kabupaten,2018-09,2018,9,846
IDN.13.6_1,KalimantanSelatan,HuluSungaiSelatan,Kabupaten,2018-10,2018,10,212
IDN.13.6_1,KalimantanSelatan,HuluSungaiSelatan,Kabupaten,2018-11,2018,11,29
IDN.13.6_1,KalimantanSelatan,HuluSungaiSelatan,Kabupaten,2018-12,2018,12,18
IDN.13.6_1,KalimantanSelatan,HuluSungaiSelatan,Kabupaten,2019-01,2019,1,8
IDN.13.6_1,KalimantanSelatan,HuluSungaiSelatan,Kabupaten,2019-02,2019,2,16
IDN.13.6_1,KalimantanSelatan,HuluSungaiSelatan,Kabupaten,2019-03,2019,3,6
IDN.13.6_1,KalimantanSelatan,HuluSungaiSelatan,Kabupaten,2019-04,2019,4,0
IDN.13.6_1,KalimantanSelatan,HuluSungaiSelatan,Kabupaten,2019-05,2019,5,8
IDN.13.6_1,KalimantanSelatan,HuluSungaiSelatan,Kabupaten,2019-06,2019,6,17
IDN.13.6_1,KalimantanSelatan,HuluSungaiSelatan,Kabupaten,2019-07,2019,7,139
IDN.13.6_1,KalimantanSelatan,HuluSungaiSelatan,Kabupaten,2019-08,2019,8,468
IDN.13.6_1,KalimantanSelatan,HuluSungaiSelatan,Kabupaten,2019-09,2019,9,872
IDN.13.6_1,KalimantanSelatan,HuluSungaiSelatan,Kabupaten,2019-10,2019,10,321
IDN.13.6_1,KalimantanSelatan,HuluSungaiSelatan,Kabupaten,2019-11,2019,11,513
IDN.13.6_1,KalimantanSelatan,HuluSungaiSelatan,Kabupaten,2019-12,2019,12,0
IDN.13.6_1,KalimantanSelatan,HuluSungaiSelatan,Kabupaten,2020-01,2020,1,0
IDN.13.6_1,KalimantanSelatan,HuluSungaiSelatan,Kabupaten,2020-02,2020,2,0
IDN.13.6_1,KalimantanSelatan,HuluSungaiSelatan,Kabupaten,2020-03,2020,3,0
IDN.13.6_1,KalimantanSelatan,HuluSungaiSelatan,Kabupaten,2020-04,2020,4,1
IDN.13.6_1,KalimantanSelatan,HuluSungaiSelatan,Kabupaten,2020-05,2020,5,0
IDN.13.6_1,KalimantanSelatan,HuluSungaiSelatan,Kabupaten,2020-06,2020,6,0
IDN.13.6_1,KalimantanSelatan,HuluSungaiSelatan,Kabupaten,2020-07,2020,7,1
IDN.13.6_1,KalimantanSelatan,HuluSungaiSelatan,Kabupaten,2020-08,2020,8,6
IDN.13.6_1,KalimantanSelatan,HuluSungaiSelatan,Kabupaten,2020-09,2020,9,48
IDN.13.6_1,KalimantanSelatan,HuluSungaiSelatan,Kabupaten,2020-10,2020,10,33
IDN.13.6_1,KalimantanSelatan,HuluSungaiSelatan,Kabupaten,2020-11,2020,11,6
IDN.13.6_1,KalimantanSelatan,HuluSungaiSelatan,Kabupaten,2020-12,2020,12,1
IDN.13.6_1,KalimantanSelatan,HuluSungaiSelatan,Kabupaten,2021-01,2021,1,0
IDN.13.6_1,KalimantanSelatan,HuluSungaiSelatan,Kabupaten,2021-02,2021,2,0
IDN.13.6_1,KalimantanSelatan,HuluSungaiSelatan,Kabupaten,2021-03,2021,3,0
IDN.13.6_1,KalimantanSelatan,HuluSungaiSelatan,Kabupaten,2021-04,2021,4,0
IDN.13.6_1,KalimantanSelatan,HuluSungaiSelatan,Kabupaten,2021-05,2021,5,1
IDN.13.6_1,KalimantanSelatan,HuluSungaiSelatan,Kabupaten,2021-06,2021,6,1
IDN.13.6_1,KalimantanSelatan,HuluSungaiSelatan,Kabupaten,2021-07,2021,7,28
IDN.13.6_1,KalimantanSelatan,HuluSungaiSelatan,Kabupaten,2021-08,2021,8,20
IDN.13.6_1,KalimantanSelatan,HuluSungaiSelatan,Kabupaten,2021-09,2021,9,43
IDN.13.6_1,KalimantanSelatan,HuluSungaiSelatan,Kabupaten,2021-10,2021,10,47
IDN.13.6_1,KalimantanSelatan,HuluSungaiSelatan,Kabupaten,2021-11,2021,11,0
IDN.13.6_1,KalimantanSelatan,HuluSungaiSelatan,Kabupaten,2021-12,2021,12,0
IDN.13.6_1,KalimantanSelatan,HuluSungaiSelatan,Kabupaten,2022-01,2022,1,1
IDN.13.6_1,KalimantanSelatan,HuluSungaiSelatan,Kabupaten,2022-02,2022,2,0
IDN.13.6_1,KalimantanSelatan,HuluSungaiSelatan,Kabupaten,2022-03,2022,3,0
IDN.13.6_1,KalimantanSelatan,HuluSungaiSelatan,Kabupaten,2022-04,2022,4,0
IDN.13.6_1,KalimantanSelatan,HuluSungaiSelatan,Kabupaten,2022-05,2022,5,2
IDN.13.6_1,KalimantanSelatan,HuluSungaiSelatan,Kabupaten,2022-06,2022,6,5
IDN.13.6_1,KalimantanSelatan,HuluSungaiSelatan,Kabupaten,2022-07,2022,7,9
IDN.13.6_1,KalimantanSelatan,HuluSungaiSelatan,Kabupaten,2022-08,2022,8,28
IDN.13.6_1,KalimantanSelatan,HuluSungaiSelatan,Kabupaten,2022-09,2022,9,39
IDN.13.6_1,KalimantanSelatan,HuluSungaiSelatan,Kabupaten,2022-10,2022,10,2
IDN.13.6_1,KalimantanSelatan,HuluSungaiSelatan,Kabupaten,2022-11,2022,11,4
IDN.13.6_1,KalimantanSelatan,HuluSungaiSelatan,Kabupaten,2022-12,2022,12,0
IDN.13.6_1,KalimantanSelatan,HuluSungaiSelatan,Kabupaten,2023-01,2023,1,0
IDN.13.6_1,KalimantanSelatan,HuluSungaiSelatan,Kabupaten,2023-02,2023,2,2
IDN.13.6_1,KalimantanSelatan,HuluSungaiSelatan,Kabupaten,2023-03,2023,3,18
IDN.13.6_1,KalimantanSelatan,HuluSungaiSelatan,Kabupaten,2023-04,2023,4,5
IDN.13.6_1,KalimantanSelatan,HuluSungaiSelatan,Kabupaten,2023-05,2023,5,57
IDN.13.6_1,KalimantanSelatan,HuluSungaiSelatan,Kabupaten,2023-06,2023,6,32
IDN.13.6_1,KalimantanSelatan,HuluSungaiSelatan,Kabupaten,2023-07,2023,7,148
IDN.13.6_1,KalimantanSelatan,HuluSungaiSelatan,Kabupaten,2023-08,2023,8,801
IDN.13.6_1,KalimantanSelatan,HuluSungaiSelatan,Kabupaten,2023-09,2023,9,972
IDN.13.6_1,KalimantanSelatan,HuluSungaiSelatan,Kabupaten,2023-10,2023,10,322
IDN.13.6_1,KalimantanSelatan,HuluSungaiSelatan,Kabupaten,2023-11,2023,11,36
IDN.13.6_1,KalimantanSelatan,HuluSungaiSelatan,Kabupaten,2023-12,2023,12,3
IDN.13.6_1,KalimantanSelatan,HuluSungaiSelatan,Kabupaten,2024-01,2024,1,2
IDN.13.6_1,KalimantanSelatan,HuluSungaiSelatan,Kabupaten,2024-02,2024,2,1
IDN.13.6_1,KalimantanSelatan,HuluSungaiSelatan,Kabupaten,2024-03,2024,3,0
IDN.13.6_1,KalimantanSelatan,HuluSungaiSelatan,Kabupaten,2024-04,2024,4,1
IDN.13.6_1,KalimantanSelatan,HuluSungaiSelatan,Kabupaten,2024-05,2024,5,0
IDN.13.6_1,KalimantanSelatan,HuluSungaiSelatan,Kabupaten,2024-06,2024,6,1
IDN.13.6_1,KalimantanSelatan,HuluSungaiSelatan,Kabupaten,2024-07,2024,7,2
IDN.13.6_1,KalimantanSelatan,HuluSungaiSelatan,Kabupaten,2024-08,2024,8,14
IDN.13.6_1,KalimantanSelatan,HuluSungaiSelatan,Kabupaten,2024-09,2024,9,119
IDN.13.6_1,KalimantanSelatan,HuluSungaiSelatan,Kabupaten,2024-10,2024,10,47
IDN.13.6_1,KalimantanSelatan,HuluSungaiSelatan,Kabupaten,2024-11,2024,11,12
IDN.13.6_1,KalimantanSelatan,HuluSungaiSelatan,Kabupaten,2024-12,2024,12,9
IDN.13.6_1,KalimantanSelatan,HuluSungaiSelatan,Kabupaten,2025-01,2025,1,3
IDN.13.6_1,KalimantanSelatan,HuluSungaiSelatan,Kabupaten,2025-02,2025,2,5
IDN.13.6_1,KalimantanSelatan,HuluSungaiSelatan,Kabupaten,2025-03,2025,3,2
IDN.13.6_1,KalimantanSelatan,HuluSungaiSelatan,Kabupaten,2025-04,2025,4,1
IDN.13.6_1,KalimantanSelatan,HuluSungaiSelatan,Kabupaten,2025-05,2025,5,2
IDN.13.6_1,KalimantanSelatan,HuluSungaiSelatan,Kabupaten,2025-06,2025,6,5
IDN.13.6_1,KalimantanSelatan,HuluSungaiSelatan,Kabupaten,2025-07,2025,7,63
IDN.13.6_1,KalimantanSelatan,HuluSungaiSelatan,Kabupaten,2025-08,2025,8,28
IDN.13.6_1,KalimantanSelatan,HuluSungaiSelatan,Kabupaten,2025-09,2025,9,95
IDN.13.6_1,KalimantanSelatan,HuluSungaiSelatan,Kabupaten,2025-10,2025,10,96
IDN.13.6_1,KalimantanSelatan,HuluSungaiSelatan,Kabupaten,2025-11,2025,11,21
IDN.13.6_1,KalimantanSelatan,HuluSungaiSelatan,Kabupaten,2025-12,2025,12,11
IDN.13.7_1,KalimantanSelatan,HuluSungaiTengah,Kabupaten,2012-01,2012,1,0
IDN.13.7_1,KalimantanSelatan,HuluSungaiTengah,Kabupaten,2012-02,2012,2,0
IDN.13.7_1,KalimantanSelatan,HuluSungaiTengah,Kabupaten,2012-03,2012,3,0
IDN.13.7_1,KalimantanSelatan,HuluSungaiTengah,Kabupaten,2012-04,2012,4,0
IDN.13.7_1,KalimantanSelatan,HuluSungaiTengah,Kabupaten,2012-05,2012,5,0
IDN.13.7_1,KalimantanSelatan,HuluSungaiTengah,Kabupaten,2012-06,2012,6,1
IDN.13.7_1,KalimantanSelatan,HuluSungaiTengah,Kabupaten,2012-07,2012,7,10
IDN.13.7_1,KalimantanSelatan,HuluSungaiTengah,Kabupaten,2012-08,2012,8,26
IDN.13.7_1,KalimantanSelatan,HuluSungaiTengah,Kabupaten,2012-09,2012,9,85
IDN.13.7_1,KalimantanSelatan,HuluSungaiTengah,Kabupaten,2012-10,2012,10,25
IDN.13.7_1,KalimantanSelatan,HuluSungaiTengah,Kabupaten,2012-11,2012,11,0
IDN.13.7_1,KalimantanSelatan,HuluSungaiTengah,Kabupaten,2012-12,2012,12,0
IDN.13.7_1,KalimantanSelatan,HuluSungaiTengah,Kabupaten,2013-01,2013,1,1
IDN.13.7_1,KalimantanSelatan,HuluSungaiTengah,Kabupaten,2013-02,2013,2,0
IDN.13.7_1,KalimantanSelatan,HuluSungaiTengah,Kabupaten,2013-03,2013,3,0
IDN.13.7_1,KalimantanSelatan,HuluSungaiTengah,Kabupaten,2013-04,2013,4,0
IDN.13.7_1,KalimantanSelatan,HuluSungaiTengah,Kabupaten,2013-05,2013,5,1
IDN.13.7_1,KalimantanSelatan,HuluSungaiTengah,Kabupaten,2013-06,2013,6,1
IDN.13.7_1,KalimantanSelatan,HuluSungaiTengah,Kabupaten,2013-07,2013,7,0
IDN.13.7_1,KalimantanSelatan,HuluSungaiTengah,Kabupaten,2013-08,2013,8,5
IDN.13.7_1,KalimantanSelatan,HuluSungaiTengah,Kabupaten,2013-09,2013,9,72
IDN.13.7_1,KalimantanSelatan,HuluSungaiTengah,Kabupaten,2013-10,2013,10,49
IDN.13.7_1,KalimantanSelatan,HuluSungaiTengah,Kabupaten,2013-11,2013,11,3
IDN.13.7_1,KalimantanSelatan,HuluSungaiTengah,Kabupaten,2013-12,2013,12,1
IDN.13.7_1,KalimantanSelatan,HuluSungaiTengah,Kabupaten,2014-01,2014,1,0
IDN.13.7_1,KalimantanSelatan,HuluSungaiTengah,Kabupaten,2014-02,2014,2,0
IDN.13.7_1,KalimantanSelatan,HuluSungaiTengah,Kabupaten,2014-03,2014,3,0
IDN.13.7_1,KalimantanSelatan,HuluSungaiTengah,Kabupaten,2014-04,2014,4,1
IDN.13.7_1,KalimantanSelatan,HuluSungaiTengah,Kabupaten,2014-05,2014,5,0
IDN.13.7_1,KalimantanSelatan,HuluSungaiTengah,Kabupaten,2014-06,2014,6,0
IDN.13.7_1,KalimantanSelatan,HuluSungaiTengah,Kabupaten,2014-07,2014,7,2
IDN.13.7_1,KalimantanSelatan,HuluSungaiTengah,Kabupaten,2014-08,2014,8,39
IDN.13.7_1,KalimantanSelatan,HuluSungaiTengah,Kabupaten,2014-09,2014,9,222
IDN.13.7_1,KalimantanSelatan,HuluSungaiTengah,Kabupaten,2014-10,2014,10,102
IDN.13.7_1,KalimantanSelatan,HuluSungaiTengah,Kabupaten,2014-11,2014,11,57
IDN.13.7_1,KalimantanSelatan,HuluSungaiTengah,Kabupaten,2014-12,2014,12,0
IDN.13.7_1,KalimantanSelatan,HuluSungaiTengah,Kabupaten,2015-01,2015,1,0
IDN.13.7_1,KalimantanSelatan,HuluSungaiTengah,Kabupaten,2015-02,2015,2,0
IDN.13.7_1,KalimantanSelatan,HuluSungaiTengah,Kabupaten,2015-03,2015,3,0
IDN.13.7_1,KalimantanSelatan,HuluSungaiTengah,Kabupaten,2015-04,2015,4,0
IDN.13.7_1,KalimantanSelatan,HuluSungaiTengah,Kabupaten,2015-05,2015,5,1
IDN.13.7_1,KalimantanSelatan,HuluSungaiTengah,Kabupaten,2015-06,2015,6,0
IDN.13.7_1,KalimantanSelatan,HuluSungaiTengah,Kabupaten,2015-07,2015,7,20
IDN.13.7_1,KalimantanSelatan,HuluSungaiTengah,Kabupaten,2015-08,2015,8,96
IDN.13.7_1,KalimantanSelatan,HuluSungaiTengah,Kabupaten,2015-09,2015,9,232
IDN.13.7_1,KalimantanSelatan,HuluSungaiTengah,Kabupaten,2015-10,2015,10,127
IDN.13.7_1,KalimantanSelatan,HuluSungaiTengah,Kabupaten,2015-11,2015,11,7
IDN.13.7_1,KalimantanSelatan,HuluSungaiTengah,Kabupaten,2015-12,2015,12,7
IDN.13.7_1,KalimantanSelatan,HuluSungaiTengah,Kabupaten,2016-01,2016,1,0
IDN.13.7_1,KalimantanSelatan,HuluSungaiTengah,Kabupaten,2016-02,2016,2,0
IDN.13.7_1,KalimantanSelatan,HuluSungaiTengah,Kabupaten,2016-03,2016,3,0
IDN.13.7_1,KalimantanSelatan,HuluSungaiTengah,Kabupaten,2016-04,2016,4,0
IDN.13.7_1,KalimantanSelatan,HuluSungaiTengah,Kabupaten,2016-05,2016,5,0
IDN.13.7_1,KalimantanSelatan,HuluSungaiTengah,Kabupaten,2016-06,2016,6,0
IDN.13.7_1,KalimantanSelatan,HuluSungaiTengah,Kabupaten,2016-07,2016,7,3
IDN.13.7_1,KalimantanSelatan,HuluSungaiTengah,Kabupaten,2016-08,2016,8,8
IDN.13.7_1,KalimantanSelatan,HuluSungaiTengah,Kabupaten,2016-09,2016,9,8
IDN.13.7_1,KalimantanSelatan,HuluSungaiTengah,Kabupaten,2016-10,2016,10,8
IDN.13.7_1,KalimantanSelatan,HuluSungaiTengah,Kabupaten,2016-11,2016,11,0
IDN.13.7_1,KalimantanSelatan,HuluSungaiTengah,Kabupaten,2016-12,2016,12,0
IDN.13.7_1,KalimantanSelatan,HuluSungaiTengah,Kabupaten,2017-01,2017,1,0
IDN.13.7_1,KalimantanSelatan,HuluSungaiTengah,Kabupaten,2017-02,2017,2,0
IDN.13.7_1,KalimantanSelatan,HuluSungaiTengah,Kabupaten,2017-03,2017,3,0
IDN.13.7_1,KalimantanSelatan,HuluSungaiTengah,Kabupaten,2017-04,2017,4,0
IDN.13.7_1,KalimantanSelatan,HuluSungaiTengah,Kabupaten,2017-05,2017,5,0
IDN.13.7_1,KalimantanSelatan,HuluSungaiTengah,Kabupaten,2017-06,2017,6,0
IDN.13.7_1,KalimantanSelatan,HuluSungaiTengah,Kabupaten,2017-07,2017,7,1
IDN.13.7_1,KalimantanSelatan,HuluSungaiTengah,Kabupaten,2017-08,2017,8,1
IDN.13.7_1,KalimantanSelatan,HuluSungaiTengah,Kabupaten,2017-09,2017,9,37
IDN.13.7_1,KalimantanSelatan,HuluSungaiTengah,Kabupaten,2017-10,2017,10,13
IDN.13.7_1,KalimantanSelatan,HuluSungaiTengah,Kabupaten,2017-11,2017,11,2
IDN.13.7_1,KalimantanSelatan,HuluSungaiTengah,Kabupaten,2017-12,2017,12,0
IDN.13.7_1,KalimantanSelatan,HuluSungaiTengah,Kabupaten,2018-01,2018,1,0
IDN.13.7_1,KalimantanSelatan,HuluSungaiTengah,Kabupaten,2018-02,2018,2,1
IDN.13.7_1,KalimantanSelatan,HuluSungaiTengah,Kabupaten,2018-03,2018,3,0
IDN.13.7_1,KalimantanSelatan,HuluSungaiTengah,Kabupaten,2018-04,2018,4,0
IDN.13.7_1,KalimantanSelatan,HuluSungaiTengah,Kabupaten,2018-05,2018,5,2
IDN.13.7_1,KalimantanSelatan,HuluSungaiTengah,Kabupaten,2018-06,2018,6,0
IDN.13.7_1,KalimantanSelatan,HuluSungaiTengah,Kabupaten,2018-07,2018,7,18
IDN.13.7_1,KalimantanSelatan,HuluSungaiTengah,Kabupaten,2018-08,2018,8,64
IDN.13.7_1,KalimantanSelatan,HuluSungaiTengah,Kabupaten,2018-09,2018,9,94
IDN.13.7_1,KalimantanSelatan,HuluSungaiTengah,Kabupaten,2018-10,2018,10,24
IDN.13.7_1,KalimantanSelatan,HuluSungaiTengah,Kabupaten,2018-11,2018,11,0
IDN.13.7_1,KalimantanSelatan,HuluSungaiTengah,Kabupaten,2018-12,2018,12,0
IDN.13.7_1,KalimantanSelatan,HuluSungaiTengah,Kabupaten,2019-01,2019,1,0
IDN.13.7_1,KalimantanSelatan,HuluSungaiTengah,Kabupaten,2019-02,2019,2,0
IDN.13.7_1,KalimantanSelatan,HuluSungaiTengah,Kabupaten,2019-03,2019,3,0
IDN.13.7_1,KalimantanSelatan,HuluSungaiTengah,Kabupaten,2019-04,2019,4,0
IDN.13.7_1,KalimantanSelatan,HuluSungaiTengah,Kabupaten,2019-05,2019,5,0
IDN.13.7_1,KalimantanSelatan,HuluSungaiTengah,Kabupaten,2019-06,2019,6,0
IDN.13.7_1,KalimantanSelatan,HuluSungaiTengah,Kabupaten,2019-07,2019,7,15
IDN.13.7_1,KalimantanSelatan,HuluSungaiTengah,Kabupaten,2019-08,2019,8,76
IDN.13.7_1,KalimantanSelatan,HuluSungaiTengah,Kabupaten,2019-09,2019,9,185
IDN.13.7_1,KalimantanSelatan,HuluSungaiTengah,Kabupaten,2019-10,2019,10,53
IDN.13.7_1,KalimantanSelatan,HuluSungaiTengah,Kabupaten,2019-11,2019,11,23
IDN.13.7_1,KalimantanSelatan,HuluSungaiTengah,Kabupaten,2019-12,2019,12,5
IDN.13.7_1,KalimantanSelatan,HuluSungaiTengah,Kabupaten,2020-01,2020,1,0
IDN.13.7_1,KalimantanSelatan,HuluSungaiTengah,Kabupaten,2020-02,2020,2,0
IDN.13.7_1,KalimantanSelatan,HuluSungaiTengah,Kabupaten,2020-03,2020,3,0
IDN.13.7_1,KalimantanSelatan,HuluSungaiTengah,Kabupaten,2020-04,2020,4,0
IDN.13.7_1,KalimantanSelatan,HuluSungaiTengah,Kabupaten,2020-05,2020,5,0
IDN.13.7_1,KalimantanSelatan,HuluSungaiTengah,Kabupaten,2020-06,2020,6,0
IDN.13.7_1,KalimantanSelatan,HuluSungaiTengah,Kabupaten,2020-07,2020,7,0
IDN.13.7_1,KalimantanSelatan,HuluSungaiTengah,Kabupaten,2020-08,2020,8,4
IDN.13.7_1,KalimantanSelatan,HuluSungaiTengah,Kabupaten,2020-09,2020,9,31
IDN.13.7_1,KalimantanSelatan,HuluSungaiTengah,Kabupaten,2020-10,2020,10,16
IDN.13.7_1,KalimantanSelatan,HuluSungaiTengah,Kabupaten,2020-11,2020,11,0
IDN.13.7_1,KalimantanSelatan,HuluSungaiTengah,Kabupaten,2020-12,2020,12,0
IDN.13.7_1,KalimantanSelatan,HuluSungaiTengah,Kabupaten,2021-01,2021,1,0
IDN.13.7_1,KalimantanSelatan,HuluSungaiTengah,Kabupaten,2021-02,2021,2,0
IDN.13.7_1,KalimantanSelatan,HuluSungaiTengah,Kabupaten,2021-03,2021,3,0
IDN.13.7_1,KalimantanSelatan,HuluSungaiTengah,Kabupaten,2021-04,2021,4,0
IDN.13.7_1,KalimantanSelatan,HuluSungaiTengah,Kabupaten,2021-05,2021,5,0
IDN.13.7_1,KalimantanSelatan,HuluSungaiTengah,Kabupaten,2021-06,2021,6,0
IDN.13.7_1,KalimantanSelatan,HuluSungaiTengah,Kabupaten,2021-07,2021,7,5
IDN.13.7_1,KalimantanSelatan,HuluSungaiTengah,Kabupaten,2021-08,2021,8,10
IDN.13.7_1,KalimantanSelatan,HuluSungaiTengah,Kabupaten,2021-09,2021,9,1
IDN.13.7_1,KalimantanSelatan,HuluSungaiTengah,Kabupaten,2021-10,2021,10,11
IDN.13.7_1,KalimantanSelatan,HuluSungaiTengah,Kabupaten,2021-11,2021,11,2
IDN.13.7_1,KalimantanSelatan,HuluSungaiTengah,Kabupaten,2021-12,2021,12,0
IDN.13.7_1,KalimantanSelatan,HuluSungaiTengah,Kabupaten,2022-01,2022,1,0
IDN.13.7_1,KalimantanSelatan,HuluSungaiTengah,Kabupaten,2022-02,2022,2,0
IDN.13.7_1,KalimantanSelatan,HuluSungaiTengah,Kabupaten,2022-03,2022,3,1
IDN.13.7_1,KalimantanSelatan,HuluSungaiTengah,Kabupaten,2022-04,2022,4,0
IDN.13.7_1,KalimantanSelatan,HuluSungaiTengah,Kabupaten,2022-05,2022,5,1
IDN.13.7_1,KalimantanSelatan,HuluSungaiTengah,Kabupaten,2022-06,2022,6,0
IDN.13.7_1,KalimantanSelatan,HuluSungaiTengah,Kabupaten,2022-07,2022,7,1
IDN.13.7_1,KalimantanSelatan,HuluSungaiTengah,Kabupaten,2022-08,2022,8,6
IDN.13.7_1,KalimantanSelatan,HuluSungaiTengah,Kabupaten,2022-09,2022,9,4
IDN.13.7_1,KalimantanSelatan,HuluSungaiTengah,Kabupaten,2022-10,2022,10,3
IDN.13.7_1,KalimantanSelatan,HuluSungaiTengah,Kabupaten,2022-11,2022,11,1
IDN.13.7_1,KalimantanSelatan,HuluSungaiTengah,Kabupaten,2022-12,2022,12,0
IDN.13.7_1,KalimantanSelatan,HuluSungaiTengah,Kabupaten,2023-01,2023,1,2
IDN.13.7_1,KalimantanSelatan,HuluSungaiTengah,Kabupaten,2023-02,2023,2,0
IDN.13.7_1,KalimantanSelatan,HuluSungaiTengah,Kabupaten,2023-03,2023,3,0
IDN.13.7_1,KalimantanSelatan,HuluSungaiTengah,Kabupaten,2023-04,2023,4,1
IDN.13.7_1,KalimantanSelatan,HuluSungaiTengah,Kabupaten,2023-05,2023,5,0
IDN.13.7_1,KalimantanSelatan,HuluSungaiTengah,Kabupaten,2023-06,2023,6,4
IDN.13.7_1,KalimantanSelatan,HuluSungaiTengah,Kabupaten,2023-07,2023,7,50
IDN.13.7_1,KalimantanSelatan,HuluSungaiTengah,Kabupaten,2023-08,2023,8,157
IDN.13.7_1,KalimantanSelatan,HuluSungaiTengah,Kabupaten,2023-09,2023,9,145
IDN.13.7_1,KalimantanSelatan,HuluSungaiTengah,Kabupaten,2023-10,2023,10,32
IDN.13.7_1,KalimantanSelatan,HuluSungaiTengah,Kabupaten,2023-11,2023,11,4
IDN.13.7_1,KalimantanSelatan,HuluSungaiTengah,Kabupaten,2023-12,2023,12,0
IDN.13.7_1,KalimantanSelatan,HuluSungaiTengah,Kabupaten,2024-01,2024,1,0
IDN.13.7_1,KalimantanSelatan,HuluSungaiTengah,Kabupaten,2024-02,2024,2,2
IDN.13.7_1,KalimantanSelatan,HuluSungaiTengah,Kabupaten,2024-03,2024,3,0
IDN.13.7_1,KalimantanSelatan,HuluSungaiTengah,Kabupaten,2024-04,2024,4,0
IDN.13.7_1,KalimantanSelatan,HuluSungaiTengah,Kabupaten,2024-05,2024,5,0
IDN.13.7_1,KalimantanSelatan,HuluSungaiTengah,Kabupaten,2024-06,2024,6,0
IDN.13.7_1,KalimantanSelatan,HuluSungaiTengah,Kabupaten,2024-07,2024,7,0
IDN.13.7_1,KalimantanSelatan,HuluSungaiTengah,Kabupaten,2024-08,2024,8,0
IDN.13.7_1,KalimantanSelatan,HuluSungaiTengah,Kabupaten,2024-09,2024,9,34
IDN.13.7_1,KalimantanSelatan,HuluSungaiTengah,Kabupaten,2024-10,2024,10,15
IDN.13.7_1,KalimantanSelatan,HuluSungaiTengah,Kabupaten,2024-11,2024,11,1
IDN.13.7_1,KalimantanSelatan,HuluSungaiTengah,Kabupaten,2024-12,2024,12,0
IDN.13.7_1,KalimantanSelatan,HuluSungaiTengah,Kabupaten,2025-01,2025,1,0
IDN.13.7_1,KalimantanSelatan,HuluSungaiTengah,Kabupaten,2025-02,2025,2,0
IDN.13.7_1,KalimantanSelatan,HuluSungaiTengah,Kabupaten,2025-03,2025,3,0
IDN.13.7_1,KalimantanSelatan,HuluSungaiTengah,Kabupaten,2025-04,2025,4,0
IDN.13.7_1,KalimantanSelatan,HuluSungaiTengah,Kabupaten,2025-05,2025,5,1
IDN.13.7_1,KalimantanSelatan,HuluSungaiTengah,Kabupaten,2025-06,2025,6,0
IDN.13.7_1,KalimantanSelatan,HuluSungaiTengah,Kabupaten,2025-07,2025,7,13
IDN.13.7_1,KalimantanSelatan,HuluSungaiTengah,Kabupaten,2025-08,2025,8,6
IDN.13.7_1,KalimantanSelatan,HuluSungaiTengah,Kabupaten,2025-09,2025,9,21
IDN.13.7_1,KalimantanSelatan,HuluSungaiTengah,Kabupaten,2025-10,2025,10,8
IDN.13.7_1,KalimantanSelatan,HuluSungaiTengah,Kabupaten,2025-11,2025,11,1
IDN.13.7_1,KalimantanSelatan,HuluSungaiTengah,Kabupaten,2025-12,2025,12,0
IDN.13.8_1,KalimantanSelatan,HuluSungaiUtara,Kabupaten,2012-01,2012,1,0
IDN.13.8_1,KalimantanSelatan,HuluSungaiUtara,Kabupaten,2012-02,2012,2,0
IDN.13.8_1,KalimantanSelatan,HuluSungaiUtara,Kabupaten,2012-03,2012,3,1
IDN.13.8_1,KalimantanSelatan,HuluSungaiUtara,Kabupaten,2012-04,2012,4,1
IDN.13.8_1,KalimantanSelatan,HuluSungaiUtara,Kabupaten,2012-05,2012,5,2
IDN.13.8_1,KalimantanSelatan,HuluSungaiUtara,Kabupaten,2012-06,2012,6,4
IDN.13.8_1,KalimantanSelatan,HuluSungaiUtara,Kabupaten,2012-07,2012,7,19
IDN.13.8_1,KalimantanSelatan,HuluSungaiUtara,Kabupaten,2012-08,2012,8,53
IDN.13.8_1,KalimantanSelatan,HuluSungaiUtara,Kabupaten,2012-09,2012,9,164
IDN.13.8_1,KalimantanSelatan,HuluSungaiUtara,Kabupaten,2012-10,2012,10,101
IDN.13.8_1,KalimantanSelatan,HuluSungaiUtara,Kabupaten,2012-11,2012,11,4
IDN.13.8_1,KalimantanSelatan,HuluSungaiUtara,Kabupaten,2012-12,2012,12,0
IDN.13.8_1,KalimantanSelatan,HuluSungaiUtara,Kabupaten,2013-01,2013,1,0
IDN.13.8_1,KalimantanSelatan,HuluSungaiUtara,Kabupaten,2013-02,2013,2,0
IDN.13.8_1,KalimantanSelatan,HuluSungaiUtara,Kabupaten,2013-03,2013,3,0
IDN.13.8_1,KalimantanSelatan,HuluSungaiUtara,Kabupaten,2013-04,2013,4,1
IDN.13.8_1,KalimantanSelatan,HuluSungaiUtara,Kabupaten,2013-05,2013,5,1
IDN.13.8_1,KalimantanSelatan,HuluSungaiUtara,Kabupaten,2013-06,2013,6,0
IDN.13.8_1,KalimantanSelatan,HuluSungaiUtara,Kabupaten,2013-07,2013,7,0
IDN.13.8_1,KalimantanSelatan,HuluSungaiUtara,Kabupaten,2013-08,2013,8,11
IDN.13.8_1,KalimantanSelatan,HuluSungaiUtara,Kabupaten,2013-09,2013,9,40
IDN.13.8_1,KalimantanSelatan,HuluSungaiUtara,Kabupaten,2013-10,2013,10,232
IDN.13.8_1,KalimantanSelatan,HuluSungaiUtara,Kabupaten,2013-11,2013,11,11
IDN.13.8_1,KalimantanSelatan,HuluSungaiUtara,Kabupaten,2013-12,2013,12,0
IDN.13.8_1,KalimantanSelatan,HuluSungaiUtara,Kabupaten,2014-01,2014,1,0
IDN.13.8_1,KalimantanSelatan,HuluSungaiUtara,Kabupaten,2014-02,2014,2,0
IDN.13.8_1,KalimantanSelatan,HuluSungaiUtara,Kabupaten,2014-03,2014,3,4
IDN.13.8_1,KalimantanSelatan,HuluSungaiUtara,Kabupaten,2014-04,2014,4,2
IDN.13.8_1,KalimantanSelatan,HuluSungaiUtara,Kabupaten,2014-05,2014,5,1
IDN.13.8_1,KalimantanSelatan,HuluSungaiUtara,Kabupaten,2014-06,2014,6,1
IDN.13.8_1,KalimantanSelatan,HuluSungaiUtara,Kabupaten,2014-07,2014,7,7
IDN.13.8_1,KalimantanSelatan,HuluSungaiUtara,Kabupaten,2014-08,2014,8,39
IDN.13.8_1,KalimantanSelatan,HuluSungaiUtara,Kabupaten,2014-09,2014,9,284
IDN.13.8_1,KalimantanSelatan,HuluSungaiUtara,Kabupaten,2014-10,2014,10,159
IDN.13.8_1,KalimantanSelatan,HuluSungaiUtara,Kabupaten,2014-11,2014,11,84
IDN.13.8_1,KalimantanSelatan,HuluSungaiUtara,Kabupaten,2014-12,2014,12,0
IDN.13.8_1,KalimantanSelatan,HuluSungaiUtara,Kabupaten,2015-01,2015,1,0
IDN.13.8_1,KalimantanSelatan,HuluSungaiUtara,Kabupaten,2015-02,2015,2,0
IDN.13.8_1,KalimantanSelatan,HuluSungaiUtara,Kabupaten,2015-03,2015,3,0
IDN.13.8_1,KalimantanSelatan,HuluSungaiUtara,Kabupaten,2015-04,2015,4,0
IDN.13.8_1,KalimantanSelatan,HuluSungaiUtara,Kabupaten,2015-05,2015,5,3
IDN.13.8_1,KalimantanSelatan,HuluSungaiUtara,Kabupaten,2015-06,2015,6,2
IDN.13.8_1,KalimantanSelatan,HuluSungaiUtara,Kabupaten,2015-07,2015,7,34
IDN.13.8_1,KalimantanSelatan,HuluSungaiUtara,Kabupaten,2015-08,2015,8,374
IDN.13.8_1,KalimantanSelatan,HuluSungaiUtara,Kabupaten,2015-09,2015,9,772
IDN.13.8_1,KalimantanSelatan,HuluSungaiUtara,Kabupaten,2015-10,2015,10,985
IDN.13.8_1,KalimantanSelatan,HuluSungaiUtara,Kabupaten,2015-11,2015,11,7
IDN.13.8_1,KalimantanSelatan,HuluSungaiUtara,Kabupaten,2015-12,2015,12,1
IDN.13.8_1,KalimantanSelatan,HuluSungaiUtara,Kabupaten,2016-01,2016,1,0
IDN.13.8_1,KalimantanSelatan,HuluSungaiUtara,Kabupaten,2016-02,2016,2,0
IDN.13.8_1,KalimantanSelatan,HuluSungaiUtara,Kabupaten,2016-03,2016,3,0
IDN.13.8_1,KalimantanSelatan,HuluSungaiUtara,Kabupaten,2016-04,2016,4,1
IDN.13.8_1,KalimantanSelatan,HuluSungaiUtara,Kabupaten,2016-05,2016,5,1
IDN.13.8_1,KalimantanSelatan,HuluSungaiUtara,Kabupaten,2016-06,2016,6,0
IDN.13.8_1,KalimantanSelatan,HuluSungaiUtara,Kabupaten,2016-07,2016,7,7
IDN.13.8_1,KalimantanSelatan,HuluSungaiUtara,Kabupaten,2016-08,2016,8,18
IDN.13.8_1,KalimantanSelatan,HuluSungaiUtara,Kabupaten,2016-09,2016,9,7
IDN.13.8_1,KalimantanSelatan,HuluSungaiUtara,Kabupaten,2016-10,2016,10,1
IDN.13.8_1,KalimantanSelatan,HuluSungaiUtara,Kabupaten,2016-11,2016,11,0
IDN.13.8_1,KalimantanSelatan,HuluSungaiUtara,Kabupaten,2016-12,2016,12,0
IDN.13.8_1,KalimantanSelatan,HuluSungaiUtara,Kabupaten,2017-01,2017,1,0
IDN.13.8_1,KalimantanSelatan,HuluSungaiUtara,Kabupaten,2017-02,2017,2,0
IDN.13.8_1,KalimantanSelatan,HuluSungaiUtara,Kabupaten,2017-03,2017,3,0
IDN.13.8_1,KalimantanSelatan,HuluSungaiUtara,Kabupaten,2017-04,2017,4,0
IDN.13.8_1,KalimantanSelatan,HuluSungaiUtara,Kabupaten,2017-05,2017,5,0
IDN.13.8_1,KalimantanSelatan,HuluSungaiUtara,Kabupaten,2017-06,2017,6,0
IDN.13.8_1,KalimantanSelatan,HuluSungaiUtara,Kabupaten,2017-07,2017,7,5
IDN.13.8_1,KalimantanSelatan,HuluSungaiUtara,Kabupaten,2017-08,2017,8,18
IDN.13.8_1,KalimantanSelatan,HuluSungaiUtara,Kabupaten,2017-09,2017,9,42
IDN.13.8_1,KalimantanSelatan,HuluSungaiUtara,Kabupaten,2017-10,2017,10,15
IDN.13.8_1,KalimantanSelatan,HuluSungaiUtara,Kabupaten,2017-11,2017,11,3
IDN.13.8_1,KalimantanSelatan,HuluSungaiUtara,Kabupaten,2017-12,2017,12,0
IDN.13.8_1,KalimantanSelatan,HuluSungaiUtara,Kabupaten,2018-01,2018,1,1
IDN.13.8_1,KalimantanSelatan,HuluSungaiUtara,Kabupaten,2018-02,2018,2,0
IDN.13.8_1,KalimantanSelatan,HuluSungaiUtara,Kabupaten,2018-03,2018,3,0
IDN.13.8_1,KalimantanSelatan,HuluSungaiUtara,Kabupaten,2018-04,2018,4,0
IDN.13.8_1,KalimantanSelatan,HuluSungaiUtara,Kabupaten,2018-05,2018,5,0
IDN.13.8_1,KalimantanSelatan,HuluSungaiUtara,Kabupaten,2018-06,2018,6,1
IDN.13.8_1,KalimantanSelatan,HuluSungaiUtara,Kabupaten,2018-07,2018,7,5
IDN.13.8_1,KalimantanSelatan,HuluSungaiUtara,Kabupaten,2018-08,2018,8,61
IDN.13.8_1,KalimantanSelatan,HuluSungaiUtara,Kabupaten,2018-09,2018,9,202
IDN.13.8_1,KalimantanSelatan,HuluSungaiUtara,Kabupaten,2018-10,2018,10,125
IDN.13.8_1,KalimantanSelatan,HuluSungaiUtara,Kabupaten,2018-11,2018,11,3
IDN.13.8_1,KalimantanSelatan,HuluSungaiUtara,Kabupaten,2018-12,2018,12,0
IDN.13.8_1,KalimantanSelatan,HuluSungaiUtara,Kabupaten,2019-01,2019,1,0
IDN.13.8_1,KalimantanSelatan,HuluSungaiUtara,Kabupaten,2019-02,2019,2,0
IDN.13.8_1,KalimantanSelatan,HuluSungaiUtara,Kabupaten,2019-03,2019,3,0
IDN.13.8_1,KalimantanSelatan,HuluSungaiUtara,Kabupaten,2019-04,2019,4,0
IDN.13.8_1,KalimantanSelatan,HuluSungaiUtara,Kabupaten,2019-05,2019,5,0
IDN.13.8_1,KalimantanSelatan,HuluSungaiUtara,Kabupaten,2019-06,2019,6,5
IDN.13.8_1,KalimantanSelatan,HuluSungaiUtara,Kabupaten,2019-07,2019,7,38
IDN.13.8_1,KalimantanSelatan,HuluSungaiUtara,Kabupaten,2019-08,2019,8,151
IDN.13.8_1,KalimantanSelatan,HuluSungaiUtara,Kabupaten,2019-09,2019,9,885
IDN.13.8_1,KalimantanSelatan,HuluSungaiUtara,Kabupaten,2019-10,2019,10,236
IDN.13.8_1,KalimantanSelatan,HuluSungaiUtara,Kabupaten,2019-11,2019,11,98
IDN.13.8_1,KalimantanSelatan,HuluSungaiUtara,Kabupaten,2019-12,2019,12,1
IDN.13.8_1,KalimantanSelatan,HuluSungaiUtara,Kabupaten,2020-01,2020,1,1
IDN.13.8_1,KalimantanSelatan,HuluSungaiUtara,Kabupaten,2020-02,2020,2,0
IDN.13.8_1,KalimantanSelatan,HuluSungaiUtara,Kabupaten,2020-03,2020,3,0
IDN.13.8_1,KalimantanSelatan,HuluSungaiUtara,Kabupaten,2020-04,2020,4,0
IDN.13.8_1,KalimantanSelatan,HuluSungaiUtara,Kabupaten,2020-05,2020,5,0
IDN.13.8_1,KalimantanSelatan,HuluSungaiUtara,Kabupaten,2020-06,2020,6,0
IDN.13.8_1,KalimantanSelatan,HuluSungaiUtara,Kabupaten,2020-07,2020,7,4
IDN.13.8_1,KalimantanSelatan,HuluSungaiUtara,Kabupaten,2020-08,2020,8,0
IDN.13.8_1,KalimantanSelatan,HuluSungaiUtara,Kabupaten,2020-09,2020,9,3
IDN.13.8_1,KalimantanSelatan,HuluSungaiUtara,Kabupaten,2020-10,2020,10,9
IDN.13.8_1,KalimantanSelatan,HuluSungaiUtara,Kabupaten,2020-11,2020,11,0
IDN.13.8_1,KalimantanSelatan,HuluSungaiUtara,Kabupaten,2020-12,2020,12,0
IDN.13.8_1,KalimantanSelatan,HuluSungaiUtara,Kabupaten,2021-01,2021,1,0
IDN.13.8_1,KalimantanSelatan,HuluSungaiUtara,Kabupaten,2021-02,2021,2,0
IDN.13.8_1,KalimantanSelatan,HuluSungaiUtara,Kabupaten,2021-03,2021,3,0
IDN.13.8_1,KalimantanSelatan,HuluSungaiUtara,Kabupaten,2021-04,2021,4,0
IDN.13.8_1,KalimantanSelatan,HuluSungaiUtara,Kabupaten,2021-05,2021,5,0
IDN.13.8_1,KalimantanSelatan,HuluSungaiUtara,Kabupaten,2021-06,2021,6,0
IDN.13.8_1,KalimantanSelatan,HuluSungaiUtara,Kabupaten,2021-07,2021,7,4
IDN.13.8_1,KalimantanSelatan,HuluSungaiUtara,Kabupaten,2021-08,2021,8,8
IDN.13.8_1,KalimantanSelatan,HuluSungaiUtara,Kabupaten,2021-09,2021,9,13
IDN.13.8_1,KalimantanSelatan,HuluSungaiUtara,Kabupaten,2021-10,2021,10,3
IDN.13.8_1,KalimantanSelatan,HuluSungaiUtara,Kabupaten,2021-11,2021,11,1
IDN.13.8_1,KalimantanSelatan,HuluSungaiUtara,Kabupaten,2021-12,2021,12,0
IDN.13.8_1,KalimantanSelatan,HuluSungaiUtara,Kabupaten,2022-01,2022,1,0
IDN.13.8_1,KalimantanSelatan,HuluSungaiUtara,Kabupaten,2022-02,2022,2,0
IDN.13.8_1,KalimantanSelatan,HuluSungaiUtara,Kabupaten,2022-03,2022,3,0
IDN.13.8_1,KalimantanSelatan,HuluSungaiUtara,Kabupaten,2022-04,2022,4,1
IDN.13.8_1,KalimantanSelatan,HuluSungaiUtara,Kabupaten,2022-05,2022,5,1
IDN.13.8_1,KalimantanSelatan,HuluSungaiUtara,Kabupaten,2022-06,2022,6,0
IDN.13.8_1,KalimantanSelatan,HuluSungaiUtara,Kabupaten,2022-07,2022,7,0
IDN.13.8_1,KalimantanSelatan,HuluSungaiUtara,Kabupaten,2022-08,2022,8,2
IDN.13.8_1,KalimantanSelatan,HuluSungaiUtara,Kabupaten,2022-09,2022,9,1
IDN.13.8_1,KalimantanSelatan,HuluSungaiUtara,Kabupaten,2022-10,2022,10,1
IDN.13.8_1,KalimantanSelatan,HuluSungaiUtara,Kabupaten,2022-11,2022,11,0
IDN.13.8_1,KalimantanSelatan,HuluSungaiUtara,Kabupaten,2022-12,2022,12,0
IDN.13.8_1,KalimantanSelatan,HuluSungaiUtara,Kabupaten,2023-01,2023,1,0
IDN.13.8_1,KalimantanSelatan,HuluSungaiUtara,Kabupaten,2023-02,2023,2,0
IDN.13.8_1,KalimantanSelatan,HuluSungaiUtara,Kabupaten,2023-03,2023,3,0
IDN.13.8_1,KalimantanSelatan,HuluSungaiUtara,Kabupaten,2023-04,2023,4,0
IDN.13.8_1,KalimantanSelatan,HuluSungaiUtara,Kabupaten,2023-05,2023,5,3
IDN.13.8_1,KalimantanSelatan,HuluSungaiUtara,Kabupaten,2023-06,2023,6,1
IDN.13.8_1,KalimantanSelatan,HuluSungaiUtara,Kabupaten,2023-07,2023,7,7
IDN.13.8_1,KalimantanSelatan,HuluSungaiUtara,Kabupaten,2023-08,2023,8,198
IDN.13.8_1,KalimantanSelatan,HuluSungaiUtara,Kabupaten,2023-09,2023,9,493
IDN.13.8_1,KalimantanSelatan,HuluSungaiUtara,Kabupaten,2023-10,2023,10,141
IDN.13.8_1,KalimantanSelatan,HuluSungaiUtara,Kabupaten,2023-11,2023,11,9
IDN.13.8_1,KalimantanSelatan,HuluSungaiUtara,Kabupaten,2023-12,2023,12,0
IDN.13.8_1,KalimantanSelatan,HuluSungaiUtara,Kabupaten,2024-01,2024,1,0
IDN.13.8_1,KalimantanSelatan,HuluSungaiUtara,Kabupaten,2024-02,2024,2,0
IDN.13.8_1,KalimantanSelatan,HuluSungaiUtara,Kabupaten,2024-03,2024,3,0
IDN.13.8_1,KalimantanSelatan,HuluSungaiUtara,Kabupaten,2024-04,2024,4,0
IDN.13.8_1,KalimantanSelatan,HuluSungaiUtara,Kabupaten,2024-05,2024,5,0
IDN.13.8_1,KalimantanSelatan,HuluSungaiUtara,Kabupaten,2024-06,2024,6,0
IDN.13.8_1,KalimantanSelatan,HuluSungaiUtara,Kabupaten,2024-07,2024,7,0
IDN.13.8_1,KalimantanSelatan,HuluSungaiUtara,Kabupaten,2024-08,2024,8,4
IDN.13.8_1,KalimantanSelatan,HuluSungaiUtara,Kabupaten,2024-09,2024,9,28
IDN.13.8_1,KalimantanSelatan,HuluSungaiUtara,Kabupaten,2024-10,2024,10,31
IDN.13.8_1,KalimantanSelatan,HuluSungaiUtara,Kabupaten,2024-11,2024,11,4
IDN.13.8_1,KalimantanSelatan,HuluSungaiUtara,Kabupaten,2024-12,2024,12,0
IDN.13.8_1,KalimantanSelatan,HuluSungaiUtara,Kabupaten,2025-01,2025,1,0
IDN.13.8_1,KalimantanSelatan,HuluSungaiUtara,Kabupaten,2025-02,2025,2,0
IDN.13.8_1,KalimantanSelatan,HuluSungaiUtara,Kabupaten,2025-03,2025,3,0
IDN.13.8_1,KalimantanSelatan,HuluSungaiUtara,Kabupaten,2025-04,2025,4,0
IDN.13.8_1,KalimantanSelatan,HuluSungaiUtara,Kabupaten,2025-05,2025,5,1
IDN.13.8_1,KalimantanSelatan,HuluSungaiUtara,Kabupaten,2025-06,2025,6,1
IDN.13.8_1,KalimantanSelatan,HuluSungaiUtara,Kabupaten,2025-07,2025,7,9
IDN.13.8_1,KalimantanSelatan,HuluSungaiUtara,Kabupaten,2025-08,2025,8,7
IDN.13.8_1,KalimantanSelatan,HuluSungaiUtara,Kabupaten,2025-09,2025,9,16
IDN.13.8_1,KalimantanSelatan,HuluSungaiUtara,Kabupaten,2025-10,2025,10,5
IDN.13.8_1,KalimantanSelatan,HuluSungaiUtara,Kabupaten,2025-11,2025,11,0
IDN.13.8_1,KalimantanSelatan,HuluSungaiUtara,Kabupaten,2025-12,2025,12,0
IDN.13.9_1,KalimantanSelatan,KotaBaru,Kabupaten,2012-01,2012,1,11
IDN.13.9_1,KalimantanSelatan,KotaBaru,Kabupaten,2012-02,2012,2,4
IDN.13.9_1,KalimantanSelatan,KotaBaru,Kabupaten,2012-03,2012,3,10
IDN.13.9_1,KalimantanSelatan,KotaBaru,Kabupaten,2012-04,2012,4,18
IDN.13.9_1,KalimantanSelatan,KotaBaru,Kabupaten,2012-05,2012,5,37
IDN.13.9_1,KalimantanSelatan,KotaBaru,Kabupaten,2012-06,2012,6,17
IDN.13.9_1,KalimantanSelatan,KotaBaru,Kabupaten,2012-07,2012,7,20
IDN.13.9_1,KalimantanSelatan,KotaBaru,Kabupaten,2012-08,2012,8,157
IDN.13.9_1,KalimantanSelatan,KotaBaru,Kabupaten,2012-09,2012,9,482
IDN.13.9_1,KalimantanSelatan,KotaBaru,Kabupaten,2012-10,2012,10,536
IDN.13.9_1,KalimantanSelatan,KotaBaru,Kabupaten,2012-11,2012,11,52
IDN.13.9_1,KalimantanSelatan,KotaBaru,Kabupaten,2012-12,2012,12,8
IDN.13.9_1,KalimantanSelatan,KotaBaru,Kabupaten,2013-01,2013,1,21
IDN.13.9_1,KalimantanSelatan,KotaBaru,Kabupaten,2013-02,2013,2,5
IDN.13.9_1,KalimantanSelatan,KotaBaru,Kabupaten,2013-03,2013,3,7
IDN.13.9_1,KalimantanSelatan,KotaBaru,Kabupaten,2013-04,2013,4,10
IDN.13.9_1,KalimantanSelatan,KotaBaru,Kabupaten,2013-05,2013,5,5
IDN.13.9_1,KalimantanSelatan,KotaBaru,Kabupaten,2013-06,2013,6,12
IDN.13.9_1,KalimantanSelatan,KotaBaru,Kabupaten,2013-07,2013,7,6
IDN.13.9_1,KalimantanSelatan,KotaBaru,Kabupaten,2013-08,2013,8,50
IDN.13.9_1,KalimantanSelatan,KotaBaru,Kabupaten,2013-09,2013,9,238
IDN.13.9_1,KalimantanSelatan,KotaBaru,Kabupaten,2013-10,2013,10,539
IDN.13.9_1,KalimantanSelatan,KotaBaru,Kabupaten,2013-11,2013,11,79
IDN.13.9_1,KalimantanSelatan,KotaBaru,Kabupaten,2013-12,2013,12,14
IDN.13.9_1,KalimantanSelatan,KotaBaru,Kabupaten,2014-01,2014,1,16
IDN.13.9_1,KalimantanSelatan,KotaBaru,Kabupaten,2014-02,2014,2,8
IDN.13.9_1,KalimantanSelatan,KotaBaru,Kabupaten,2014-03,2014,3,6
IDN.13.9_1,KalimantanSelatan,KotaBaru,Kabupaten,2014-04,2014,4,8
IDN.13.9_1,KalimantanSelatan,KotaBaru,Kabupaten,2014-05,2014,5,12
IDN.13.9_1,KalimantanSelatan,KotaBaru,Kabupaten,2014-06,2014,6,9
IDN.13.9_1,KalimantanSelatan,KotaBaru,Kabupaten,2014-07,2014,7,48
IDN.13.9_1,KalimantanSelatan,KotaBaru,Kabupaten,2014-08,2014,8,95
IDN.13.9_1,KalimantanSelatan,KotaBaru,Kabupaten,2014-09,2014,9,1018
IDN.13.9_1,KalimantanSelatan,KotaBaru,Kabupaten,2014-10,2014,10,1236
IDN.13.9_1,KalimantanSelatan,KotaBaru,Kabupaten,2014-11,2014,11,366
IDN.13.9_1,KalimantanSelatan,KotaBaru,Kabupaten,2014-12,2014,12,6
IDN.13.9_1,KalimantanSelatan,KotaBaru,Kabupaten,2015-01,2015,1,2
IDN.13.9_1,KalimantanSelatan,KotaBaru,Kabupaten,2015-02,2015,2,0
IDN.13.9_1,KalimantanSelatan,KotaBaru,Kabupaten,2015-03,2015,3,10
IDN.13.9_1,KalimantanSelatan,KotaBaru,Kabupaten,2015-04,2015,4,19
IDN.13.9_1,KalimantanSelatan,KotaBaru,Kabupaten,2015-05,2015,5,14
IDN.13.9_1,KalimantanSelatan,KotaBaru,Kabupaten,2015-06,2015,6,13
IDN.13.9_1,KalimantanSelatan,KotaBaru,Kabupaten,2015-07,2015,7,81
IDN.13.9_1,KalimantanSelatan,KotaBaru,Kabupaten,2015-08,2015,8,332
IDN.13.9_1,KalimantanSelatan,KotaBaru,Kabupaten,2015-09,2015,9,2051
IDN.13.9_1,KalimantanSelatan,KotaBaru,Kabupaten,2015-10,2015,10,3626
IDN.13.9_1,KalimantanSelatan,KotaBaru,Kabupaten,2015-11,2015,11,270
IDN.13.9_1,KalimantanSelatan,KotaBaru,Kabupaten,2015-12,2015,12,45
IDN.13.9_1,KalimantanSelatan,KotaBaru,Kabupaten,2016-01,2016,1,50
IDN.13.9_1,KalimantanSelatan,KotaBaru,Kabupaten,2016-02,2016,2,8
IDN.13.9_1,KalimantanSelatan,KotaBaru,Kabupaten,2016-03,2016,3,6
IDN.13.9_1,KalimantanSelatan,KotaBaru,Kabupaten,2016-04,2016,4,2
IDN.13.9_1,KalimantanSelatan,KotaBaru,Kabupaten,2016-05,2016,5,5
IDN.13.9_1,KalimantanSelatan,KotaBaru,Kabupaten,2016-06,2016,6,7
IDN.13.9_1,KalimantanSelatan,KotaBaru,Kabupaten,2016-07,2016,7,20
IDN.13.9_1,KalimantanSelatan,KotaBaru,Kabupaten,2016-08,2016,8,36
IDN.13.9_1,KalimantanSelatan,KotaBaru,Kabupaten,2016-09,2016,9,55
IDN.13.9_1,KalimantanSelatan,KotaBaru,Kabupaten,2016-10,2016,10,95
IDN.13.9_1,KalimantanSelatan,KotaBaru,Kabupaten,2016-11,2016,11,56
IDN.13.9_1,KalimantanSelatan,KotaBaru,Kabupaten,2016-12,2016,12,1
IDN.13.9_1,KalimantanSelatan,KotaBaru,Kabupaten,2017-01,2017,1,3
IDN.13.9_1,KalimantanSelatan,KotaBaru,Kabupaten,2017-02,2017,2,2
IDN.13.9_1,KalimantanSelatan,KotaBaru,Kabupaten,2017-03,2017,3,5
IDN.13.9_1,KalimantanSelatan,KotaBaru,Kabupaten,2017-04,2017,4,2
IDN.13.9_1,KalimantanSelatan,KotaBaru,Kabupaten,2017-05,2017,5,8
IDN.13.9_1,KalimantanSelatan,KotaBaru,Kabupaten,2017-06,2017,6,5
IDN.13.9_1,KalimantanSelatan,KotaBaru,Kabupaten,2017-07,2017,7,9
IDN.13.9_1,KalimantanSelatan,KotaBaru,Kabupaten,2017-08,2017,8,9
IDN.13.9_1,KalimantanSelatan,KotaBaru,Kabupaten,2017-09,2017,9,88
IDN.13.9_1,KalimantanSelatan,KotaBaru,Kabupaten,2017-10,2017,10,115
IDN.13.9_1,KalimantanSelatan,KotaBaru,Kabupaten,2017-11,2017,11,17
IDN.13.9_1,KalimantanSelatan,KotaBaru,Kabupaten,2017-12,2017,12,7
IDN.13.9_1,KalimantanSelatan,KotaBaru,Kabupaten,2018-01,2018,1,6
IDN.13.9_1,KalimantanSelatan,KotaBaru,Kabupaten,2018-02,2018,2,8
IDN.13.9_1,KalimantanSelatan,KotaBaru,Kabupaten,2018-03,2018,3,3
IDN.13.9_1,KalimantanSelatan,KotaBaru,Kabupaten,2018-04,2018,4,3
IDN.13.9_1,KalimantanSelatan,KotaBaru,Kabupaten,2018-05,2018,5,7
IDN.13.9_1,KalimantanSelatan,KotaBaru,Kabupaten,2018-06,2018,6,13
IDN.13.9_1,KalimantanSelatan,KotaBaru,Kabupaten,2018-07,2018,7,23
IDN.13.9_1,KalimantanSelatan,KotaBaru,Kabupaten,2018-08,2018,8,68
IDN.13.9_1,KalimantanSelatan,KotaBaru,Kabupaten,2018-09,2018,9,225
IDN.13.9_1,KalimantanSelatan,KotaBaru,Kabupaten,2018-10,2018,10,207
IDN.13.9_1,KalimantanSelatan,KotaBaru,Kabupaten,2018-11,2018,11,12
IDN.13.9_1,KalimantanSelatan,KotaBaru,Kabupaten,2018-12,2018,12,1
IDN.13.9_1,KalimantanSelatan,KotaBaru,Kabupaten,2019-01,2019,1,3
IDN.13.9_1,KalimantanSelatan,KotaBaru,Kabupaten,2019-02,2019,2,6
IDN.13.9_1,KalimantanSelatan,KotaBaru,Kabupaten,2019-03,2019,3,3
IDN.13.9_1,KalimantanSelatan,KotaBaru,Kabupaten,2019-04,2019,4,0
IDN.13.9_1,KalimantanSelatan,KotaBaru,Kabupaten,2019-05,2019,5,9
IDN.13.9_1,KalimantanSelatan,KotaBaru,Kabupaten,2019-06,2019,6,7
IDN.13.9_1,KalimantanSelatan,KotaBaru,Kabupaten,2019-07,2019,7,27
IDN.13.9_1,KalimantanSelatan,KotaBaru,Kabupaten,2019-08,2019,8,128
IDN.13.9_1,KalimantanSelatan,KotaBaru,Kabupaten,2019-09,2019,9,978
IDN.13.9_1,KalimantanSelatan,KotaBaru,Kabupaten,2019-10,2019,10,640
IDN.13.9_1,KalimantanSelatan,KotaBaru,Kabupaten,2019-11,2019,11,265
IDN.13.9_1,KalimantanSelatan,KotaBaru,Kabupaten,2019-12,2019,12,33
IDN.13.9_1,KalimantanSelatan,KotaBaru,Kabupaten,2020-01,2020,1,11
IDN.13.9_1,KalimantanSelatan,KotaBaru,Kabupaten,2020-02,2020,2,11
IDN.13.9_1,KalimantanSelatan,KotaBaru,Kabupaten,2020-03,2020,3,10
IDN.13.9_1,KalimantanSelatan,KotaBaru,Kabupaten,2020-04,2020,4,1
IDN.13.9_1,KalimantanSelatan,KotaBaru,Kabupaten,2020-05,2020,5,2
IDN.13.9_1,KalimantanSelatan,KotaBaru,Kabupaten,2020-06,2020,6,5
IDN.13.9_1,KalimantanSelatan,KotaBaru,Kabupaten,2020-07,2020,7,3
IDN.13.9_1,KalimantanSelatan,KotaBaru,Kabupaten,2020-08,2020,8,7
IDN.13.9_1,KalimantanSelatan,KotaBaru,Kabupaten,2020-09,2020,9,17
IDN.13.9_1,KalimantanSelatan,KotaBaru,Kabupaten,2020-10,2020,10,89
IDN.13.9_1,KalimantanSelatan,KotaBaru,Kabupaten,2020-11,2020,11,49
IDN.13.9_1,KalimantanSelatan,KotaBaru,Kabupaten,2020-12,2020,12,5
IDN.13.9_1,KalimantanSelatan,KotaBaru,Kabupaten,2021-01,2021,1,1
IDN.13.9_1,KalimantanSelatan,KotaBaru,Kabupaten,2021-02,2021,2,4
IDN.13.9_1,KalimantanSelatan,KotaBaru,Kabupaten,2021-03,2021,3,0
IDN.13.9_1,KalimantanSelatan,KotaBaru,Kabupaten,2021-04,2021,4,8
IDN.13.9_1,KalimantanSelatan,KotaBaru,Kabupaten,2021-05,2021,5,8
IDN.13.9_1,KalimantanSelatan,KotaBaru,Kabupaten,2021-06,2021,6,9
IDN.13.9_1,KalimantanSelatan,KotaBaru,Kabupaten,2021-07,2021,7,9
IDN.13.9_1,KalimantanSelatan,KotaBaru,Kabupaten,2021-08,2021,8,6
IDN.13.9_1,KalimantanSelatan,KotaBaru,Kabupaten,2021-09,2021,9,10
IDN.13.9_1,KalimantanSelatan,KotaBaru,Kabupaten,2021-10,2021,10,28
IDN.13.9_1,KalimantanSelatan,KotaBaru,Kabupaten,2021-11,2021,11,11
IDN.13.9_1,KalimantanSelatan,KotaBaru,Kabupaten,2021-12,2021,12,2
IDN.13.9_1,KalimantanSelatan,KotaBaru,Kabupaten,2022-01,2022,1,9
IDN.13.9_1,KalimantanSelatan,KotaBaru,Kabupaten,2022-02,2022,2,3
IDN.13.9_1,KalimantanSelatan,KotaBaru,Kabupaten,2022-03,2022,3,3
IDN.13.9_1,KalimantanSelatan,KotaBaru,Kabupaten,2022-04,2022,4,26
IDN.13.9_1,KalimantanSelatan,KotaBaru,Kabupaten,2022-05,2022,5,7
IDN.13.9_1,KalimantanSelatan,KotaBaru,Kabupaten,2022-06,2022,6,4
IDN.13.9_1,KalimantanSelatan,KotaBaru,Kabupaten,2022-07,2022,7,4
IDN.13.9_1,KalimantanSelatan,KotaBaru,Kabupaten,2022-08,2022,8,13
IDN.13.9_1,KalimantanSelatan,KotaBaru,Kabupaten,2022-09,2022,9,29
IDN.13.9_1,KalimantanSelatan,KotaBaru,Kabupaten,2022-10,2022,10,21
IDN.13.9_1,KalimantanSelatan,KotaBaru,Kabupaten,2022-11,2022,11,5
IDN.13.9_1,KalimantanSelatan,KotaBaru,Kabupaten,2022-12,2022,12,18
IDN.13.9_1,KalimantanSelatan,KotaBaru,Kabupaten,2023-01,2023,1,11
IDN.13.9_1,KalimantanSelatan,KotaBaru,Kabupaten,2023-02,2023,2,5
IDN.13.9_1,KalimantanSelatan,KotaBaru,Kabupaten,2023-03,2023,3,2
IDN.13.9_1,KalimantanSelatan,KotaBaru,Kabupaten,2023-04,2023,4,9
IDN.13.9_1,KalimantanSelatan,KotaBaru,Kabupaten,2023-05,2023,5,12
IDN.13.9_1,KalimantanSelatan,KotaBaru,Kabupaten,2023-06,2023,6,29
IDN.13.9_1,KalimantanSelatan,KotaBaru,Kabupaten,2023-07,2023,7,21
IDN.13.9_1,KalimantanSelatan,KotaBaru,Kabupaten,2023-08,2023,8,143
IDN.13.9_1,KalimantanSelatan,KotaBaru,Kabupaten,2023-09,2023,9,304
IDN.13.9_1,KalimantanSelatan,KotaBaru,Kabupaten,2023-10,2023,10,372
IDN.13.9_1,KalimantanSelatan,KotaBaru,Kabupaten,2023-11,2023,11,107
IDN.13.9_1,KalimantanSelatan,KotaBaru,Kabupaten,2023-12,2023,12,20
IDN.13.9_1,KalimantanSelatan,KotaBaru,Kabupaten,2024-01,2024,1,7
IDN.13.9_1,KalimantanSelatan,KotaBaru,Kabupaten,2024-02,2024,2,22
IDN.13.9_1,KalimantanSelatan,KotaBaru,Kabupaten,2024-03,2024,3,5
IDN.13.9_1,KalimantanSelatan,KotaBaru,Kabupaten,2024-04,2024,4,18
IDN.13.9_1,KalimantanSelatan,KotaBaru,Kabupaten,2024-05,2024,5,2
IDN.13.9_1,KalimantanSelatan,KotaBaru,Kabupaten,2024-06,2024,6,2
IDN.13.9_1,KalimantanSelatan,KotaBaru,Kabupaten,2024-07,2024,7,6
IDN.13.9_1,KalimantanSelatan,KotaBaru,Kabupaten,2024-08,2024,8,11
IDN.13.9_1,KalimantanSelatan,KotaBaru,Kabupaten,2024-09,2024,9,69
IDN.13.9_1,KalimantanSelatan,KotaBaru,Kabupaten,2024-10,2024,10,74
IDN.13.9_1,KalimantanSelatan,KotaBaru,Kabupaten,2024-11,2024,11,15
IDN.13.9_1,KalimantanSelatan,KotaBaru,Kabupaten,2024-12,2024,12,2
IDN.13.9_1,KalimantanSelatan,KotaBaru,Kabupaten,2025-01,2025,1,0
IDN.13.9_1,KalimantanSelatan,KotaBaru,Kabupaten,2025-02,2025,2,5
IDN.13.9_1,KalimantanSelatan,KotaBaru,Kabupaten,2025-03,2025,3,0
IDN.13.9_1,KalimantanSelatan,KotaBaru,Kabupaten,2025-04,2025,4,5
IDN.13.9_1,KalimantanSelatan,KotaBaru,Kabupaten,2025-05,2025,5,1
IDN.13.9_1,KalimantanSelatan,KotaBaru,Kabupaten,2025-06,2025,6,1
IDN.13.9_1,KalimantanSelatan,KotaBaru,Kabupaten,2025-07,2025,7,20
IDN.13.9_1,KalimantanSelatan,KotaBaru,Kabupaten,2025-08,2025,8,6
IDN.13.9_1,KalimantanSelatan,KotaBaru,Kabupaten,2025-09,2025,9,56
IDN.13.9_1,KalimantanSelatan,KotaBaru,Kabupaten,2025-10,2025,10,64
IDN.13.9_1,KalimantanSelatan,KotaBaru,Kabupaten,2025-11,2025,11,28
IDN.13.9_1,KalimantanSelatan,KotaBaru,Kabupaten,2025-12,2025,12,5
IDN.13.10_1,KalimantanSelatan,Tabalong,Kabupaten,2012-01,2012,1,0
IDN.13.10_1,KalimantanSelatan,Tabalong,Kabupaten,2012-02,2012,2,2
IDN.13.10_1,KalimantanSelatan,Tabalong,Kabupaten,2012-03,2012,3,0
IDN.13.10_1,KalimantanSelatan,Tabalong,Kabupaten,2012-04,2012,4,0
IDN.13.10_1,KalimantanSelatan,Tabalong,Kabupaten,2012-05,2012,5,23
IDN.13.10_1,KalimantanSelatan,Tabalong,Kabupaten,2012-06,2012,6,4
IDN.13.10_1,KalimantanSelatan,Tabalong,Kabupaten,2012-07,2012,7,15
IDN.13.10_1,KalimantanSelatan,Tabalong,Kabupaten,2012-08,2012,8,37
IDN.13.10_1,KalimantanSelatan,Tabalong,Kabupaten,2012-09,2012,9,202
IDN.13.10_1,KalimantanSelatan,Tabalong,Kabupaten,2012-10,2012,10,82
IDN.13.10_1,KalimantanSelatan,Tabalong,Kabupaten,2012-11,2012,11,5
IDN.13.10_1,KalimantanSelatan,Tabalong,Kabupaten,2012-12,2012,12,1
IDN.13.10_1,KalimantanSelatan,Tabalong,Kabupaten,2013-01,2013,1,0
IDN.13.10_1,KalimantanSelatan,Tabalong,Kabupaten,2013-02,2013,2,2
IDN.13.10_1,KalimantanSelatan,Tabalong,Kabupaten,2013-03,2013,3,2
IDN.13.10_1,KalimantanSelatan,Tabalong,Kabupaten,2013-04,2013,4,2
IDN.13.10_1,KalimantanSelatan,Tabalong,Kabupaten,2013-05,2013,5,1
IDN.13.10_1,KalimantanSelatan,Tabalong,Kabupaten,2013-06,2013,6,8
IDN.13.10_1,KalimantanSelatan,Tabalong,Kabupaten,2013-07,2013,7,0
IDN.13.10_1,KalimantanSelatan,Tabalong,Kabupaten,2013-08,2013,8,27
IDN.13.10_1,KalimantanSelatan,Tabalong,Kabupaten,2013-09,2013,9,125
IDN.13.10_1,KalimantanSelatan,Tabalong,Kabupaten,2013-10,2013,10,67
IDN.13.10_1,KalimantanSelatan,Tabalong,Kabupaten,2013-11,2013,11,2
IDN.13.10_1,KalimantanSelatan,Tabalong,Kabupaten,2013-12,2013,12,2
IDN.13.10_1,KalimantanSelatan,Tabalong,Kabupaten,2014-01,2014,1,2
IDN.13.10_1,KalimantanSelatan,Tabalong,Kabupaten,2014-02,2014,2,0
IDN.13.10_1,KalimantanSelatan,Tabalong,Kabupaten,2014-03,2014,3,0
IDN.13.10_1,KalimantanSelatan,Tabalong,Kabupaten,2014-04,2014,4,0
IDN.13.10_1,KalimantanSelatan,Tabalong,Kabupaten,2014-05,2014,5,1
IDN.13.10_1,KalimantanSelatan,Tabalong,Kabupaten,2014-06,2014,6,4
IDN.13.10_1,KalimantanSelatan,Tabalong,Kabupaten,2014-07,2014,7,6
IDN.13.10_1,KalimantanSelatan,Tabalong,Kabupaten,2014-08,2014,8,41
IDN.13.10_1,KalimantanSelatan,Tabalong,Kabupaten,2014-09,2014,9,243
IDN.13.10_1,KalimantanSelatan,Tabalong,Kabupaten,2014-10,2014,10,157
IDN.13.10_1,KalimantanSelatan,Tabalong,Kabupaten,2014-11,2014,11,48
IDN.13.10_1,KalimantanSelatan,Tabalong,Kabupaten,2014-12,2014,12,1
IDN.13.10_1,KalimantanSelatan,Tabalong,Kabupaten,2015-01,2015,1,1
IDN.13.10_1,KalimantanSelatan,Tabalong,Kabupaten,2015-02,2015,2,4
IDN.13.10_1,KalimantanSelatan,Tabalong,Kabupaten,2015-03,2015,3,2
IDN.13.10_1,KalimantanSelatan,Tabalong,Kabupaten,2015-04,2015,4,2
IDN.13.10_1,KalimantanSelatan,Tabalong,Kabupaten,2015-05,2015,5,14
IDN.13.10_1,KalimantanSelatan,Tabalong,Kabupaten,2015-06,2015,6,7
IDN.13.10_1,KalimantanSelatan,Tabalong,Kabupaten,2015-07,2015,7,47
IDN.13.10_1,KalimantanSelatan,Tabalong,Kabupaten,2015-08,2015,8,196
IDN.13.10_1,KalimantanSelatan,Tabalong,Kabupaten,2015-09,2015,9,605
IDN.13.10_1,KalimantanSelatan,Tabalong,Kabupaten,2015-10,2015,10,1067
IDN.13.10_1,KalimantanSelatan,Tabalong,Kabupaten,2015-11,2015,11,89
IDN.13.10_1,KalimantanSelatan,Tabalong,Kabupaten,2015-12,2015,12,20
IDN.13.10_1,KalimantanSelatan,Tabalong,Kabupaten,2016-01,2016,1,43
IDN.13.10_1,KalimantanSelatan,Tabalong,Kabupaten,2016-02,2016,2,10
IDN.13.10_1,KalimantanSelatan,Tabalong,Kabupaten,2016-03,2016,3,3
IDN.13.10_1,KalimantanSelatan,Tabalong,Kabupaten,2016-04,2016,4,4
IDN.13.10_1,KalimantanSelatan,Tabalong,Kabupaten,2016-05,2016,5,4
IDN.13.10_1,KalimantanSelatan,Tabalong,Kabupaten,2016-06,2016,6,9
IDN.13.10_1,KalimantanSelatan,Tabalong,Kabupaten,2016-07,2016,7,16
IDN.13.10_1,KalimantanSelatan,Tabalong,Kabupaten,2016-08,2016,8,16
IDN.13.10_1,KalimantanSelatan,Tabalong,Kabupaten,2016-09,2016,9,15
IDN.13.10_1,KalimantanSelatan,Tabalong,Kabupaten,2016-10,2016,10,21
IDN.13.10_1,KalimantanSelatan,Tabalong,Kabupaten,2016-11,2016,11,5
IDN.13.10_1,KalimantanSelatan,Tabalong,Kabupaten,2016-12,2016,12,0
IDN.13.10_1,KalimantanSelatan,Tabalong,Kabupaten,2017-01,2017,1,0
IDN.13.10_1,KalimantanSelatan,Tabalong,Kabupaten,2017-02,2017,2,1
IDN.13.10_1,KalimantanSelatan,Tabalong,Kabupaten,2017-03,2017,3,4
IDN.13.10_1,KalimantanSelatan,Tabalong,Kabupaten,2017-04,2017,4,0
IDN.13.10_1,KalimantanSelatan,Tabalong,Kabupaten,2017-05,2017,5,11
IDN.13.10_1,KalimantanSelatan,Tabalong,Kabupaten,2017-06,2017,6,14
IDN.13.10_1,KalimantanSelatan,Tabalong,Kabupaten,2017-07,2017,7,8
IDN.13.10_1,KalimantanSelatan,Tabalong,Kabupaten,2017-08,2017,8,27
IDN.13.10_1,KalimantanSelatan,Tabalong,Kabupaten,2017-09,2017,9,71
IDN.13.10_1,KalimantanSelatan,Tabalong,Kabupaten,2017-10,2017,10,19
IDN.13.10_1,KalimantanSelatan,Tabalong,Kabupaten,2017-11,2017,11,14
IDN.13.10_1,KalimantanSelatan,Tabalong,Kabupaten,2017-12,2017,12,18
IDN.13.10_1,KalimantanSelatan,Tabalong,Kabupaten,2018-01,2018,1,12
IDN.13.10_1,KalimantanSelatan,Tabalong,Kabupaten,2018-02,2018,2,10
IDN.13.10_1,KalimantanSelatan,Tabalong,Kabupaten,2018-03,2018,3,6
IDN.13.10_1,KalimantanSelatan,Tabalong,Kabupaten,2018-04,2018,4,6
IDN.13.10_1,KalimantanSelatan,Tabalong,Kabupaten,2018-05,2018,5,8
IDN.13.10_1,KalimantanSelatan,Tabalong,Kabupaten,2018-06,2018,6,31
IDN.13.10_1,KalimantanSelatan,Tabalong,Kabupaten,2018-07,2018,7,56
IDN.13.10_1,KalimantanSelatan,Tabalong,Kabupaten,2018-08,2018,8,90
IDN.13.10_1,KalimantanSelatan,Tabalong,Kabupaten,2018-09,2018,9,112
IDN.13.10_1,KalimantanSelatan,Tabalong,Kabupaten,2018-10,2018,10,45
IDN.13.10_1,KalimantanSelatan,Tabalong,Kabupaten,2018-11,2018,11,1
IDN.13.10_1,KalimantanSelatan,Tabalong,Kabupaten,2018-12,2018,12,0
IDN.13.10_1,KalimantanSelatan,Tabalong,Kabupaten,2019-01,2019,1,2
IDN.13.10_1,KalimantanSelatan,Tabalong,Kabupaten,2019-02,2019,2,0
IDN.13.10_1,KalimantanSelatan,Tabalong,Kabupaten,2019-03,2019,3,4
IDN.13.10_1,KalimantanSelatan,Tabalong,Kabupaten,2019-04,2019,4,2
IDN.13.10_1,KalimantanSelatan,Tabalong,Kabupaten,2019-05,2019,5,10
IDN.13.10_1,KalimantanSelatan,Tabalong,Kabupaten,2019-06,2019,6,7
IDN.13.10_1,KalimantanSelatan,Tabalong,Kabupaten,2019-07,2019,7,28
IDN.13.10_1,KalimantanSelatan,Tabalong,Kabupaten,2019-08,2019,8,37
IDN.13.10_1,KalimantanSelatan,Tabalong,Kabupaten,2019-09,2019,9,99
IDN.13.10_1,KalimantanSelatan,Tabalong,Kabupaten,2019-10,2019,10,156
IDN.13.10_1,KalimantanSelatan,Tabalong,Kabupaten,2019-11,2019,11,32
IDN.13.10_1,KalimantanSelatan,Tabalong,Kabupaten,2019-12,2019,12,5
IDN.13.10_1,KalimantanSelatan,Tabalong,Kabupaten,2020-01,2020,1,5
IDN.13.10_1,KalimantanSelatan,Tabalong,Kabupaten,2020-02,2020,2,4
IDN.13.10_1,KalimantanSelatan,Tabalong,Kabupaten,2020-03,2020,3,0
IDN.13.10_1,KalimantanSelatan,Tabalong,Kabupaten,2020-04,2020,4,0
IDN.13.10_1,KalimantanSelatan,Tabalong,Kabupaten,2020-05,2020,5,2
IDN.13.10_1,KalimantanSelatan,Tabalong,Kabupaten,2020-06,2020,6,2
IDN.13.10_1,KalimantanSelatan,Tabalong,Kabupaten,2020-07,2020,7,8
IDN.13.10_1,KalimantanSelatan,Tabalong,Kabupaten,2020-08,2020,8,16
IDN.13.10_1,KalimantanSelatan,Tabalong,Kabupaten,2020-09,2020,9,28
IDN.13.10_1,KalimantanSelatan,Tabalong,Kabupaten,2020-10,2020,10,24
IDN.13.10_1,KalimantanSelatan,Tabalong,Kabupaten,2020-11,2020,11,1
IDN.13.10_1,KalimantanSelatan,Tabalong,Kabupaten,2020-12,2020,12,1
IDN.13.10_1,KalimantanSelatan,Tabalong,Kabupaten,2021-01,2021,1,0
IDN.13.10_1,KalimantanSelatan,Tabalong,Kabupaten,2021-02,2021,2,0
IDN.13.10_1,KalimantanSelatan,Tabalong,Kabupaten,2021-03,2021,3,0
IDN.13.10_1,KalimantanSelatan,Tabalong,Kabupaten,2021-04,2021,4,0
IDN.13.10_1,KalimantanSelatan,Tabalong,Kabupaten,2021-05,2021,5,2
IDN.13.10_1,KalimantanSelatan,Tabalong,Kabupaten,2021-06,2021,6,1
IDN.13.10_1,KalimantanSelatan,Tabalong,Kabupaten,2021-07,2021,7,12
IDN.13.10_1,KalimantanSelatan,Tabalong,Kabupaten,2021-08,2021,8,19
IDN.13.10_1,KalimantanSelatan,Tabalong,Kabupaten,2021-09,2021,9,26
IDN.13.10_1,KalimantanSelatan,Tabalong,Kabupaten,2021-10,2021,10,39
IDN.13.10_1,KalimantanSelatan,Tabalong,Kabupaten,2021-11,2021,11,4
IDN.13.10_1,KalimantanSelatan,Tabalong,Kabupaten,2021-12,2021,12,0
IDN.13.10_1,KalimantanSelatan,Tabalong,Kabupaten,2022-01,2022,1,4
IDN.13.10_1,KalimantanSelatan,Tabalong,Kabupaten,2022-02,2022,2,0
IDN.13.10_1,KalimantanSelatan,Tabalong,Kabupaten,2022-03,2022,3,2
IDN.13.10_1,KalimantanSelatan,Tabalong,Kabupaten,2022-04,2022,4,1
IDN.13.10_1,KalimantanSelatan,Tabalong,Kabupaten,2022-05,2022,5,2
IDN.13.10_1,KalimantanSelatan,Tabalong,Kabupaten,2022-06,2022,6,2
IDN.13.10_1,KalimantanSelatan,Tabalong,Kabupaten,2022-07,2022,7,8
IDN.13.10_1,KalimantanSelatan,Tabalong,Kabupaten,2022-08,2022,8,5
IDN.13.10_1,KalimantanSelatan,Tabalong,Kabupaten,2022-09,2022,9,15
IDN.13.10_1,KalimantanSelatan,Tabalong,Kabupaten,2022-10,2022,10,12
IDN.13.10_1,KalimantanSelatan,Tabalong,Kabupaten,2022-11,2022,11,2
IDN.13.10_1,KalimantanSelatan,Tabalong,Kabupaten,2022-12,2022,12,2
IDN.13.10_1,KalimantanSelatan,Tabalong,Kabupaten,2023-01,2023,1,3
IDN.13.10_1,KalimantanSelatan,Tabalong,Kabupaten,2023-02,2023,2,2
IDN.13.10_1,KalimantanSelatan,Tabalong,Kabupaten,2023-03,2023,3,1
IDN.13.10_1,KalimantanSelatan,Tabalong,Kabupaten,2023-04,2023,4,12
IDN.13.10_1,KalimantanSelatan,Tabalong,Kabupaten,2023-05,2023,5,30
IDN.13.10_1,KalimantanSelatan,Tabalong,Kabupaten,2023-06,2023,6,39
IDN.13.10_1,KalimantanSelatan,Tabalong,Kabupaten,2023-07,2023,7,53
IDN.13.10_1,KalimantanSelatan,Tabalong,Kabupaten,2023-08,2023,8,139
IDN.13.10_1,KalimantanSelatan,Tabalong,Kabupaten,2023-09,2023,9,129
IDN.13.10_1,KalimantanSelatan,Tabalong,Kabupaten,2023-10,2023,10,96
IDN.13.10_1,KalimantanSelatan,Tabalong,Kabupaten,2023-11,2023,11,30
IDN.13.10_1,KalimantanSelatan,Tabalong,Kabupaten,2023-12,2023,12,27
IDN.13.10_1,KalimantanSelatan,Tabalong,Kabupaten,2024-01,2024,1,18
IDN.13.10_1,KalimantanSelatan,Tabalong,Kabupaten,2024-02,2024,2,33
IDN.13.10_1,KalimantanSelatan,Tabalong,Kabupaten,2024-03,2024,3,49
IDN.13.10_1,KalimantanSelatan,Tabalong,Kabupaten,2024-04,2024,4,54
IDN.13.10_1,KalimantanSelatan,Tabalong,Kabupaten,2024-05,2024,5,41
IDN.13.10_1,KalimantanSelatan,Tabalong,Kabupaten,2024-06,2024,6,26
IDN.13.10_1,KalimantanSelatan,Tabalong,Kabupaten,2024-07,2024,7,26
IDN.13.10_1,KalimantanSelatan,Tabalong,Kabupaten,2024-08,2024,8,27
IDN.13.10_1,KalimantanSelatan,Tabalong,Kabupaten,2024-09,2024,9,70
IDN.13.10_1,KalimantanSelatan,Tabalong,Kabupaten,2024-10,2024,10,33
IDN.13.10_1,KalimantanSelatan,Tabalong,Kabupaten,2024-11,2024,11,29
IDN.13.10_1,KalimantanSelatan,Tabalong,Kabupaten,2024-12,2024,12,2
IDN.13.10_1,KalimantanSelatan,Tabalong,Kabupaten,2025-01,2025,1,1
IDN.13.10_1,KalimantanSelatan,Tabalong,Kabupaten,2025-02,2025,2,0
IDN.13.10_1,KalimantanSelatan,Tabalong,Kabupaten,2025-03,2025,3,4
IDN.13.10_1,KalimantanSelatan,Tabalong,Kabupaten,2025-04,2025,4,0
IDN.13.10_1,KalimantanSelatan,Tabalong,Kabupaten,2025-05,2025,5,4
IDN.13.10_1,KalimantanSelatan,Tabalong,Kabupaten,2025-06,2025,6,3
IDN.13.10_1,KalimantanSelatan,Tabalong,Kabupaten,2025-07,2025,7,12
IDN.13.10_1,KalimantanSelatan,Tabalong,Kabupaten,2025-08,2025,8,17
IDN.13.10_1,KalimantanSelatan,Tabalong,Kabupaten,2025-09,2025,9,33
IDN.13.10_1,KalimantanSelatan,Tabalong,Kabupaten,2025-10,2025,10,20
IDN.13.10_1,KalimantanSelatan,Tabalong,Kabupaten,2025-11,2025,11,4
IDN.13.10_1,KalimantanSelatan,Tabalong,Kabupaten,2025-12,2025,12,0
IDN.13.11_1,KalimantanSelatan,TanahBumbu,Kabupaten,2012-01,2012,1,10
IDN.13.11_1,KalimantanSelatan,TanahBumbu,Kabupaten,2012-02,2012,2,7
IDN.13.11_1,KalimantanSelatan,TanahBumbu,Kabupaten,2012-03,2012,3,8
IDN.13.11_1,KalimantanSelatan,TanahBumbu,Kabupaten,2012-04,2012,4,15
IDN.13.11_1,KalimantanSelatan,TanahBumbu,Kabupaten,2012-05,2012,5,19
IDN.13.11_1,KalimantanSelatan,TanahBumbu,Kabupaten,2012-06,2012,6,4
IDN.13.11_1,KalimantanSelatan,TanahBumbu,Kabupaten,2012-07,2012,7,16
IDN.13.11_1,KalimantanSelatan,TanahBumbu,Kabupaten,2012-08,2012,8,146
IDN.13.11_1,KalimantanSelatan,TanahBumbu,Kabupaten,2012-09,2012,9,355
IDN.13.11_1,KalimantanSelatan,TanahBumbu,Kabupaten,2012-10,2012,10,261
IDN.13.11_1,KalimantanSelatan,TanahBumbu,Kabupaten,2012-11,2012,11,49
IDN.13.11_1,KalimantanSelatan,TanahBumbu,Kabupaten,2012-12,2012,12,21
IDN.13.11_1,KalimantanSelatan,TanahBumbu,Kabupaten,2013-01,2013,1,9
IDN.13.11_1,KalimantanSelatan,TanahBumbu,Kabupaten,2013-02,2013,2,14
IDN.13.11_1,KalimantanSelatan,TanahBumbu,Kabupaten,2013-03,2013,3,28
IDN.13.11_1,KalimantanSelatan,TanahBumbu,Kabupaten,2013-04,2013,4,14
IDN.13.11_1,KalimantanSelatan,TanahBumbu,Kabupaten,2013-05,2013,5,8
IDN.13.11_1,KalimantanSelatan,TanahBumbu,Kabupaten,2013-06,2013,6,12
IDN.13.11_1,KalimantanSelatan,TanahBumbu,Kabupaten,2013-07,2013,7,5
IDN.13.11_1,KalimantanSelatan,TanahBumbu,Kabupaten,2013-08,2013,8,19
IDN.13.11_1,KalimantanSelatan,TanahBumbu,Kabupaten,2013-09,2013,9,88
IDN.13.11_1,KalimantanSelatan,TanahBumbu,Kabupaten,2013-10,2013,10,292
IDN.13.11_1,KalimantanSelatan,TanahBumbu,Kabupaten,2013-11,2013,11,31
IDN.13.11_1,KalimantanSelatan,TanahBumbu,Kabupaten,2013-12,2013,12,7
IDN.13.11_1,KalimantanSelatan,TanahBumbu,Kabupaten,2014-01,2014,1,15
IDN.13.11_1,KalimantanSelatan,TanahBumbu,Kabupaten,2014-02,2014,2,0
IDN.13.11_1,KalimantanSelatan,TanahBumbu,Kabupaten,2014-03,2014,3,10
IDN.13.11_1,KalimantanSelatan,TanahBumbu,Kabupaten,2014-04,2014,4,9
IDN.13.11_1,KalimantanSelatan,TanahBumbu,Kabupaten,2014-05,2014,5,10
IDN.13.11_1,KalimantanSelatan,TanahBumbu,Kabupaten,2014-06,2014,6,7
IDN.13.11_1,KalimantanSelatan,TanahBumbu,Kabupaten,2014-07,2014,7,44
IDN.13.11_1,KalimantanSelatan,TanahBumbu,Kabupaten,2014-08,2014,8,51
IDN.13.11_1,KalimantanSelatan,TanahBumbu,Kabupaten,2014-09,2014,9,584
IDN.13.11_1,KalimantanSelatan,TanahBumbu,Kabupaten,2014-10,2014,10,878
IDN.13.11_1,KalimantanSelatan,TanahBumbu,Kabupaten,2014-11,2014,11,371
IDN.13.11_1,KalimantanSelatan,TanahBumbu,Kabupaten,2014-12,2014,12,7
IDN.13.11_1,KalimantanSelatan,TanahBumbu,Kabupaten,2015-01,2015,1,8
IDN.13.11_1,KalimantanSelatan,TanahBumbu,Kabupaten,2015-02,2015,2,15
IDN.13.11_1,KalimantanSelatan,TanahBumbu,Kabupaten,2015-03,2015,3,6
IDN.13.11_1,KalimantanSelatan,TanahBumbu,Kabupaten,2015-04,2015,4,10
IDN.13.11_1,KalimantanSelatan,TanahBumbu,Kabupaten,2015-05,2015,5,14
IDN.13.11_1,KalimantanSelatan,TanahBumbu,Kabupaten,2015-06,2015,6,4
IDN.13.11_1,KalimantanSelatan,TanahBumbu,Kabupaten,2015-07,2015,7,34
IDN.13.11_1,KalimantanSelatan,TanahBumbu,Kabupaten,2015-08,2015,8,364
IDN.13.11_1,KalimantanSelatan,TanahBumbu,Kabupaten,2015-09,2015,9,1641
IDN.13.11_1,KalimantanSelatan,TanahBumbu,Kabupaten,2015-10,2015,10,1637
IDN.13.11_1,KalimantanSelatan,TanahBumbu,Kabupaten,2015-11,2015,11,400
IDN.13.11_1,KalimantanSelatan,TanahBumbu,Kabupaten,2015-12,2015,12,58
IDN.13.11_1,KalimantanSelatan,TanahBumbu,Kabupaten,2016-01,2016,1,96
IDN.13.11_1,KalimantanSelatan,TanahBumbu,Kabupaten,2016-02,2016,2,8
IDN.13.11_1,KalimantanSelatan,TanahBumbu,Kabupaten,2016-03,2016,3,7
IDN.13.11_1,KalimantanSelatan,TanahBumbu,Kabupaten,2016-04,2016,4,2
IDN.13.11_1,KalimantanSelatan,TanahBumbu,Kabupaten,2016-05,2016,5,2
IDN.13.11_1,KalimantanSelatan,TanahBumbu,Kabupaten,2016-06,2016,6,7
IDN.13.11_1,KalimantanSelatan,TanahBumbu,Kabupaten,2016-07,2016,7,4
IDN.13.11_1,KalimantanSelatan,TanahBumbu,Kabupaten,2016-08,2016,8,14
IDN.13.11_1,KalimantanSelatan,TanahBumbu,Kabupaten,2016-09,2016,9,14
IDN.13.11_1,KalimantanSelatan,TanahBumbu,Kabupaten,2016-10,2016,10,22
IDN.13.11_1,KalimantanSelatan,TanahBumbu,Kabupaten,2016-11,2016,11,11
IDN.13.11_1,KalimantanSelatan,TanahBumbu,Kabupaten,2016-12,2016,12,0
IDN.13.11_1,KalimantanSelatan,TanahBumbu,Kabupaten,2017-01,2017,1,1
IDN.13.11_1,KalimantanSelatan,TanahBumbu,Kabupaten,2017-02,2017,2,0
IDN.13.11_1,KalimantanSelatan,TanahBumbu,Kabupaten,2017-03,2017,3,1
IDN.13.11_1,KalimantanSelatan,TanahBumbu,Kabupaten,2017-04,2017,4,2
IDN.13.11_1,KalimantanSelatan,TanahBumbu,Kabupaten,2017-05,2017,5,1
IDN.13.11_1,KalimantanSelatan,TanahBumbu,Kabupaten,2017-06,2017,6,0
IDN.13.11_1,KalimantanSelatan,TanahBumbu,Kabupaten,2017-07,2017,7,0
IDN.13.11_1,KalimantanSelatan,TanahBumbu,Kabupaten,2017-08,2017,8,0
IDN.13.11_1,KalimantanSelatan,TanahBumbu,Kabupaten,2017-09,2017,9,11
IDN.13.11_1,KalimantanSelatan,TanahBumbu,Kabupaten,2017-10,2017,10,21
IDN.13.11_1,KalimantanSelatan,TanahBumbu,Kabupaten,2017-11,2017,11,2
IDN.13.11_1,KalimantanSelatan,TanahBumbu,Kabupaten,2017-12,2017,12,0
IDN.13.11_1,KalimantanSelatan,TanahBumbu,Kabupaten,2018-01,2018,1,1
IDN.13.11_1,KalimantanSelatan,TanahBumbu,Kabupaten,2018-02,2018,2,0
IDN.13.11_1,KalimantanSelatan,TanahBumbu,Kabupaten,2018-03,2018,3,2
IDN.13.11_1,KalimantanSelatan,TanahBumbu,Kabupaten,2018-04,2018,4,2
IDN.13.11_1,KalimantanSelatan,TanahBumbu,Kabupaten,2018-05,2018,5,1
IDN.13.11_1,KalimantanSelatan,TanahBumbu,Kabupaten,2018-06,2018,6,1
IDN.13.11_1,KalimantanSelatan,TanahBumbu,Kabupaten,2018-07,2018,7,6
IDN.13.11_1,KalimantanSelatan,TanahBumbu,Kabupaten,2018-08,2018,8,62
IDN.13.11_1,KalimantanSelatan,TanahBumbu,Kabupaten,2018-09,2018,9,108
IDN.13.11_1,KalimantanSelatan,TanahBumbu,Kabupaten,2018-10,2018,10,73
IDN.13.11_1,KalimantanSelatan,TanahBumbu,Kabupaten,2018-11,2018,11,5
IDN.13.11_1,KalimantanSelatan,TanahBumbu,Kabupaten,2018-12,2018,12,3
IDN.13.11_1,KalimantanSelatan,TanahBumbu,Kabupaten,2019-01,2019,1,0
IDN.13.11_1,KalimantanSelatan,TanahBumbu,Kabupaten,2019-02,2019,2,7
IDN.13.11_1,KalimantanSelatan,TanahBumbu,Kabupaten,2019-03,2019,3,5
IDN.13.11_1,KalimantanSelatan,TanahBumbu,Kabupaten,2019-04,2019,4,4
IDN.13.11_1,KalimantanSelatan,TanahBumbu,Kabupaten,2019-05,2019,5,5
IDN.13.11_1,KalimantanSelatan,TanahBumbu,Kabupaten,2019-06,2019,6,0
IDN.13.11_1,KalimantanSelatan,TanahBumbu,Kabupaten,2019-07,2019,7,15
IDN.13.11_1,KalimantanSelatan,TanahBumbu,Kabupaten,2019-08,2019,8,77
IDN.13.11_1,KalimantanSelatan,TanahBumbu,Kabupaten,2019-09,2019,9,363
IDN.13.11_1,KalimantanSelatan,TanahBumbu,Kabupaten,2019-10,2019,10,324
IDN.13.11_1,KalimantanSelatan,TanahBumbu,Kabupaten,2019-11,2019,11,400
IDN.13.11_1,KalimantanSelatan,TanahBumbu,Kabupaten,2019-12,2019,12,90
IDN.13.11_1,KalimantanSelatan,TanahBumbu,Kabupaten,2020-01,2020,1,30
IDN.13.11_1,KalimantanSelatan,TanahBumbu,Kabupaten,2020-02,2020,2,23
IDN.13.11_1,KalimantanSelatan,TanahBumbu,Kabupaten,2020-03,2020,3,16
IDN.13.11_1,KalimantanSelatan,TanahBumbu,Kabupaten,2020-04,2020,4,3
IDN.13.11_1,KalimantanSelatan,TanahBumbu,Kabupaten,2020-05,2020,5,8
IDN.13.11_1,KalimantanSelatan,TanahBumbu,Kabupaten,2020-06,2020,6,4
IDN.13.11_1,KalimantanSelatan,TanahBumbu,Kabupaten,2020-07,2020,7,2
IDN.13.11_1,KalimantanSelatan,TanahBumbu,Kabupaten,2020-08,2020,8,0
IDN.13.11_1,KalimantanSelatan,TanahBumbu,Kabupaten,2020-09,2020,9,6
IDN.13.11_1,KalimantanSelatan,TanahBumbu,Kabupaten,2020-10,2020,10,7
IDN.13.11_1,KalimantanSelatan,TanahBumbu,Kabupaten,2020-11,2020,11,4
IDN.13.11_1,KalimantanSelatan,TanahBumbu,Kabupaten,2020-12,2020,12,0
IDN.13.11_1,KalimantanSelatan,TanahBumbu,Kabupaten,2021-01,2021,1,1
IDN.13.11_1,KalimantanSelatan,TanahBumbu,Kabupaten,2021-02,2021,2,0
IDN.13.11_1,KalimantanSelatan,TanahBumbu,Kabupaten,2021-03,2021,3,2
IDN.13.11_1,KalimantanSelatan,TanahBumbu,Kabupaten,2021-04,2021,4,42
IDN.13.11_1,KalimantanSelatan,TanahBumbu,Kabupaten,2021-05,2021,5,7
IDN.13.11_1,KalimantanSelatan,TanahBumbu,Kabupaten,2021-06,2021,6,7
IDN.13.11_1,KalimantanSelatan,TanahBumbu,Kabupaten,2021-07,2021,7,3
IDN.13.11_1,KalimantanSelatan,TanahBumbu,Kabupaten,2021-08,2021,8,3
IDN.13.11_1,KalimantanSelatan,TanahBumbu,Kabupaten,2021-09,2021,9,0
IDN.13.11_1,KalimantanSelatan,TanahBumbu,Kabupaten,2021-10,2021,10,8
IDN.13.11_1,KalimantanSelatan,TanahBumbu,Kabupaten,2021-11,2021,11,0
IDN.13.11_1,KalimantanSelatan,TanahBumbu,Kabupaten,2021-12,2021,12,0
IDN.13.11_1,KalimantanSelatan,TanahBumbu,Kabupaten,2022-01,2022,1,2
IDN.13.11_1,KalimantanSelatan,TanahBumbu,Kabupaten,2022-02,2022,2,3
IDN.13.11_1,KalimantanSelatan,TanahBumbu,Kabupaten,2022-03,2022,3,3
IDN.13.11_1,KalimantanSelatan,TanahBumbu,Kabupaten,2022-04,2022,4,7
IDN.13.11_1,KalimantanSelatan,TanahBumbu,Kabupaten,2022-05,2022,5,4
IDN.13.11_1,KalimantanSelatan,TanahBumbu,Kabupaten,2022-06,2022,6,1
IDN.13.11_1,KalimantanSelatan,TanahBumbu,Kabupaten,2022-07,2022,7,0
IDN.13.11_1,KalimantanSelatan,TanahBumbu,Kabupaten,2022-08,2022,8,3
IDN.13.11_1,KalimantanSelatan,TanahBumbu,Kabupaten,2022-09,2022,9,8
IDN.13.11_1,KalimantanSelatan,TanahBumbu,Kabupaten,2022-10,2022,10,4
IDN.13.11_1,KalimantanSelatan,TanahBumbu,Kabupaten,2022-11,2022,11,1
IDN.13.11_1,KalimantanSelatan,TanahBumbu,Kabupaten,2022-12,2022,12,2
IDN.13.11_1,KalimantanSelatan,TanahBumbu,Kabupaten,2023-01,2023,1,2
IDN.13.11_1,KalimantanSelatan,TanahBumbu,Kabupaten,2023-02,2023,2,0
IDN.13.11_1,KalimantanSelatan,TanahBumbu,Kabupaten,2023-03,2023,3,0
IDN.13.11_1,KalimantanSelatan,TanahBumbu,Kabupaten,2023-04,2023,4,2
IDN.13.11_1,KalimantanSelatan,TanahBumbu,Kabupaten,2023-05,2023,5,10
IDN.13.11_1,KalimantanSelatan,TanahBumbu,Kabupaten,2023-06,2023,6,4
IDN.13.11_1,KalimantanSelatan,TanahBumbu,Kabupaten,2023-07,2023,7,10
IDN.13.11_1,KalimantanSelatan,TanahBumbu,Kabupaten,2023-08,2023,8,109
IDN.13.11_1,KalimantanSelatan,TanahBumbu,Kabupaten,2023-09,2023,9,168
IDN.13.11_1,KalimantanSelatan,TanahBumbu,Kabupaten,2023-10,2023,10,205
IDN.13.11_1,KalimantanSelatan,TanahBumbu,Kabupaten,2023-11,2023,11,71
IDN.13.11_1,KalimantanSelatan,TanahBumbu,Kabupaten,2023-12,2023,12,3
IDN.13.11_1,KalimantanSelatan,TanahBumbu,Kabupaten,2024-01,2024,1,0
IDN.13.11_1,KalimantanSelatan,TanahBumbu,Kabupaten,2024-02,2024,2,0
IDN.13.11_1,KalimantanSelatan,TanahBumbu,Kabupaten,2024-03,2024,3,0
IDN.13.11_1,KalimantanSelatan,TanahBumbu,Kabupaten,2024-04,2024,4,1
IDN.13.11_1,KalimantanSelatan,TanahBumbu,Kabupaten,2024-05,2024,5,0
IDN.13.11_1,KalimantanSelatan,TanahBumbu,Kabupaten,2024-06,2024,6,1
IDN.13.11_1,KalimantanSelatan,TanahBumbu,Kabupaten,2024-07,2024,7,0
IDN.13.11_1,KalimantanSelatan,TanahBumbu,Kabupaten,2024-08,2024,8,0
IDN.13.11_1,KalimantanSelatan,TanahBumbu,Kabupaten,2024-09,2024,9,27
IDN.13.11_1,KalimantanSelatan,TanahBumbu,Kabupaten,2024-10,2024,10,50
IDN.13.11_1,KalimantanSelatan,TanahBumbu,Kabupaten,2024-11,2024,11,5
IDN.13.11_1,KalimantanSelatan,TanahBumbu,Kabupaten,2024-12,2024,12,1
IDN.13.11_1,KalimantanSelatan,TanahBumbu,Kabupaten,2025-01,2025,1,1
IDN.13.11_1,KalimantanSelatan,TanahBumbu,Kabupaten,2025-02,2025,2,1
IDN.13.11_1,KalimantanSelatan,TanahBumbu,Kabupaten,2025-03,2025,3,0
IDN.13.11_1,KalimantanSelatan,TanahBumbu,Kabupaten,2025-04,2025,4,1
IDN.13.11_1,KalimantanSelatan,TanahBumbu,Kabupaten,2025-05,2025,5,1
IDN.13.11_1,KalimantanSelatan,TanahBumbu,Kabupaten,2025-06,2025,6,0
IDN.13.11_1,KalimantanSelatan,TanahBumbu,Kabupaten,2025-07,2025,7,7
IDN.13.11_1,KalimantanSelatan,TanahBumbu,Kabupaten,2025-08,2025,8,3
IDN.13.11_1,KalimantanSelatan,TanahBumbu,Kabupaten,2025-09,2025,9,21
IDN.13.11_1,KalimantanSelatan,TanahBumbu,Kabupaten,2025-10,2025,10,49
IDN.13.11_1,KalimantanSelatan,TanahBumbu,Kabupaten,2025-11,2025,11,15
IDN.13.11_1,KalimantanSelatan,TanahBumbu,Kabupaten,2025-12,2025,12,15
IDN.13.12_1,KalimantanSelatan,TanahLaut,Kabupaten,2012-01,2012,1,9
IDN.13.12_1,KalimantanSelatan,TanahLaut,Kabupaten,2012-02,2012,2,18
IDN.13.12_1,KalimantanSelatan,TanahLaut,Kabupaten,2012-03,2012,3,10
IDN.13.12_1,KalimantanSelatan,TanahLaut,Kabupaten,2012-04,2012,4,7
IDN.13.12_1,KalimantanSelatan,TanahLaut,Kabupaten,2012-05,2012,5,31
IDN.13.12_1,KalimantanSelatan,TanahLaut,Kabupaten,2012-06,2012,6,11
IDN.13.12_1,KalimantanSelatan,TanahLaut,Kabupaten,2012-07,2012,7,9
IDN.13.12_1,KalimantanSelatan,TanahLaut,Kabupaten,2012-08,2012,8,88
IDN.13.12_1,KalimantanSelatan,TanahLaut,Kabupaten,2012-09,2012,9,323
IDN.13.12_1,KalimantanSelatan,TanahLaut,Kabupaten,2012-10,2012,10,272
IDN.13.12_1,KalimantanSelatan,TanahLaut,Kabupaten,2012-11,2012,11,14
IDN.13.12_1,KalimantanSelatan,TanahLaut,Kabupaten,2012-12,2012,12,10
IDN.13.12_1,KalimantanSelatan,TanahLaut,Kabupaten,2013-01,2013,1,9
IDN.13.12_1,KalimantanSelatan,TanahLaut,Kabupaten,2013-02,2013,2,10
IDN.13.12_1,KalimantanSelatan,TanahLaut,Kabupaten,2013-03,2013,3,7
IDN.13.12_1,KalimantanSelatan,TanahLaut,Kabupaten,2013-04,2013,4,17
IDN.13.12_1,KalimantanSelatan,TanahLaut,Kabupaten,2013-05,2013,5,13
IDN.13.12_1,KalimantanSelatan,TanahLaut,Kabupaten,2013-06,2013,6,14
IDN.13.12_1,KalimantanSelatan,TanahLaut,Kabupaten,2013-07,2013,7,21
IDN.13.12_1,KalimantanSelatan,TanahLaut,Kabupaten,2013-08,2013,8,60
IDN.13.12_1,KalimantanSelatan,TanahLaut,Kabupaten,2013-09,2013,9,158
IDN.13.12_1,KalimantanSelatan,TanahLaut,Kabupaten,2013-10,2013,10,522
IDN.13.12_1,KalimantanSelatan,TanahLaut,Kabupaten,2013-11,2013,11,52
IDN.13.12_1,KalimantanSelatan,TanahLaut,Kabupaten,2013-12,2013,12,9
IDN.13.12_1,KalimantanSelatan,TanahLaut,Kabupaten,2014-01,2014,1,15
IDN.13.12_1,KalimantanSelatan,TanahLaut,Kabupaten,2014-02,2014,2,11
IDN.13.12_1,KalimantanSelatan,TanahLaut,Kabupaten,2014-03,2014,3,22
IDN.13.12_1,KalimantanSelatan,TanahLaut,Kabupaten,2014-04,2014,4,39
IDN.13.12_1,KalimantanSelatan,TanahLaut,Kabupaten,2014-05,2014,5,22
IDN.13.12_1,KalimantanSelatan,TanahLaut,Kabupaten,2014-06,2014,6,13
IDN.13.12_1,KalimantanSelatan,TanahLaut,Kabupaten,2014-07,2014,7,26
IDN.13.12_1,KalimantanSelatan,TanahLaut,Kabupaten,2014-08,2014,8,148
IDN.13.12_1,KalimantanSelatan,TanahLaut,Kabupaten,2014-09,2014,9,806
IDN.13.12_1,KalimantanSelatan,TanahLaut,Kabupaten,2014-10,2014,10,751
IDN.13.12_1,KalimantanSelatan,TanahLaut,Kabupaten,2014-11,2014,11,255
IDN.13.12_1,KalimantanSelatan,TanahLaut,Kabupaten,2014-12,2014,12,12
IDN.13.12_1,KalimantanSelatan,TanahLaut,Kabupaten,2015-01,2015,1,2
IDN.13.12_1,KalimantanSelatan,TanahLaut,Kabupaten,2015-02,2015,2,1
IDN.13.12_1,KalimantanSelatan,TanahLaut,Kabupaten,2015-03,2015,3,3
IDN.13.12_1,KalimantanSelatan,TanahLaut,Kabupaten,2015-04,2015,4,2
IDN.13.12_1,KalimantanSelatan,TanahLaut,Kabupaten,2015-05,2015,5,9
IDN.13.12_1,KalimantanSelatan,TanahLaut,Kabupaten,2015-06,2015,6,9
IDN.13.12_1,KalimantanSelatan,TanahLaut,Kabupaten,2015-07,2015,7,131
IDN.13.12_1,KalimantanSelatan,TanahLaut,Kabupaten,2015-08,2015,8,565
IDN.13.12_1,KalimantanSelatan,TanahLaut,Kabupaten,2015-09,2015,9,1839
IDN.13.12_1,KalimantanSelatan,TanahLaut,Kabupaten,2015-10,2015,10,1047
IDN.13.12_1,KalimantanSelatan,TanahLaut,Kabupaten,2015-11,2015,11,220
IDN.13.12_1,KalimantanSelatan,TanahLaut,Kabupaten,2015-12,2015,12,10
IDN.13.12_1,KalimantanSelatan,TanahLaut,Kabupaten,2016-01,2016,1,11
IDN.13.12_1,KalimantanSelatan,TanahLaut,Kabupaten,2016-02,2016,2,2
IDN.13.12_1,KalimantanSelatan,TanahLaut,Kabupaten,2016-03,2016,3,1
IDN.13.12_1,KalimantanSelatan,TanahLaut,Kabupaten,2016-04,2016,4,2
IDN.13.12_1,KalimantanSelatan,TanahLaut,Kabupaten,2016-05,2016,5,4
IDN.13.12_1,KalimantanSelatan,TanahLaut,Kabupaten,2016-06,2016,6,8
IDN.13.12_1,KalimantanSelatan,TanahLaut,Kabupaten,2016-07,2016,7,11
IDN.13.12_1,KalimantanSelatan,TanahLaut,Kabupaten,2016-08,2016,8,83
IDN.13.12_1,KalimantanSelatan,TanahLaut,Kabupaten,2016-09,2016,9,66
IDN.13.12_1,KalimantanSelatan,TanahLaut,Kabupaten,2016-10,2016,10,21
IDN.13.12_1,KalimantanSelatan,TanahLaut,Kabupaten,2016-11,2016,11,11
IDN.13.12_1,KalimantanSelatan,TanahLaut,Kabupaten,2016-12,2016,12,3
IDN.13.12_1,KalimantanSelatan,TanahLaut,Kabupaten,2017-01,2017,1,3
IDN.13.12_1,KalimantanSelatan,TanahLaut,Kabupaten,2017-02,2017,2,1
IDN.13.12_1,KalimantanSelatan,TanahLaut,Kabupaten,2017-03,2017,3,5
IDN.13.12_1,KalimantanSelatan,TanahLaut,Kabupaten,2017-04,2017,4,3
IDN.13.12_1,KalimantanSelatan,TanahLaut,Kabupaten,2017-05,2017,5,9
IDN.13.12_1,KalimantanSelatan,TanahLaut,Kabupaten,2017-06,2017,6,2
IDN.13.12_1,KalimantanSelatan,TanahLaut,Kabupaten,2017-07,2017,7,12
IDN.13.12_1,KalimantanSelatan,TanahLaut,Kabupaten,2017-08,2017,8,35
IDN.13.12_1,KalimantanSelatan,TanahLaut,Kabupaten,2017-09,2017,9,127
IDN.13.12_1,KalimantanSelatan,TanahLaut,Kabupaten,2017-10,2017,10,24
IDN.13.12_1,KalimantanSelatan,TanahLaut,Kabupaten,2017-11,2017,11,1
IDN.13.12_1,KalimantanSelatan,TanahLaut,Kabupaten,2017-12,2017,12,0
IDN.13.12_1,KalimantanSelatan,TanahLaut,Kabupaten,2018-01,2018,1,2
IDN.13.12_1,KalimantanSelatan,TanahLaut,Kabupaten,2018-02,2018,2,11
IDN.13.12_1,KalimantanSelatan,TanahLaut,Kabupaten,2018-03,2018,3,10
IDN.13.12_1,KalimantanSelatan,TanahLaut,Kabupaten,2018-04,2018,4,13
IDN.13.12_1,KalimantanSelatan,TanahLaut,Kabupaten,2018-05,2018,5,9
IDN.13.12_1,KalimantanSelatan,TanahLaut,Kabupaten,2018-06,2018,6,15
IDN.13.12_1,KalimantanSelatan,TanahLaut,Kabupaten,2018-07,2018,7,98
IDN.13.12_1,KalimantanSelatan,TanahLaut,Kabupaten,2018-08,2018,8,270
IDN.13.12_1,KalimantanSelatan,TanahLaut,Kabupaten,2018-09,2018,9,229
IDN.13.12_1,KalimantanSelatan,TanahLaut,Kabupaten,2018-10,2018,10,148
IDN.13.12_1,KalimantanSelatan,TanahLaut,Kabupaten,2018-11,2018,11,2
IDN.13.12_1,KalimantanSelatan,TanahLaut,Kabupaten,2018-12,2018,12,2
IDN.13.12_1,KalimantanSelatan,TanahLaut,Kabupaten,2019-01,2019,1,0
IDN.13.12_1,KalimantanSelatan,TanahLaut,Kabupaten,2019-02,2019,2,3
IDN.13.12_1,KalimantanSelatan,TanahLaut,Kabupaten,2019-03,2019,3,4
IDN.13.12_1,KalimantanSelatan,TanahLaut,Kabupaten,2019-04,2019,4,1
IDN.13.12_1,KalimantanSelatan,TanahLaut,Kabupaten,2019-05,2019,5,16
IDN.13.12_1,KalimantanSelatan,TanahLaut,Kabupaten,2019-06,2019,6,3
IDN.13.12_1,KalimantanSelatan,TanahLaut,Kabupaten,2019-07,2019,7,36
IDN.13.12_1,KalimantanSelatan,TanahLaut,Kabupaten,2019-08,2019,8,254
IDN.13.12_1,KalimantanSelatan,TanahLaut,Kabupaten,2019-09,2019,9,901
IDN.13.12_1,KalimantanSelatan,TanahLaut,Kabupaten,2019-10,2019,10,461
IDN.13.12_1,KalimantanSelatan,TanahLaut,Kabupaten,2019-11,2019,11,276
IDN.13.12_1,KalimantanSelatan,TanahLaut,Kabupaten,2019-12,2019,12,43
IDN.13.12_1,KalimantanSelatan,TanahLaut,Kabupaten,2020-01,2020,1,4
IDN.13.12_1,KalimantanSelatan,TanahLaut,Kabupaten,2020-02,2020,2,0
IDN.13.12_1,KalimantanSelatan,TanahLaut,Kabupaten,2020-03,2020,3,2
IDN.13.12_1,KalimantanSelatan,TanahLaut,Kabupaten,2020-04,2020,4,1
IDN.13.12_1,KalimantanSelatan,TanahLaut,Kabupaten,2020-05,2020,5,0
IDN.13.12_1,KalimantanSelatan,TanahLaut,Kabupaten,2020-06,2020,6,0
IDN.13.12_1,KalimantanSelatan,TanahLaut,Kabupaten,2020-07,2020,7,1
IDN.13.12_1,KalimantanSelatan,TanahLaut,Kabupaten,2020-08,2020,8,5
IDN.13.12_1,KalimantanSelatan,TanahLaut,Kabupaten,2020-09,2020,9,6
IDN.13.12_1,KalimantanSelatan,TanahLaut,Kabupaten,2020-10,2020,10,15
IDN.13.12_1,KalimantanSelatan,TanahLaut,Kabupaten,2020-11,2020,11,2
IDN.13.12_1,KalimantanSelatan,TanahLaut,Kabupaten,2020-12,2020,12,2
IDN.13.12_1,KalimantanSelatan,TanahLaut,Kabupaten,2021-01,2021,1,3
IDN.13.12_1,KalimantanSelatan,TanahLaut,Kabupaten,2021-02,2021,2,0
IDN.13.12_1,KalimantanSelatan,TanahLaut,Kabupaten,2021-03,2021,3,5
IDN.13.12_1,KalimantanSelatan,TanahLaut,Kabupaten,2021-04,2021,4,35
IDN.13.12_1,KalimantanSelatan,TanahLaut,Kabupaten,2021-05,2021,5,13
IDN.13.12_1,KalimantanSelatan,TanahLaut,Kabupaten,2021-06,2021,6,58
IDN.13.12_1,KalimantanSelatan,TanahLaut,Kabupaten,2021-07,2021,7,45
IDN.13.12_1,KalimantanSelatan,TanahLaut,Kabupaten,2021-08,2021,8,20
IDN.13.12_1,KalimantanSelatan,TanahLaut,Kabupaten,2021-09,2021,9,6
IDN.13.12_1,KalimantanSelatan,TanahLaut,Kabupaten,2021-10,2021,10,4
IDN.13.12_1,KalimantanSelatan,TanahLaut,Kabupaten,2021-11,2021,11,1
IDN.13.12_1,KalimantanSelatan,TanahLaut,Kabupaten,2021-12,2021,12,6
IDN.13.12_1,KalimantanSelatan,TanahLaut,Kabupaten,2022-01,2022,1,2
IDN.13.12_1,KalimantanSelatan,TanahLaut,Kabupaten,2022-02,2022,2,1
IDN.13.12_1,KalimantanSelatan,TanahLaut,Kabupaten,2022-03,2022,3,7
IDN.13.12_1,KalimantanSelatan,TanahLaut,Kabupaten,2022-04,2022,4,19
IDN.13.12_1,KalimantanSelatan,TanahLaut,Kabupaten,2022-05,2022,5,13
IDN.13.12_1,KalimantanSelatan,TanahLaut,Kabupaten,2022-06,2022,6,10
IDN.13.12_1,KalimantanSelatan,TanahLaut,Kabupaten,2022-07,2022,7,0
IDN.13.12_1,KalimantanSelatan,TanahLaut,Kabupaten,2022-08,2022,8,6
IDN.13.12_1,KalimantanSelatan,TanahLaut,Kabupaten,2022-09,2022,9,1
IDN.13.12_1,KalimantanSelatan,TanahLaut,Kabupaten,2022-10,2022,10,2
IDN.13.12_1,KalimantanSelatan,TanahLaut,Kabupaten,2022-11,2022,11,2
IDN.13.12_1,KalimantanSelatan,TanahLaut,Kabupaten,2022-12,2022,12,2
IDN.13.12_1,KalimantanSelatan,TanahLaut,Kabupaten,2023-01,2023,1,0
IDN.13.12_1,KalimantanSelatan,TanahLaut,Kabupaten,2023-02,2023,2,3
IDN.13.12_1,KalimantanSelatan,TanahLaut,Kabupaten,2023-03,2023,3,1
IDN.13.12_1,KalimantanSelatan,TanahLaut,Kabupaten,2023-04,2023,4,7
IDN.13.12_1,KalimantanSelatan,TanahLaut,Kabupaten,2023-05,2023,5,58
IDN.13.12_1,KalimantanSelatan,TanahLaut,Kabupaten,2023-06,2023,6,107
IDN.13.12_1,KalimantanSelatan,TanahLaut,Kabupaten,2023-07,2023,7,109
IDN.13.12_1,KalimantanSelatan,TanahLaut,Kabupaten,2023-08,2023,8,477
IDN.13.12_1,KalimantanSelatan,TanahLaut,Kabupaten,2023-09,2023,9,667
IDN.13.12_1,KalimantanSelatan,TanahLaut,Kabupaten,2023-10,2023,10,300
IDN.13.12_1,KalimantanSelatan,TanahLaut,Kabupaten,2023-11,2023,11,65
IDN.13.12_1,KalimantanSelatan,TanahLaut,Kabupaten,2023-12,2023,12,7
IDN.13.12_1,KalimantanSelatan,TanahLaut,Kabupaten,2024-01,2024,1,2
IDN.13.12_1,KalimantanSelatan,TanahLaut,Kabupaten,2024-02,2024,2,2
IDN.13.12_1,KalimantanSelatan,TanahLaut,Kabupaten,2024-03,2024,3,1
IDN.13.12_1,KalimantanSelatan,TanahLaut,Kabupaten,2024-04,2024,4,1
IDN.13.12_1,KalimantanSelatan,TanahLaut,Kabupaten,2024-05,2024,5,2
IDN.13.12_1,KalimantanSelatan,TanahLaut,Kabupaten,2024-06,2024,6,2
IDN.13.12_1,KalimantanSelatan,TanahLaut,Kabupaten,2024-07,2024,7,3
IDN.13.12_1,KalimantanSelatan,TanahLaut,Kabupaten,2024-08,2024,8,9
IDN.13.12_1,KalimantanSelatan,TanahLaut,Kabupaten,2024-09,2024,9,60
IDN.13.12_1,KalimantanSelatan,TanahLaut,Kabupaten,2024-10,2024,10,72
IDN.13.12_1,KalimantanSelatan,TanahLaut,Kabupaten,2024-11,2024,11,2
IDN.13.12_1,KalimantanSelatan,TanahLaut,Kabupaten,2024-12,2024,12,1
IDN.13.12_1,KalimantanSelatan,TanahLaut,Kabupaten,2025-01,2025,1,0
IDN.13.12_1,KalimantanSelatan,TanahLaut,Kabupaten,2025-02,2025,2,3
IDN.13.12_1,KalimantanSelatan,TanahLaut,Kabupaten,2025-03,2025,3,2
IDN.13.12_1,KalimantanSelatan,TanahLaut,Kabupaten,2025-04,2025,4,4
IDN.13.12_1,KalimantanSelatan,TanahLaut,Kabupaten,2025-05,2025,5,11
IDN.13.12_1,KalimantanSelatan,TanahLaut,Kabupaten,2025-06,2025,6,3
IDN.13.12_1,KalimantanSelatan,TanahLaut,Kabupaten,2025-07,2025,7,29
IDN.13.12_1,KalimantanSelatan,TanahLaut,Kabupaten,2025-08,2025,8,23
IDN.13.12_1,KalimantanSelatan,TanahLaut,Kabupaten,2025-09,2025,9,5
IDN.13.12_1,KalimantanSelatan,TanahLaut,Kabupaten,2025-10,2025,10,10
IDN.13.12_1,KalimantanSelatan,TanahLaut,Kabupaten,2025-11,2025,11,5
IDN.13.12_1,KalimantanSelatan,TanahLaut,Kabupaten,2025-12,2025,12,3
IDN.13.13_1,KalimantanSelatan,Tapin,Kabupaten,2012-01,2012,1,1
IDN.13.13_1,KalimantanSelatan,Tapin,Kabupaten,2012-02,2012,2,1
IDN.13.13_1,KalimantanSelatan,Tapin,Kabupaten,2012-03,2012,3,3
IDN.13.13_1,KalimantanSelatan,Tapin,Kabupaten,2012-04,2012,4,3
IDN.13.13_1,KalimantanSelatan,Tapin,Kabupaten,2012-05,2012,5,9
IDN.13.13_1,KalimantanSelatan,Tapin,Kabupaten,2012-06,2012,6,6
IDN.13.13_1,KalimantanSelatan,Tapin,Kabupaten,2012-07,2012,7,31
IDN.13.13_1,KalimantanSelatan,Tapin,Kabupaten,2012-08,2012,8,188
IDN.13.13_1,KalimantanSelatan,Tapin,Kabupaten,2012-09,2012,9,652
IDN.13.13_1,KalimantanSelatan,Tapin,Kabupaten,2012-10,2012,10,433
IDN.13.13_1,KalimantanSelatan,Tapin,Kabupaten,2012-11,2012,11,20
IDN.13.13_1,KalimantanSelatan,Tapin,Kabupaten,2012-12,2012,12,5
IDN.13.13_1,KalimantanSelatan,Tapin,Kabupaten,2013-01,2013,1,0
IDN.13.13_1,KalimantanSelatan,Tapin,Kabupaten,2013-02,2013,2,0
IDN.13.13_1,KalimantanSelatan,Tapin,Kabupaten,2013-03,2013,3,0
IDN.13.13_1,KalimantanSelatan,Tapin,Kabupaten,2013-04,2013,4,0
IDN.13.13_1,KalimantanSelatan,Tapin,Kabupaten,2013-05,2013,5,0
IDN.13.13_1,KalimantanSelatan,Tapin,Kabupaten,2013-06,2013,6,5
IDN.13.13_1,KalimantanSelatan,Tapin,Kabupaten,2013-07,2013,7,11
IDN.13.13_1,KalimantanSelatan,Tapin,Kabupaten,2013-08,2013,8,36
IDN.13.13_1,KalimantanSelatan,Tapin,Kabupaten,2013-09,2013,9,194
IDN.13.13_1,KalimantanSelatan,Tapin,Kabupaten,2013-10,2013,10,375
IDN.13.13_1,KalimantanSelatan,Tapin,Kabupaten,2013-11,2013,11,14
IDN.13.13_1,KalimantanSelatan,Tapin,Kabupaten,2013-12,2013,12,0
IDN.13.13_1,KalimantanSelatan,Tapin,Kabupaten,2014-01,2014,1,1
IDN.13.13_1,KalimantanSelatan,Tapin,Kabupaten,2014-02,2014,2,1
IDN.13.13_1,KalimantanSelatan,Tapin,Kabupaten,2014-03,2014,3,3
IDN.13.13_1,KalimantanSelatan,Tapin,Kabupaten,2014-04,2014,4,10
IDN.13.13_1,KalimantanSelatan,Tapin,Kabupaten,2014-05,2014,5,12
IDN.13.13_1,KalimantanSelatan,Tapin,Kabupaten,2014-06,2014,6,30
IDN.13.13_1,KalimantanSelatan,Tapin,Kabupaten,2014-07,2014,7,106
IDN.13.13_1,KalimantanSelatan,Tapin,Kabupaten,2014-08,2014,8,239
IDN.13.13_1,KalimantanSelatan,Tapin,Kabupaten,2014-09,2014,9,1087
IDN.13.13_1,KalimantanSelatan,Tapin,Kabupaten,2014-10,2014,10,1410
IDN.13.13_1,KalimantanSelatan,Tapin,Kabupaten,2014-11,2014,11,326
IDN.13.13_1,KalimantanSelatan,Tapin,Kabupaten,2014-12,2014,12,21
IDN.13.13_1,KalimantanSelatan,Tapin,Kabupaten,2015-01,2015,1,15
IDN.13.13_1,KalimantanSelatan,Tapin,Kabupaten,2015-02,2015,2,25
IDN.13.13_1,KalimantanSelatan,Tapin,Kabupaten,2015-03,2015,3,23
IDN.13.13_1,KalimantanSelatan,Tapin,Kabupaten,2015-04,2015,4,32
IDN.13.13_1,KalimantanSelatan,Tapin,Kabupaten,2015-05,2015,5,38
IDN.13.13_1,KalimantanSelatan,Tapin,Kabupaten,2015-06,2015,6,64
IDN.13.13_1,KalimantanSelatan,Tapin,Kabupaten,2015-07,2015,7,171
IDN.13.13_1,KalimantanSelatan,Tapin,Kabupaten,2015-08,2015,8,824
IDN.13.13_1,KalimantanSelatan,Tapin,Kabupaten,2015-09,2015,9,2066
IDN.13.13_1,KalimantanSelatan,Tapin,Kabupaten,2015-10,2015,10,920
IDN.13.13_1,KalimantanSelatan,Tapin,Kabupaten,2015-11,2015,11,92
IDN.13.13_1,KalimantanSelatan,Tapin,Kabupaten,2015-12,2015,12,4
IDN.13.13_1,KalimantanSelatan,Tapin,Kabupaten,2016-01,2016,1,4
IDN.13.13_1,KalimantanSelatan,Tapin,Kabupaten,2016-02,2016,2,2
IDN.13.13_1,KalimantanSelatan,Tapin,Kabupaten,2016-03,2016,3,2
IDN.13.13_1,KalimantanSelatan,Tapin,Kabupaten,2016-04,2016,4,1
IDN.13.13_1,KalimantanSelatan,Tapin,Kabupaten,2016-05,2016,5,11
IDN.13.13_1,KalimantanSelatan,Tapin,Kabupaten,2016-06,2016,6,5
IDN.13.13_1,KalimantanSelatan,Tapin,Kabupaten,2016-07,2016,7,14
IDN.13.13_1,KalimantanSelatan,Tapin,Kabupaten,2016-08,2016,8,12
IDN.13.13_1,KalimantanSelatan,Tapin,Kabupaten,2016-09,2016,9,24
IDN.13.13_1,KalimantanSelatan,Tapin,Kabupaten,2016-10,2016,10,18
IDN.13.13_1,KalimantanSelatan,Tapin,Kabupaten,2016-11,2016,11,2
IDN.13.13_1,KalimantanSelatan,Tapin,Kabupaten,2016-12,2016,12,0
IDN.13.13_1,KalimantanSelatan,Tapin,Kabupaten,2017-01,2017,1,0
IDN.13.13_1,KalimantanSelatan,Tapin,Kabupaten,2017-02,2017,2,2
IDN.13.13_1,KalimantanSelatan,Tapin,Kabupaten,2017-03,2017,3,7
IDN.13.13_1,KalimantanSelatan,Tapin,Kabupaten,2017-04,2017,4,14
IDN.13.13_1,KalimantanSelatan,Tapin,Kabupaten,2017-05,2017,5,0
IDN.13.13_1,KalimantanSelatan,Tapin,Kabupaten,2017-06,2017,6,5
IDN.13.13_1,KalimantanSelatan,Tapin,Kabupaten,2017-07,2017,7,18
IDN.13.13_1,KalimantanSelatan,Tapin,Kabupaten,2017-08,2017,8,37
IDN.13.13_1,KalimantanSelatan,Tapin,Kabupaten,2017-09,2017,9,124
IDN.13.13_1,KalimantanSelatan,Tapin,Kabupaten,2017-10,2017,10,33
IDN.13.13_1,KalimantanSelatan,Tapin,Kabupaten,2017-11,2017,11,1
IDN.13.13_1,KalimantanSelatan,Tapin,Kabupaten,2017-12,2017,12,0
IDN.13.13_1,KalimantanSelatan,Tapin,Kabupaten,2018-01,2018,1,0
IDN.13.13_1,KalimantanSelatan,Tapin,Kabupaten,2018-02,2018,2,3
IDN.13.13_1,KalimantanSelatan,Tapin,Kabupaten,2018-03,2018,3,1
IDN.13.13_1,KalimantanSelatan,Tapin,Kabupaten,2018-04,2018,4,2
IDN.13.13_1,KalimantanSelatan,Tapin,Kabupaten,2018-05,2018,5,8
IDN.13.13_1,KalimantanSelatan,Tapin,Kabupaten,2018-06,2018,6,21
IDN.13.13_1,KalimantanSelatan,Tapin,Kabupaten,2018-07,2018,7,34
IDN.13.13_1,KalimantanSelatan,Tapin,Kabupaten,2018-08,2018,8,87
IDN.13.13_1,KalimantanSelatan,Tapin,Kabupaten,2018-09,2018,9,445
IDN.13.13_1,KalimantanSelatan,Tapin,Kabupaten,2018-10,2018,10,120
IDN.13.13_1,KalimantanSelatan,Tapin,Kabupaten,2018-11,2018,11,46
IDN.13.13_1,KalimantanSelatan,Tapin,Kabupaten,2018-12,2018,12,22
IDN.13.13_1,KalimantanSelatan,Tapin,Kabupaten,2019-01,2019,1,21
IDN.13.13_1,KalimantanSelatan,Tapin,Kabupaten,2019-02,2019,2,45
IDN.13.13_1,KalimantanSelatan,Tapin,Kabupaten,2019-03,2019,3,46
IDN.13.13_1,KalimantanSelatan,Tapin,Kabupaten,2019-04,2019,4,16
IDN.13.13_1,KalimantanSelatan,Tapin,Kabupaten,2019-05,2019,5,79
IDN.13.13_1,KalimantanSelatan,Tapin,Kabupaten,2019-06,2019,6,76
IDN.13.13_1,KalimantanSelatan,Tapin,Kabupaten,2019-07,2019,7,55
IDN.13.13_1,KalimantanSelatan,Tapin,Kabupaten,2019-08,2019,8,239
IDN.13.13_1,KalimantanSelatan,Tapin,Kabupaten,2019-09,2019,9,1326
IDN.13.13_1,KalimantanSelatan,Tapin,Kabupaten,2019-10,2019,10,315
IDN.13.13_1,KalimantanSelatan,Tapin,Kabupaten,2019-11,2019,11,151
IDN.13.13_1,KalimantanSelatan,Tapin,Kabupaten,2019-12,2019,12,13
IDN.13.13_1,KalimantanSelatan,Tapin,Kabupaten,2020-01,2020,1,12
IDN.13.13_1,KalimantanSelatan,Tapin,Kabupaten,2020-02,2020,2,13
IDN.13.13_1,KalimantanSelatan,Tapin,Kabupaten,2020-03,2020,3,5
IDN.13.13_1,KalimantanSelatan,Tapin,Kabupaten,2020-04,2020,4,0
IDN.13.13_1,KalimantanSelatan,Tapin,Kabupaten,2020-05,2020,5,2
IDN.13.13_1,KalimantanSelatan,Tapin,Kabupaten,2020-06,2020,6,9
IDN.13.13_1,KalimantanSelatan,Tapin,Kabupaten,2020-07,2020,7,12
IDN.13.13_1,KalimantanSelatan,Tapin,Kabupaten,2020-08,2020,8,13
IDN.13.13_1,KalimantanSelatan,Tapin,Kabupaten,2020-09,2020,9,16
IDN.13.13_1,KalimantanSelatan,Tapin,Kabupaten,2020-10,2020,10,15
IDN.13.13_1,KalimantanSelatan,Tapin,Kabupaten,2020-11,2020,11,11
IDN.13.13_1,KalimantanSelatan,Tapin,Kabupaten,2020-12,2020,12,1
IDN.13.13_1,KalimantanSelatan,Tapin,Kabupaten,2021-01,2021,1,1
IDN.13.13_1,KalimantanSelatan,Tapin,Kabupaten,2021-02,2021,2,4
IDN.13.13_1,KalimantanSelatan,Tapin,Kabupaten,2021-03,2021,3,0
IDN.13.13_1,KalimantanSelatan,Tapin,Kabupaten,2021-04,2021,4,36
IDN.13.13_1,KalimantanSelatan,Tapin,Kabupaten,2021-05,2021,5,6
IDN.13.13_1,KalimantanSelatan,Tapin,Kabupaten,2021-06,2021,6,27
IDN.13.13_1,KalimantanSelatan,Tapin,Kabupaten,2021-07,2021,7,18
IDN.13.13_1,KalimantanSelatan,Tapin,Kabupaten,2021-08,2021,8,25
IDN.13.13_1,KalimantanSelatan,Tapin,Kabupaten,2021-09,2021,9,17
IDN.13.13_1,KalimantanSelatan,Tapin,Kabupaten,2021-10,2021,10,32
IDN.13.13_1,KalimantanSelatan,Tapin,Kabupaten,2021-11,2021,11,0
IDN.13.13_1,KalimantanSelatan,Tapin,Kabupaten,2021-12,2021,12,5
IDN.13.13_1,KalimantanSelatan,Tapin,Kabupaten,2022-01,2022,1,17
IDN.13.13_1,KalimantanSelatan,Tapin,Kabupaten,2022-02,2022,2,0
IDN.13.13_1,KalimantanSelatan,Tapin,Kabupaten,2022-03,2022,3,12
IDN.13.13_1,KalimantanSelatan,Tapin,Kabupaten,2022-04,2022,4,13
IDN.13.13_1,KalimantanSelatan,Tapin,Kabupaten,2022-05,2022,5,22
IDN.13.13_1,KalimantanSelatan,Tapin,Kabupaten,2022-06,2022,6,26
IDN.13.13_1,KalimantanSelatan,Tapin,Kabupaten,2022-07,2022,7,27
IDN.13.13_1,KalimantanSelatan,Tapin,Kabupaten,2022-08,2022,8,26
IDN.13.13_1,KalimantanSelatan,Tapin,Kabupaten,2022-09,2022,9,27
IDN.13.13_1,KalimantanSelatan,Tapin,Kabupaten,2022-10,2022,10,5
IDN.13.13_1,KalimantanSelatan,Tapin,Kabupaten,2022-11,2022,11,4
IDN.13.13_1,KalimantanSelatan,Tapin,Kabupaten,2022-12,2022,12,7
IDN.13.13_1,KalimantanSelatan,Tapin,Kabupaten,2023-01,2023,1,4
IDN.13.13_1,KalimantanSelatan,Tapin,Kabupaten,2023-02,2023,2,2
IDN.13.13_1,KalimantanSelatan,Tapin,Kabupaten,2023-03,2023,3,14
IDN.13.13_1,KalimantanSelatan,Tapin,Kabupaten,2023-04,2023,4,3
IDN.13.13_1,KalimantanSelatan,Tapin,Kabupaten,2023-05,2023,5,67
IDN.13.13_1,KalimantanSelatan,Tapin,Kabupaten,2023-06,2023,6,31
IDN.13.13_1,KalimantanSelatan,Tapin,Kabupaten,2023-07,2023,7,31
IDN.13.13_1,KalimantanSelatan,Tapin,Kabupaten,2023-08,2023,8,354
IDN.13.13_1,KalimantanSelatan,Tapin,Kabupaten,2023-09,2023,9,683
IDN.13.13_1,KalimantanSelatan,Tapin,Kabupaten,2023-10,2023,10,331
IDN.13.13_1,KalimantanSelatan,Tapin,Kabupaten,2023-11,2023,11,34
IDN.13.13_1,KalimantanSelatan,Tapin,Kabupaten,2023-12,2023,12,16
IDN.13.13_1,KalimantanSelatan,Tapin,Kabupaten,2024-01,2024,1,4
IDN.13.13_1,KalimantanSelatan,Tapin,Kabupaten,2024-02,2024,2,8
IDN.13.13_1,KalimantanSelatan,Tapin,Kabupaten,2024-03,2024,3,13
IDN.13.13_1,KalimantanSelatan,Tapin,Kabupaten,2024-04,2024,4,19
IDN.13.13_1,KalimantanSelatan,Tapin,Kabupaten,2024-05,2024,5,10
IDN.13.13_1,KalimantanSelatan,Tapin,Kabupaten,2024-06,2024,6,8
IDN.13.13_1,KalimantanSelatan,Tapin,Kabupaten,2024-07,2024,7,19
IDN.13.13_1,KalimantanSelatan,Tapin,Kabupaten,2024-08,2024,8,61
IDN.13.13_1,KalimantanSelatan,Tapin,Kabupaten,2024-09,2024,9,103
IDN.13.13_1,KalimantanSelatan,Tapin,Kabupaten,2024-10,2024,10,41
IDN.13.13_1,KalimantanSelatan,Tapin,Kabupaten,2024-11,2024,11,11
IDN.13.13_1,KalimantanSelatan,Tapin,Kabupaten,2024-12,2024,12,2
IDN.13.13_1,KalimantanSelatan,Tapin,Kabupaten,2025-01,2025,1,3
IDN.13.13_1,KalimantanSelatan,Tapin,Kabupaten,2025-02,2025,2,0
IDN.13.13_1,KalimantanSelatan,Tapin,Kabupaten,2025-03,2025,3,2
IDN.13.13_1,KalimantanSelatan,Tapin,Kabupaten,2025-04,2025,4,2
IDN.13.13_1,KalimantanSelatan,Tapin,Kabupaten,2025-05,2025,5,3
IDN.13.13_1,KalimantanSelatan,Tapin,Kabupaten,2025-06,2025,6,20
IDN.13.13_1,KalimantanSelatan,Tapin,Kabupaten,2025-07,2025,7,92
IDN.13.13_1,KalimantanSelatan,Tapin,Kabupaten,2025-08,2025,8,36
IDN.13.13_1,KalimantanSelatan,Tapin,Kabupaten,2025-09,2025,9,42
IDN.13.13_1,KalimantanSelatan,Tapin,Kabupaten,2025-10,2025,10,37
IDN.13.13_1,KalimantanSelatan,Tapin,Kabupaten,2025-11,2025,11,19
IDN.13.13_1,KalimantanSelatan,Tapin,Kabupaten,2025-12,2025,12,3
IDN.14.1_1,KalimantanTengah,BaritoSelatan,Kabupaten,2012-01,2012,1,0
IDN.14.1_1,KalimantanTengah,BaritoSelatan,Kabupaten,2012-02,2012,2,0
IDN.14.1_1,KalimantanTengah,BaritoSelatan,Kabupaten,2012-03,2012,3,0
IDN.14.1_1,KalimantanTengah,BaritoSelatan,Kabupaten,2012-04,2012,4,0
IDN.14.1_1,KalimantanTengah,BaritoSelatan,Kabupaten,2012-05,2012,5,2
IDN.14.1_1,KalimantanTengah,BaritoSelatan,Kabupaten,2012-06,2012,6,13
IDN.14.1_1,KalimantanTengah,BaritoSelatan,Kabupaten,2012-07,2012,7,70
IDN.14.1_1,KalimantanTengah,BaritoSelatan,Kabupaten,2012-08,2012,8,216
IDN.14.1_1,KalimantanTengah,BaritoSelatan,Kabupaten,2012-09,2012,9,841
IDN.14.1_1,KalimantanTengah,BaritoSelatan,Kabupaten,2012-10,2012,10,428
IDN.14.1_1,KalimantanTengah,BaritoSelatan,Kabupaten,2012-11,2012,11,9
IDN.14.1_1,KalimantanTengah,BaritoSelatan,Kabupaten,2012-12,2012,12,0
IDN.14.1_1,KalimantanTengah,BaritoSelatan,Kabupaten,2013-01,2013,1,0
IDN.14.1_1,KalimantanTengah,BaritoSelatan,Kabupaten,2013-02,2013,2,2
IDN.14.1_1,KalimantanTengah,BaritoSelatan,Kabupaten,2013-03,2013,3,1
IDN.14.1_1,KalimantanTengah,BaritoSelatan,Kabupaten,2013-04,2013,4,1
IDN.14.1_1,KalimantanTengah,BaritoSelatan,Kabupaten,2013-05,2013,5,1
IDN.14.1_1,KalimantanTengah,BaritoSelatan,Kabupaten,2013-06,2013,6,2
IDN.14.1_1,KalimantanTengah,BaritoSelatan,Kabupaten,2013-07,2013,7,5
IDN.14.1_1,KalimantanTengah,BaritoSelatan,Kabupaten,2013-08,2013,8,106
IDN.14.1_1,KalimantanTengah,BaritoSelatan,Kabupaten,2013-09,2013,9,248
IDN.14.1_1,KalimantanTengah,BaritoSelatan,Kabupaten,2013-10,2013,10,416
IDN.14.1_1,KalimantanTengah,BaritoSelatan,Kabupaten,2013-11,2013,11,1
IDN.14.1_1,KalimantanTengah,BaritoSelatan,Kabupaten,2013-12,2013,12,2
IDN.14.1_1,KalimantanTengah,BaritoSelatan,Kabupaten,2014-01,2014,1,0
IDN.14.1_1,KalimantanTengah,BaritoSelatan,Kabupaten,2014-02,2014,2,18
IDN.14.1_1,KalimantanTengah,BaritoSelatan,Kabupaten,2014-03,2014,3,1
IDN.14.1_1,KalimantanTengah,BaritoSelatan,Kabupaten,2014-04,2014,4,4
IDN.14.1_1,KalimantanTengah,BaritoSelatan,Kabupaten,2014-05,2014,5,2
IDN.14.1_1,KalimantanTengah,BaritoSelatan,Kabupaten,2014-06,2014,6,5
IDN.14.1_1,KalimantanTengah,BaritoSelatan,Kabupaten,2014-07,2014,7,65
IDN.14.1_1,KalimantanTengah,BaritoSelatan,Kabupaten,2014-08,2014,8,178
IDN.14.1_1,KalimantanTengah,BaritoSelatan,Kabupaten,2014-09,2014,9,1649
IDN.14.1_1,KalimantanTengah,BaritoSelatan,Kabupaten,2014-10,2014,10,1078
IDN.14.1_1,KalimantanTengah,BaritoSelatan,Kabupaten,2014-11,2014,11,91
IDN.14.1_1,KalimantanTengah,BaritoSelatan,Kabupaten,2014-12,2014,12,1
IDN.14.1_1,KalimantanTengah,BaritoSelatan,Kabupaten,2015-01,2015,1,0
IDN.14.1_1,KalimantanTengah,BaritoSelatan,Kabupaten,2015-02,2015,2,0
IDN.14.1_1,KalimantanTengah,BaritoSelatan,Kabupaten,2015-03,2015,3,0
IDN.14.1_1,KalimantanTengah,BaritoSelatan,Kabupaten,2015-04,2015,4,3
IDN.14.1_1,KalimantanTengah,BaritoSelatan,Kabupaten,2015-05,2015,5,6
IDN.14.1_1,KalimantanTengah,BaritoSelatan,Kabupaten,2015-06,2015,6,12
IDN.14.1_1,KalimantanTengah,BaritoSelatan,Kabupaten,2015-07,2015,7,230
IDN.14.1_1,KalimantanTengah,BaritoSelatan,Kabupaten,2015-08,2015,8,2030
IDN.14.1_1,KalimantanTengah,BaritoSelatan,Kabupaten,2015-09,2015,9,3027
IDN.14.1_1,KalimantanTengah,BaritoSelatan,Kabupaten,2015-10,2015,10,3365
IDN.14.1_1,KalimantanTengah,BaritoSelatan,Kabupaten,2015-11,2015,11,61
IDN.14.1_1,KalimantanTengah,BaritoSelatan,Kabupaten,2015-12,2015,12,5
IDN.14.1_1,KalimantanTengah,BaritoSelatan,Kabupaten,2016-01,2016,1,3
IDN.14.1_1,KalimantanTengah,BaritoSelatan,Kabupaten,2016-02,2016,2,0
IDN.14.1_1,KalimantanTengah,BaritoSelatan,Kabupaten,2016-03,2016,3,0
IDN.14.1_1,KalimantanTengah,BaritoSelatan,Kabupaten,2016-04,2016,4,0
IDN.14.1_1,KalimantanTengah,BaritoSelatan,Kabupaten,2016-05,2016,5,5
IDN.14.1_1,KalimantanTengah,BaritoSelatan,Kabupaten,2016-06,2016,6,3
IDN.14.1_1,KalimantanTengah,BaritoSelatan,Kabupaten,2016-07,2016,7,13
IDN.14.1_1,KalimantanTengah,BaritoSelatan,Kabupaten,2016-08,2016,8,90
IDN.14.1_1,KalimantanTengah,BaritoSelatan,Kabupaten,2016-09,2016,9,59
IDN.14.1_1,KalimantanTengah,BaritoSelatan,Kabupaten,2016-10,2016,10,21
IDN.14.1_1,KalimantanTengah,BaritoSelatan,Kabupaten,2016-11,2016,11,4
IDN.14.1_1,KalimantanTengah,BaritoSelatan,Kabupaten,2016-12,2016,12,0
IDN.14.1_1,KalimantanTengah,BaritoSelatan,Kabupaten,2017-01,2017,1,0
IDN.14.1_1,KalimantanTengah,BaritoSelatan,Kabupaten,2017-02,2017,2,0
IDN.14.1_1,KalimantanTengah,BaritoSelatan,Kabupaten,2017-03,2017,3,0
IDN.14.1_1,KalimantanTengah,BaritoSelatan,Kabupaten,2017-04,2017,4,1
IDN.14.1_1,KalimantanTengah,BaritoSelatan,Kabupaten,2017-05,2017,5,0
IDN.14.1_1,KalimantanTengah,BaritoSelatan,Kabupaten,2017-06,2017,6,0
IDN.14.1_1,KalimantanTengah,BaritoSelatan,Kabupaten,2017-07,2017,7,24
IDN.14.1_1,KalimantanTengah,BaritoSelatan,Kabupaten,2017-08,2017,8,8
IDN.14.1_1,KalimantanTengah,BaritoSelatan,Kabupaten,2017-09,2017,9,65
IDN.14.1_1,KalimantanTengah,BaritoSelatan,Kabupaten,2017-10,2017,10,46
IDN.14.1_1,KalimantanTengah,BaritoSelatan,Kabupaten,2017-11,2017,11,7
IDN.14.1_1,KalimantanTengah,BaritoSelatan,Kabupaten,2017-12,2017,12,0
IDN.14.1_1,KalimantanTengah,BaritoSelatan,Kabupaten,2018-01,2018,1,1
IDN.14.1_1,KalimantanTengah,BaritoSelatan,Kabupaten,2018-02,2018,2,2
IDN.14.1_1,KalimantanTengah,BaritoSelatan,Kabupaten,2018-03,2018,3,1
IDN.14.1_1,KalimantanTengah,BaritoSelatan,Kabupaten,2018-04,2018,4,3
IDN.14.1_1,KalimantanTengah,BaritoSelatan,Kabupaten,2018-05,2018,5,1
IDN.14.1_1,KalimantanTengah,BaritoSelatan,Kabupaten,2018-06,2018,6,12
IDN.14.1_1,KalimantanTengah,BaritoSelatan,Kabupaten,2018-07,2018,7,44
IDN.14.1_1,KalimantanTengah,BaritoSelatan,Kabupaten,2018-08,2018,8,154
IDN.14.1_1,KalimantanTengah,BaritoSelatan,Kabupaten,2018-09,2018,9,628
IDN.14.1_1,KalimantanTengah,BaritoSelatan,Kabupaten,2018-10,2018,10,254
IDN.14.1_1,KalimantanTengah,BaritoSelatan,Kabupaten,2018-11,2018,11,0
IDN.14.1_1,KalimantanTengah,BaritoSelatan,Kabupaten,2018-12,2018,12,0
IDN.14.1_1,KalimantanTengah,BaritoSelatan,Kabupaten,2019-01,2019,1,5
IDN.14.1_1,KalimantanTengah,BaritoSelatan,Kabupaten,2019-02,2019,2,3
IDN.14.1_1,KalimantanTengah,BaritoSelatan,Kabupaten,2019-03,2019,3,0
IDN.14.1_1,KalimantanTengah,BaritoSelatan,Kabupaten,2019-04,2019,4,2
IDN.14.1_1,KalimantanTengah,BaritoSelatan,Kabupaten,2019-05,2019,5,10
IDN.14.1_1,KalimantanTengah,BaritoSelatan,Kabupaten,2019-06,2019,6,19
IDN.14.1_1,KalimantanTengah,BaritoSelatan,Kabupaten,2019-07,2019,7,181
IDN.14.1_1,KalimantanTengah,BaritoSelatan,Kabupaten,2019-08,2019,8,473
IDN.14.1_1,KalimantanTengah,BaritoSelatan,Kabupaten,2019-09,2019,9,2844
IDN.14.1_1,KalimantanTengah,BaritoSelatan,Kabupaten,2019-10,2019,10,444
IDN.14.1_1,KalimantanTengah,BaritoSelatan,Kabupaten,2019-11,2019,11,205
IDN.14.1_1,KalimantanTengah,BaritoSelatan,Kabupaten,2019-12,2019,12,4
IDN.14.1_1,KalimantanTengah,BaritoSelatan,Kabupaten,2020-01,2020,1,2
IDN.14.1_1,KalimantanTengah,BaritoSelatan,Kabupaten,2020-02,2020,2,8
IDN.14.1_1,KalimantanTengah,BaritoSelatan,Kabupaten,2020-03,2020,3,0
IDN.14.1_1,KalimantanTengah,BaritoSelatan,Kabupaten,2020-04,2020,4,3
IDN.14.1_1,KalimantanTengah,BaritoSelatan,Kabupaten,2020-05,2020,5,0
IDN.14.1_1,KalimantanTengah,BaritoSelatan,Kabupaten,2020-06,2020,6,2
IDN.14.1_1,KalimantanTengah,BaritoSelatan,Kabupaten,2020-07,2020,7,2
IDN.14.1_1,KalimantanTengah,BaritoSelatan,Kabupaten,2020-08,2020,8,30
IDN.14.1_1,KalimantanTengah,BaritoSelatan,Kabupaten,2020-09,2020,9,21
IDN.14.1_1,KalimantanTengah,BaritoSelatan,Kabupaten,2020-10,2020,10,51
IDN.14.1_1,KalimantanTengah,BaritoSelatan,Kabupaten,2020-11,2020,11,10
IDN.14.1_1,KalimantanTengah,BaritoSelatan,Kabupaten,2020-12,2020,12,0
IDN.14.1_1,KalimantanTengah,BaritoSelatan,Kabupaten,2021-01,2021,1,0
IDN.14.1_1,KalimantanTengah,BaritoSelatan,Kabupaten,2021-02,2021,2,1
IDN.14.1_1,KalimantanTengah,BaritoSelatan,Kabupaten,2021-03,2021,3,0
IDN.14.1_1,KalimantanTengah,BaritoSelatan,Kabupaten,2021-04,2021,4,2
IDN.14.1_1,KalimantanTengah,BaritoSelatan,Kabupaten,2021-05,2021,5,1
IDN.14.1_1,KalimantanTengah,BaritoSelatan,Kabupaten,2021-06,2021,6,1
IDN.14.1_1,KalimantanTengah,BaritoSelatan,Kabupaten,2021-07,2021,7,18
IDN.14.1_1,KalimantanTengah,BaritoSelatan,Kabupaten,2021-08,2021,8,50
IDN.14.1_1,KalimantanTengah,BaritoSelatan,Kabupaten,2021-09,2021,9,45
IDN.14.1_1,KalimantanTengah,BaritoSelatan,Kabupaten,2021-10,2021,10,14
IDN.14.1_1,KalimantanTengah,BaritoSelatan,Kabupaten,2021-11,2021,11,0
IDN.14.1_1,KalimantanTengah,BaritoSelatan,Kabupaten,2021-12,2021,12,0
IDN.14.1_1,KalimantanTengah,BaritoSelatan,Kabupaten,2022-01,2022,1,1
IDN.14.1_1,KalimantanTengah,BaritoSelatan,Kabupaten,2022-02,2022,2,0
IDN.14.1_1,KalimantanTengah,BaritoSelatan,Kabupaten,2022-03,2022,3,1
IDN.14.1_1,KalimantanTengah,BaritoSelatan,Kabupaten,2022-04,2022,4,0
IDN.14.1_1,KalimantanTengah,BaritoSelatan,Kabupaten,2022-05,2022,5,0
IDN.14.1_1,KalimantanTengah,BaritoSelatan,Kabupaten,2022-06,2022,6,0
IDN.14.1_1,KalimantanTengah,BaritoSelatan,Kabupaten,2022-07,2022,7,2
IDN.14.1_1,KalimantanTengah,BaritoSelatan,Kabupaten,2022-08,2022,8,16
IDN.14.1_1,KalimantanTengah,BaritoSelatan,Kabupaten,2022-09,2022,9,18
IDN.14.1_1,KalimantanTengah,BaritoSelatan,Kabupaten,2022-10,2022,10,7
IDN.14.1_1,KalimantanTengah,BaritoSelatan,Kabupaten,2022-11,2022,11,3
IDN.14.1_1,KalimantanTengah,BaritoSelatan,Kabupaten,2022-12,2022,12,1
IDN.14.1_1,KalimantanTengah,BaritoSelatan,Kabupaten,2023-01,2023,1,1
IDN.14.1_1,KalimantanTengah,BaritoSelatan,Kabupaten,2023-02,2023,2,0
IDN.14.1_1,KalimantanTengah,BaritoSelatan,Kabupaten,2023-03,2023,3,0
IDN.14.1_1,KalimantanTengah,BaritoSelatan,Kabupaten,2023-04,2023,4,0
IDN.14.1_1,KalimantanTengah,BaritoSelatan,Kabupaten,2023-05,2023,5,0
IDN.14.1_1,KalimantanTengah,BaritoSelatan,Kabupaten,2023-06,2023,6,3
IDN.14.1_1,KalimantanTengah,BaritoSelatan,Kabupaten,2023-07,2023,7,33
IDN.14.1_1,KalimantanTengah,BaritoSelatan,Kabupaten,2023-08,2023,8,458
IDN.14.1_1,KalimantanTengah,BaritoSelatan,Kabupaten,2023-09,2023,9,1085
IDN.14.1_1,KalimantanTengah,BaritoSelatan,Kabupaten,2023-10,2023,10,363
IDN.14.1_1,KalimantanTengah,BaritoSelatan,Kabupaten,2023-11,2023,11,26
IDN.14.1_1,KalimantanTengah,BaritoSelatan,Kabupaten,2023-12,2023,12,3
IDN.14.1_1,KalimantanTengah,BaritoSelatan,Kabupaten,2024-01,2024,1,0
IDN.14.1_1,KalimantanTengah,BaritoSelatan,Kabupaten,2024-02,2024,2,3
IDN.14.1_1,KalimantanTengah,BaritoSelatan,Kabupaten,2024-03,2024,3,0
IDN.14.1_1,KalimantanTengah,BaritoSelatan,Kabupaten,2024-04,2024,4,2
IDN.14.1_1,KalimantanTengah,BaritoSelatan,Kabupaten,2024-05,2024,5,1
IDN.14.1_1,KalimantanTengah,BaritoSelatan,Kabupaten,2024-06,2024,6,2
IDN.14.1_1,KalimantanTengah,BaritoSelatan,Kabupaten,2024-07,2024,7,7
IDN.14.1_1,KalimantanTengah,BaritoSelatan,Kabupaten,2024-08,2024,8,19
IDN.14.1_1,KalimantanTengah,BaritoSelatan,Kabupaten,2024-09,2024,9,84
IDN.14.1_1,KalimantanTengah,BaritoSelatan,Kabupaten,2024-10,2024,10,74
IDN.14.1_1,KalimantanTengah,BaritoSelatan,Kabupaten,2024-11,2024,11,5
IDN.14.1_1,KalimantanTengah,BaritoSelatan,Kabupaten,2024-12,2024,12,0
IDN.14.1_1,KalimantanTengah,BaritoSelatan,Kabupaten,2025-01,2025,1,0
IDN.14.1_1,KalimantanTengah,BaritoSelatan,Kabupaten,2025-02,2025,2,0
IDN.14.1_1,KalimantanTengah,BaritoSelatan,Kabupaten,2025-03,2025,3,1
IDN.14.1_1,KalimantanTengah,BaritoSelatan,Kabupaten,2025-04,2025,4,1
IDN.14.1_1,KalimantanTengah,BaritoSelatan,Kabupaten,2025-05,2025,5,4
IDN.14.1_1,KalimantanTengah,BaritoSelatan,Kabupaten,2025-06,2025,6,0
IDN.14.1_1,KalimantanTengah,BaritoSelatan,Kabupaten,2025-07,2025,7,12
IDN.14.1_1,KalimantanTengah,BaritoSelatan,Kabupaten,2025-08,2025,8,6
IDN.14.1_1,KalimantanTengah,BaritoSelatan,Kabupaten,2025-09,2025,9,27
IDN.14.1_1,KalimantanTengah,BaritoSelatan,Kabupaten,2025-10,2025,10,23
IDN.14.1_1,KalimantanTengah,BaritoSelatan,Kabupaten,2025-11,2025,11,7
IDN.14.1_1,KalimantanTengah,BaritoSelatan,Kabupaten,2025-12,2025,12,0
IDN.14.2_1,KalimantanTengah,BaritoTimur,Kabupaten,2012-01,2012,1,1
IDN.14.2_1,KalimantanTengah,BaritoTimur,Kabupaten,2012-02,2012,2,8
IDN.14.2_1,KalimantanTengah,BaritoTimur,Kabupaten,2012-03,2012,3,0
IDN.14.2_1,KalimantanTengah,BaritoTimur,Kabupaten,2012-04,2012,4,2
IDN.14.2_1,KalimantanTengah,BaritoTimur,Kabupaten,2012-05,2012,5,9
IDN.14.2_1,KalimantanTengah,BaritoTimur,Kabupaten,2012-06,2012,6,8
IDN.14.2_1,KalimantanTengah,BaritoTimur,Kabupaten,2012-07,2012,7,4
IDN.14.2_1,KalimantanTengah,BaritoTimur,Kabupaten,2012-08,2012,8,27
IDN.14.2_1,KalimantanTengah,BaritoTimur,Kabupaten,2012-09,2012,9,225
IDN.14.2_1,KalimantanTengah,BaritoTimur,Kabupaten,2012-10,2012,10,101
IDN.14.2_1,KalimantanTengah,BaritoTimur,Kabupaten,2012-11,2012,11,5
IDN.14.2_1,KalimantanTengah,BaritoTimur,Kabupaten,2012-12,2012,12,0
IDN.14.2_1,KalimantanTengah,BaritoTimur,Kabupaten,2013-01,2013,1,5
IDN.14.2_1,KalimantanTengah,BaritoTimur,Kabupaten,2013-02,2013,2,0
IDN.14.2_1,KalimantanTengah,BaritoTimur,Kabupaten,2013-03,2013,3,2
IDN.14.2_1,KalimantanTengah,BaritoTimur,Kabupaten,2013-04,2013,4,0
IDN.14.2_1,KalimantanTengah,BaritoTimur,Kabupaten,2013-05,2013,5,0
IDN.14.2_1,KalimantanTengah,BaritoTimur,Kabupaten,2013-06,2013,6,3
IDN.14.2_1,KalimantanTengah,BaritoTimur,Kabupaten,2013-07,2013,7,2
IDN.14.2_1,KalimantanTengah,BaritoTimur,Kabupaten,2013-08,2013,8,20
IDN.14.2_1,KalimantanTengah,BaritoTimur,Kabupaten,2013-09,2013,9,285
IDN.14.2_1,KalimantanTengah,BaritoTimur,Kabupaten,2013-10,2013,10,86
IDN.14.2_1,KalimantanTengah,BaritoTimur,Kabupaten,2013-11,2013,11,1
IDN.14.2_1,KalimantanTengah,BaritoTimur,Kabupaten,2013-12,2013,12,16
IDN.14.2_1,KalimantanTengah,BaritoTimur,Kabupaten,2014-01,2014,1,2
IDN.14.2_1,KalimantanTengah,BaritoTimur,Kabupaten,2014-02,2014,2,1
IDN.14.2_1,KalimantanTengah,BaritoTimur,Kabupaten,2014-03,2014,3,0
IDN.14.2_1,KalimantanTengah,BaritoTimur,Kabupaten,2014-04,2014,4,2
IDN.14.2_1,KalimantanTengah,BaritoTimur,Kabupaten,2014-05,2014,5,0
IDN.14.2_1,KalimantanTengah,BaritoTimur,Kabupaten,2014-06,2014,6,1
IDN.14.2_1,KalimantanTengah,BaritoTimur,Kabupaten,2014-07,2014,7,8
IDN.14.2_1,KalimantanTengah,BaritoTimur,Kabupaten,2014-08,2014,8,56
IDN.14.2_1,KalimantanTengah,BaritoTimur,Kabupaten,2014-09,2014,9,361
IDN.14.2_1,KalimantanTengah,BaritoTimur,Kabupaten,2014-10,2014,10,137
IDN.14.2_1,KalimantanTengah,BaritoTimur,Kabupaten,2014-11,2014,11,53
IDN.14.2_1,KalimantanTengah,BaritoTimur,Kabupaten,2014-12,2014,12,1
IDN.14.2_1,KalimantanTengah,BaritoTimur,Kabupaten,2015-01,2015,1,0
IDN.14.2_1,KalimantanTengah,BaritoTimur,Kabupaten,2015-02,2015,2,0
IDN.14.2_1,KalimantanTengah,BaritoTimur,Kabupaten,2015-03,2015,3,0
IDN.14.2_1,KalimantanTengah,BaritoTimur,Kabupaten,2015-04,2015,4,0
IDN.14.2_1,KalimantanTengah,BaritoTimur,Kabupaten,2015-05,2015,5,0
IDN.14.2_1,KalimantanTengah,BaritoTimur,Kabupaten,2015-06,2015,6,0
IDN.14.2_1,KalimantanTengah,BaritoTimur,Kabupaten,2015-07,2015,7,15
IDN.14.2_1,KalimantanTengah,BaritoTimur,Kabupaten,2015-08,2015,8,310
IDN.14.2_1,KalimantanTengah,BaritoTimur,Kabupaten,2015-09,2015,9,1189
IDN.14.2_1,KalimantanTengah,BaritoTimur,Kabupaten,2015-10,2015,10,1246
IDN.14.2_1,KalimantanTengah,BaritoTimur,Kabupaten,2015-11,2015,11,18
IDN.14.2_1,KalimantanTengah,BaritoTimur,Kabupaten,2015-12,2015,12,1
IDN.14.2_1,KalimantanTengah,BaritoTimur,Kabupaten,2016-01,2016,1,4
IDN.14.2_1,KalimantanTengah,BaritoTimur,Kabupaten,2016-02,2016,2,0
IDN.14.2_1,KalimantanTengah,BaritoTimur,Kabupaten,2016-03,2016,3,1
IDN.14.2_1,KalimantanTengah,BaritoTimur,Kabupaten,2016-04,2016,4,0
IDN.14.2_1,KalimantanTengah,BaritoTimur,Kabupaten,2016-05,2016,5,1
IDN.14.2_1,KalimantanTengah,BaritoTimur,Kabupaten,2016-06,2016,6,0
IDN.14.2_1,KalimantanTengah,BaritoTimur,Kabupaten,2016-07,2016,7,3
IDN.14.2_1,KalimantanTengah,BaritoTimur,Kabupaten,2016-08,2016,8,12
IDN.14.2_1,KalimantanTengah,BaritoTimur,Kabupaten,2016-09,2016,9,30
IDN.14.2_1,KalimantanTengah,BaritoTimur,Kabupaten,2016-10,2016,10,23
IDN.14.2_1,KalimantanTengah,BaritoTimur,Kabupaten,2016-11,2016,11,5
IDN.14.2_1,KalimantanTengah,BaritoTimur,Kabupaten,2016-12,2016,12,0
IDN.14.2_1,KalimantanTengah,BaritoTimur,Kabupaten,2017-01,2017,1,0
IDN.14.2_1,KalimantanTengah,BaritoTimur,Kabupaten,2017-02,2017,2,0
IDN.14.2_1,KalimantanTengah,BaritoTimur,Kabupaten,2017-03,2017,3,0
IDN.14.2_1,KalimantanTengah,BaritoTimur,Kabupaten,2017-04,2017,4,2
IDN.14.2_1,KalimantanTengah,BaritoTimur,Kabupaten,2017-05,2017,5,0
IDN.14.2_1,KalimantanTengah,BaritoTimur,Kabupaten,2017-06,2017,6,3
IDN.14.2_1,KalimantanTengah,BaritoTimur,Kabupaten,2017-07,2017,7,1
IDN.14.2_1,KalimantanTengah,BaritoTimur,Kabupaten,2017-08,2017,8,3
IDN.14.2_1,KalimantanTengah,BaritoTimur,Kabupaten,2017-09,2017,9,11
IDN.14.2_1,KalimantanTengah,BaritoTimur,Kabupaten,2017-10,2017,10,12
IDN.14.2_1,KalimantanTengah,BaritoTimur,Kabupaten,2017-11,2017,11,0
IDN.14.2_1,KalimantanTengah,BaritoTimur,Kabupaten,2017-12,2017,12,0
IDN.14.2_1,KalimantanTengah,BaritoTimur,Kabupaten,2018-01,2018,1,0
IDN.14.2_1,KalimantanTengah,BaritoTimur,Kabupaten,2018-02,2018,2,0
IDN.14.2_1,KalimantanTengah,BaritoTimur,Kabupaten,2018-03,2018,3,0
IDN.14.2_1,KalimantanTengah,BaritoTimur,Kabupaten,2018-04,2018,4,0
IDN.14.2_1,KalimantanTengah,BaritoTimur,Kabupaten,2018-05,2018,5,3
IDN.14.2_1,KalimantanTengah,BaritoTimur,Kabupaten,2018-06,2018,6,3
IDN.14.2_1,KalimantanTengah,BaritoTimur,Kabupaten,2018-07,2018,7,6
IDN.14.2_1,KalimantanTengah,BaritoTimur,Kabupaten,2018-08,2018,8,29
IDN.14.2_1,KalimantanTengah,BaritoTimur,Kabupaten,2018-09,2018,9,74
IDN.14.2_1,KalimantanTengah,BaritoTimur,Kabupaten,2018-10,2018,10,19
IDN.14.2_1,KalimantanTengah,BaritoTimur,Kabupaten,2018-11,2018,11,4
IDN.14.2_1,KalimantanTengah,BaritoTimur,Kabupaten,2018-12,2018,12,1
IDN.14.2_1,KalimantanTengah,BaritoTimur,Kabupaten,2019-01,2019,1,0
IDN.14.2_1,KalimantanTengah,BaritoTimur,Kabupaten,2019-02,2019,2,1
IDN.14.2_1,KalimantanTengah,BaritoTimur,Kabupaten,2019-03,2019,3,0
IDN.14.2_1,KalimantanTengah,BaritoTimur,Kabupaten,2019-04,2019,4,0
IDN.14.2_1,KalimantanTengah,BaritoTimur,Kabupaten,2019-05,2019,5,2
IDN.14.2_1,KalimantanTengah,BaritoTimur,Kabupaten,2019-06,2019,6,4
IDN.14.2_1,KalimantanTengah,BaritoTimur,Kabupaten,2019-07,2019,7,9
IDN.14.2_1,KalimantanTengah,BaritoTimur,Kabupaten,2019-08,2019,8,158
IDN.14.2_1,KalimantanTengah,BaritoTimur,Kabupaten,2019-09,2019,9,200
IDN.14.2_1,KalimantanTengah,BaritoTimur,Kabupaten,2019-10,2019,10,105
IDN.14.2_1,KalimantanTengah,BaritoTimur,Kabupaten,2019-11,2019,11,52
IDN.14.2_1,KalimantanTengah,BaritoTimur,Kabupaten,2019-12,2019,12,2
IDN.14.2_1,KalimantanTengah,BaritoTimur,Kabupaten,2020-01,2020,1,0
IDN.14.2_1,KalimantanTengah,BaritoTimur,Kabupaten,2020-02,2020,2,0
IDN.14.2_1,KalimantanTengah,BaritoTimur,Kabupaten,2020-03,2020,3,1
IDN.14.2_1,KalimantanTengah,BaritoTimur,Kabupaten,2020-04,2020,4,1
IDN.14.2_1,KalimantanTengah,BaritoTimur,Kabupaten,2020-05,2020,5,0
IDN.14.2_1,KalimantanTengah,BaritoTimur,Kabupaten,2020-06,2020,6,1
IDN.14.2_1,KalimantanTengah,BaritoTimur,Kabupaten,2020-07,2020,7,1
IDN.14.2_1,KalimantanTengah,BaritoTimur,Kabupaten,2020-08,2020,8,31
IDN.14.2_1,KalimantanTengah,BaritoTimur,Kabupaten,2020-09,2020,9,61
IDN.14.2_1,KalimantanTengah,BaritoTimur,Kabupaten,2020-10,2020,10,6
IDN.14.2_1,KalimantanTengah,BaritoTimur,Kabupaten,2020-11,2020,11,4
IDN.14.2_1,KalimantanTengah,BaritoTimur,Kabupaten,2020-12,2020,12,0
IDN.14.2_1,KalimantanTengah,BaritoTimur,Kabupaten,2021-01,2021,1,0
IDN.14.2_1,KalimantanTengah,BaritoTimur,Kabupaten,2021-02,2021,2,0
IDN.14.2_1,KalimantanTengah,BaritoTimur,Kabupaten,2021-03,2021,3,0
IDN.14.2_1,KalimantanTengah,BaritoTimur,Kabupaten,2021-04,2021,4,0
IDN.14.2_1,KalimantanTengah,BaritoTimur,Kabupaten,2021-05,2021,5,0
IDN.14.2_1,KalimantanTengah,BaritoTimur,Kabupaten,2021-06,2021,6,0
IDN.14.2_1,KalimantanTengah,BaritoTimur,Kabupaten,2021-07,2021,7,2
IDN.14.2_1,KalimantanTengah,BaritoTimur,Kabupaten,2021-08,2021,8,0
IDN.14.2_1,KalimantanTengah,BaritoTimur,Kabupaten,2021-09,2021,9,32
IDN.14.2_1,KalimantanTengah,BaritoTimur,Kabupaten,2021-10,2021,10,16
IDN.14.2_1,KalimantanTengah,BaritoTimur,Kabupaten,2021-11,2021,11,0
IDN.14.2_1,KalimantanTengah,BaritoTimur,Kabupaten,2021-12,2021,12,0
IDN.14.2_1,KalimantanTengah,BaritoTimur,Kabupaten,2022-01,2022,1,0
IDN.14.2_1,KalimantanTengah,BaritoTimur,Kabupaten,2022-02,2022,2,0
IDN.14.2_1,KalimantanTengah,BaritoTimur,Kabupaten,2022-03,2022,3,0
IDN.14.2_1,KalimantanTengah,BaritoTimur,Kabupaten,2022-04,2022,4,1
IDN.14.2_1,KalimantanTengah,BaritoTimur,Kabupaten,2022-05,2022,5,3
IDN.14.2_1,KalimantanTengah,BaritoTimur,Kabupaten,2022-06,2022,6,2
IDN.14.2_1,KalimantanTengah,BaritoTimur,Kabupaten,2022-07,2022,7,2
IDN.14.2_1,KalimantanTengah,BaritoTimur,Kabupaten,2022-08,2022,8,14
IDN.14.2_1,KalimantanTengah,BaritoTimur,Kabupaten,2022-09,2022,9,27
IDN.14.2_1,KalimantanTengah,BaritoTimur,Kabupaten,2022-10,2022,10,12
IDN.14.2_1,KalimantanTengah,BaritoTimur,Kabupaten,2022-11,2022,11,3
IDN.14.2_1,KalimantanTengah,BaritoTimur,Kabupaten,2022-12,2022,12,4
IDN.14.2_1,KalimantanTengah,BaritoTimur,Kabupaten,2023-01,2023,1,1
IDN.14.2_1,KalimantanTengah,BaritoTimur,Kabupaten,2023-02,2023,2,0
IDN.14.2_1,KalimantanTengah,BaritoTimur,Kabupaten,2023-03,2023,3,1
IDN.14.2_1,KalimantanTengah,BaritoTimur,Kabupaten,2023-04,2023,4,1
IDN.14.2_1,KalimantanTengah,BaritoTimur,Kabupaten,2023-05,2023,5,3
IDN.14.2_1,KalimantanTengah,BaritoTimur,Kabupaten,2023-06,2023,6,2
IDN.14.2_1,KalimantanTengah,BaritoTimur,Kabupaten,2023-07,2023,7,13
IDN.14.2_1,KalimantanTengah,BaritoTimur,Kabupaten,2023-08,2023,8,116
IDN.14.2_1,KalimantanTengah,BaritoTimur,Kabupaten,2023-09,2023,9,125
IDN.14.2_1,KalimantanTengah,BaritoTimur,Kabupaten,2023-10,2023,10,48
IDN.14.2_1,KalimantanTengah,BaritoTimur,Kabupaten,2023-11,2023,11,13
IDN.14.2_1,KalimantanTengah,BaritoTimur,Kabupaten,2023-12,2023,12,0
IDN.14.2_1,KalimantanTengah,BaritoTimur,Kabupaten,2024-01,2024,1,1
IDN.14.2_1,KalimantanTengah,BaritoTimur,Kabupaten,2024-02,2024,2,1
IDN.14.2_1,KalimantanTengah,BaritoTimur,Kabupaten,2024-03,2024,3,0
IDN.14.2_1,KalimantanTengah,BaritoTimur,Kabupaten,2024-04,2024,4,1
IDN.14.2_1,KalimantanTengah,BaritoTimur,Kabupaten,2024-05,2024,5,0
IDN.14.2_1,KalimantanTengah,BaritoTimur,Kabupaten,2024-06,2024,6,1
IDN.14.2_1,KalimantanTengah,BaritoTimur,Kabupaten,2024-07,2024,7,1
IDN.14.2_1,KalimantanTengah,BaritoTimur,Kabupaten,2024-08,2024,8,6
IDN.14.2_1,KalimantanTengah,BaritoTimur,Kabupaten,2024-09,2024,9,107
IDN.14.2_1,KalimantanTengah,BaritoTimur,Kabupaten,2024-10,2024,10,26
IDN.14.2_1,KalimantanTengah,BaritoTimur,Kabupaten,2024-11,2024,11,1
IDN.14.2_1,KalimantanTengah,BaritoTimur,Kabupaten,2024-12,2024,12,0
IDN.14.2_1,KalimantanTengah,BaritoTimur,Kabupaten,2025-01,2025,1,0
IDN.14.2_1,KalimantanTengah,BaritoTimur,Kabupaten,2025-02,2025,2,0
IDN.14.2_1,KalimantanTengah,BaritoTimur,Kabupaten,2025-03,2025,3,0
IDN.14.2_1,KalimantanTengah,BaritoTimur,Kabupaten,2025-04,2025,4,1
IDN.14.2_1,KalimantanTengah,BaritoTimur,Kabupaten,2025-05,2025,5,2
IDN.14.2_1,KalimantanTengah,BaritoTimur,Kabupaten,2025-06,2025,6,1
IDN.14.2_1,KalimantanTengah,BaritoTimur,Kabupaten,2025-07,2025,7,18
IDN.14.2_1,KalimantanTengah,BaritoTimur,Kabupaten,2025-08,2025,8,5
IDN.14.2_1,KalimantanTengah,BaritoTimur,Kabupaten,2025-09,2025,9,72
IDN.14.2_1,KalimantanTengah,BaritoTimur,Kabupaten,2025-10,2025,10,27
IDN.14.2_1,KalimantanTengah,BaritoTimur,Kabupaten,2025-11,2025,11,3
IDN.14.2_1,KalimantanTengah,BaritoTimur,Kabupaten,2025-12,2025,12,0
IDN.14.3_1,KalimantanTengah,BaritoUtara,Kabupaten,2012-01,2012,1,3
IDN.14.3_1,KalimantanTengah,BaritoUtara,Kabupaten,2012-02,2012,2,16
IDN.14.3_1,KalimantanTengah,BaritoUtara,Kabupaten,2012-03,2012,3,3
IDN.14.3_1,KalimantanTengah,BaritoUtara,Kabupaten,2012-04,2012,4,5
IDN.14.3_1,KalimantanTengah,BaritoUtara,Kabupaten,2012-05,2012,5,10
IDN.14.3_1,KalimantanTengah,BaritoUtara,Kabupaten,2012-06,2012,6,8
IDN.14.3_1,KalimantanTengah,BaritoUtara,Kabupaten,2012-07,2012,7,8
IDN.14.3_1,KalimantanTengah,BaritoUtara,Kabupaten,2012-08,2012,8,39
IDN.14.3_1,KalimantanTengah,BaritoUtara,Kabupaten,2012-09,2012,9,496
IDN.14.3_1,KalimantanTengah,BaritoUtara,Kabupaten,2012-10,2012,10,406
IDN.14.3_1,KalimantanTengah,BaritoUtara,Kabupaten,2012-11,2012,11,42
IDN.14.3_1,KalimantanTengah,BaritoUtara,Kabupaten,2012-12,2012,12,8
IDN.14.3_1,KalimantanTengah,BaritoUtara,Kabupaten,2013-01,2013,1,6
IDN.14.3_1,KalimantanTengah,BaritoUtara,Kabupaten,2013-02,2013,2,4
IDN.14.3_1,KalimantanTengah,BaritoUtara,Kabupaten,2013-03,2013,3,15
IDN.14.3_1,KalimantanTengah,BaritoUtara,Kabupaten,2013-04,2013,4,2
IDN.14.3_1,KalimantanTengah,BaritoUtara,Kabupaten,2013-05,2013,5,10
IDN.14.3_1,KalimantanTengah,BaritoUtara,Kabupaten,2013-06,2013,6,30
IDN.14.3_1,KalimantanTengah,BaritoUtara,Kabupaten,2013-07,2013,7,5
IDN.14.3_1,KalimantanTengah,BaritoUtara,Kabupaten,2013-08,2013,8,27
IDN.14.3_1,KalimantanTengah,BaritoUtara,Kabupaten,2013-09,2013,9,323
IDN.14.3_1,KalimantanTengah,BaritoUtara,Kabupaten,2013-10,2013,10,487
IDN.14.3_1,KalimantanTengah,BaritoUtara,Kabupaten,2013-11,2013,11,33
IDN.14.3_1,KalimantanTengah,BaritoUtara,Kabupaten,2013-12,2013,12,2
IDN.14.3_1,KalimantanTengah,BaritoUtara,Kabupaten,2014-01,2014,1,10
IDN.14.3_1,KalimantanTengah,BaritoUtara,Kabupaten,2014-02,2014,2,2
IDN.14.3_1,KalimantanTengah,BaritoUtara,Kabupaten,2014-03,2014,3,11
IDN.14.3_1,KalimantanTengah,BaritoUtara,Kabupaten,2014-04,2014,4,1
IDN.14.3_1,KalimantanTengah,BaritoUtara,Kabupaten,2014-05,2014,5,9
IDN.14.3_1,KalimantanTengah,BaritoUtara,Kabupaten,2014-06,2014,6,5
IDN.14.3_1,KalimantanTengah,BaritoUtara,Kabupaten,2014-07,2014,7,3
IDN.14.3_1,KalimantanTengah,BaritoUtara,Kabupaten,2014-08,2014,8,31
IDN.14.3_1,KalimantanTengah,BaritoUtara,Kabupaten,2014-09,2014,9,489
IDN.14.3_1,KalimantanTengah,BaritoUtara,Kabupaten,2014-10,2014,10,435
IDN.14.3_1,KalimantanTengah,BaritoUtara,Kabupaten,2014-11,2014,11,81
IDN.14.3_1,KalimantanTengah,BaritoUtara,Kabupaten,2014-12,2014,12,0
IDN.14.3_1,KalimantanTengah,BaritoUtara,Kabupaten,2015-01,2015,1,2
IDN.14.3_1,KalimantanTengah,BaritoUtara,Kabupaten,2015-02,2015,2,4
IDN.14.3_1,KalimantanTengah,BaritoUtara,Kabupaten,2015-03,2015,3,3
IDN.14.3_1,KalimantanTengah,BaritoUtara,Kabupaten,2015-04,2015,4,0
IDN.14.3_1,KalimantanTengah,BaritoUtara,Kabupaten,2015-05,2015,5,3
IDN.14.3_1,KalimantanTengah,BaritoUtara,Kabupaten,2015-06,2015,6,4
IDN.14.3_1,KalimantanTengah,BaritoUtara,Kabupaten,2015-07,2015,7,30
IDN.14.3_1,KalimantanTengah,BaritoUtara,Kabupaten,2015-08,2015,8,135
IDN.14.3_1,KalimantanTengah,BaritoUtara,Kabupaten,2015-09,2015,9,468
IDN.14.3_1,KalimantanTengah,BaritoUtara,Kabupaten,2015-10,2015,10,1430
IDN.14.3_1,KalimantanTengah,BaritoUtara,Kabupaten,2015-11,2015,11,157
IDN.14.3_1,KalimantanTengah,BaritoUtara,Kabupaten,2015-12,2015,12,13
IDN.14.3_1,KalimantanTengah,BaritoUtara,Kabupaten,2016-01,2016,1,7
IDN.14.3_1,KalimantanTengah,BaritoUtara,Kabupaten,2016-02,2016,2,1
IDN.14.3_1,KalimantanTengah,BaritoUtara,Kabupaten,2016-03,2016,3,7
IDN.14.3_1,KalimantanTengah,BaritoUtara,Kabupaten,2016-04,2016,4,4
IDN.14.3_1,KalimantanTengah,BaritoUtara,Kabupaten,2016-05,2016,5,1
IDN.14.3_1,KalimantanTengah,BaritoUtara,Kabupaten,2016-06,2016,6,1
IDN.14.3_1,KalimantanTengah,BaritoUtara,Kabupaten,2016-07,2016,7,4
IDN.14.3_1,KalimantanTengah,BaritoUtara,Kabupaten,2016-08,2016,8,18
IDN.14.3_1,KalimantanTengah,BaritoUtara,Kabupaten,2016-09,2016,9,13
IDN.14.3_1,KalimantanTengah,BaritoUtara,Kabupaten,2016-10,2016,10,60
IDN.14.3_1,KalimantanTengah,BaritoUtara,Kabupaten,2016-11,2016,11,128
IDN.14.3_1,KalimantanTengah,BaritoUtara,Kabupaten,2016-12,2016,12,1
IDN.14.3_1,KalimantanTengah,BaritoUtara,Kabupaten,2017-01,2017,1,1
IDN.14.3_1,KalimantanTengah,BaritoUtara,Kabupaten,2017-02,2017,2,2
IDN.14.3_1,KalimantanTengah,BaritoUtara,Kabupaten,2017-03,2017,3,3
IDN.14.3_1,KalimantanTengah,BaritoUtara,Kabupaten,2017-04,2017,4,0
IDN.14.3_1,KalimantanTengah,BaritoUtara,Kabupaten,2017-05,2017,5,0
IDN.14.3_1,KalimantanTengah,BaritoUtara,Kabupaten,2017-06,2017,6,2
IDN.14.3_1,KalimantanTengah,BaritoUtara,Kabupaten,2017-07,2017,7,6
IDN.14.3_1,KalimantanTengah,BaritoUtara,Kabupaten,2017-08,2017,8,4
IDN.14.3_1,KalimantanTengah,BaritoUtara,Kabupaten,2017-09,2017,9,58
IDN.14.3_1,KalimantanTengah,BaritoUtara,Kabupaten,2017-10,2017,10,162
IDN.14.3_1,KalimantanTengah,BaritoUtara,Kabupaten,2017-11,2017,11,8
IDN.14.3_1,KalimantanTengah,BaritoUtara,Kabupaten,2017-12,2017,12,6
IDN.14.3_1,KalimantanTengah,BaritoUtara,Kabupaten,2018-01,2018,1,5
IDN.14.3_1,KalimantanTengah,BaritoUtara,Kabupaten,2018-02,2018,2,1
IDN.14.3_1,KalimantanTengah,BaritoUtara,Kabupaten,2018-03,2018,3,2
IDN.14.3_1,KalimantanTengah,BaritoUtara,Kabupaten,2018-04,2018,4,4
IDN.14.3_1,KalimantanTengah,BaritoUtara,Kabupaten,2018-05,2018,5,4
IDN.14.3_1,KalimantanTengah,BaritoUtara,Kabupaten,2018-06,2018,6,5
IDN.14.3_1,KalimantanTengah,BaritoUtara,Kabupaten,2018-07,2018,7,7
IDN.14.3_1,KalimantanTengah,BaritoUtara,Kabupaten,2018-08,2018,8,19
IDN.14.3_1,KalimantanTengah,BaritoUtara,Kabupaten,2018-09,2018,9,234
IDN.14.3_1,KalimantanTengah,BaritoUtara,Kabupaten,2018-10,2018,10,156
IDN.14.3_1,KalimantanTengah,BaritoUtara,Kabupaten,2018-11,2018,11,16
IDN.14.3_1,KalimantanTengah,BaritoUtara,Kabupaten,2018-12,2018,12,1
IDN.14.3_1,KalimantanTengah,BaritoUtara,Kabupaten,2019-01,2019,1,4
IDN.14.3_1,KalimantanTengah,BaritoUtara,Kabupaten,2019-02,2019,2,8
IDN.14.3_1,KalimantanTengah,BaritoUtara,Kabupaten,2019-03,2019,3,6
IDN.14.3_1,KalimantanTengah,BaritoUtara,Kabupaten,2019-04,2019,4,1
IDN.14.3_1,KalimantanTengah,BaritoUtara,Kabupaten,2019-05,2019,5,3
IDN.14.3_1,KalimantanTengah,BaritoUtara,Kabupaten,2019-06,2019,6,5
IDN.14.3_1,KalimantanTengah,BaritoUtara,Kabupaten,2019-07,2019,7,10
IDN.14.3_1,KalimantanTengah,BaritoUtara,Kabupaten,2019-08,2019,8,11
IDN.14.3_1,KalimantanTengah,BaritoUtara,Kabupaten,2019-09,2019,9,190
IDN.14.3_1,KalimantanTengah,BaritoUtara,Kabupaten,2019-10,2019,10,257
IDN.14.3_1,KalimantanTengah,BaritoUtara,Kabupaten,2019-11,2019,11,44
IDN.14.3_1,KalimantanTengah,BaritoUtara,Kabupaten,2019-12,2019,12,5
IDN.14.3_1,KalimantanTengah,BaritoUtara,Kabupaten,2020-01,2020,1,9
IDN.14.3_1,KalimantanTengah,BaritoUtara,Kabupaten,2020-02,2020,2,7
IDN.14.3_1,KalimantanTengah,BaritoUtara,Kabupaten,2020-03,2020,3,7
IDN.14.3_1,KalimantanTengah,BaritoUtara,Kabupaten,2020-04,2020,4,11
IDN.14.3_1,KalimantanTengah,BaritoUtara,Kabupaten,2020-05,2020,5,9
IDN.14.3_1,KalimantanTengah,BaritoUtara,Kabupaten,2020-06,2020,6,12
IDN.14.3_1,KalimantanTengah,BaritoUtara,Kabupaten,2020-07,2020,7,17
IDN.14.3_1,KalimantanTengah,BaritoUtara,Kabupaten,2020-08,2020,8,46
IDN.14.3_1,KalimantanTengah,BaritoUtara,Kabupaten,2020-09,2020,9,161
IDN.14.3_1,KalimantanTengah,BaritoUtara,Kabupaten,2020-10,2020,10,147
IDN.14.3_1,KalimantanTengah,BaritoUtara,Kabupaten,2020-11,2020,11,96
IDN.14.3_1,KalimantanTengah,BaritoUtara,Kabupaten,2020-12,2020,12,0
IDN.14.3_1,KalimantanTengah,BaritoUtara,Kabupaten,2021-01,2021,1,0
IDN.14.3_1,KalimantanTengah,BaritoUtara,Kabupaten,2021-02,2021,2,4
IDN.14.3_1,KalimantanTengah,BaritoUtara,Kabupaten,2021-03,2021,3,5
IDN.14.3_1,KalimantanTengah,BaritoUtara,Kabupaten,2021-04,2021,4,5
IDN.14.3_1,KalimantanTengah,BaritoUtara,Kabupaten,2021-05,2021,5,8
IDN.14.3_1,KalimantanTengah,BaritoUtara,Kabupaten,2021-06,2021,6,14
IDN.14.3_1,KalimantanTengah,BaritoUtara,Kabupaten,2021-07,2021,7,6
IDN.14.3_1,KalimantanTengah,BaritoUtara,Kabupaten,2021-08,2021,8,7
IDN.14.3_1,KalimantanTengah,BaritoUtara,Kabupaten,2021-09,2021,9,19
IDN.14.3_1,KalimantanTengah,BaritoUtara,Kabupaten,2021-10,2021,10,124
IDN.14.3_1,KalimantanTengah,BaritoUtara,Kabupaten,2021-11,2021,11,12
IDN.14.3_1,KalimantanTengah,BaritoUtara,Kabupaten,2021-12,2021,12,5
IDN.14.3_1,KalimantanTengah,BaritoUtara,Kabupaten,2022-01,2022,1,6
IDN.14.3_1,KalimantanTengah,BaritoUtara,Kabupaten,2022-02,2022,2,5
IDN.14.3_1,KalimantanTengah,BaritoUtara,Kabupaten,2022-03,2022,3,9
IDN.14.3_1,KalimantanTengah,BaritoUtara,Kabupaten,2022-04,2022,4,7
IDN.14.3_1,KalimantanTengah,BaritoUtara,Kabupaten,2022-05,2022,5,5
IDN.14.3_1,KalimantanTengah,BaritoUtara,Kabupaten,2022-06,2022,6,10
IDN.14.3_1,KalimantanTengah,BaritoUtara,Kabupaten,2022-07,2022,7,12
IDN.14.3_1,KalimantanTengah,BaritoUtara,Kabupaten,2022-08,2022,8,14
IDN.14.3_1,KalimantanTengah,BaritoUtara,Kabupaten,2022-09,2022,9,76
IDN.14.3_1,KalimantanTengah,BaritoUtara,Kabupaten,2022-10,2022,10,44
IDN.14.3_1,KalimantanTengah,BaritoUtara,Kabupaten,2022-11,2022,11,16
IDN.14.3_1,KalimantanTengah,BaritoUtara,Kabupaten,2022-12,2022,12,5
IDN.14.3_1,KalimantanTengah,BaritoUtara,Kabupaten,2023-01,2023,1,5
IDN.14.3_1,KalimantanTengah,BaritoUtara,Kabupaten,2023-02,2023,2,0
IDN.14.3_1,KalimantanTengah,BaritoUtara,Kabupaten,2023-03,2023,3,0
IDN.14.3_1,KalimantanTengah,BaritoUtara,Kabupaten,2023-04,2023,4,9
IDN.14.3_1,KalimantanTengah,BaritoUtara,Kabupaten,2023-05,2023,5,14
IDN.14.3_1,KalimantanTengah,BaritoUtara,Kabupaten,2023-06,2023,6,4
IDN.14.3_1,KalimantanTengah,BaritoUtara,Kabupaten,2023-07,2023,7,15
IDN.14.3_1,KalimantanTengah,BaritoUtara,Kabupaten,2023-08,2023,8,32
IDN.14.3_1,KalimantanTengah,BaritoUtara,Kabupaten,2023-09,2023,9,222
IDN.14.3_1,KalimantanTengah,BaritoUtara,Kabupaten,2023-10,2023,10,161
IDN.14.3_1,KalimantanTengah,BaritoUtara,Kabupaten,2023-11,2023,11,25
IDN.14.3_1,KalimantanTengah,BaritoUtara,Kabupaten,2023-12,2023,12,1
IDN.14.3_1,KalimantanTengah,BaritoUtara,Kabupaten,2024-01,2024,1,3
IDN.14.3_1,KalimantanTengah,BaritoUtara,Kabupaten,2024-02,2024,2,8
IDN.14.3_1,KalimantanTengah,BaritoUtara,Kabupaten,2024-03,2024,3,6
IDN.14.3_1,KalimantanTengah,BaritoUtara,Kabupaten,2024-04,2024,4,5
IDN.14.3_1,KalimantanTengah,BaritoUtara,Kabupaten,2024-05,2024,5,5
IDN.14.3_1,KalimantanTengah,BaritoUtara,Kabupaten,2024-06,2024,6,8
IDN.14.3_1,KalimantanTengah,BaritoUtara,Kabupaten,2024-07,2024,7,2
IDN.14.3_1,KalimantanTengah,BaritoUtara,Kabupaten,2024-08,2024,8,14
IDN.14.3_1,KalimantanTengah,BaritoUtara,Kabupaten,2024-09,2024,9,122
IDN.14.3_1,KalimantanTengah,BaritoUtara,Kabupaten,2024-10,2024,10,285
IDN.14.3_1,KalimantanTengah,BaritoUtara,Kabupaten,2024-11,2024,11,24
IDN.14.3_1,KalimantanTengah,BaritoUtara,Kabupaten,2024-12,2024,12,3
IDN.14.3_1,KalimantanTengah,BaritoUtara,Kabupaten,2025-01,2025,1,0
IDN.14.3_1,KalimantanTengah,BaritoUtara,Kabupaten,2025-02,2025,2,11
IDN.14.3_1,KalimantanTengah,BaritoUtara,Kabupaten,2025-03,2025,3,5
IDN.14.3_1,KalimantanTengah,BaritoUtara,Kabupaten,2025-04,2025,4,6
IDN.14.3_1,KalimantanTengah,BaritoUtara,Kabupaten,2025-05,2025,5,14
IDN.14.3_1,KalimantanTengah,BaritoUtara,Kabupaten,2025-06,2025,6,8
IDN.14.3_1,KalimantanTengah,BaritoUtara,Kabupaten,2025-07,2025,7,24
IDN.14.3_1,KalimantanTengah,BaritoUtara,Kabupaten,2025-08,2025,8,30
IDN.14.3_1,KalimantanTengah,BaritoUtara,Kabupaten,2025-09,2025,9,145
IDN.14.3_1,KalimantanTengah,BaritoUtara,Kabupaten,2025-10,2025,10,237
IDN.14.3_1,KalimantanTengah,BaritoUtara,Kabupaten,2025-11,2025,11,31
IDN.14.3_1,KalimantanTengah,BaritoUtara,Kabupaten,2025-12,2025,12,7
IDN.14.4_1,KalimantanTengah,GunungMas,Kabupaten,2012-01,2012,1,1
IDN.14.4_1,KalimantanTengah,GunungMas,Kabupaten,2012-02,2012,2,10
IDN.14.4_1,KalimantanTengah,GunungMas,Kabupaten,2012-03,2012,3,38
IDN.14.4_1,KalimantanTengah,GunungMas,Kabupaten,2012-04,2012,4,6
IDN.14.4_1,KalimantanTengah,GunungMas,Kabupaten,2012-05,2012,5,21
IDN.14.4_1,KalimantanTengah,GunungMas,Kabupaten,2012-06,2012,6,39
IDN.14.4_1,KalimantanTengah,GunungMas,Kabupaten,2012-07,2012,7,6
IDN.14.4_1,KalimantanTengah,GunungMas,Kabupaten,2012-08,2012,8,104
IDN.14.4_1,KalimantanTengah,GunungMas,Kabupaten,2012-09,2012,9,1105
IDN.14.4_1,KalimantanTengah,GunungMas,Kabupaten,2012-10,2012,10,145
IDN.14.4_1,KalimantanTengah,GunungMas,Kabupaten,2012-11,2012,11,4
IDN.14.4_1,KalimantanTengah,GunungMas,Kabupaten,2012-12,2012,12,7
IDN.14.4_1,KalimantanTengah,GunungMas,Kabupaten,2013-01,2013,1,16
IDN.14.4_1,KalimantanTengah,GunungMas,Kabupaten,2013-02,2013,2,5
IDN.14.4_1,KalimantanTengah,GunungMas,Kabupaten,2013-03,2013,3,3
IDN.14.4_1,KalimantanTengah,GunungMas,Kabupaten,2013-04,2013,4,3
IDN.14.4_1,KalimantanTengah,GunungMas,Kabupaten,2013-05,2013,5,1
IDN.14.4_1,KalimantanTengah,GunungMas,Kabupaten,2013-06,2013,6,40
IDN.14.4_1,KalimantanTengah,GunungMas,Kabupaten,2013-07,2013,7,16
IDN.14.4_1,KalimantanTengah,GunungMas,Kabupaten,2013-08,2013,8,26
IDN.14.4_1,KalimantanTengah,GunungMas,Kabupaten,2013-09,2013,9,487
IDN.14.4_1,KalimantanTengah,GunungMas,Kabupaten,2013-10,2013,10,582
IDN.14.4_1,KalimantanTengah,GunungMas,Kabupaten,2013-11,2013,11,9
IDN.14.4_1,KalimantanTengah,GunungMas,Kabupaten,2013-12,2013,12,5
IDN.14.4_1,KalimantanTengah,GunungMas,Kabupaten,2014-01,2014,1,78
IDN.14.4_1,KalimantanTengah,GunungMas,Kabupaten,2014-02,2014,2,96
IDN.14.4_1,KalimantanTengah,GunungMas,Kabupaten,2014-03,2014,3,5
IDN.14.4_1,KalimantanTengah,GunungMas,Kabupaten,2014-04,2014,4,9
IDN.14.4_1,KalimantanTengah,GunungMas,Kabupaten,2014-05,2014,5,16
IDN.14.4_1,KalimantanTengah,GunungMas,Kabupaten,2014-06,2014,6,11
IDN.14.4_1,KalimantanTengah,GunungMas,Kabupaten,2014-07,2014,7,59
IDN.14.4_1,KalimantanTengah,GunungMas,Kabupaten,2014-08,2014,8,83
IDN.14.4_1,KalimantanTengah,GunungMas,Kabupaten,2014-09,2014,9,1297
IDN.14.4_1,KalimantanTengah,GunungMas,Kabupaten,2014-10,2014,10,461
IDN.14.4_1,KalimantanTengah,GunungMas,Kabupaten,2014-11,2014,11,42
IDN.14.4_1,KalimantanTengah,GunungMas,Kabupaten,2014-12,2014,12,3
IDN.14.4_1,KalimantanTengah,GunungMas,Kabupaten,2015-01,2015,1,6
IDN.14.4_1,KalimantanTengah,GunungMas,Kabupaten,2015-02,2015,2,1
IDN.14.4_1,KalimantanTengah,GunungMas,Kabupaten,2015-03,2015,3,12
IDN.14.4_1,KalimantanTengah,GunungMas,Kabupaten,2015-04,2015,4,8
IDN.14.4_1,KalimantanTengah,GunungMas,Kabupaten,2015-05,2015,5,15
IDN.14.4_1,KalimantanTengah,GunungMas,Kabupaten,2015-06,2015,6,14
IDN.14.4_1,KalimantanTengah,GunungMas,Kabupaten,2015-07,2015,7,184
IDN.14.4_1,KalimantanTengah,GunungMas,Kabupaten,2015-08,2015,8,225
IDN.14.4_1,KalimantanTengah,GunungMas,Kabupaten,2015-09,2015,9,1166
IDN.14.4_1,KalimantanTengah,GunungMas,Kabupaten,2015-10,2015,10,580
IDN.14.4_1,KalimantanTengah,GunungMas,Kabupaten,2015-11,2015,11,19
IDN.14.4_1,KalimantanTengah,GunungMas,Kabupaten,2015-12,2015,12,16
IDN.14.4_1,KalimantanTengah,GunungMas,Kabupaten,2016-01,2016,1,13
IDN.14.4_1,KalimantanTengah,GunungMas,Kabupaten,2016-02,2016,2,3
IDN.14.4_1,KalimantanTengah,GunungMas,Kabupaten,2016-03,2016,3,0
IDN.14.4_1,KalimantanTengah,GunungMas,Kabupaten,2016-04,2016,4,3
IDN.14.4_1,KalimantanTengah,GunungMas,Kabupaten,2016-05,2016,5,6
IDN.14.4_1,KalimantanTengah,GunungMas,Kabupaten,2016-06,2016,6,2
IDN.14.4_1,KalimantanTengah,GunungMas,Kabupaten,2016-07,2016,7,4
IDN.14.4_1,KalimantanTengah,GunungMas,Kabupaten,2016-08,2016,8,49
IDN.14.4_1,KalimantanTengah,GunungMas,Kabupaten,2016-09,2016,9,40
IDN.14.4_1,KalimantanTengah,GunungMas,Kabupaten,2016-10,2016,10,119
IDN.14.4_1,KalimantanTengah,GunungMas,Kabupaten,2016-11,2016,11,9
IDN.14.4_1,KalimantanTengah,GunungMas,Kabupaten,2016-12,2016,12,8
IDN.14.4_1,KalimantanTengah,GunungMas,Kabupaten,2017-01,2017,1,2
IDN.14.4_1,KalimantanTengah,GunungMas,Kabupaten,2017-02,2017,2,20
IDN.14.4_1,KalimantanTengah,GunungMas,Kabupaten,2017-03,2017,3,3
IDN.14.4_1,KalimantanTengah,GunungMas,Kabupaten,2017-04,2017,4,11
IDN.14.4_1,KalimantanTengah,GunungMas,Kabupaten,2017-05,2017,5,0
IDN.14.4_1,KalimantanTengah,GunungMas,Kabupaten,2017-06,2017,6,5
IDN.14.4_1,KalimantanTengah,GunungMas,Kabupaten,2017-07,2017,7,8
IDN.14.4_1,KalimantanTengah,GunungMas,Kabupaten,2017-08,2017,8,0
IDN.14.4_1,KalimantanTengah,GunungMas,Kabupaten,2017-09,2017,9,71
IDN.14.4_1,KalimantanTengah,GunungMas,Kabupaten,2017-10,2017,10,74
IDN.14.4_1,KalimantanTengah,GunungMas,Kabupaten,2017-11,2017,11,6
IDN.14.4_1,KalimantanTengah,GunungMas,Kabupaten,2017-12,2017,12,4
IDN.14.4_1,KalimantanTengah,GunungMas,Kabupaten,2018-01,2018,1,8
IDN.14.4_1,KalimantanTengah,GunungMas,Kabupaten,2018-02,2018,2,9
IDN.14.4_1,KalimantanTengah,GunungMas,Kabupaten,2018-03,2018,3,2
IDN.14.4_1,KalimantanTengah,GunungMas,Kabupaten,2018-04,2018,4,0
IDN.14.4_1,KalimantanTengah,GunungMas,Kabupaten,2018-05,2018,5,6
IDN.14.4_1,KalimantanTengah,GunungMas,Kabupaten,2018-06,2018,6,17
IDN.14.4_1,KalimantanTengah,GunungMas,Kabupaten,2018-07,2018,7,38
IDN.14.4_1,KalimantanTengah,GunungMas,Kabupaten,2018-08,2018,8,60
IDN.14.4_1,KalimantanTengah,GunungMas,Kabupaten,2018-09,2018,9,205
IDN.14.4_1,KalimantanTengah,GunungMas,Kabupaten,2018-10,2018,10,36
IDN.14.4_1,KalimantanTengah,GunungMas,Kabupaten,2018-11,2018,11,2
IDN.14.4_1,KalimantanTengah,GunungMas,Kabupaten,2018-12,2018,12,2
IDN.14.4_1,KalimantanTengah,GunungMas,Kabupaten,2019-01,2019,1,3
IDN.14.4_1,KalimantanTengah,GunungMas,Kabupaten,2019-02,2019,2,6
IDN.14.4_1,KalimantanTengah,GunungMas,Kabupaten,2019-03,2019,3,11
IDN.14.4_1,KalimantanTengah,GunungMas,Kabupaten,2019-04,2019,4,1
IDN.14.4_1,KalimantanTengah,GunungMas,Kabupaten,2019-05,2019,5,5
IDN.14.4_1,KalimantanTengah,GunungMas,Kabupaten,2019-06,2019,6,4
IDN.14.4_1,KalimantanTengah,GunungMas,Kabupaten,2019-07,2019,7,40
IDN.14.4_1,KalimantanTengah,GunungMas,Kabupaten,2019-08,2019,8,109
IDN.14.4_1,KalimantanTengah,GunungMas,Kabupaten,2019-09,2019,9,1060
IDN.14.4_1,KalimantanTengah,GunungMas,Kabupaten,2019-10,2019,10,179
IDN.14.4_1,KalimantanTengah,GunungMas,Kabupaten,2019-11,2019,11,18
IDN.14.4_1,KalimantanTengah,GunungMas,Kabupaten,2019-12,2019,12,0
IDN.14.4_1,KalimantanTengah,GunungMas,Kabupaten,2020-01,2020,1,0
IDN.14.4_1,KalimantanTengah,GunungMas,Kabupaten,2020-02,2020,2,3
IDN.14.4_1,KalimantanTengah,GunungMas,Kabupaten,2020-03,2020,3,4
IDN.14.4_1,KalimantanTengah,GunungMas,Kabupaten,2020-04,2020,4,3
IDN.14.4_1,KalimantanTengah,GunungMas,Kabupaten,2020-05,2020,5,2
IDN.14.4_1,KalimantanTengah,GunungMas,Kabupaten,2020-06,2020,6,1
IDN.14.4_1,KalimantanTengah,GunungMas,Kabupaten,2020-07,2020,7,0
IDN.14.4_1,KalimantanTengah,GunungMas,Kabupaten,2020-08,2020,8,8
IDN.14.4_1,KalimantanTengah,GunungMas,Kabupaten,2020-09,2020,9,19
IDN.14.4_1,KalimantanTengah,GunungMas,Kabupaten,2020-10,2020,10,90
IDN.14.4_1,KalimantanTengah,GunungMas,Kabupaten,2020-11,2020,11,47
IDN.14.4_1,KalimantanTengah,GunungMas,Kabupaten,2020-12,2020,12,16
IDN.14.4_1,KalimantanTengah,GunungMas,Kabupaten,2021-01,2021,1,1
IDN.14.4_1,KalimantanTengah,GunungMas,Kabupaten,2021-02,2021,2,4
IDN.14.4_1,KalimantanTengah,GunungMas,Kabupaten,2021-03,2021,3,0
IDN.14.4_1,KalimantanTengah,GunungMas,Kabupaten,2021-04,2021,4,3
IDN.14.4_1,KalimantanTengah,GunungMas,Kabupaten,2021-05,2021,5,0
IDN.14.4_1,KalimantanTengah,GunungMas,Kabupaten,2021-06,2021,6,5
IDN.14.4_1,KalimantanTengah,GunungMas,Kabupaten,2021-07,2021,7,3
IDN.14.4_1,KalimantanTengah,GunungMas,Kabupaten,2021-08,2021,8,4
IDN.14.4_1,KalimantanTengah,GunungMas,Kabupaten,2021-09,2021,9,3
IDN.14.4_1,KalimantanTengah,GunungMas,Kabupaten,2021-10,2021,10,33
IDN.14.4_1,KalimantanTengah,GunungMas,Kabupaten,2021-11,2021,11,4
IDN.14.4_1,KalimantanTengah,GunungMas,Kabupaten,2021-12,2021,12,1
IDN.14.4_1,KalimantanTengah,GunungMas,Kabupaten,2022-01,2022,1,1
IDN.14.4_1,KalimantanTengah,GunungMas,Kabupaten,2022-02,2022,2,2
IDN.14.4_1,KalimantanTengah,GunungMas,Kabupaten,2022-03,2022,3,13
IDN.14.4_1,KalimantanTengah,GunungMas,Kabupaten,2022-04,2022,4,4
IDN.14.4_1,KalimantanTengah,GunungMas,Kabupaten,2022-05,2022,5,15
IDN.14.4_1,KalimantanTengah,GunungMas,Kabupaten,2022-06,2022,6,7
IDN.14.4_1,KalimantanTengah,GunungMas,Kabupaten,2022-07,2022,7,7
IDN.14.4_1,KalimantanTengah,GunungMas,Kabupaten,2022-08,2022,8,4
IDN.14.4_1,KalimantanTengah,GunungMas,Kabupaten,2022-09,2022,9,5
IDN.14.4_1,KalimantanTengah,GunungMas,Kabupaten,2022-10,2022,10,20
IDN.14.4_1,KalimantanTengah,GunungMas,Kabupaten,2022-11,2022,11,7
IDN.14.4_1,KalimantanTengah,GunungMas,Kabupaten,2022-12,2022,12,7
IDN.14.4_1,KalimantanTengah,GunungMas,Kabupaten,2023-01,2023,1,12
IDN.14.4_1,KalimantanTengah,GunungMas,Kabupaten,2023-02,2023,2,0
IDN.14.4_1,KalimantanTengah,GunungMas,Kabupaten,2023-03,2023,3,2
IDN.14.4_1,KalimantanTengah,GunungMas,Kabupaten,2023-04,2023,4,14
IDN.14.4_1,KalimantanTengah,GunungMas,Kabupaten,2023-05,2023,5,13
IDN.14.4_1,KalimantanTengah,GunungMas,Kabupaten,2023-06,2023,6,6
IDN.14.4_1,KalimantanTengah,GunungMas,Kabupaten,2023-07,2023,7,13
IDN.14.4_1,KalimantanTengah,GunungMas,Kabupaten,2023-08,2023,8,73
IDN.14.4_1,KalimantanTengah,GunungMas,Kabupaten,2023-09,2023,9,139
IDN.14.4_1,KalimantanTengah,GunungMas,Kabupaten,2023-10,2023,10,70
IDN.14.4_1,KalimantanTengah,GunungMas,Kabupaten,2023-11,2023,11,13
IDN.14.4_1,KalimantanTengah,GunungMas,Kabupaten,2023-12,2023,12,5
IDN.14.4_1,KalimantanTengah,GunungMas,Kabupaten,2024-01,2024,1,1
IDN.14.4_1,KalimantanTengah,GunungMas,Kabupaten,2024-02,2024,2,15
IDN.14.4_1,KalimantanTengah,GunungMas,Kabupaten,2024-03,2024,3,10
IDN.14.4_1,KalimantanTengah,GunungMas,Kabupaten,2024-04,2024,4,4
IDN.14.4_1,KalimantanTengah,GunungMas,Kabupaten,2024-05,2024,5,1
IDN.14.4_1,KalimantanTengah,GunungMas,Kabupaten,2024-06,2024,6,9
IDN.14.4_1,KalimantanTengah,GunungMas,Kabupaten,2024-07,2024,7,9
IDN.14.4_1,KalimantanTengah,GunungMas,Kabupaten,2024-08,2024,8,15
IDN.14.4_1,KalimantanTengah,GunungMas,Kabupaten,2024-09,2024,9,183
IDN.14.4_1,KalimantanTengah,GunungMas,Kabupaten,2024-10,2024,10,63
IDN.14.4_1,KalimantanTengah,GunungMas,Kabupaten,2024-11,2024,11,3
IDN.14.4_1,KalimantanTengah,GunungMas,Kabupaten,2024-12,2024,12,1
IDN.14.4_1,KalimantanTengah,GunungMas,Kabupaten,2025-01,2025,1,2
IDN.14.4_1,KalimantanTengah,GunungMas,Kabupaten,2025-02,2025,2,2
IDN.14.4_1,KalimantanTengah,GunungMas,Kabupaten,2025-03,2025,3,5
IDN.14.4_1,KalimantanTengah,GunungMas,Kabupaten,2025-04,2025,4,1
IDN.14.4_1,KalimantanTengah,GunungMas,Kabupaten,2025-05,2025,5,16
IDN.14.4_1,KalimantanTengah,GunungMas,Kabupaten,2025-06,2025,6,10
IDN.14.4_1,KalimantanTengah,GunungMas,Kabupaten,2025-07,2025,7,36
IDN.14.4_1,KalimantanTengah,GunungMas,Kabupaten,2025-08,2025,8,22
IDN.14.4_1,KalimantanTengah,GunungMas,Kabupaten,2025-09,2025,9,98
IDN.14.4_1,KalimantanTengah,GunungMas,Kabupaten,2025-10,2025,10,104
IDN.14.4_1,KalimantanTengah,GunungMas,Kabupaten,2025-11,2025,11,13
IDN.14.4_1,KalimantanTengah,GunungMas,Kabupaten,2025-12,2025,12,2
IDN.14.5_1,KalimantanTengah,Kapuas,Kabupaten,2012-01,2012,1,0
IDN.14.5_1,KalimantanTengah,Kapuas,Kabupaten,2012-02,2012,2,1
IDN.14.5_1,KalimantanTengah,Kapuas,Kabupaten,2012-03,2012,3,3
IDN.14.5_1,KalimantanTengah,Kapuas,Kabupaten,2012-04,2012,4,7
IDN.14.5_1,KalimantanTengah,Kapuas,Kabupaten,2012-05,2012,5,22
IDN.14.5_1,KalimantanTengah,Kapuas,Kabupaten,2012-06,2012,6,56
IDN.14.5_1,KalimantanTengah,Kapuas,Kabupaten,2012-07,2012,7,41
IDN.14.5_1,KalimantanTengah,Kapuas,Kabupaten,2012-08,2012,8,305
IDN.14.5_1,KalimantanTengah,Kapuas,Kabupaten,2012-09,2012,9,2833
IDN.14.5_1,KalimantanTengah,Kapuas,Kabupaten,2012-10,2012,10,1318
IDN.14.5_1,KalimantanTengah,Kapuas,Kabupaten,2012-11,2012,11,16
IDN.14.5_1,KalimantanTengah,Kapuas,Kabupaten,2012-12,2012,12,4
IDN.14.5_1,KalimantanTengah,Kapuas,Kabupaten,2013-01,2013,1,40
IDN.14.5_1,KalimantanTengah,Kapuas,Kabupaten,2013-02,2013,2,3
IDN.14.5_1,KalimantanTengah,Kapuas,Kabupaten,2013-03,2013,3,12
IDN.14.5_1,KalimantanTengah,Kapuas,Kabupaten,2013-04,2013,4,8
IDN.14.5_1,KalimantanTengah,Kapuas,Kabupaten,2013-05,2013,5,12
IDN.14.5_1,KalimantanTengah,Kapuas,Kabupaten,2013-06,2013,6,73
IDN.14.5_1,KalimantanTengah,Kapuas,Kabupaten,2013-07,2013,7,34
IDN.14.5_1,KalimantanTengah,Kapuas,Kabupaten,2013-08,2013,8,119
IDN.14.5_1,KalimantanTengah,Kapuas,Kabupaten,2013-09,2013,9,805
IDN.14.5_1,KalimantanTengah,Kapuas,Kabupaten,2013-10,2013,10,2452
IDN.14.5_1,KalimantanTengah,Kapuas,Kabupaten,2013-11,2013,11,32
IDN.14.5_1,KalimantanTengah,Kapuas,Kabupaten,2013-12,2013,12,8
IDN.14.5_1,KalimantanTengah,Kapuas,Kabupaten,2014-01,2014,1,44
IDN.14.5_1,KalimantanTengah,Kapuas,Kabupaten,2014-02,2014,2,74
IDN.14.5_1,KalimantanTengah,Kapuas,Kabupaten,2014-03,2014,3,5
IDN.14.5_1,KalimantanTengah,Kapuas,Kabupaten,2014-04,2014,4,11
IDN.14.5_1,KalimantanTengah,Kapuas,Kabupaten,2014-05,2014,5,8
IDN.14.5_1,KalimantanTengah,Kapuas,Kabupaten,2014-06,2014,6,16
IDN.14.5_1,KalimantanTengah,Kapuas,Kabupaten,2014-07,2014,7,88
IDN.14.5_1,KalimantanTengah,Kapuas,Kabupaten,2014-08,2014,8,457
IDN.14.5_1,KalimantanTengah,Kapuas,Kabupaten,2014-09,2014,9,4028
IDN.14.5_1,KalimantanTengah,Kapuas,Kabupaten,2014-10,2014,10,4800
IDN.14.5_1,KalimantanTengah,Kapuas,Kabupaten,2014-11,2014,11,989
IDN.14.5_1,KalimantanTengah,Kapuas,Kabupaten,2014-12,2014,12,2
IDN.14.5_1,KalimantanTengah,Kapuas,Kabupaten,2015-01,2015,1,6
IDN.14.5_1,KalimantanTengah,Kapuas,Kabupaten,2015-02,2015,2,4
IDN.14.5_1,KalimantanTengah,Kapuas,Kabupaten,2015-03,2015,3,5
IDN.14.5_1,KalimantanTengah,Kapuas,Kabupaten,2015-04,2015,4,15
IDN.14.5_1,KalimantanTengah,Kapuas,Kabupaten,2015-05,2015,5,11
IDN.14.5_1,KalimantanTengah,Kapuas,Kabupaten,2015-06,2015,6,26
IDN.14.5_1,KalimantanTengah,Kapuas,Kabupaten,2015-07,2015,7,293
IDN.14.5_1,KalimantanTengah,Kapuas,Kabupaten,2015-08,2015,8,3550
IDN.14.5_1,KalimantanTengah,Kapuas,Kabupaten,2015-09,2015,9,9761
IDN.14.5_1,KalimantanTengah,Kapuas,Kabupaten,2015-10,2015,10,12769
IDN.14.5_1,KalimantanTengah,Kapuas,Kabupaten,2015-11,2015,11,188
IDN.14.5_1,KalimantanTengah,Kapuas,Kabupaten,2015-12,2015,12,33
IDN.14.5_1,KalimantanTengah,Kapuas,Kabupaten,2016-01,2016,1,9
IDN.14.5_1,KalimantanTengah,Kapuas,Kabupaten,2016-02,2016,2,7
IDN.14.5_1,KalimantanTengah,Kapuas,Kabupaten,2016-03,2016,3,2
IDN.14.5_1,KalimantanTengah,Kapuas,Kabupaten,2016-04,2016,4,9
IDN.14.5_1,KalimantanTengah,Kapuas,Kabupaten,2016-05,2016,5,6
IDN.14.5_1,KalimantanTengah,Kapuas,Kabupaten,2016-06,2016,6,8
IDN.14.5_1,KalimantanTengah,Kapuas,Kabupaten,2016-07,2016,7,12
IDN.14.5_1,KalimantanTengah,Kapuas,Kabupaten,2016-08,2016,8,88
IDN.14.5_1,KalimantanTengah,Kapuas,Kabupaten,2016-09,2016,9,85
IDN.14.5_1,KalimantanTengah,Kapuas,Kabupaten,2016-10,2016,10,80
IDN.14.5_1,KalimantanTengah,Kapuas,Kabupaten,2016-11,2016,11,30
IDN.14.5_1,KalimantanTengah,Kapuas,Kabupaten,2016-12,2016,12,5
IDN.14.5_1,KalimantanTengah,Kapuas,Kabupaten,2017-01,2017,1,0
IDN.14.5_1,KalimantanTengah,Kapuas,Kabupaten,2017-02,2017,2,10
IDN.14.5_1,KalimantanTengah,Kapuas,Kabupaten,2017-03,2017,3,0
IDN.14.5_1,KalimantanTengah,Kapuas,Kabupaten,2017-04,2017,4,3
IDN.14.5_1,KalimantanTengah,Kapuas,Kabupaten,2017-05,2017,5,5
IDN.14.5_1,KalimantanTengah,Kapuas,Kabupaten,2017-06,2017,6,5
IDN.14.5_1,KalimantanTengah,Kapuas,Kabupaten,2017-07,2017,7,11
IDN.14.5_1,KalimantanTengah,Kapuas,Kabupaten,2017-08,2017,8,6
IDN.14.5_1,KalimantanTengah,Kapuas,Kabupaten,2017-09,2017,9,106
IDN.14.5_1,KalimantanTengah,Kapuas,Kabupaten,2017-10,2017,10,141
IDN.14.5_1,KalimantanTengah,Kapuas,Kabupaten,2017-11,2017,11,7
IDN.14.5_1,KalimantanTengah,Kapuas,Kabupaten,2017-12,2017,12,8
IDN.14.5_1,KalimantanTengah,Kapuas,Kabupaten,2018-01,2018,1,1
IDN.14.5_1,KalimantanTengah,Kapuas,Kabupaten,2018-02,2018,2,7
IDN.14.5_1,KalimantanTengah,Kapuas,Kabupaten,2018-03,2018,3,4
IDN.14.5_1,KalimantanTengah,Kapuas,Kabupaten,2018-04,2018,4,3
IDN.14.5_1,KalimantanTengah,Kapuas,Kabupaten,2018-05,2018,5,8
IDN.14.5_1,KalimantanTengah,Kapuas,Kabupaten,2018-06,2018,6,20
IDN.14.5_1,KalimantanTengah,Kapuas,Kabupaten,2018-07,2018,7,165
IDN.14.5_1,KalimantanTengah,Kapuas,Kabupaten,2018-08,2018,8,252
IDN.14.5_1,KalimantanTengah,Kapuas,Kabupaten,2018-09,2018,9,1013
IDN.14.5_1,KalimantanTengah,Kapuas,Kabupaten,2018-10,2018,10,350
IDN.14.5_1,KalimantanTengah,Kapuas,Kabupaten,2018-11,2018,11,8
IDN.14.5_1,KalimantanTengah,Kapuas,Kabupaten,2018-12,2018,12,0
IDN.14.5_1,KalimantanTengah,Kapuas,Kabupaten,2019-01,2019,1,6
IDN.14.5_1,KalimantanTengah,Kapuas,Kabupaten,2019-02,2019,2,13
IDN.14.5_1,KalimantanTengah,Kapuas,Kabupaten,2019-03,2019,3,4
IDN.14.5_1,KalimantanTengah,Kapuas,Kabupaten,2019-04,2019,4,3
IDN.14.5_1,KalimantanTengah,Kapuas,Kabupaten,2019-05,2019,5,12
IDN.14.5_1,KalimantanTengah,Kapuas,Kabupaten,2019-06,2019,6,8
IDN.14.5_1,KalimantanTengah,Kapuas,Kabupaten,2019-07,2019,7,126
IDN.14.5_1,KalimantanTengah,Kapuas,Kabupaten,2019-08,2019,8,1007
IDN.14.5_1,KalimantanTengah,Kapuas,Kabupaten,2019-09,2019,9,9941
IDN.14.5_1,KalimantanTengah,Kapuas,Kabupaten,2019-10,2019,10,1177
IDN.14.5_1,KalimantanTengah,Kapuas,Kabupaten,2019-11,2019,11,849
IDN.14.5_1,KalimantanTengah,Kapuas,Kabupaten,2019-12,2019,12,7
IDN.14.5_1,KalimantanTengah,Kapuas,Kabupaten,2020-01,2020,1,4
IDN.14.5_1,KalimantanTengah,Kapuas,Kabupaten,2020-02,2020,2,5
IDN.14.5_1,KalimantanTengah,Kapuas,Kabupaten,2020-03,2020,3,2
IDN.14.5_1,KalimantanTengah,Kapuas,Kabupaten,2020-04,2020,4,2
IDN.14.5_1,KalimantanTengah,Kapuas,Kabupaten,2020-05,2020,5,7
IDN.14.5_1,KalimantanTengah,Kapuas,Kabupaten,2020-06,2020,6,7
IDN.14.5_1,KalimantanTengah,Kapuas,Kabupaten,2020-07,2020,7,3
IDN.14.5_1,KalimantanTengah,Kapuas,Kabupaten,2020-08,2020,8,11
IDN.14.5_1,KalimantanTengah,Kapuas,Kabupaten,2020-09,2020,9,60
IDN.14.5_1,KalimantanTengah,Kapuas,Kabupaten,2020-10,2020,10,83
IDN.14.5_1,KalimantanTengah,Kapuas,Kabupaten,2020-11,2020,11,119
IDN.14.5_1,KalimantanTengah,Kapuas,Kabupaten,2020-12,2020,12,8
IDN.14.5_1,KalimantanTengah,Kapuas,Kabupaten,2021-01,2021,1,0
IDN.14.5_1,KalimantanTengah,Kapuas,Kabupaten,2021-02,2021,2,7
IDN.14.5_1,KalimantanTengah,Kapuas,Kabupaten,2021-03,2021,3,1
IDN.14.5_1,KalimantanTengah,Kapuas,Kabupaten,2021-04,2021,4,11
IDN.14.5_1,KalimantanTengah,Kapuas,Kabupaten,2021-05,2021,5,6
IDN.14.5_1,KalimantanTengah,Kapuas,Kabupaten,2021-06,2021,6,4
IDN.14.5_1,KalimantanTengah,Kapuas,Kabupaten,2021-07,2021,7,11
IDN.14.5_1,KalimantanTengah,Kapuas,Kabupaten,2021-08,2021,8,4
IDN.14.5_1,KalimantanTengah,Kapuas,Kabupaten,2021-09,2021,9,10
IDN.14.5_1,KalimantanTengah,Kapuas,Kabupaten,2021-10,2021,10,41
IDN.14.5_1,KalimantanTengah,Kapuas,Kabupaten,2021-11,2021,11,7
IDN.14.5_1,KalimantanTengah,Kapuas,Kabupaten,2021-12,2021,12,2
IDN.14.5_1,KalimantanTengah,Kapuas,Kabupaten,2022-01,2022,1,1
IDN.14.5_1,KalimantanTengah,Kapuas,Kabupaten,2022-02,2022,2,6
IDN.14.5_1,KalimantanTengah,Kapuas,Kabupaten,2022-03,2022,3,0
IDN.14.5_1,KalimantanTengah,Kapuas,Kabupaten,2022-04,2022,4,3
IDN.14.5_1,KalimantanTengah,Kapuas,Kabupaten,2022-05,2022,5,4
IDN.14.5_1,KalimantanTengah,Kapuas,Kabupaten,2022-06,2022,6,9
IDN.14.5_1,KalimantanTengah,Kapuas,Kabupaten,2022-07,2022,7,6
IDN.14.5_1,KalimantanTengah,Kapuas,Kabupaten,2022-08,2022,8,12
IDN.14.5_1,KalimantanTengah,Kapuas,Kabupaten,2022-09,2022,9,11
IDN.14.5_1,KalimantanTengah,Kapuas,Kabupaten,2022-10,2022,10,13
IDN.14.5_1,KalimantanTengah,Kapuas,Kabupaten,2022-11,2022,11,3
IDN.14.5_1,KalimantanTengah,Kapuas,Kabupaten,2022-12,2022,12,10
IDN.14.5_1,KalimantanTengah,Kapuas,Kabupaten,2023-01,2023,1,17
IDN.14.5_1,KalimantanTengah,Kapuas,Kabupaten,2023-02,2023,2,0
IDN.14.5_1,KalimantanTengah,Kapuas,Kabupaten,2023-03,2023,3,1
IDN.14.5_1,KalimantanTengah,Kapuas,Kabupaten,2023-04,2023,4,7
IDN.14.5_1,KalimantanTengah,Kapuas,Kabupaten,2023-05,2023,5,9
IDN.14.5_1,KalimantanTengah,Kapuas,Kabupaten,2023-06,2023,6,20
IDN.14.5_1,KalimantanTengah,Kapuas,Kabupaten,2023-07,2023,7,27
IDN.14.5_1,KalimantanTengah,Kapuas,Kabupaten,2023-08,2023,8,490
IDN.14.5_1,KalimantanTengah,Kapuas,Kabupaten,2023-09,2023,9,1561
IDN.14.5_1,KalimantanTengah,Kapuas,Kabupaten,2023-10,2023,10,1153
IDN.14.5_1,KalimantanTengah,Kapuas,Kabupaten,2023-11,2023,11,34
IDN.14.5_1,KalimantanTengah,Kapuas,Kabupaten,2023-12,2023,12,5
IDN.14.5_1,KalimantanTengah,Kapuas,Kabupaten,2024-01,2024,1,0
IDN.14.5_1,KalimantanTengah,Kapuas,Kabupaten,2024-02,2024,2,52
IDN.14.5_1,KalimantanTengah,Kapuas,Kabupaten,2024-03,2024,3,8
IDN.14.5_1,KalimantanTengah,Kapuas,Kabupaten,2024-04,2024,4,6
IDN.14.5_1,KalimantanTengah,Kapuas,Kabupaten,2024-05,2024,5,4
IDN.14.5_1,KalimantanTengah,Kapuas,Kabupaten,2024-06,2024,6,6
IDN.14.5_1,KalimantanTengah,Kapuas,Kabupaten,2024-07,2024,7,12
IDN.14.5_1,KalimantanTengah,Kapuas,Kabupaten,2024-08,2024,8,21
IDN.14.5_1,KalimantanTengah,Kapuas,Kabupaten,2024-09,2024,9,146
IDN.14.5_1,KalimantanTengah,Kapuas,Kabupaten,2024-10,2024,10,84
IDN.14.5_1,KalimantanTengah,Kapuas,Kabupaten,2024-11,2024,11,6
IDN.14.5_1,KalimantanTengah,Kapuas,Kabupaten,2024-12,2024,12,2
IDN.14.5_1,KalimantanTengah,Kapuas,Kabupaten,2025-01,2025,1,2
IDN.14.5_1,KalimantanTengah,Kapuas,Kabupaten,2025-02,2025,2,7
IDN.14.5_1,KalimantanTengah,Kapuas,Kabupaten,2025-03,2025,3,6
IDN.14.5_1,KalimantanTengah,Kapuas,Kabupaten,2025-04,2025,4,7
IDN.14.5_1,KalimantanTengah,Kapuas,Kabupaten,2025-05,2025,5,14
IDN.14.5_1,KalimantanTengah,Kapuas,Kabupaten,2025-06,2025,6,10
IDN.14.5_1,KalimantanTengah,Kapuas,Kabupaten,2025-07,2025,7,34
IDN.14.5_1,KalimantanTengah,Kapuas,Kabupaten,2025-08,2025,8,37
IDN.14.5_1,KalimantanTengah,Kapuas,Kabupaten,2025-09,2025,9,52
IDN.14.5_1,KalimantanTengah,Kapuas,Kabupaten,2025-10,2025,10,98
IDN.14.5_1,KalimantanTengah,Kapuas,Kabupaten,2025-11,2025,11,13
IDN.14.5_1,KalimantanTengah,Kapuas,Kabupaten,2025-12,2025,12,1
IDN.14.6_1,KalimantanTengah,Katingan,Kabupaten,2012-01,2012,1,2
IDN.14.6_1,KalimantanTengah,Katingan,Kabupaten,2012-02,2012,2,7
IDN.14.6_1,KalimantanTengah,Katingan,Kabupaten,2012-03,2012,3,20
IDN.14.6_1,KalimantanTengah,Katingan,Kabupaten,2012-04,2012,4,14
IDN.14.6_1,KalimantanTengah,Katingan,Kabupaten,2012-05,2012,5,30
IDN.14.6_1,KalimantanTengah,Katingan,Kabupaten,2012-06,2012,6,84
IDN.14.6_1,KalimantanTengah,Katingan,Kabupaten,2012-07,2012,7,43
IDN.14.6_1,KalimantanTengah,Katingan,Kabupaten,2012-08,2012,8,187
IDN.14.6_1,KalimantanTengah,Katingan,Kabupaten,2012-09,2012,9,1255
IDN.14.6_1,KalimantanTengah,Katingan,Kabupaten,2012-10,2012,10,536
IDN.14.6_1,KalimantanTengah,Katingan,Kabupaten,2012-11,2012,11,21
IDN.14.6_1,KalimantanTengah,Katingan,Kabupaten,2012-12,2012,12,8
IDN.14.6_1,KalimantanTengah,Katingan,Kabupaten,2013-01,2013,1,42
IDN.14.6_1,KalimantanTengah,Katingan,Kabupaten,2013-02,2013,2,16
IDN.14.6_1,KalimantanTengah,Katingan,Kabupaten,2013-03,2013,3,31
IDN.14.6_1,KalimantanTengah,Katingan,Kabupaten,2013-04,2013,4,8
IDN.14.6_1,KalimantanTengah,Katingan,Kabupaten,2013-05,2013,5,3
IDN.14.6_1,KalimantanTengah,Katingan,Kabupaten,2013-06,2013,6,44
IDN.14.6_1,KalimantanTengah,Katingan,Kabupaten,2013-07,2013,7,25
IDN.14.6_1,KalimantanTengah,Katingan,Kabupaten,2013-08,2013,8,110
IDN.14.6_1,KalimantanTengah,Katingan,Kabupaten,2013-09,2013,9,639
IDN.14.6_1,KalimantanTengah,Katingan,Kabupaten,2013-10,2013,10,753
IDN.14.6_1,KalimantanTengah,Katingan,Kabupaten,2013-11,2013,11,7
IDN.14.6_1,KalimantanTengah,Katingan,Kabupaten,2013-12,2013,12,7
IDN.14.6_1,KalimantanTengah,Katingan,Kabupaten,2014-01,2014,1,104
IDN.14.6_1,KalimantanTengah,Katingan,Kabupaten,2014-02,2014,2,158
IDN.14.6_1,KalimantanTengah,Katingan,Kabupaten,2014-03,2014,3,4
IDN.14.6_1,KalimantanTengah,Katingan,Kabupaten,2014-04,2014,4,10
IDN.14.6_1,KalimantanTengah,Katingan,Kabupaten,2014-05,2014,5,11
IDN.14.6_1,KalimantanTengah,Katingan,Kabupaten,2014-06,2014,6,10
IDN.14.6_1,KalimantanTengah,Katingan,Kabupaten,2014-07,2014,7,99
IDN.14.6_1,KalimantanTengah,Katingan,Kabupaten,2014-08,2014,8,335
IDN.14.6_1,KalimantanTengah,Katingan,Kabupaten,2014-09,2014,9,4867
IDN.14.6_1,KalimantanTengah,Katingan,Kabupaten,2014-10,2014,10,3978
IDN.14.6_1,KalimantanTengah,Katingan,Kabupaten,2014-11,2014,11,1305
IDN.14.6_1,KalimantanTengah,Katingan,Kabupaten,2014-12,2014,12,13
IDN.14.6_1,KalimantanTengah,Katingan,Kabupaten,2015-01,2015,1,7
IDN.14.6_1,KalimantanTengah,Katingan,Kabupaten,2015-02,2015,2,3
IDN.14.6_1,KalimantanTengah,Katingan,Kabupaten,2015-03,2015,3,3
IDN.14.6_1,KalimantanTengah,Katingan,Kabupaten,2015-04,2015,4,5
IDN.14.6_1,KalimantanTengah,Katingan,Kabupaten,2015-05,2015,5,14
IDN.14.6_1,KalimantanTengah,Katingan,Kabupaten,2015-06,2015,6,34
IDN.14.6_1,KalimantanTengah,Katingan,Kabupaten,2015-07,2015,7,289
IDN.14.6_1,KalimantanTengah,Katingan,Kabupaten,2015-08,2015,8,1272
IDN.14.6_1,KalimantanTengah,Katingan,Kabupaten,2015-09,2015,9,5248
IDN.14.6_1,KalimantanTengah,Katingan,Kabupaten,2015-10,2015,10,9489
IDN.14.6_1,KalimantanTengah,Katingan,Kabupaten,2015-11,2015,11,186
IDN.14.6_1,KalimantanTengah,Katingan,Kabupaten,2015-12,2015,12,18
IDN.14.6_1,KalimantanTengah,Katingan,Kabupaten,2016-01,2016,1,4
IDN.14.6_1,KalimantanTengah,Katingan,Kabupaten,2016-02,2016,2,0
IDN.14.6_1,KalimantanTengah,Katingan,Kabupaten,2016-03,2016,3,14
IDN.14.6_1,KalimantanTengah,Katingan,Kabupaten,2016-04,2016,4,4
IDN.14.6_1,KalimantanTengah,Katingan,Kabupaten,2016-05,2016,5,10
IDN.14.6_1,KalimantanTengah,Katingan,Kabupaten,2016-06,2016,6,9
IDN.14.6_1,KalimantanTengah,Katingan,Kabupaten,2016-07,2016,7,18
IDN.14.6_1,KalimantanTengah,Katingan,Kabupaten,2016-08,2016,8,62
IDN.14.6_1,KalimantanTengah,Katingan,Kabupaten,2016-09,2016,9,283
IDN.14.6_1,KalimantanTengah,Katingan,Kabupaten,2016-10,2016,10,292
IDN.14.6_1,KalimantanTengah,Katingan,Kabupaten,2016-11,2016,11,9
IDN.14.6_1,KalimantanTengah,Katingan,Kabupaten,2016-12,2016,12,5
IDN.14.6_1,KalimantanTengah,Katingan,Kabupaten,2017-01,2017,1,7
IDN.14.6_1,KalimantanTengah,Katingan,Kabupaten,2017-02,2017,2,11
IDN.14.6_1,KalimantanTengah,Katingan,Kabupaten,2017-03,2017,3,4
IDN.14.6_1,KalimantanTengah,Katingan,Kabupaten,2017-04,2017,4,3
IDN.14.6_1,KalimantanTengah,Katingan,Kabupaten,2017-05,2017,5,4
IDN.14.6_1,KalimantanTengah,Katingan,Kabupaten,2017-06,2017,6,4
IDN.14.6_1,KalimantanTengah,Katingan,Kabupaten,2017-07,2017,7,16
IDN.14.6_1,KalimantanTengah,Katingan,Kabupaten,2017-08,2017,8,7
IDN.14.6_1,KalimantanTengah,Katingan,Kabupaten,2017-09,2017,9,155
IDN.14.6_1,KalimantanTengah,Katingan,Kabupaten,2017-10,2017,10,139
IDN.14.6_1,KalimantanTengah,Katingan,Kabupaten,2017-11,2017,11,7
IDN.14.6_1,KalimantanTengah,Katingan,Kabupaten,2017-12,2017,12,8
IDN.14.6_1,KalimantanTengah,Katingan,Kabupaten,2018-01,2018,1,11
IDN.14.6_1,KalimantanTengah,Katingan,Kabupaten,2018-02,2018,2,5
IDN.14.6_1,KalimantanTengah,Katingan,Kabupaten,2018-03,2018,3,5
IDN.14.6_1,KalimantanTengah,Katingan,Kabupaten,2018-04,2018,4,2
IDN.14.6_1,KalimantanTengah,Katingan,Kabupaten,2018-05,2018,5,9
IDN.14.6_1,KalimantanTengah,Katingan,Kabupaten,2018-06,2018,6,21
IDN.14.6_1,KalimantanTengah,Katingan,Kabupaten,2018-07,2018,7,39
IDN.14.6_1,KalimantanTengah,Katingan,Kabupaten,2018-08,2018,8,354
IDN.14.6_1,KalimantanTengah,Katingan,Kabupaten,2018-09,2018,9,715
IDN.14.6_1,KalimantanTengah,Katingan,Kabupaten,2018-10,2018,10,100
IDN.14.6_1,KalimantanTengah,Katingan,Kabupaten,2018-11,2018,11,3
IDN.14.6_1,KalimantanTengah,Katingan,Kabupaten,2018-12,2018,12,2
IDN.14.6_1,KalimantanTengah,Katingan,Kabupaten,2019-01,2019,1,3
IDN.14.6_1,KalimantanTengah,Katingan,Kabupaten,2019-02,2019,2,5
IDN.14.6_1,KalimantanTengah,Katingan,Kabupaten,2019-03,2019,3,11
IDN.14.6_1,KalimantanTengah,Katingan,Kabupaten,2019-04,2019,4,2
IDN.14.6_1,KalimantanTengah,Katingan,Kabupaten,2019-05,2019,5,10
IDN.14.6_1,KalimantanTengah,Katingan,Kabupaten,2019-06,2019,6,12
IDN.14.6_1,KalimantanTengah,Katingan,Kabupaten,2019-07,2019,7,42
IDN.14.6_1,KalimantanTengah,Katingan,Kabupaten,2019-08,2019,8,260
IDN.14.6_1,KalimantanTengah,Katingan,Kabupaten,2019-09,2019,9,5441
IDN.14.6_1,KalimantanTengah,Katingan,Kabupaten,2019-10,2019,10,333
IDN.14.6_1,KalimantanTengah,Katingan,Kabupaten,2019-11,2019,11,43
IDN.14.6_1,KalimantanTengah,Katingan,Kabupaten,2019-12,2019,12,9
IDN.14.6_1,KalimantanTengah,Katingan,Kabupaten,2020-01,2020,1,3
IDN.14.6_1,KalimantanTengah,Katingan,Kabupaten,2020-02,2020,2,4
IDN.14.6_1,KalimantanTengah,Katingan,Kabupaten,2020-03,2020,3,4
IDN.14.6_1,KalimantanTengah,Katingan,Kabupaten,2020-04,2020,4,8
IDN.14.6_1,KalimantanTengah,Katingan,Kabupaten,2020-05,2020,5,5
IDN.14.6_1,KalimantanTengah,Katingan,Kabupaten,2020-06,2020,6,8
IDN.14.6_1,KalimantanTengah,Katingan,Kabupaten,2020-07,2020,7,2
IDN.14.6_1,KalimantanTengah,Katingan,Kabupaten,2020-08,2020,8,16
IDN.14.6_1,KalimantanTengah,Katingan,Kabupaten,2020-09,2020,9,57
IDN.14.6_1,KalimantanTengah,Katingan,Kabupaten,2020-10,2020,10,202
IDN.14.6_1,KalimantanTengah,Katingan,Kabupaten,2020-11,2020,11,44
IDN.14.6_1,KalimantanTengah,Katingan,Kabupaten,2020-12,2020,12,20
IDN.14.6_1,KalimantanTengah,Katingan,Kabupaten,2021-01,2021,1,0
IDN.14.6_1,KalimantanTengah,Katingan,Kabupaten,2021-02,2021,2,6
IDN.14.6_1,KalimantanTengah,Katingan,Kabupaten,2021-03,2021,3,5
IDN.14.6_1,KalimantanTengah,Katingan,Kabupaten,2021-04,2021,4,8
IDN.14.6_1,KalimantanTengah,Katingan,Kabupaten,2021-05,2021,5,2
IDN.14.6_1,KalimantanTengah,Katingan,Kabupaten,2021-06,2021,6,14
IDN.14.6_1,KalimantanTengah,Katingan,Kabupaten,2021-07,2021,7,9
IDN.14.6_1,KalimantanTengah,Katingan,Kabupaten,2021-08,2021,8,9
IDN.14.6_1,KalimantanTengah,Katingan,Kabupaten,2021-09,2021,9,8
IDN.14.6_1,KalimantanTengah,Katingan,Kabupaten,2021-10,2021,10,101
IDN.14.6_1,KalimantanTengah,Katingan,Kabupaten,2021-11,2021,11,38
IDN.14.6_1,KalimantanTengah,Katingan,Kabupaten,2021-12,2021,12,4
IDN.14.6_1,KalimantanTengah,Katingan,Kabupaten,2022-01,2022,1,4
IDN.14.6_1,KalimantanTengah,Katingan,Kabupaten,2022-02,2022,2,5
IDN.14.6_1,KalimantanTengah,Katingan,Kabupaten,2022-03,2022,3,15
IDN.14.6_1,KalimantanTengah,Katingan,Kabupaten,2022-04,2022,4,13
IDN.14.6_1,KalimantanTengah,Katingan,Kabupaten,2022-05,2022,5,12
IDN.14.6_1,KalimantanTengah,Katingan,Kabupaten,2022-06,2022,6,13
IDN.14.6_1,KalimantanTengah,Katingan,Kabupaten,2022-07,2022,7,9
IDN.14.6_1,KalimantanTengah,Katingan,Kabupaten,2022-08,2022,8,12
IDN.14.6_1,KalimantanTengah,Katingan,Kabupaten,2022-09,2022,9,26
IDN.14.6_1,KalimantanTengah,Katingan,Kabupaten,2022-10,2022,10,50
IDN.14.6_1,KalimantanTengah,Katingan,Kabupaten,2022-11,2022,11,25
IDN.14.6_1,KalimantanTengah,Katingan,Kabupaten,2022-12,2022,12,16
IDN.14.6_1,KalimantanTengah,Katingan,Kabupaten,2023-01,2023,1,32
IDN.14.6_1,KalimantanTengah,Katingan,Kabupaten,2023-02,2023,2,2
IDN.14.6_1,KalimantanTengah,Katingan,Kabupaten,2023-03,2023,3,2
IDN.14.6_1,KalimantanTengah,Katingan,Kabupaten,2023-04,2023,4,14
IDN.14.6_1,KalimantanTengah,Katingan,Kabupaten,2023-05,2023,5,35
IDN.14.6_1,KalimantanTengah,Katingan,Kabupaten,2023-06,2023,6,30
IDN.14.6_1,KalimantanTengah,Katingan,Kabupaten,2023-07,2023,7,33
IDN.14.6_1,KalimantanTengah,Katingan,Kabupaten,2023-08,2023,8,364
IDN.14.6_1,KalimantanTengah,Katingan,Kabupaten,2023-09,2023,9,956
IDN.14.6_1,KalimantanTengah,Katingan,Kabupaten,2023-10,2023,10,769
IDN.14.6_1,KalimantanTengah,Katingan,Kabupaten,2023-11,2023,11,48
IDN.14.6_1,KalimantanTengah,Katingan,Kabupaten,2023-12,2023,12,13
IDN.14.6_1,KalimantanTengah,Katingan,Kabupaten,2024-01,2024,1,10
IDN.14.6_1,KalimantanTengah,Katingan,Kabupaten,2024-02,2024,2,17
IDN.14.6_1,KalimantanTengah,Katingan,Kabupaten,2024-03,2024,3,15
IDN.14.6_1,KalimantanTengah,Katingan,Kabupaten,2024-04,2024,4,5
IDN.14.6_1,KalimantanTengah,Katingan,Kabupaten,2024-05,2024,5,3
IDN.14.6_1,KalimantanTengah,Katingan,Kabupaten,2024-06,2024,6,9
IDN.14.6_1,KalimantanTengah,Katingan,Kabupaten,2024-07,2024,7,13
IDN.14.6_1,KalimantanTengah,Katingan,Kabupaten,2024-08,2024,8,16
IDN.14.6_1,KalimantanTengah,Katingan,Kabupaten,2024-09,2024,9,455
IDN.14.6_1,KalimantanTengah,Katingan,Kabupaten,2024-10,2024,10,159
IDN.14.6_1,KalimantanTengah,Katingan,Kabupaten,2024-11,2024,11,9
IDN.14.6_1,KalimantanTengah,Katingan,Kabupaten,2024-12,2024,12,2
IDN.14.6_1,KalimantanTengah,Katingan,Kabupaten,2025-01,2025,1,6
IDN.14.6_1,KalimantanTengah,Katingan,Kabupaten,2025-02,2025,2,6
IDN.14.6_1,KalimantanTengah,Katingan,Kabupaten,2025-03,2025,3,5
IDN.14.6_1,KalimantanTengah,Katingan,Kabupaten,2025-04,2025,4,5
IDN.14.6_1,KalimantanTengah,Katingan,Kabupaten,2025-05,2025,5,25
IDN.14.6_1,KalimantanTengah,Katingan,Kabupaten,2025-06,2025,6,14
IDN.14.6_1,KalimantanTengah,Katingan,Kabupaten,2025-07,2025,7,51
IDN.14.6_1,KalimantanTengah,Katingan,Kabupaten,2025-08,2025,8,21
IDN.14.6_1,KalimantanTengah,Katingan,Kabupaten,2025-09,2025,9,341
IDN.14.6_1,KalimantanTengah,Katingan,Kabupaten,2025-10,2025,10,184
IDN.14.6_1,KalimantanTengah,Katingan,Kabupaten,2025-11,2025,11,16
IDN.14.6_1,KalimantanTengah,Katingan,Kabupaten,2025-12,2025,12,1
IDN.14.7_1,KalimantanTengah,KotawaringinBarat,Kabupaten,2012-01,2012,1,1
IDN.14.7_1,KalimantanTengah,KotawaringinBarat,Kabupaten,2012-02,2012,2,10
IDN.14.7_1,KalimantanTengah,KotawaringinBarat,Kabupaten,2012-03,2012,3,9
IDN.14.7_1,KalimantanTengah,KotawaringinBarat,Kabupaten,2012-04,2012,4,26
IDN.14.7_1,KalimantanTengah,KotawaringinBarat,Kabupaten,2012-05,2012,5,40
IDN.14.7_1,KalimantanTengah,KotawaringinBarat,Kabupaten,2012-06,2012,6,62
IDN.14.7_1,KalimantanTengah,KotawaringinBarat,Kabupaten,2012-07,2012,7,39
IDN.14.7_1,KalimantanTengah,KotawaringinBarat,Kabupaten,2012-08,2012,8,351
IDN.14.7_1,KalimantanTengah,KotawaringinBarat,Kabupaten,2012-09,2012,9,1115
IDN.14.7_1,KalimantanTengah,KotawaringinBarat,Kabupaten,2012-10,2012,10,1070
IDN.14.7_1,KalimantanTengah,KotawaringinBarat,Kabupaten,2012-11,2012,11,7
IDN.14.7_1,KalimantanTengah,KotawaringinBarat,Kabupaten,2012-12,2012,12,13
IDN.14.7_1,KalimantanTengah,KotawaringinBarat,Kabupaten,2013-01,2013,1,20
IDN.14.7_1,KalimantanTengah,KotawaringinBarat,Kabupaten,2013-02,2013,2,15
IDN.14.7_1,KalimantanTengah,KotawaringinBarat,Kabupaten,2013-03,2013,3,3
IDN.14.7_1,KalimantanTengah,KotawaringinBarat,Kabupaten,2013-04,2013,4,10
IDN.14.7_1,KalimantanTengah,KotawaringinBarat,Kabupaten,2013-05,2013,5,22
IDN.14.7_1,KalimantanTengah,KotawaringinBarat,Kabupaten,2013-06,2013,6,47
IDN.14.7_1,KalimantanTengah,KotawaringinBarat,Kabupaten,2013-07,2013,7,18
IDN.14.7_1,KalimantanTengah,KotawaringinBarat,Kabupaten,2013-08,2013,8,64
IDN.14.7_1,KalimantanTengah,KotawaringinBarat,Kabupaten,2013-09,2013,9,281
IDN.14.7_1,KalimantanTengah,KotawaringinBarat,Kabupaten,2013-10,2013,10,471
IDN.14.7_1,KalimantanTengah,KotawaringinBarat,Kabupaten,2013-11,2013,11,14
IDN.14.7_1,KalimantanTengah,KotawaringinBarat,Kabupaten,2013-12,2013,12,0
IDN.14.7_1,KalimantanTengah,KotawaringinBarat,Kabupaten,2014-01,2014,1,50
IDN.14.7_1,KalimantanTengah,KotawaringinBarat,Kabupaten,2014-02,2014,2,75
IDN.14.7_1,KalimantanTengah,KotawaringinBarat,Kabupaten,2014-03,2014,3,5
IDN.14.7_1,KalimantanTengah,KotawaringinBarat,Kabupaten,2014-04,2014,4,13
IDN.14.7_1,KalimantanTengah,KotawaringinBarat,Kabupaten,2014-05,2014,5,15
IDN.14.7_1,KalimantanTengah,KotawaringinBarat,Kabupaten,2014-06,2014,6,23
IDN.14.7_1,KalimantanTengah,KotawaringinBarat,Kabupaten,2014-07,2014,7,42
IDN.14.7_1,KalimantanTengah,KotawaringinBarat,Kabupaten,2014-08,2014,8,157
IDN.14.7_1,KalimantanTengah,KotawaringinBarat,Kabupaten,2014-09,2014,9,882
IDN.14.7_1,KalimantanTengah,KotawaringinBarat,Kabupaten,2014-10,2014,10,1658
IDN.14.7_1,KalimantanTengah,KotawaringinBarat,Kabupaten,2014-11,2014,11,989
IDN.14.7_1,KalimantanTengah,KotawaringinBarat,Kabupaten,2014-12,2014,12,9
IDN.14.7_1,KalimantanTengah,KotawaringinBarat,Kabupaten,2015-01,2015,1,14
IDN.14.7_1,KalimantanTengah,KotawaringinBarat,Kabupaten,2015-02,2015,2,20
IDN.14.7_1,KalimantanTengah,KotawaringinBarat,Kabupaten,2015-03,2015,3,16
IDN.14.7_1,KalimantanTengah,KotawaringinBarat,Kabupaten,2015-04,2015,4,5
IDN.14.7_1,KalimantanTengah,KotawaringinBarat,Kabupaten,2015-05,2015,5,34
IDN.14.7_1,KalimantanTengah,KotawaringinBarat,Kabupaten,2015-06,2015,6,57
IDN.14.7_1,KalimantanTengah,KotawaringinBarat,Kabupaten,2015-07,2015,7,249
IDN.14.7_1,KalimantanTengah,KotawaringinBarat,Kabupaten,2015-08,2015,8,2078
IDN.14.7_1,KalimantanTengah,KotawaringinBarat,Kabupaten,2015-09,2015,9,6053
IDN.14.7_1,KalimantanTengah,KotawaringinBarat,Kabupaten,2015-10,2015,10,4869
IDN.14.7_1,KalimantanTengah,KotawaringinBarat,Kabupaten,2015-11,2015,11,420
IDN.14.7_1,KalimantanTengah,KotawaringinBarat,Kabupaten,2015-12,2015,12,13
IDN.14.7_1,KalimantanTengah,KotawaringinBarat,Kabupaten,2016-01,2016,1,3
IDN.14.7_1,KalimantanTengah,KotawaringinBarat,Kabupaten,2016-02,2016,2,2
IDN.14.7_1,KalimantanTengah,KotawaringinBarat,Kabupaten,2016-03,2016,3,2
IDN.14.7_1,KalimantanTengah,KotawaringinBarat,Kabupaten,2016-04,2016,4,1
IDN.14.7_1,KalimantanTengah,KotawaringinBarat,Kabupaten,2016-05,2016,5,2
IDN.14.7_1,KalimantanTengah,KotawaringinBarat,Kabupaten,2016-06,2016,6,12
IDN.14.7_1,KalimantanTengah,KotawaringinBarat,Kabupaten,2016-07,2016,7,12
IDN.14.7_1,KalimantanTengah,KotawaringinBarat,Kabupaten,2016-08,2016,8,80
IDN.14.7_1,KalimantanTengah,KotawaringinBarat,Kabupaten,2016-09,2016,9,27
IDN.14.7_1,KalimantanTengah,KotawaringinBarat,Kabupaten,2016-10,2016,10,41
IDN.14.7_1,KalimantanTengah,KotawaringinBarat,Kabupaten,2016-11,2016,11,1
IDN.14.7_1,KalimantanTengah,KotawaringinBarat,Kabupaten,2016-12,2016,12,1
IDN.14.7_1,KalimantanTengah,KotawaringinBarat,Kabupaten,2017-01,2017,1,1
IDN.14.7_1,KalimantanTengah,KotawaringinBarat,Kabupaten,2017-02,2017,2,2
IDN.14.7_1,KalimantanTengah,KotawaringinBarat,Kabupaten,2017-03,2017,3,5
IDN.14.7_1,KalimantanTengah,KotawaringinBarat,Kabupaten,2017-04,2017,4,0
IDN.14.7_1,KalimantanTengah,KotawaringinBarat,Kabupaten,2017-05,2017,5,1
IDN.14.7_1,KalimantanTengah,KotawaringinBarat,Kabupaten,2017-06,2017,6,2
IDN.14.7_1,KalimantanTengah,KotawaringinBarat,Kabupaten,2017-07,2017,7,15
IDN.14.7_1,KalimantanTengah,KotawaringinBarat,Kabupaten,2017-08,2017,8,5
IDN.14.7_1,KalimantanTengah,KotawaringinBarat,Kabupaten,2017-09,2017,9,33
IDN.14.7_1,KalimantanTengah,KotawaringinBarat,Kabupaten,2017-10,2017,10,13
IDN.14.7_1,KalimantanTengah,KotawaringinBarat,Kabupaten,2017-11,2017,11,0
IDN.14.7_1,KalimantanTengah,KotawaringinBarat,Kabupaten,2017-12,2017,12,2
IDN.14.7_1,KalimantanTengah,KotawaringinBarat,Kabupaten,2018-01,2018,1,4
IDN.14.7_1,KalimantanTengah,KotawaringinBarat,Kabupaten,2018-02,2018,2,116
IDN.14.7_1,KalimantanTengah,KotawaringinBarat,Kabupaten,2018-03,2018,3,2
IDN.14.7_1,KalimantanTengah,KotawaringinBarat,Kabupaten,2018-04,2018,4,0
IDN.14.7_1,KalimantanTengah,KotawaringinBarat,Kabupaten,2018-05,2018,5,9
IDN.14.7_1,KalimantanTengah,KotawaringinBarat,Kabupaten,2018-06,2018,6,6
IDN.14.7_1,KalimantanTengah,KotawaringinBarat,Kabupaten,2018-07,2018,7,12
IDN.14.7_1,KalimantanTengah,KotawaringinBarat,Kabupaten,2018-08,2018,8,381
IDN.14.7_1,KalimantanTengah,KotawaringinBarat,Kabupaten,2018-09,2018,9,80
IDN.14.7_1,KalimantanTengah,KotawaringinBarat,Kabupaten,2018-10,2018,10,60
IDN.14.7_1,KalimantanTengah,KotawaringinBarat,Kabupaten,2018-11,2018,11,1
IDN.14.7_1,KalimantanTengah,KotawaringinBarat,Kabupaten,2018-12,2018,12,1
IDN.14.7_1,KalimantanTengah,KotawaringinBarat,Kabupaten,2019-01,2019,1,2
IDN.14.7_1,KalimantanTengah,KotawaringinBarat,Kabupaten,2019-02,2019,2,1
IDN.14.7_1,KalimantanTengah,KotawaringinBarat,Kabupaten,2019-03,2019,3,4
IDN.14.7_1,KalimantanTengah,KotawaringinBarat,Kabupaten,2019-04,2019,4,0
IDN.14.7_1,KalimantanTengah,KotawaringinBarat,Kabupaten,2019-05,2019,5,0
IDN.14.7_1,KalimantanTengah,KotawaringinBarat,Kabupaten,2019-06,2019,6,5
IDN.14.7_1,KalimantanTengah,KotawaringinBarat,Kabupaten,2019-07,2019,7,20
IDN.14.7_1,KalimantanTengah,KotawaringinBarat,Kabupaten,2019-08,2019,8,818
IDN.14.7_1,KalimantanTengah,KotawaringinBarat,Kabupaten,2019-09,2019,9,2863
IDN.14.7_1,KalimantanTengah,KotawaringinBarat,Kabupaten,2019-10,2019,10,196
IDN.14.7_1,KalimantanTengah,KotawaringinBarat,Kabupaten,2019-11,2019,11,495
IDN.14.7_1,KalimantanTengah,KotawaringinBarat,Kabupaten,2019-12,2019,12,7
IDN.14.7_1,KalimantanTengah,KotawaringinBarat,Kabupaten,2020-01,2020,1,1
IDN.14.7_1,KalimantanTengah,KotawaringinBarat,Kabupaten,2020-02,2020,2,3
IDN.14.7_1,KalimantanTengah,KotawaringinBarat,Kabupaten,2020-03,2020,3,4
IDN.14.7_1,KalimantanTengah,KotawaringinBarat,Kabupaten,2020-04,2020,4,0
IDN.14.7_1,KalimantanTengah,KotawaringinBarat,Kabupaten,2020-05,2020,5,3
IDN.14.7_1,KalimantanTengah,KotawaringinBarat,Kabupaten,2020-06,2020,6,5
IDN.14.7_1,KalimantanTengah,KotawaringinBarat,Kabupaten,2020-07,2020,7,3
IDN.14.7_1,KalimantanTengah,KotawaringinBarat,Kabupaten,2020-08,2020,8,6
IDN.14.7_1,KalimantanTengah,KotawaringinBarat,Kabupaten,2020-09,2020,9,5
IDN.14.7_1,KalimantanTengah,KotawaringinBarat,Kabupaten,2020-10,2020,10,14
IDN.14.7_1,KalimantanTengah,KotawaringinBarat,Kabupaten,2020-11,2020,11,2
IDN.14.7_1,KalimantanTengah,KotawaringinBarat,Kabupaten,2020-12,2020,12,0
IDN.14.7_1,KalimantanTengah,KotawaringinBarat,Kabupaten,2021-01,2021,1,0
IDN.14.7_1,KalimantanTengah,KotawaringinBarat,Kabupaten,2021-02,2021,2,62
IDN.14.7_1,KalimantanTengah,KotawaringinBarat,Kabupaten,2021-03,2021,3,5
IDN.14.7_1,KalimantanTengah,KotawaringinBarat,Kabupaten,2021-04,2021,4,10
IDN.14.7_1,KalimantanTengah,KotawaringinBarat,Kabupaten,2021-05,2021,5,4
IDN.14.7_1,KalimantanTengah,KotawaringinBarat,Kabupaten,2021-06,2021,6,1
IDN.14.7_1,KalimantanTengah,KotawaringinBarat,Kabupaten,2021-07,2021,7,1
IDN.14.7_1,KalimantanTengah,KotawaringinBarat,Kabupaten,2021-08,2021,8,0
IDN.14.7_1,KalimantanTengah,KotawaringinBarat,Kabupaten,2021-09,2021,9,3
IDN.14.7_1,KalimantanTengah,KotawaringinBarat,Kabupaten,2021-10,2021,10,25
IDN.14.7_1,KalimantanTengah,KotawaringinBarat,Kabupaten,2021-11,2021,11,2
IDN.14.7_1,KalimantanTengah,KotawaringinBarat,Kabupaten,2021-12,2021,12,1
IDN.14.7_1,KalimantanTengah,KotawaringinBarat,Kabupaten,2022-01,2022,1,5
IDN.14.7_1,KalimantanTengah,KotawaringinBarat,Kabupaten,2022-02,2022,2,3
IDN.14.7_1,KalimantanTengah,KotawaringinBarat,Kabupaten,2022-03,2022,3,1
IDN.14.7_1,KalimantanTengah,KotawaringinBarat,Kabupaten,2022-04,2022,4,7
IDN.14.7_1,KalimantanTengah,KotawaringinBarat,Kabupaten,2022-05,2022,5,3
IDN.14.7_1,KalimantanTengah,KotawaringinBarat,Kabupaten,2022-06,2022,6,1
IDN.14.7_1,KalimantanTengah,KotawaringinBarat,Kabupaten,2022-07,2022,7,1
IDN.14.7_1,KalimantanTengah,KotawaringinBarat,Kabupaten,2022-08,2022,8,0
IDN.14.7_1,KalimantanTengah,KotawaringinBarat,Kabupaten,2022-09,2022,9,4
IDN.14.7_1,KalimantanTengah,KotawaringinBarat,Kabupaten,2022-10,2022,10,3
IDN.14.7_1,KalimantanTengah,KotawaringinBarat,Kabupaten,2022-11,2022,11,2
IDN.14.7_1,KalimantanTengah,KotawaringinBarat,Kabupaten,2022-12,2022,12,3
IDN.14.7_1,KalimantanTengah,KotawaringinBarat,Kabupaten,2023-01,2023,1,3
IDN.14.7_1,KalimantanTengah,KotawaringinBarat,Kabupaten,2023-02,2023,2,5
IDN.14.7_1,KalimantanTengah,KotawaringinBarat,Kabupaten,2023-03,2023,3,2
IDN.14.7_1,KalimantanTengah,KotawaringinBarat,Kabupaten,2023-04,2023,4,3
IDN.14.7_1,KalimantanTengah,KotawaringinBarat,Kabupaten,2023-05,2023,5,8
IDN.14.7_1,KalimantanTengah,KotawaringinBarat,Kabupaten,2023-06,2023,6,16
IDN.14.7_1,KalimantanTengah,KotawaringinBarat,Kabupaten,2023-07,2023,7,29
IDN.14.7_1,KalimantanTengah,KotawaringinBarat,Kabupaten,2023-08,2023,8,18
IDN.14.7_1,KalimantanTengah,KotawaringinBarat,Kabupaten,2023-09,2023,9,564
IDN.14.7_1,KalimantanTengah,KotawaringinBarat,Kabupaten,2023-10,2023,10,1047
IDN.14.7_1,KalimantanTengah,KotawaringinBarat,Kabupaten,2023-11,2023,11,18
IDN.14.7_1,KalimantanTengah,KotawaringinBarat,Kabupaten,2023-12,2023,12,0
IDN.14.7_1,KalimantanTengah,KotawaringinBarat,Kabupaten,2024-01,2024,1,3
IDN.14.7_1,KalimantanTengah,KotawaringinBarat,Kabupaten,2024-02,2024,2,1
IDN.14.7_1,KalimantanTengah,KotawaringinBarat,Kabupaten,2024-03,2024,3,3
IDN.14.7_1,KalimantanTengah,KotawaringinBarat,Kabupaten,2024-04,2024,4,2
IDN.14.7_1,KalimantanTengah,KotawaringinBarat,Kabupaten,2024-05,2024,5,0
IDN.14.7_1,KalimantanTengah,KotawaringinBarat,Kabupaten,2024-06,2024,6,0
IDN.14.7_1,KalimantanTengah,KotawaringinBarat,Kabupaten,2024-07,2024,7,0
IDN.14.7_1,KalimantanTengah,KotawaringinBarat,Kabupaten,2024-08,2024,8,2
IDN.14.7_1,KalimantanTengah,KotawaringinBarat,Kabupaten,2024-09,2024,9,19
IDN.14.7_1,KalimantanTengah,KotawaringinBarat,Kabupaten,2024-10,2024,10,8
IDN.14.7_1,KalimantanTengah,KotawaringinBarat,Kabupaten,2024-11,2024,11,2
IDN.14.7_1,KalimantanTengah,KotawaringinBarat,Kabupaten,2024-12,2024,12,0
IDN.14.7_1,KalimantanTengah,KotawaringinBarat,Kabupaten,2025-01,2025,1,2
IDN.14.7_1,KalimantanTengah,KotawaringinBarat,Kabupaten,2025-02,2025,2,2
IDN.14.7_1,KalimantanTengah,KotawaringinBarat,Kabupaten,2025-03,2025,3,1
IDN.14.7_1,KalimantanTengah,KotawaringinBarat,Kabupaten,2025-04,2025,4,0
IDN.14.7_1,KalimantanTengah,KotawaringinBarat,Kabupaten,2025-05,2025,5,7
IDN.14.7_1,KalimantanTengah,KotawaringinBarat,Kabupaten,2025-06,2025,6,6
IDN.14.7_1,KalimantanTengah,KotawaringinBarat,Kabupaten,2025-07,2025,7,13
IDN.14.7_1,KalimantanTengah,KotawaringinBarat,Kabupaten,2025-08,2025,8,3
IDN.14.7_1,KalimantanTengah,KotawaringinBarat,Kabupaten,2025-09,2025,9,29
IDN.14.7_1,KalimantanTengah,KotawaringinBarat,Kabupaten,2025-10,2025,10,6
IDN.14.7_1,KalimantanTengah,KotawaringinBarat,Kabupaten,2025-11,2025,11,0
IDN.14.7_1,KalimantanTengah,KotawaringinBarat,Kabupaten,2025-12,2025,12,1
IDN.14.8_1,KalimantanTengah,KotawaringinTimur,Kabupaten,2012-01,2012,1,15
IDN.14.8_1,KalimantanTengah,KotawaringinTimur,Kabupaten,2012-02,2012,2,7
IDN.14.8_1,KalimantanTengah,KotawaringinTimur,Kabupaten,2012-03,2012,3,31
IDN.14.8_1,KalimantanTengah,KotawaringinTimur,Kabupaten,2012-04,2012,4,35
IDN.14.8_1,KalimantanTengah,KotawaringinTimur,Kabupaten,2012-05,2012,5,82
IDN.14.8_1,KalimantanTengah,KotawaringinTimur,Kabupaten,2012-06,2012,6,135
IDN.14.8_1,KalimantanTengah,KotawaringinTimur,Kabupaten,2012-07,2012,7,67
IDN.14.8_1,KalimantanTengah,KotawaringinTimur,Kabupaten,2012-08,2012,8,562
IDN.14.8_1,KalimantanTengah,KotawaringinTimur,Kabupaten,2012-09,2012,9,2218
IDN.14.8_1,KalimantanTengah,KotawaringinTimur,Kabupaten,2012-10,2012,10,1518
IDN.14.8_1,KalimantanTengah,KotawaringinTimur,Kabupaten,2012-11,2012,11,29
IDN.14.8_1,KalimantanTengah,KotawaringinTimur,Kabupaten,2012-12,2012,12,5
IDN.14.8_1,KalimantanTengah,KotawaringinTimur,Kabupaten,2013-01,2013,1,27
IDN.14.8_1,KalimantanTengah,KotawaringinTimur,Kabupaten,2013-02,2013,2,30
IDN.14.8_1,KalimantanTengah,KotawaringinTimur,Kabupaten,2013-03,2013,3,21
IDN.14.8_1,KalimantanTengah,KotawaringinTimur,Kabupaten,2013-04,2013,4,12
IDN.14.8_1,KalimantanTengah,KotawaringinTimur,Kabupaten,2013-05,2013,5,22
IDN.14.8_1,KalimantanTengah,KotawaringinTimur,Kabupaten,2013-06,2013,6,92
IDN.14.8_1,KalimantanTengah,KotawaringinTimur,Kabupaten,2013-07,2013,7,18
IDN.14.8_1,KalimantanTengah,KotawaringinTimur,Kabupaten,2013-08,2013,8,87
IDN.14.8_1,KalimantanTengah,KotawaringinTimur,Kabupaten,2013-09,2013,9,593
IDN.14.8_1,KalimantanTengah,KotawaringinTimur,Kabupaten,2013-10,2013,10,1011
IDN.14.8_1,KalimantanTengah,KotawaringinTimur,Kabupaten,2013-11,2013,11,34
IDN.14.8_1,KalimantanTengah,KotawaringinTimur,Kabupaten,2013-12,2013,12,15
IDN.14.8_1,KalimantanTengah,KotawaringinTimur,Kabupaten,2014-01,2014,1,110
IDN.14.8_1,KalimantanTengah,KotawaringinTimur,Kabupaten,2014-02,2014,2,201
IDN.14.8_1,KalimantanTengah,KotawaringinTimur,Kabupaten,2014-03,2014,3,15
IDN.14.8_1,KalimantanTengah,KotawaringinTimur,Kabupaten,2014-04,2014,4,33
IDN.14.8_1,KalimantanTengah,KotawaringinTimur,Kabupaten,2014-05,2014,5,24
IDN.14.8_1,KalimantanTengah,KotawaringinTimur,Kabupaten,2014-06,2014,6,25
IDN.14.8_1,KalimantanTengah,KotawaringinTimur,Kabupaten,2014-07,2014,7,82
IDN.14.8_1,KalimantanTengah,KotawaringinTimur,Kabupaten,2014-08,2014,8,779
IDN.14.8_1,KalimantanTengah,KotawaringinTimur,Kabupaten,2014-09,2014,9,6815
IDN.14.8_1,KalimantanTengah,KotawaringinTimur,Kabupaten,2014-10,2014,10,6110
IDN.14.8_1,KalimantanTengah,KotawaringinTimur,Kabupaten,2014-11,2014,11,2408
IDN.14.8_1,KalimantanTengah,KotawaringinTimur,Kabupaten,2014-12,2014,12,8
IDN.14.8_1,KalimantanTengah,KotawaringinTimur,Kabupaten,2015-01,2015,1,25
IDN.14.8_1,KalimantanTengah,KotawaringinTimur,Kabupaten,2015-02,2015,2,16
IDN.14.8_1,KalimantanTengah,KotawaringinTimur,Kabupaten,2015-03,2015,3,12
IDN.14.8_1,KalimantanTengah,KotawaringinTimur,Kabupaten,2015-04,2015,4,7
IDN.14.8_1,KalimantanTengah,KotawaringinTimur,Kabupaten,2015-05,2015,5,28
IDN.14.8_1,KalimantanTengah,KotawaringinTimur,Kabupaten,2015-06,2015,6,34
IDN.14.8_1,KalimantanTengah,KotawaringinTimur,Kabupaten,2015-07,2015,7,280
IDN.14.8_1,KalimantanTengah,KotawaringinTimur,Kabupaten,2015-08,2015,8,4681
IDN.14.8_1,KalimantanTengah,KotawaringinTimur,Kabupaten,2015-09,2015,9,11170
IDN.14.8_1,KalimantanTengah,KotawaringinTimur,Kabupaten,2015-10,2015,10,9180
IDN.14.8_1,KalimantanTengah,KotawaringinTimur,Kabupaten,2015-11,2015,11,106
IDN.14.8_1,KalimantanTengah,KotawaringinTimur,Kabupaten,2015-12,2015,12,31
IDN.14.8_1,KalimantanTengah,KotawaringinTimur,Kabupaten,2016-01,2016,1,9
IDN.14.8_1,KalimantanTengah,KotawaringinTimur,Kabupaten,2016-02,2016,2,5
IDN.14.8_1,KalimantanTengah,KotawaringinTimur,Kabupaten,2016-03,2016,3,16
IDN.14.8_1,KalimantanTengah,KotawaringinTimur,Kabupaten,2016-04,2016,4,8
IDN.14.8_1,KalimantanTengah,KotawaringinTimur,Kabupaten,2016-05,2016,5,14
IDN.14.8_1,KalimantanTengah,KotawaringinTimur,Kabupaten,2016-06,2016,6,16
IDN.14.8_1,KalimantanTengah,KotawaringinTimur,Kabupaten,2016-07,2016,7,22
IDN.14.8_1,KalimantanTengah,KotawaringinTimur,Kabupaten,2016-08,2016,8,189
IDN.14.8_1,KalimantanTengah,KotawaringinTimur,Kabupaten,2016-09,2016,9,59
IDN.14.8_1,KalimantanTengah,KotawaringinTimur,Kabupaten,2016-10,2016,10,136
IDN.14.8_1,KalimantanTengah,KotawaringinTimur,Kabupaten,2016-11,2016,11,6
IDN.14.8_1,KalimantanTengah,KotawaringinTimur,Kabupaten,2016-12,2016,12,7
IDN.14.8_1,KalimantanTengah,KotawaringinTimur,Kabupaten,2017-01,2017,1,2
IDN.14.8_1,KalimantanTengah,KotawaringinTimur,Kabupaten,2017-02,2017,2,19
IDN.14.8_1,KalimantanTengah,KotawaringinTimur,Kabupaten,2017-03,2017,3,2
IDN.14.8_1,KalimantanTengah,KotawaringinTimur,Kabupaten,2017-04,2017,4,3
IDN.14.8_1,KalimantanTengah,KotawaringinTimur,Kabupaten,2017-05,2017,5,2
IDN.14.8_1,KalimantanTengah,KotawaringinTimur,Kabupaten,2017-06,2017,6,9
IDN.14.8_1,KalimantanTengah,KotawaringinTimur,Kabupaten,2017-07,2017,7,19
IDN.14.8_1,KalimantanTengah,KotawaringinTimur,Kabupaten,2017-08,2017,8,20
IDN.14.8_1,KalimantanTengah,KotawaringinTimur,Kabupaten,2017-09,2017,9,78
IDN.14.8_1,KalimantanTengah,KotawaringinTimur,Kabupaten,2017-10,2017,10,74
IDN.14.8_1,KalimantanTengah,KotawaringinTimur,Kabupaten,2017-11,2017,11,3
IDN.14.8_1,KalimantanTengah,KotawaringinTimur,Kabupaten,2017-12,2017,12,4
IDN.14.8_1,KalimantanTengah,KotawaringinTimur,Kabupaten,2018-01,2018,1,13
IDN.14.8_1,KalimantanTengah,KotawaringinTimur,Kabupaten,2018-02,2018,2,14
IDN.14.8_1,KalimantanTengah,KotawaringinTimur,Kabupaten,2018-03,2018,3,5
IDN.14.8_1,KalimantanTengah,KotawaringinTimur,Kabupaten,2018-04,2018,4,3
IDN.14.8_1,KalimantanTengah,KotawaringinTimur,Kabupaten,2018-05,2018,5,16
IDN.14.8_1,KalimantanTengah,KotawaringinTimur,Kabupaten,2018-06,2018,6,22
IDN.14.8_1,KalimantanTengah,KotawaringinTimur,Kabupaten,2018-07,2018,7,137
IDN.14.8_1,KalimantanTengah,KotawaringinTimur,Kabupaten,2018-08,2018,8,1712
IDN.14.8_1,KalimantanTengah,KotawaringinTimur,Kabupaten,2018-09,2018,9,611
IDN.14.8_1,KalimantanTengah,KotawaringinTimur,Kabupaten,2018-10,2018,10,424
IDN.14.8_1,KalimantanTengah,KotawaringinTimur,Kabupaten,2018-11,2018,11,3
IDN.14.8_1,KalimantanTengah,KotawaringinTimur,Kabupaten,2018-12,2018,12,1
IDN.14.8_1,KalimantanTengah,KotawaringinTimur,Kabupaten,2019-01,2019,1,4
IDN.14.8_1,KalimantanTengah,KotawaringinTimur,Kabupaten,2019-02,2019,2,2
IDN.14.8_1,KalimantanTengah,KotawaringinTimur,Kabupaten,2019-03,2019,3,11
IDN.14.8_1,KalimantanTengah,KotawaringinTimur,Kabupaten,2019-04,2019,4,7
IDN.14.8_1,KalimantanTengah,KotawaringinTimur,Kabupaten,2019-05,2019,5,5
IDN.14.8_1,KalimantanTengah,KotawaringinTimur,Kabupaten,2019-06,2019,6,7
IDN.14.8_1,KalimantanTengah,KotawaringinTimur,Kabupaten,2019-07,2019,7,339
IDN.14.8_1,KalimantanTengah,KotawaringinTimur,Kabupaten,2019-08,2019,8,1614
IDN.14.8_1,KalimantanTengah,KotawaringinTimur,Kabupaten,2019-09,2019,9,10375
IDN.14.8_1,KalimantanTengah,KotawaringinTimur,Kabupaten,2019-10,2019,10,280
IDN.14.8_1,KalimantanTengah,KotawaringinTimur,Kabupaten,2019-11,2019,11,70
IDN.14.8_1,KalimantanTengah,KotawaringinTimur,Kabupaten,2019-12,2019,12,12
IDN.14.8_1,KalimantanTengah,KotawaringinTimur,Kabupaten,2020-01,2020,1,6
IDN.14.8_1,KalimantanTengah,KotawaringinTimur,Kabupaten,2020-02,2020,2,0
IDN.14.8_1,KalimantanTengah,KotawaringinTimur,Kabupaten,2020-03,2020,3,3
IDN.14.8_1,KalimantanTengah,KotawaringinTimur,Kabupaten,2020-04,2020,4,10
IDN.14.8_1,KalimantanTengah,KotawaringinTimur,Kabupaten,2020-05,2020,5,2
IDN.14.8_1,KalimantanTengah,KotawaringinTimur,Kabupaten,2020-06,2020,6,4
IDN.14.8_1,KalimantanTengah,KotawaringinTimur,Kabupaten,2020-07,2020,7,6
IDN.14.8_1,KalimantanTengah,KotawaringinTimur,Kabupaten,2020-08,2020,8,13
IDN.14.8_1,KalimantanTengah,KotawaringinTimur,Kabupaten,2020-09,2020,9,42
IDN.14.8_1,KalimantanTengah,KotawaringinTimur,Kabupaten,2020-10,2020,10,72
IDN.14.8_1,KalimantanTengah,KotawaringinTimur,Kabupaten,2020-11,2020,11,31
IDN.14.8_1,KalimantanTengah,KotawaringinTimur,Kabupaten,2020-12,2020,12,8
IDN.14.8_1,KalimantanTengah,KotawaringinTimur,Kabupaten,2021-01,2021,1,1
IDN.14.8_1,KalimantanTengah,KotawaringinTimur,Kabupaten,2021-02,2021,2,9
IDN.14.8_1,KalimantanTengah,KotawaringinTimur,Kabupaten,2021-03,2021,3,6
IDN.14.8_1,KalimantanTengah,KotawaringinTimur,Kabupaten,2021-04,2021,4,17
IDN.14.8_1,KalimantanTengah,KotawaringinTimur,Kabupaten,2021-05,2021,5,7
IDN.14.8_1,KalimantanTengah,KotawaringinTimur,Kabupaten,2021-06,2021,6,5
IDN.14.8_1,KalimantanTengah,KotawaringinTimur,Kabupaten,2021-07,2021,7,20
IDN.14.8_1,KalimantanTengah,KotawaringinTimur,Kabupaten,2021-08,2021,8,6
IDN.14.8_1,KalimantanTengah,KotawaringinTimur,Kabupaten,2021-09,2021,9,1
IDN.14.8_1,KalimantanTengah,KotawaringinTimur,Kabupaten,2021-10,2021,10,45
IDN.14.8_1,KalimantanTengah,KotawaringinTimur,Kabupaten,2021-11,2021,11,10
IDN.14.8_1,KalimantanTengah,KotawaringinTimur,Kabupaten,2021-12,2021,12,0
IDN.14.8_1,KalimantanTengah,KotawaringinTimur,Kabupaten,2022-01,2022,1,8
IDN.14.8_1,KalimantanTengah,KotawaringinTimur,Kabupaten,2022-02,2022,2,2
IDN.14.8_1,KalimantanTengah,KotawaringinTimur,Kabupaten,2022-03,2022,3,4
IDN.14.8_1,KalimantanTengah,KotawaringinTimur,Kabupaten,2022-04,2022,4,5
IDN.14.8_1,KalimantanTengah,KotawaringinTimur,Kabupaten,2022-05,2022,5,16
IDN.14.8_1,KalimantanTengah,KotawaringinTimur,Kabupaten,2022-06,2022,6,7
IDN.14.8_1,KalimantanTengah,KotawaringinTimur,Kabupaten,2022-07,2022,7,1
IDN.14.8_1,KalimantanTengah,KotawaringinTimur,Kabupaten,2022-08,2022,8,8
IDN.14.8_1,KalimantanTengah,KotawaringinTimur,Kabupaten,2022-09,2022,9,5
IDN.14.8_1,KalimantanTengah,KotawaringinTimur,Kabupaten,2022-10,2022,10,12
IDN.14.8_1,KalimantanTengah,KotawaringinTimur,Kabupaten,2022-11,2022,11,7
IDN.14.8_1,KalimantanTengah,KotawaringinTimur,Kabupaten,2022-12,2022,12,14
IDN.14.8_1,KalimantanTengah,KotawaringinTimur,Kabupaten,2023-01,2023,1,10
IDN.14.8_1,KalimantanTengah,KotawaringinTimur,Kabupaten,2023-02,2023,2,6
IDN.14.8_1,KalimantanTengah,KotawaringinTimur,Kabupaten,2023-03,2023,3,1
IDN.14.8_1,KalimantanTengah,KotawaringinTimur,Kabupaten,2023-04,2023,4,23
IDN.14.8_1,KalimantanTengah,KotawaringinTimur,Kabupaten,2023-05,2023,5,70
IDN.14.8_1,KalimantanTengah,KotawaringinTimur,Kabupaten,2023-06,2023,6,33
IDN.14.8_1,KalimantanTengah,KotawaringinTimur,Kabupaten,2023-07,2023,7,31
IDN.14.8_1,KalimantanTengah,KotawaringinTimur,Kabupaten,2023-08,2023,8,697
IDN.14.8_1,KalimantanTengah,KotawaringinTimur,Kabupaten,2023-09,2023,9,1768
IDN.14.8_1,KalimantanTengah,KotawaringinTimur,Kabupaten,2023-10,2023,10,1898
IDN.14.8_1,KalimantanTengah,KotawaringinTimur,Kabupaten,2023-11,2023,11,79
IDN.14.8_1,KalimantanTengah,KotawaringinTimur,Kabupaten,2023-12,2023,12,13
IDN.14.8_1,KalimantanTengah,KotawaringinTimur,Kabupaten,2024-01,2024,1,10
IDN.14.8_1,KalimantanTengah,KotawaringinTimur,Kabupaten,2024-02,2024,2,1
IDN.14.8_1,KalimantanTengah,KotawaringinTimur,Kabupaten,2024-03,2024,3,7
IDN.14.8_1,KalimantanTengah,KotawaringinTimur,Kabupaten,2024-04,2024,4,5
IDN.14.8_1,KalimantanTengah,KotawaringinTimur,Kabupaten,2024-05,2024,5,3
IDN.14.8_1,KalimantanTengah,KotawaringinTimur,Kabupaten,2024-06,2024,6,7
IDN.14.8_1,KalimantanTengah,KotawaringinTimur,Kabupaten,2024-07,2024,7,7
IDN.14.8_1,KalimantanTengah,KotawaringinTimur,Kabupaten,2024-08,2024,8,12
IDN.14.8_1,KalimantanTengah,KotawaringinTimur,Kabupaten,2024-09,2024,9,201
IDN.14.8_1,KalimantanTengah,KotawaringinTimur,Kabupaten,2024-10,2024,10,87
IDN.14.8_1,KalimantanTengah,KotawaringinTimur,Kabupaten,2024-11,2024,11,3
IDN.14.8_1,KalimantanTengah,KotawaringinTimur,Kabupaten,2024-12,2024,12,7
IDN.14.8_1,KalimantanTengah,KotawaringinTimur,Kabupaten,2025-01,2025,1,2
IDN.14.8_1,KalimantanTengah,KotawaringinTimur,Kabupaten,2025-02,2025,2,8
IDN.14.8_1,KalimantanTengah,KotawaringinTimur,Kabupaten,2025-03,2025,3,2
IDN.14.8_1,KalimantanTengah,KotawaringinTimur,Kabupaten,2025-04,2025,4,2
IDN.14.8_1,KalimantanTengah,KotawaringinTimur,Kabupaten,2025-05,2025,5,25
IDN.14.8_1,KalimantanTengah,KotawaringinTimur,Kabupaten,2025-06,2025,6,11
IDN.14.8_1,KalimantanTengah,KotawaringinTimur,Kabupaten,2025-07,2025,7,37
IDN.14.8_1,KalimantanTengah,KotawaringinTimur,Kabupaten,2025-08,2025,8,24
IDN.14.8_1,KalimantanTengah,KotawaringinTimur,Kabupaten,2025-09,2025,9,92
IDN.14.8_1,KalimantanTengah,KotawaringinTimur,Kabupaten,2025-10,2025,10,149
IDN.14.8_1,KalimantanTengah,KotawaringinTimur,Kabupaten,2025-11,2025,11,9
IDN.14.8_1,KalimantanTengah,KotawaringinTimur,Kabupaten,2025-12,2025,12,6
IDN.14.9_1,KalimantanTengah,Lamandau,Kabupaten,2012-01,2012,1,2
IDN.14.9_1,KalimantanTengah,Lamandau,Kabupaten,2012-02,2012,2,1
IDN.14.9_1,KalimantanTengah,Lamandau,Kabupaten,2012-03,2012,3,20
IDN.14.9_1,KalimantanTengah,Lamandau,Kabupaten,2012-04,2012,4,9
IDN.14.9_1,KalimantanTengah,Lamandau,Kabupaten,2012-05,2012,5,44
IDN.14.9_1,KalimantanTengah,Lamandau,Kabupaten,2012-06,2012,6,86
IDN.14.9_1,KalimantanTengah,Lamandau,Kabupaten,2012-07,2012,7,28
IDN.14.9_1,KalimantanTengah,Lamandau,Kabupaten,2012-08,2012,8,318
IDN.14.9_1,KalimantanTengah,Lamandau,Kabupaten,2012-09,2012,9,696
IDN.14.9_1,KalimantanTengah,Lamandau,Kabupaten,2012-10,2012,10,200
IDN.14.9_1,KalimantanTengah,Lamandau,Kabupaten,2012-11,2012,11,0
IDN.14.9_1,KalimantanTengah,Lamandau,Kabupaten,2012-12,2012,12,1
IDN.14.9_1,KalimantanTengah,Lamandau,Kabupaten,2013-01,2013,1,12
IDN.14.9_1,KalimantanTengah,Lamandau,Kabupaten,2013-02,2013,2,7
IDN.14.9_1,KalimantanTengah,Lamandau,Kabupaten,2013-03,2013,3,10
IDN.14.9_1,KalimantanTengah,Lamandau,Kabupaten,2013-04,2013,4,3
IDN.14.9_1,KalimantanTengah,Lamandau,Kabupaten,2013-05,2013,5,2
IDN.14.9_1,KalimantanTengah,Lamandau,Kabupaten,2013-06,2013,6,53
IDN.14.9_1,KalimantanTengah,Lamandau,Kabupaten,2013-07,2013,7,4
IDN.14.9_1,KalimantanTengah,Lamandau,Kabupaten,2013-08,2013,8,105
IDN.14.9_1,KalimantanTengah,Lamandau,Kabupaten,2013-09,2013,9,516
IDN.14.9_1,KalimantanTengah,Lamandau,Kabupaten,2013-10,2013,10,232
IDN.14.9_1,KalimantanTengah,Lamandau,Kabupaten,2013-11,2013,11,16
IDN.14.9_1,KalimantanTengah,Lamandau,Kabupaten,2013-12,2013,12,3
IDN.14.9_1,KalimantanTengah,Lamandau,Kabupaten,2014-01,2014,1,46
IDN.14.9_1,KalimantanTengah,Lamandau,Kabupaten,2014-02,2014,2,55
IDN.14.9_1,KalimantanTengah,Lamandau,Kabupaten,2014-03,2014,3,1
IDN.14.9_1,KalimantanTengah,Lamandau,Kabupaten,2014-04,2014,4,6
IDN.14.9_1,KalimantanTengah,Lamandau,Kabupaten,2014-05,2014,5,76
IDN.14.9_1,KalimantanTengah,Lamandau,Kabupaten,2014-06,2014,6,8
IDN.14.9_1,KalimantanTengah,Lamandau,Kabupaten,2014-07,2014,7,80
IDN.14.9_1,KalimantanTengah,Lamandau,Kabupaten,2014-08,2014,8,696
IDN.14.9_1,KalimantanTengah,Lamandau,Kabupaten,2014-09,2014,9,631
IDN.14.9_1,KalimantanTengah,Lamandau,Kabupaten,2014-10,2014,10,355
IDN.14.9_1,KalimantanTengah,Lamandau,Kabupaten,2014-11,2014,11,238
IDN.14.9_1,KalimantanTengah,Lamandau,Kabupaten,2014-12,2014,12,2
IDN.14.9_1,KalimantanTengah,Lamandau,Kabupaten,2015-01,2015,1,11
IDN.14.9_1,KalimantanTengah,Lamandau,Kabupaten,2015-02,2015,2,8
IDN.14.9_1,KalimantanTengah,Lamandau,Kabupaten,2015-03,2015,3,3
IDN.14.9_1,KalimantanTengah,Lamandau,Kabupaten,2015-04,2015,4,3
IDN.14.9_1,KalimantanTengah,Lamandau,Kabupaten,2015-05,2015,5,14
IDN.14.9_1,KalimantanTengah,Lamandau,Kabupaten,2015-06,2015,6,38
IDN.14.9_1,KalimantanTengah,Lamandau,Kabupaten,2015-07,2015,7,206
IDN.14.9_1,KalimantanTengah,Lamandau,Kabupaten,2015-08,2015,8,1184
IDN.14.9_1,KalimantanTengah,Lamandau,Kabupaten,2015-09,2015,9,1454
IDN.14.9_1,KalimantanTengah,Lamandau,Kabupaten,2015-10,2015,10,209
IDN.14.9_1,KalimantanTengah,Lamandau,Kabupaten,2015-11,2015,11,33
IDN.14.9_1,KalimantanTengah,Lamandau,Kabupaten,2015-12,2015,12,17
IDN.14.9_1,KalimantanTengah,Lamandau,Kabupaten,2016-01,2016,1,0
IDN.14.9_1,KalimantanTengah,Lamandau,Kabupaten,2016-02,2016,2,2
IDN.14.9_1,KalimantanTengah,Lamandau,Kabupaten,2016-03,2016,3,1
IDN.14.9_1,KalimantanTengah,Lamandau,Kabupaten,2016-04,2016,4,1
IDN.14.9_1,KalimantanTengah,Lamandau,Kabupaten,2016-05,2016,5,7
IDN.14.9_1,KalimantanTengah,Lamandau,Kabupaten,2016-06,2016,6,4
IDN.14.9_1,KalimantanTengah,Lamandau,Kabupaten,2016-07,2016,7,3
IDN.14.9_1,KalimantanTengah,Lamandau,Kabupaten,2016-08,2016,8,12
IDN.14.9_1,KalimantanTengah,Lamandau,Kabupaten,2016-09,2016,9,216
IDN.14.9_1,KalimantanTengah,Lamandau,Kabupaten,2016-10,2016,10,31
IDN.14.9_1,KalimantanTengah,Lamandau,Kabupaten,2016-11,2016,11,0
IDN.14.9_1,KalimantanTengah,Lamandau,Kabupaten,2016-12,2016,12,6
IDN.14.9_1,KalimantanTengah,Lamandau,Kabupaten,2017-01,2017,1,1
IDN.14.9_1,KalimantanTengah,Lamandau,Kabupaten,2017-02,2017,2,2
IDN.14.9_1,KalimantanTengah,Lamandau,Kabupaten,2017-03,2017,3,3
IDN.14.9_1,KalimantanTengah,Lamandau,Kabupaten,2017-04,2017,4,0
IDN.14.9_1,KalimantanTengah,Lamandau,Kabupaten,2017-05,2017,5,3
IDN.14.9_1,KalimantanTengah,Lamandau,Kabupaten,2017-06,2017,6,3
IDN.14.9_1,KalimantanTengah,Lamandau,Kabupaten,2017-07,2017,7,4
IDN.14.9_1,KalimantanTengah,Lamandau,Kabupaten,2017-08,2017,8,1
IDN.14.9_1,KalimantanTengah,Lamandau,Kabupaten,2017-09,2017,9,99
IDN.14.9_1,KalimantanTengah,Lamandau,Kabupaten,2017-10,2017,10,19
IDN.14.9_1,KalimantanTengah,Lamandau,Kabupaten,2017-11,2017,11,1
IDN.14.9_1,KalimantanTengah,Lamandau,Kabupaten,2017-12,2017,12,4
IDN.14.9_1,KalimantanTengah,Lamandau,Kabupaten,2018-01,2018,1,4
IDN.14.9_1,KalimantanTengah,Lamandau,Kabupaten,2018-02,2018,2,0
IDN.14.9_1,KalimantanTengah,Lamandau,Kabupaten,2018-03,2018,3,3
IDN.14.9_1,KalimantanTengah,Lamandau,Kabupaten,2018-04,2018,4,2
IDN.14.9_1,KalimantanTengah,Lamandau,Kabupaten,2018-05,2018,5,0
IDN.14.9_1,KalimantanTengah,Lamandau,Kabupaten,2018-06,2018,6,7
IDN.14.9_1,KalimantanTengah,Lamandau,Kabupaten,2018-07,2018,7,15
IDN.14.9_1,KalimantanTengah,Lamandau,Kabupaten,2018-08,2018,8,118
IDN.14.9_1,KalimantanTengah,Lamandau,Kabupaten,2018-09,2018,9,91
IDN.14.9_1,KalimantanTengah,Lamandau,Kabupaten,2018-10,2018,10,14
IDN.14.9_1,KalimantanTengah,Lamandau,Kabupaten,2018-11,2018,11,0
IDN.14.9_1,KalimantanTengah,Lamandau,Kabupaten,2018-12,2018,12,1
IDN.14.9_1,KalimantanTengah,Lamandau,Kabupaten,2019-01,2019,1,1
IDN.14.9_1,KalimantanTengah,Lamandau,Kabupaten,2019-02,2019,2,0
IDN.14.9_1,KalimantanTengah,Lamandau,Kabupaten,2019-03,2019,3,1
IDN.14.9_1,KalimantanTengah,Lamandau,Kabupaten,2019-04,2019,4,0
IDN.14.9_1,KalimantanTengah,Lamandau,Kabupaten,2019-05,2019,5,3
IDN.14.9_1,KalimantanTengah,Lamandau,Kabupaten,2019-06,2019,6,1
IDN.14.9_1,KalimantanTengah,Lamandau,Kabupaten,2019-07,2019,7,15
IDN.14.9_1,KalimantanTengah,Lamandau,Kabupaten,2019-08,2019,8,79
IDN.14.9_1,KalimantanTengah,Lamandau,Kabupaten,2019-09,2019,9,198
IDN.14.9_1,KalimantanTengah,Lamandau,Kabupaten,2019-10,2019,10,38
IDN.14.9_1,KalimantanTengah,Lamandau,Kabupaten,2019-11,2019,11,116
IDN.14.9_1,KalimantanTengah,Lamandau,Kabupaten,2019-12,2019,12,1
IDN.14.9_1,KalimantanTengah,Lamandau,Kabupaten,2020-01,2020,1,3
IDN.14.9_1,KalimantanTengah,Lamandau,Kabupaten,2020-02,2020,2,0
IDN.14.9_1,KalimantanTengah,Lamandau,Kabupaten,2020-03,2020,3,2
IDN.14.9_1,KalimantanTengah,Lamandau,Kabupaten,2020-04,2020,4,0
IDN.14.9_1,KalimantanTengah,Lamandau,Kabupaten,2020-05,2020,5,2
IDN.14.9_1,KalimantanTengah,Lamandau,Kabupaten,2020-06,2020,6,2
IDN.14.9_1,KalimantanTengah,Lamandau,Kabupaten,2020-07,2020,7,1
IDN.14.9_1,KalimantanTengah,Lamandau,Kabupaten,2020-08,2020,8,28
IDN.14.9_1,KalimantanTengah,Lamandau,Kabupaten,2020-09,2020,9,71
IDN.14.9_1,KalimantanTengah,Lamandau,Kabupaten,2020-10,2020,10,99
IDN.14.9_1,KalimantanTengah,Lamandau,Kabupaten,2020-11,2020,11,3
IDN.14.9_1,KalimantanTengah,Lamandau,Kabupaten,2020-12,2020,12,8
IDN.14.9_1,KalimantanTengah,Lamandau,Kabupaten,2021-01,2021,1,0
IDN.14.9_1,KalimantanTengah,Lamandau,Kabupaten,2021-02,2021,2,10
IDN.14.9_1,KalimantanTengah,Lamandau,Kabupaten,2021-03,2021,3,5
IDN.14.9_1,KalimantanTengah,Lamandau,Kabupaten,2021-04,2021,4,5
IDN.14.9_1,KalimantanTengah,Lamandau,Kabupaten,2021-05,2021,5,0
IDN.14.9_1,KalimantanTengah,Lamandau,Kabupaten,2021-06,2021,6,2
IDN.14.9_1,KalimantanTengah,Lamandau,Kabupaten,2021-07,2021,7,5
IDN.14.9_1,KalimantanTengah,Lamandau,Kabupaten,2021-08,2021,8,0
IDN.14.9_1,KalimantanTengah,Lamandau,Kabupaten,2021-09,2021,9,28
IDN.14.9_1,KalimantanTengah,Lamandau,Kabupaten,2021-10,2021,10,21
IDN.14.9_1,KalimantanTengah,Lamandau,Kabupaten,2021-11,2021,11,1
IDN.14.9_1,KalimantanTengah,Lamandau,Kabupaten,2021-12,2021,12,2
IDN.14.9_1,KalimantanTengah,Lamandau,Kabupaten,2022-01,2022,1,1
IDN.14.9_1,KalimantanTengah,Lamandau,Kabupaten,2022-02,2022,2,13
IDN.14.9_1,KalimantanTengah,Lamandau,Kabupaten,2022-03,2022,3,7
IDN.14.9_1,KalimantanTengah,Lamandau,Kabupaten,2022-04,2022,4,2
IDN.14.9_1,KalimantanTengah,Lamandau,Kabupaten,2022-05,2022,5,7
IDN.14.9_1,KalimantanTengah,Lamandau,Kabupaten,2022-06,2022,6,2
IDN.14.9_1,KalimantanTengah,Lamandau,Kabupaten,2022-07,2022,7,6
IDN.14.9_1,KalimantanTengah,Lamandau,Kabupaten,2022-08,2022,8,13
IDN.14.9_1,KalimantanTengah,Lamandau,Kabupaten,2022-09,2022,9,67
IDN.14.9_1,KalimantanTengah,Lamandau,Kabupaten,2022-10,2022,10,2
IDN.14.9_1,KalimantanTengah,Lamandau,Kabupaten,2022-11,2022,11,0
IDN.14.9_1,KalimantanTengah,Lamandau,Kabupaten,2022-12,2022,12,2
IDN.14.9_1,KalimantanTengah,Lamandau,Kabupaten,2023-01,2023,1,7
IDN.14.9_1,KalimantanTengah,Lamandau,Kabupaten,2023-02,2023,2,4
IDN.14.9_1,KalimantanTengah,Lamandau,Kabupaten,2023-03,2023,3,1
IDN.14.9_1,KalimantanTengah,Lamandau,Kabupaten,2023-04,2023,4,19
IDN.14.9_1,KalimantanTengah,Lamandau,Kabupaten,2023-05,2023,5,21
IDN.14.9_1,KalimantanTengah,Lamandau,Kabupaten,2023-06,2023,6,19
IDN.14.9_1,KalimantanTengah,Lamandau,Kabupaten,2023-07,2023,7,35
IDN.14.9_1,KalimantanTengah,Lamandau,Kabupaten,2023-08,2023,8,223
IDN.14.9_1,KalimantanTengah,Lamandau,Kabupaten,2023-09,2023,9,120
IDN.14.9_1,KalimantanTengah,Lamandau,Kabupaten,2023-10,2023,10,148
IDN.14.9_1,KalimantanTengah,Lamandau,Kabupaten,2023-11,2023,11,4
IDN.14.9_1,KalimantanTengah,Lamandau,Kabupaten,2023-12,2023,12,6
IDN.14.9_1,KalimantanTengah,Lamandau,Kabupaten,2024-01,2024,1,4
IDN.14.9_1,KalimantanTengah,Lamandau,Kabupaten,2024-02,2024,2,0
IDN.14.9_1,KalimantanTengah,Lamandau,Kabupaten,2024-03,2024,3,9
IDN.14.9_1,KalimantanTengah,Lamandau,Kabupaten,2024-04,2024,4,2
IDN.14.9_1,KalimantanTengah,Lamandau,Kabupaten,2024-05,2024,5,1
IDN.14.9_1,KalimantanTengah,Lamandau,Kabupaten,2024-06,2024,6,5
IDN.14.9_1,KalimantanTengah,Lamandau,Kabupaten,2024-07,2024,7,25
IDN.14.9_1,KalimantanTengah,Lamandau,Kabupaten,2024-08,2024,8,13
IDN.14.9_1,KalimantanTengah,Lamandau,Kabupaten,2024-09,2024,9,249
IDN.14.9_1,KalimantanTengah,Lamandau,Kabupaten,2024-10,2024,10,14
IDN.14.9_1,KalimantanTengah,Lamandau,Kabupaten,2024-11,2024,11,11
IDN.14.9_1,KalimantanTengah,Lamandau,Kabupaten,2024-12,2024,12,5
IDN.14.9_1,KalimantanTengah,Lamandau,Kabupaten,2025-01,2025,1,3
IDN.14.9_1,KalimantanTengah,Lamandau,Kabupaten,2025-02,2025,2,12
IDN.14.9_1,KalimantanTengah,Lamandau,Kabupaten,2025-03,2025,3,0
IDN.14.9_1,KalimantanTengah,Lamandau,Kabupaten,2025-04,2025,4,5
IDN.14.9_1,KalimantanTengah,Lamandau,Kabupaten,2025-05,2025,5,6
IDN.14.9_1,KalimantanTengah,Lamandau,Kabupaten,2025-06,2025,6,12
IDN.14.9_1,KalimantanTengah,Lamandau,Kabupaten,2025-07,2025,7,65
IDN.14.9_1,KalimantanTengah,Lamandau,Kabupaten,2025-08,2025,8,119
IDN.14.9_1,KalimantanTengah,Lamandau,Kabupaten,2025-09,2025,9,196
IDN.14.9_1,KalimantanTengah,Lamandau,Kabupaten,2025-10,2025,10,29
IDN.14.9_1,KalimantanTengah,Lamandau,Kabupaten,2025-11,2025,11,4
IDN.14.9_1,KalimantanTengah,Lamandau,Kabupaten,2025-12,2025,12,1
IDN.14.10_1,KalimantanTengah,MurungRaya,Kabupaten,2012-01,2012,1,0
IDN.14.10_1,KalimantanTengah,MurungRaya,Kabupaten,2012-02,2012,2,3
IDN.14.10_1,KalimantanTengah,MurungRaya,Kabupaten,2012-03,2012,3,3
IDN.14.10_1,KalimantanTengah,MurungRaya,Kabupaten,2012-04,2012,4,0
IDN.14.10_1,KalimantanTengah,MurungRaya,Kabupaten,2012-05,2012,5,4
IDN.14.10_1,KalimantanTengah,MurungRaya,Kabupaten,2012-06,2012,6,9
IDN.14.10_1,KalimantanTengah,MurungRaya,Kabupaten,2012-07,2012,7,1
IDN.14.10_1,KalimantanTengah,MurungRaya,Kabupaten,2012-08,2012,8,10
IDN.14.10_1,KalimantanTengah,MurungRaya,Kabupaten,2012-09,2012,9,1182
IDN.14.10_1,KalimantanTengah,MurungRaya,Kabupaten,2012-10,2012,10,192
IDN.14.10_1,KalimantanTengah,MurungRaya,Kabupaten,2012-11,2012,11,13
IDN.14.10_1,KalimantanTengah,MurungRaya,Kabupaten,2012-12,2012,12,2
IDN.14.10_1,KalimantanTengah,MurungRaya,Kabupaten,2013-01,2013,1,6
IDN.14.10_1,KalimantanTengah,MurungRaya,Kabupaten,2013-02,2013,2,1
IDN.14.10_1,KalimantanTengah,MurungRaya,Kabupaten,2013-03,2013,3,0
IDN.14.10_1,KalimantanTengah,MurungRaya,Kabupaten,2013-04,2013,4,0
IDN.14.10_1,KalimantanTengah,MurungRaya,Kabupaten,2013-05,2013,5,2
IDN.14.10_1,KalimantanTengah,MurungRaya,Kabupaten,2013-06,2013,6,3
IDN.14.10_1,KalimantanTengah,MurungRaya,Kabupaten,2013-07,2013,7,6
IDN.14.10_1,KalimantanTengah,MurungRaya,Kabupaten,2013-08,2013,8,8
IDN.14.10_1,KalimantanTengah,MurungRaya,Kabupaten,2013-09,2013,9,414
IDN.14.10_1,KalimantanTengah,MurungRaya,Kabupaten,2013-10,2013,10,580
IDN.14.10_1,KalimantanTengah,MurungRaya,Kabupaten,2013-11,2013,11,8
IDN.14.10_1,KalimantanTengah,MurungRaya,Kabupaten,2013-12,2013,12,0
IDN.14.10_1,KalimantanTengah,MurungRaya,Kabupaten,2014-01,2014,1,9
IDN.14.10_1,KalimantanTengah,MurungRaya,Kabupaten,2014-02,2014,2,7
IDN.14.10_1,KalimantanTengah,MurungRaya,Kabupaten,2014-03,2014,3,0
IDN.14.10_1,KalimantanTengah,MurungRaya,Kabupaten,2014-04,2014,4,1
IDN.14.10_1,KalimantanTengah,MurungRaya,Kabupaten,2014-05,2014,5,2
IDN.14.10_1,KalimantanTengah,MurungRaya,Kabupaten,2014-06,2014,6,0
IDN.14.10_1,KalimantanTengah,MurungRaya,Kabupaten,2014-07,2014,7,3
IDN.14.10_1,KalimantanTengah,MurungRaya,Kabupaten,2014-08,2014,8,16
IDN.14.10_1,KalimantanTengah,MurungRaya,Kabupaten,2014-09,2014,9,1029
IDN.14.10_1,KalimantanTengah,MurungRaya,Kabupaten,2014-10,2014,10,387
IDN.14.10_1,KalimantanTengah,MurungRaya,Kabupaten,2014-11,2014,11,61
IDN.14.10_1,KalimantanTengah,MurungRaya,Kabupaten,2014-12,2014,12,0
IDN.14.10_1,KalimantanTengah,MurungRaya,Kabupaten,2015-01,2015,1,0
IDN.14.10_1,KalimantanTengah,MurungRaya,Kabupaten,2015-02,2015,2,3
IDN.14.10_1,KalimantanTengah,MurungRaya,Kabupaten,2015-03,2015,3,2
IDN.14.10_1,KalimantanTengah,MurungRaya,Kabupaten,2015-04,2015,4,0
IDN.14.10_1,KalimantanTengah,MurungRaya,Kabupaten,2015-05,2015,5,4
IDN.14.10_1,KalimantanTengah,MurungRaya,Kabupaten,2015-06,2015,6,1
IDN.14.10_1,KalimantanTengah,MurungRaya,Kabupaten,2015-07,2015,7,21
IDN.14.10_1,KalimantanTengah,MurungRaya,Kabupaten,2015-08,2015,8,137
IDN.14.10_1,KalimantanTengah,MurungRaya,Kabupaten,2015-09,2015,9,673
IDN.14.10_1,KalimantanTengah,MurungRaya,Kabupaten,2015-10,2015,10,802
IDN.14.10_1,KalimantanTengah,MurungRaya,Kabupaten,2015-11,2015,11,49
IDN.14.10_1,KalimantanTengah,MurungRaya,Kabupaten,2015-12,2015,12,10
IDN.14.10_1,KalimantanTengah,MurungRaya,Kabupaten,2016-01,2016,1,7
IDN.14.10_1,KalimantanTengah,MurungRaya,Kabupaten,2016-02,2016,2,1
IDN.14.10_1,KalimantanTengah,MurungRaya,Kabupaten,2016-03,2016,3,1
IDN.14.10_1,KalimantanTengah,MurungRaya,Kabupaten,2016-04,2016,4,2
IDN.14.10_1,KalimantanTengah,MurungRaya,Kabupaten,2016-05,2016,5,0
IDN.14.10_1,KalimantanTengah,MurungRaya,Kabupaten,2016-06,2016,6,1
IDN.14.10_1,KalimantanTengah,MurungRaya,Kabupaten,2016-07,2016,7,5
IDN.14.10_1,KalimantanTengah,MurungRaya,Kabupaten,2016-08,2016,8,7
IDN.14.10_1,KalimantanTengah,MurungRaya,Kabupaten,2016-09,2016,9,102
IDN.14.10_1,KalimantanTengah,MurungRaya,Kabupaten,2016-10,2016,10,211
IDN.14.10_1,KalimantanTengah,MurungRaya,Kabupaten,2016-11,2016,11,74
IDN.14.10_1,KalimantanTengah,MurungRaya,Kabupaten,2016-12,2016,12,4
IDN.14.10_1,KalimantanTengah,MurungRaya,Kabupaten,2017-01,2017,1,0
IDN.14.10_1,KalimantanTengah,MurungRaya,Kabupaten,2017-02,2017,2,2
IDN.14.10_1,KalimantanTengah,MurungRaya,Kabupaten,2017-03,2017,3,0
IDN.14.10_1,KalimantanTengah,MurungRaya,Kabupaten,2017-04,2017,4,1
IDN.14.10_1,KalimantanTengah,MurungRaya,Kabupaten,2017-05,2017,5,0
IDN.14.10_1,KalimantanTengah,MurungRaya,Kabupaten,2017-06,2017,6,1
IDN.14.10_1,KalimantanTengah,MurungRaya,Kabupaten,2017-07,2017,7,1
IDN.14.10_1,KalimantanTengah,MurungRaya,Kabupaten,2017-08,2017,8,4
IDN.14.10_1,KalimantanTengah,MurungRaya,Kabupaten,2017-09,2017,9,163
IDN.14.10_1,KalimantanTengah,MurungRaya,Kabupaten,2017-10,2017,10,135
IDN.14.10_1,KalimantanTengah,MurungRaya,Kabupaten,2017-11,2017,11,3
IDN.14.10_1,KalimantanTengah,MurungRaya,Kabupaten,2017-12,2017,12,3
IDN.14.10_1,KalimantanTengah,MurungRaya,Kabupaten,2018-01,2018,1,0
IDN.14.10_1,KalimantanTengah,MurungRaya,Kabupaten,2018-02,2018,2,0
IDN.14.10_1,KalimantanTengah,MurungRaya,Kabupaten,2018-03,2018,3,1
IDN.14.10_1,KalimantanTengah,MurungRaya,Kabupaten,2018-04,2018,4,0
IDN.14.10_1,KalimantanTengah,MurungRaya,Kabupaten,2018-05,2018,5,0
IDN.14.10_1,KalimantanTengah,MurungRaya,Kabupaten,2018-06,2018,6,3
IDN.14.10_1,KalimantanTengah,MurungRaya,Kabupaten,2018-07,2018,7,3
IDN.14.10_1,KalimantanTengah,MurungRaya,Kabupaten,2018-08,2018,8,43
IDN.14.10_1,KalimantanTengah,MurungRaya,Kabupaten,2018-09,2018,9,395
IDN.14.10_1,KalimantanTengah,MurungRaya,Kabupaten,2018-10,2018,10,117
IDN.14.10_1,KalimantanTengah,MurungRaya,Kabupaten,2018-11,2018,11,2
IDN.14.10_1,KalimantanTengah,MurungRaya,Kabupaten,2018-12,2018,12,0
IDN.14.10_1,KalimantanTengah,MurungRaya,Kabupaten,2019-01,2019,1,2
IDN.14.10_1,KalimantanTengah,MurungRaya,Kabupaten,2019-02,2019,2,0
IDN.14.10_1,KalimantanTengah,MurungRaya,Kabupaten,2019-03,2019,3,1
IDN.14.10_1,KalimantanTengah,MurungRaya,Kabupaten,2019-04,2019,4,1
IDN.14.10_1,KalimantanTengah,MurungRaya,Kabupaten,2019-05,2019,5,7
IDN.14.10_1,KalimantanTengah,MurungRaya,Kabupaten,2019-06,2019,6,0
IDN.14.10_1,KalimantanTengah,MurungRaya,Kabupaten,2019-07,2019,7,7
IDN.14.10_1,KalimantanTengah,MurungRaya,Kabupaten,2019-08,2019,8,69
IDN.14.10_1,KalimantanTengah,MurungRaya,Kabupaten,2019-09,2019,9,572
IDN.14.10_1,KalimantanTengah,MurungRaya,Kabupaten,2019-10,2019,10,304
IDN.14.10_1,KalimantanTengah,MurungRaya,Kabupaten,2019-11,2019,11,18
IDN.14.10_1,KalimantanTengah,MurungRaya,Kabupaten,2019-12,2019,12,0
IDN.14.10_1,KalimantanTengah,MurungRaya,Kabupaten,2020-01,2020,1,3
IDN.14.10_1,KalimantanTengah,MurungRaya,Kabupaten,2020-02,2020,2,0
IDN.14.10_1,KalimantanTengah,MurungRaya,Kabupaten,2020-03,2020,3,1
IDN.14.10_1,KalimantanTengah,MurungRaya,Kabupaten,2020-04,2020,4,1
IDN.14.10_1,KalimantanTengah,MurungRaya,Kabupaten,2020-05,2020,5,0
IDN.14.10_1,KalimantanTengah,MurungRaya,Kabupaten,2020-06,2020,6,4
IDN.14.10_1,KalimantanTengah,MurungRaya,Kabupaten,2020-07,2020,7,2
IDN.14.10_1,KalimantanTengah,MurungRaya,Kabupaten,2020-08,2020,8,28
IDN.14.10_1,KalimantanTengah,MurungRaya,Kabupaten,2020-09,2020,9,271
IDN.14.10_1,KalimantanTengah,MurungRaya,Kabupaten,2020-10,2020,10,93
IDN.14.10_1,KalimantanTengah,MurungRaya,Kabupaten,2020-11,2020,11,70
IDN.14.10_1,KalimantanTengah,MurungRaya,Kabupaten,2020-12,2020,12,5
IDN.14.10_1,KalimantanTengah,MurungRaya,Kabupaten,2021-01,2021,1,0
IDN.14.10_1,KalimantanTengah,MurungRaya,Kabupaten,2021-02,2021,2,1
IDN.14.10_1,KalimantanTengah,MurungRaya,Kabupaten,2021-03,2021,3,2
IDN.14.10_1,KalimantanTengah,MurungRaya,Kabupaten,2021-04,2021,4,1
IDN.14.10_1,KalimantanTengah,MurungRaya,Kabupaten,2021-05,2021,5,2
IDN.14.10_1,KalimantanTengah,MurungRaya,Kabupaten,2021-06,2021,6,4
IDN.14.10_1,KalimantanTengah,MurungRaya,Kabupaten,2021-07,2021,7,0
IDN.14.10_1,KalimantanTengah,MurungRaya,Kabupaten,2021-08,2021,8,6
IDN.14.10_1,KalimantanTengah,MurungRaya,Kabupaten,2021-09,2021,9,13
IDN.14.10_1,KalimantanTengah,MurungRaya,Kabupaten,2021-10,2021,10,270
IDN.14.10_1,KalimantanTengah,MurungRaya,Kabupaten,2021-11,2021,11,7
IDN.14.10_1,KalimantanTengah,MurungRaya,Kabupaten,2021-12,2021,12,0
IDN.14.10_1,KalimantanTengah,MurungRaya,Kabupaten,2022-01,2022,1,0
IDN.14.10_1,KalimantanTengah,MurungRaya,Kabupaten,2022-02,2022,2,0
IDN.14.10_1,KalimantanTengah,MurungRaya,Kabupaten,2022-03,2022,3,3
IDN.14.10_1,KalimantanTengah,MurungRaya,Kabupaten,2022-04,2022,4,2
IDN.14.10_1,KalimantanTengah,MurungRaya,Kabupaten,2022-05,2022,5,0
IDN.14.10_1,KalimantanTengah,MurungRaya,Kabupaten,2022-06,2022,6,2
IDN.14.10_1,KalimantanTengah,MurungRaya,Kabupaten,2022-07,2022,7,1
IDN.14.10_1,KalimantanTengah,MurungRaya,Kabupaten,2022-08,2022,8,7
IDN.14.10_1,KalimantanTengah,MurungRaya,Kabupaten,2022-09,2022,9,82
IDN.14.10_1,KalimantanTengah,MurungRaya,Kabupaten,2022-10,2022,10,53
IDN.14.10_1,KalimantanTengah,MurungRaya,Kabupaten,2022-11,2022,11,7
IDN.14.10_1,KalimantanTengah,MurungRaya,Kabupaten,2022-12,2022,12,5
IDN.14.10_1,KalimantanTengah,MurungRaya,Kabupaten,2023-01,2023,1,6
IDN.14.10_1,KalimantanTengah,MurungRaya,Kabupaten,2023-02,2023,2,0
IDN.14.10_1,KalimantanTengah,MurungRaya,Kabupaten,2023-03,2023,3,0
IDN.14.10_1,KalimantanTengah,MurungRaya,Kabupaten,2023-04,2023,4,3
IDN.14.10_1,KalimantanTengah,MurungRaya,Kabupaten,2023-05,2023,5,0
IDN.14.10_1,KalimantanTengah,MurungRaya,Kabupaten,2023-06,2023,6,2
IDN.14.10_1,KalimantanTengah,MurungRaya,Kabupaten,2023-07,2023,7,3
IDN.14.10_1,KalimantanTengah,MurungRaya,Kabupaten,2023-08,2023,8,25
IDN.14.10_1,KalimantanTengah,MurungRaya,Kabupaten,2023-09,2023,9,311
IDN.14.10_1,KalimantanTengah,MurungRaya,Kabupaten,2023-10,2023,10,157
IDN.14.10_1,KalimantanTengah,MurungRaya,Kabupaten,2023-11,2023,11,0
IDN.14.10_1,KalimantanTengah,MurungRaya,Kabupaten,2023-12,2023,12,0
IDN.14.10_1,KalimantanTengah,MurungRaya,Kabupaten,2024-01,2024,1,0
IDN.14.10_1,KalimantanTengah,MurungRaya,Kabupaten,2024-02,2024,2,3
IDN.14.10_1,KalimantanTengah,MurungRaya,Kabupaten,2024-03,2024,3,3
IDN.14.10_1,KalimantanTengah,MurungRaya,Kabupaten,2024-04,2024,4,1
IDN.14.10_1,KalimantanTengah,MurungRaya,Kabupaten,2024-05,2024,5,0
IDN.14.10_1,KalimantanTengah,MurungRaya,Kabupaten,2024-06,2024,6,0
IDN.14.10_1,KalimantanTengah,MurungRaya,Kabupaten,2024-07,2024,7,0
IDN.14.10_1,KalimantanTengah,MurungRaya,Kabupaten,2024-08,2024,8,3
IDN.14.10_1,KalimantanTengah,MurungRaya,Kabupaten,2024-09,2024,9,370
IDN.14.10_1,KalimantanTengah,MurungRaya,Kabupaten,2024-10,2024,10,176
IDN.14.10_1,KalimantanTengah,MurungRaya,Kabupaten,2024-11,2024,11,3
IDN.14.10_1,KalimantanTengah,MurungRaya,Kabupaten,2024-12,2024,12,1
IDN.14.10_1,KalimantanTengah,MurungRaya,Kabupaten,2025-01,2025,1,0
IDN.14.10_1,KalimantanTengah,MurungRaya,Kabupaten,2025-02,2025,2,1
IDN.14.10_1,KalimantanTengah,MurungRaya,Kabupaten,2025-03,2025,3,0
IDN.14.10_1,KalimantanTengah,MurungRaya,Kabupaten,2025-04,2025,4,1
IDN.14.10_1,KalimantanTengah,MurungRaya,Kabupaten,2025-05,2025,5,2
IDN.14.10_1,KalimantanTengah,MurungRaya,Kabupaten,2025-06,2025,6,2
IDN.14.10_1,KalimantanTengah,MurungRaya,Kabupaten,2025-07,2025,7,3
IDN.14.10_1,KalimantanTengah,MurungRaya,Kabupaten,2025-08,2025,8,3
IDN.14.10_1,KalimantanTengah,MurungRaya,Kabupaten,2025-09,2025,9,183
IDN.14.10_1,KalimantanTengah,MurungRaya,Kabupaten,2025-10,2025,10,179
IDN.14.10_1,KalimantanTengah,MurungRaya,Kabupaten,2025-11,2025,11,13
IDN.14.10_1,KalimantanTengah,MurungRaya,Kabupaten,2025-12,2025,12,1
IDN.14.11_1,KalimantanTengah,PalangkaRaya,Kota,2012-01,2012,1,2
IDN.14.11_1,KalimantanTengah,PalangkaRaya,Kota,2012-02,2012,2,2
IDN.14.11_1,KalimantanTengah,PalangkaRaya,Kota,2012-03,2012,3,5
IDN.14.11_1,KalimantanTengah,PalangkaRaya,Kota,2012-04,2012,4,17
IDN.14.11_1,KalimantanTengah,PalangkaRaya,Kota,2012-05,2012,5,39
IDN.14.11_1,KalimantanTengah,PalangkaRaya,Kota,2012-06,2012,6,26
IDN.14.11_1,KalimantanTengah,PalangkaRaya,Kota,2012-07,2012,7,15
IDN.14.11_1,KalimantanTengah,PalangkaRaya,Kota,2012-08,2012,8,99
IDN.14.11_1,KalimantanTengah,PalangkaRaya,Kota,2012-09,2012,9,594
IDN.14.11_1,KalimantanTengah,PalangkaRaya,Kota,2012-10,2012,10,323
IDN.14.11_1,KalimantanTengah,PalangkaRaya,Kota,2012-11,2012,11,7
IDN.14.11_1,KalimantanTengah,PalangkaRaya,Kota,2012-12,2012,12,1
IDN.14.11_1,KalimantanTengah,PalangkaRaya,Kota,2013-01,2013,1,5
IDN.14.11_1,KalimantanTengah,PalangkaRaya,Kota,2013-02,2013,2,2
IDN.14.11_1,KalimantanTengah,PalangkaRaya,Kota,2013-03,2013,3,11
IDN.14.11_1,KalimantanTengah,PalangkaRaya,Kota,2013-04,2013,4,9
IDN.14.11_1,KalimantanTengah,PalangkaRaya,Kota,2013-05,2013,5,1
IDN.14.11_1,KalimantanTengah,PalangkaRaya,Kota,2013-06,2013,6,23
IDN.14.11_1,KalimantanTengah,PalangkaRaya,Kota,2013-07,2013,7,8
IDN.14.11_1,KalimantanTengah,PalangkaRaya,Kota,2013-08,2013,8,19
IDN.14.11_1,KalimantanTengah,PalangkaRaya,Kota,2013-09,2013,9,98
IDN.14.11_1,KalimantanTengah,PalangkaRaya,Kota,2013-10,2013,10,913
IDN.14.11_1,KalimantanTengah,PalangkaRaya,Kota,2013-11,2013,11,7
IDN.14.11_1,KalimantanTengah,PalangkaRaya,Kota,2013-12,2013,12,12
IDN.14.11_1,KalimantanTengah,PalangkaRaya,Kota,2014-01,2014,1,58
IDN.14.11_1,KalimantanTengah,PalangkaRaya,Kota,2014-02,2014,2,60
IDN.14.11_1,KalimantanTengah,PalangkaRaya,Kota,2014-03,2014,3,2
IDN.14.11_1,KalimantanTengah,PalangkaRaya,Kota,2014-04,2014,4,14
IDN.14.11_1,KalimantanTengah,PalangkaRaya,Kota,2014-05,2014,5,7
IDN.14.11_1,KalimantanTengah,PalangkaRaya,Kota,2014-06,2014,6,12
IDN.14.11_1,KalimantanTengah,PalangkaRaya,Kota,2014-07,2014,7,150
IDN.14.11_1,KalimantanTengah,PalangkaRaya,Kota,2014-08,2014,8,317
IDN.14.11_1,KalimantanTengah,PalangkaRaya,Kota,2014-09,2014,9,2139
IDN.14.11_1,KalimantanTengah,PalangkaRaya,Kota,2014-10,2014,10,2142
IDN.14.11_1,KalimantanTengah,PalangkaRaya,Kota,2014-11,2014,11,231
IDN.14.11_1,KalimantanTengah,PalangkaRaya,Kota,2014-12,2014,12,1
IDN.14.11_1,KalimantanTengah,PalangkaRaya,Kota,2015-01,2015,1,4
IDN.14.11_1,KalimantanTengah,PalangkaRaya,Kota,2015-02,2015,2,2
IDN.14.11_1,KalimantanTengah,PalangkaRaya,Kota,2015-03,2015,3,3
IDN.14.11_1,KalimantanTengah,PalangkaRaya,Kota,2015-04,2015,4,6
IDN.14.11_1,KalimantanTengah,PalangkaRaya,Kota,2015-05,2015,5,7
IDN.14.11_1,KalimantanTengah,PalangkaRaya,Kota,2015-06,2015,6,75
IDN.14.11_1,KalimantanTengah,PalangkaRaya,Kota,2015-07,2015,7,258
IDN.14.11_1,KalimantanTengah,PalangkaRaya,Kota,2015-08,2015,8,1758
IDN.14.11_1,KalimantanTengah,PalangkaRaya,Kota,2015-09,2015,9,2353
IDN.14.11_1,KalimantanTengah,PalangkaRaya,Kota,2015-10,2015,10,2560
IDN.14.11_1,KalimantanTengah,PalangkaRaya,Kota,2015-11,2015,11,43
IDN.14.11_1,KalimantanTengah,PalangkaRaya,Kota,2015-12,2015,12,5
IDN.14.11_1,KalimantanTengah,PalangkaRaya,Kota,2016-01,2016,1,5
IDN.14.11_1,KalimantanTengah,PalangkaRaya,Kota,2016-02,2016,2,1
IDN.14.11_1,KalimantanTengah,PalangkaRaya,Kota,2016-03,2016,3,2
IDN.14.11_1,KalimantanTengah,PalangkaRaya,Kota,2016-04,2016,4,2
IDN.14.11_1,KalimantanTengah,PalangkaRaya,Kota,2016-05,2016,5,2
IDN.14.11_1,KalimantanTengah,PalangkaRaya,Kota,2016-06,2016,6,0
IDN.14.11_1,KalimantanTengah,PalangkaRaya,Kota,2016-07,2016,7,5
IDN.14.11_1,KalimantanTengah,PalangkaRaya,Kota,2016-08,2016,8,9
IDN.14.11_1,KalimantanTengah,PalangkaRaya,Kota,2016-09,2016,9,5
IDN.14.11_1,KalimantanTengah,PalangkaRaya,Kota,2016-10,2016,10,0
IDN.14.11_1,KalimantanTengah,PalangkaRaya,Kota,2016-11,2016,11,0
IDN.14.11_1,KalimantanTengah,PalangkaRaya,Kota,2016-12,2016,12,0
IDN.14.11_1,KalimantanTengah,PalangkaRaya,Kota,2017-01,2017,1,1
IDN.14.11_1,KalimantanTengah,PalangkaRaya,Kota,2017-02,2017,2,5
IDN.14.11_1,KalimantanTengah,PalangkaRaya,Kota,2017-03,2017,3,0
IDN.14.11_1,KalimantanTengah,PalangkaRaya,Kota,2017-04,2017,4,0
IDN.14.11_1,KalimantanTengah,PalangkaRaya,Kota,2017-05,2017,5,3
IDN.14.11_1,KalimantanTengah,PalangkaRaya,Kota,2017-06,2017,6,0
IDN.14.11_1,KalimantanTengah,PalangkaRaya,Kota,2017-07,2017,7,2
IDN.14.11_1,KalimantanTengah,PalangkaRaya,Kota,2017-08,2017,8,0
IDN.14.11_1,KalimantanTengah,PalangkaRaya,Kota,2017-09,2017,9,8
IDN.14.11_1,KalimantanTengah,PalangkaRaya,Kota,2017-10,2017,10,0
IDN.14.11_1,KalimantanTengah,PalangkaRaya,Kota,2017-11,2017,11,0
IDN.14.11_1,KalimantanTengah,PalangkaRaya,Kota,2017-12,2017,12,1
IDN.14.11_1,KalimantanTengah,PalangkaRaya,Kota,2018-01,2018,1,0
IDN.14.11_1,KalimantanTengah,PalangkaRaya,Kota,2018-02,2018,2,4
IDN.14.11_1,KalimantanTengah,PalangkaRaya,Kota,2018-03,2018,3,0
IDN.14.11_1,KalimantanTengah,PalangkaRaya,Kota,2018-04,2018,4,0
IDN.14.11_1,KalimantanTengah,PalangkaRaya,Kota,2018-05,2018,5,3
IDN.14.11_1,KalimantanTengah,PalangkaRaya,Kota,2018-06,2018,6,4
IDN.14.11_1,KalimantanTengah,PalangkaRaya,Kota,2018-07,2018,7,17
IDN.14.11_1,KalimantanTengah,PalangkaRaya,Kota,2018-08,2018,8,155
IDN.14.11_1,KalimantanTengah,PalangkaRaya,Kota,2018-09,2018,9,96
IDN.14.11_1,KalimantanTengah,PalangkaRaya,Kota,2018-10,2018,10,20
IDN.14.11_1,KalimantanTengah,PalangkaRaya,Kota,2018-11,2018,11,1
IDN.14.11_1,KalimantanTengah,PalangkaRaya,Kota,2018-12,2018,12,1
IDN.14.11_1,KalimantanTengah,PalangkaRaya,Kota,2019-01,2019,1,1
IDN.14.11_1,KalimantanTengah,PalangkaRaya,Kota,2019-02,2019,2,5
IDN.14.11_1,KalimantanTengah,PalangkaRaya,Kota,2019-03,2019,3,0
IDN.14.11_1,KalimantanTengah,PalangkaRaya,Kota,2019-04,2019,4,0
IDN.14.11_1,KalimantanTengah,PalangkaRaya,Kota,2019-05,2019,5,8
IDN.14.11_1,KalimantanTengah,PalangkaRaya,Kota,2019-06,2019,6,3
IDN.14.11_1,KalimantanTengah,PalangkaRaya,Kota,2019-07,2019,7,503
IDN.14.11_1,KalimantanTengah,PalangkaRaya,Kota,2019-08,2019,8,3035
IDN.14.11_1,KalimantanTengah,PalangkaRaya,Kota,2019-09,2019,9,5172
IDN.14.11_1,KalimantanTengah,PalangkaRaya,Kota,2019-10,2019,10,90
IDN.14.11_1,KalimantanTengah,PalangkaRaya,Kota,2019-11,2019,11,102
IDN.14.11_1,KalimantanTengah,PalangkaRaya,Kota,2019-12,2019,12,0
IDN.14.11_1,KalimantanTengah,PalangkaRaya,Kota,2020-01,2020,1,0
IDN.14.11_1,KalimantanTengah,PalangkaRaya,Kota,2020-02,2020,2,0
IDN.14.11_1,KalimantanTengah,PalangkaRaya,Kota,2020-03,2020,3,0
IDN.14.11_1,KalimantanTengah,PalangkaRaya,Kota,2020-04,2020,4,2
IDN.14.11_1,KalimantanTengah,PalangkaRaya,Kota,2020-05,2020,5,0
IDN.14.11_1,KalimantanTengah,PalangkaRaya,Kota,2020-06,2020,6,1
IDN.14.11_1,KalimantanTengah,PalangkaRaya,Kota,2020-07,2020,7,1
IDN.14.11_1,KalimantanTengah,PalangkaRaya,Kota,2020-08,2020,8,1
IDN.14.11_1,KalimantanTengah,PalangkaRaya,Kota,2020-09,2020,9,2
IDN.14.11_1,KalimantanTengah,PalangkaRaya,Kota,2020-10,2020,10,0
IDN.14.11_1,KalimantanTengah,PalangkaRaya,Kota,2020-11,2020,11,0
IDN.14.11_1,KalimantanTengah,PalangkaRaya,Kota,2020-12,2020,12,0
IDN.14.11_1,KalimantanTengah,PalangkaRaya,Kota,2021-01,2021,1,0
IDN.14.11_1,KalimantanTengah,PalangkaRaya,Kota,2021-02,2021,2,1
IDN.14.11_1,KalimantanTengah,PalangkaRaya,Kota,2021-03,2021,3,0
IDN.14.11_1,KalimantanTengah,PalangkaRaya,Kota,2021-04,2021,4,2
IDN.14.11_1,KalimantanTengah,PalangkaRaya,Kota,2021-05,2021,5,1
IDN.14.11_1,KalimantanTengah,PalangkaRaya,Kota,2021-06,2021,6,0
IDN.14.11_1,KalimantanTengah,PalangkaRaya,Kota,2021-07,2021,7,4
IDN.14.11_1,KalimantanTengah,PalangkaRaya,Kota,2021-08,2021,8,2
IDN.14.11_1,KalimantanTengah,PalangkaRaya,Kota,2021-09,2021,9,1
IDN.14.11_1,KalimantanTengah,PalangkaRaya,Kota,2021-10,2021,10,3
IDN.14.11_1,KalimantanTengah,PalangkaRaya,Kota,2021-11,2021,11,0
IDN.14.11_1,KalimantanTengah,PalangkaRaya,Kota,2021-12,2021,12,0
IDN.14.11_1,KalimantanTengah,PalangkaRaya,Kota,2022-01,2022,1,0
IDN.14.11_1,KalimantanTengah,PalangkaRaya,Kota,2022-02,2022,2,0
IDN.14.11_1,KalimantanTengah,PalangkaRaya,Kota,2022-03,2022,3,0
IDN.14.11_1,KalimantanTengah,PalangkaRaya,Kota,2022-04,2022,4,0
IDN.14.11_1,KalimantanTengah,PalangkaRaya,Kota,2022-05,2022,5,0
IDN.14.11_1,KalimantanTengah,PalangkaRaya,Kota,2022-06,2022,6,0
IDN.14.11_1,KalimantanTengah,PalangkaRaya,Kota,2022-07,2022,7,2
IDN.14.11_1,KalimantanTengah,PalangkaRaya,Kota,2022-08,2022,8,0
IDN.14.11_1,KalimantanTengah,PalangkaRaya,Kota,2022-09,2022,9,2
IDN.14.11_1,KalimantanTengah,PalangkaRaya,Kota,2022-10,2022,10,0
IDN.14.11_1,KalimantanTengah,PalangkaRaya,Kota,2022-11,2022,11,0
IDN.14.11_1,KalimantanTengah,PalangkaRaya,Kota,2022-12,2022,12,0
IDN.14.11_1,KalimantanTengah,PalangkaRaya,Kota,2023-01,2023,1,1
IDN.14.11_1,KalimantanTengah,PalangkaRaya,Kota,2023-02,2023,2,0
IDN.14.11_1,KalimantanTengah,PalangkaRaya,Kota,2023-03,2023,3,0
IDN.14.11_1,KalimantanTengah,PalangkaRaya,Kota,2023-04,2023,4,3
IDN.14.11_1,KalimantanTengah,PalangkaRaya,Kota,2023-05,2023,5,0
IDN.14.11_1,KalimantanTengah,PalangkaRaya,Kota,2023-06,2023,6,1
IDN.14.11_1,KalimantanTengah,PalangkaRaya,Kota,2023-07,2023,7,2
IDN.14.11_1,KalimantanTengah,PalangkaRaya,Kota,2023-08,2023,8,109
IDN.14.11_1,KalimantanTengah,PalangkaRaya,Kota,2023-09,2023,9,335
IDN.14.11_1,KalimantanTengah,PalangkaRaya,Kota,2023-10,2023,10,594
IDN.14.11_1,KalimantanTengah,PalangkaRaya,Kota,2023-11,2023,11,3
IDN.14.11_1,KalimantanTengah,PalangkaRaya,Kota,2023-12,2023,12,0
IDN.14.11_1,KalimantanTengah,PalangkaRaya,Kota,2024-01,2024,1,0
IDN.14.11_1,KalimantanTengah,PalangkaRaya,Kota,2024-02,2024,2,1
IDN.14.11_1,KalimantanTengah,PalangkaRaya,Kota,2024-03,2024,3,0
IDN.14.11_1,KalimantanTengah,PalangkaRaya,Kota,2024-04,2024,4,0
IDN.14.11_1,KalimantanTengah,PalangkaRaya,Kota,2024-05,2024,5,0
IDN.14.11_1,KalimantanTengah,PalangkaRaya,Kota,2024-06,2024,6,0
IDN.14.11_1,KalimantanTengah,PalangkaRaya,Kota,2024-07,2024,7,0
IDN.14.11_1,KalimantanTengah,PalangkaRaya,Kota,2024-08,2024,8,2
IDN.14.11_1,KalimantanTengah,PalangkaRaya,Kota,2024-09,2024,9,6
IDN.14.11_1,KalimantanTengah,PalangkaRaya,Kota,2024-10,2024,10,3
IDN.14.11_1,KalimantanTengah,PalangkaRaya,Kota,2024-11,2024,11,0
IDN.14.11_1,KalimantanTengah,PalangkaRaya,Kota,2024-12,2024,12,0
IDN.14.11_1,KalimantanTengah,PalangkaRaya,Kota,2025-01,2025,1,0
IDN.14.11_1,KalimantanTengah,PalangkaRaya,Kota,2025-02,2025,2,0
IDN.14.11_1,KalimantanTengah,PalangkaRaya,Kota,2025-03,2025,3,1
IDN.14.11_1,KalimantanTengah,PalangkaRaya,Kota,2025-04,2025,4,0
IDN.14.11_1,KalimantanTengah,PalangkaRaya,Kota,2025-05,2025,5,1
IDN.14.11_1,KalimantanTengah,PalangkaRaya,Kota,2025-06,2025,6,2
IDN.14.11_1,KalimantanTengah,PalangkaRaya,Kota,2025-07,2025,7,1
IDN.14.11_1,KalimantanTengah,PalangkaRaya,Kota,2025-08,2025,8,0
IDN.14.11_1,KalimantanTengah,PalangkaRaya,Kota,2025-09,2025,9,1
IDN.14.11_1,KalimantanTengah,PalangkaRaya,Kota,2025-10,2025,10,2
IDN.14.11_1,KalimantanTengah,PalangkaRaya,Kota,2025-11,2025,11,1
IDN.14.11_1,KalimantanTengah,PalangkaRaya,Kota,2025-12,2025,12,0
IDN.14.12_1,KalimantanTengah,PulangPisau,Kabupaten,2012-01,2012,1,2
IDN.14.12_1,KalimantanTengah,PulangPisau,Kabupaten,2012-02,2012,2,3
IDN.14.12_1,KalimantanTengah,PulangPisau,Kabupaten,2012-03,2012,3,3
IDN.14.12_1,KalimantanTengah,PulangPisau,Kabupaten,2012-04,2012,4,4
IDN.14.12_1,KalimantanTengah,PulangPisau,Kabupaten,2012-05,2012,5,15
IDN.14.12_1,KalimantanTengah,PulangPisau,Kabupaten,2012-06,2012,6,53
IDN.14.12_1,KalimantanTengah,PulangPisau,Kabupaten,2012-07,2012,7,60
IDN.14.12_1,KalimantanTengah,PulangPisau,Kabupaten,2012-08,2012,8,1534
IDN.14.12_1,KalimantanTengah,PulangPisau,Kabupaten,2012-09,2012,9,6726
IDN.14.12_1,KalimantanTengah,PulangPisau,Kabupaten,2012-10,2012,10,3150
IDN.14.12_1,KalimantanTengah,PulangPisau,Kabupaten,2012-11,2012,11,19
IDN.14.12_1,KalimantanTengah,PulangPisau,Kabupaten,2012-12,2012,12,0
IDN.14.12_1,KalimantanTengah,PulangPisau,Kabupaten,2013-01,2013,1,0
IDN.14.12_1,KalimantanTengah,PulangPisau,Kabupaten,2013-02,2013,2,0
IDN.14.12_1,KalimantanTengah,PulangPisau,Kabupaten,2013-03,2013,3,2
IDN.14.12_1,KalimantanTengah,PulangPisau,Kabupaten,2013-04,2013,4,5
IDN.14.12_1,KalimantanTengah,PulangPisau,Kabupaten,2013-05,2013,5,0
IDN.14.12_1,KalimantanTengah,PulangPisau,Kabupaten,2013-06,2013,6,2
IDN.14.12_1,KalimantanTengah,PulangPisau,Kabupaten,2013-07,2013,7,7
IDN.14.12_1,KalimantanTengah,PulangPisau,Kabupaten,2013-08,2013,8,110
IDN.14.12_1,KalimantanTengah,PulangPisau,Kabupaten,2013-09,2013,9,644
IDN.14.12_1,KalimantanTengah,PulangPisau,Kabupaten,2013-10,2013,10,2104
IDN.14.12_1,KalimantanTengah,PulangPisau,Kabupaten,2013-11,2013,11,27
IDN.14.12_1,KalimantanTengah,PulangPisau,Kabupaten,2013-12,2013,12,4
IDN.14.12_1,KalimantanTengah,PulangPisau,Kabupaten,2014-01,2014,1,8
IDN.14.12_1,KalimantanTengah,PulangPisau,Kabupaten,2014-02,2014,2,9
IDN.14.12_1,KalimantanTengah,PulangPisau,Kabupaten,2014-03,2014,3,1
IDN.14.12_1,KalimantanTengah,PulangPisau,Kabupaten,2014-04,2014,4,6
IDN.14.12_1,KalimantanTengah,PulangPisau,Kabupaten,2014-05,2014,5,8
IDN.14.12_1,KalimantanTengah,PulangPisau,Kabupaten,2014-06,2014,6,23
IDN.14.12_1,KalimantanTengah,PulangPisau,Kabupaten,2014-07,2014,7,233
IDN.14.12_1,KalimantanTengah,PulangPisau,Kabupaten,2014-08,2014,8,743
IDN.14.12_1,KalimantanTengah,PulangPisau,Kabupaten,2014-09,2014,9,4203
IDN.14.12_1,KalimantanTengah,PulangPisau,Kabupaten,2014-10,2014,10,5014
IDN.14.12_1,KalimantanTengah,PulangPisau,Kabupaten,2014-11,2014,11,2236
IDN.14.12_1,KalimantanTengah,PulangPisau,Kabupaten,2014-12,2014,12,0
IDN.14.12_1,KalimantanTengah,PulangPisau,Kabupaten,2015-01,2015,1,4
IDN.14.12_1,KalimantanTengah,PulangPisau,Kabupaten,2015-02,2015,2,1
IDN.14.12_1,KalimantanTengah,PulangPisau,Kabupaten,2015-03,2015,3,0
IDN.14.12_1,KalimantanTengah,PulangPisau,Kabupaten,2015-04,2015,4,3
IDN.14.12_1,KalimantanTengah,PulangPisau,Kabupaten,2015-05,2015,5,12
IDN.14.12_1,KalimantanTengah,PulangPisau,Kabupaten,2015-06,2015,6,10
IDN.14.12_1,KalimantanTengah,PulangPisau,Kabupaten,2015-07,2015,7,290
IDN.14.12_1,KalimantanTengah,PulangPisau,Kabupaten,2015-08,2015,8,6837
IDN.14.12_1,KalimantanTengah,PulangPisau,Kabupaten,2015-09,2015,9,22506
IDN.14.12_1,KalimantanTengah,PulangPisau,Kabupaten,2015-10,2015,10,17053
IDN.14.12_1,KalimantanTengah,PulangPisau,Kabupaten,2015-11,2015,11,277
IDN.14.12_1,KalimantanTengah,PulangPisau,Kabupaten,2015-12,2015,12,4
IDN.14.12_1,KalimantanTengah,PulangPisau,Kabupaten,2016-01,2016,1,1
IDN.14.12_1,KalimantanTengah,PulangPisau,Kabupaten,2016-02,2016,2,1
IDN.14.12_1,KalimantanTengah,PulangPisau,Kabupaten,2016-03,2016,3,3
IDN.14.12_1,KalimantanTengah,PulangPisau,Kabupaten,2016-04,2016,4,0
IDN.14.12_1,KalimantanTengah,PulangPisau,Kabupaten,2016-05,2016,5,4
IDN.14.12_1,KalimantanTengah,PulangPisau,Kabupaten,2016-06,2016,6,6
IDN.14.12_1,KalimantanTengah,PulangPisau,Kabupaten,2016-07,2016,7,13
IDN.14.12_1,KalimantanTengah,PulangPisau,Kabupaten,2016-08,2016,8,53
IDN.14.12_1,KalimantanTengah,PulangPisau,Kabupaten,2016-09,2016,9,31
IDN.14.12_1,KalimantanTengah,PulangPisau,Kabupaten,2016-10,2016,10,9
IDN.14.12_1,KalimantanTengah,PulangPisau,Kabupaten,2016-11,2016,11,2
IDN.14.12_1,KalimantanTengah,PulangPisau,Kabupaten,2016-12,2016,12,0
IDN.14.12_1,KalimantanTengah,PulangPisau,Kabupaten,2017-01,2017,1,0
IDN.14.12_1,KalimantanTengah,PulangPisau,Kabupaten,2017-02,2017,2,2
IDN.14.12_1,KalimantanTengah,PulangPisau,Kabupaten,2017-03,2017,3,1
IDN.14.12_1,KalimantanTengah,PulangPisau,Kabupaten,2017-04,2017,4,1
IDN.14.12_1,KalimantanTengah,PulangPisau,Kabupaten,2017-05,2017,5,6
IDN.14.12_1,KalimantanTengah,PulangPisau,Kabupaten,2017-06,2017,6,4
IDN.14.12_1,KalimantanTengah,PulangPisau,Kabupaten,2017-07,2017,7,10
IDN.14.12_1,KalimantanTengah,PulangPisau,Kabupaten,2017-08,2017,8,13
IDN.14.12_1,KalimantanTengah,PulangPisau,Kabupaten,2017-09,2017,9,119
IDN.14.12_1,KalimantanTengah,PulangPisau,Kabupaten,2017-10,2017,10,89
IDN.14.12_1,KalimantanTengah,PulangPisau,Kabupaten,2017-11,2017,11,2
IDN.14.12_1,KalimantanTengah,PulangPisau,Kabupaten,2017-12,2017,12,2
IDN.14.12_1,KalimantanTengah,PulangPisau,Kabupaten,2018-01,2018,1,8
IDN.14.12_1,KalimantanTengah,PulangPisau,Kabupaten,2018-02,2018,2,2
IDN.14.12_1,KalimantanTengah,PulangPisau,Kabupaten,2018-03,2018,3,2
IDN.14.12_1,KalimantanTengah,PulangPisau,Kabupaten,2018-04,2018,4,6
IDN.14.12_1,KalimantanTengah,PulangPisau,Kabupaten,2018-05,2018,5,11
IDN.14.12_1,KalimantanTengah,PulangPisau,Kabupaten,2018-06,2018,6,35
IDN.14.12_1,KalimantanTengah,PulangPisau,Kabupaten,2018-07,2018,7,89
IDN.14.12_1,KalimantanTengah,PulangPisau,Kabupaten,2018-08,2018,8,700
IDN.14.12_1,KalimantanTengah,PulangPisau,Kabupaten,2018-09,2018,9,2346
IDN.14.12_1,KalimantanTengah,PulangPisau,Kabupaten,2018-10,2018,10,986
IDN.14.12_1,KalimantanTengah,PulangPisau,Kabupaten,2018-11,2018,11,25
IDN.14.12_1,KalimantanTengah,PulangPisau,Kabupaten,2018-12,2018,12,1
IDN.14.12_1,KalimantanTengah,PulangPisau,Kabupaten,2019-01,2019,1,2
IDN.14.12_1,KalimantanTengah,PulangPisau,Kabupaten,2019-02,2019,2,0
IDN.14.12_1,KalimantanTengah,PulangPisau,Kabupaten,2019-03,2019,3,5
IDN.14.12_1,KalimantanTengah,PulangPisau,Kabupaten,2019-04,2019,4,0
IDN.14.12_1,KalimantanTengah,PulangPisau,Kabupaten,2019-05,2019,5,3
IDN.14.12_1,KalimantanTengah,PulangPisau,Kabupaten,2019-06,2019,6,3
IDN.14.12_1,KalimantanTengah,PulangPisau,Kabupaten,2019-07,2019,7,636
IDN.14.12_1,KalimantanTengah,PulangPisau,Kabupaten,2019-08,2019,8,1738
IDN.14.12_1,KalimantanTengah,PulangPisau,Kabupaten,2019-09,2019,9,13435
IDN.14.12_1,KalimantanTengah,PulangPisau,Kabupaten,2019-10,2019,10,1922
IDN.14.12_1,KalimantanTengah,PulangPisau,Kabupaten,2019-11,2019,11,3257
IDN.14.12_1,KalimantanTengah,PulangPisau,Kabupaten,2019-12,2019,12,79
IDN.14.12_1,KalimantanTengah,PulangPisau,Kabupaten,2020-01,2020,1,1
IDN.14.12_1,KalimantanTengah,PulangPisau,Kabupaten,2020-02,2020,2,1
IDN.14.12_1,KalimantanTengah,PulangPisau,Kabupaten,2020-03,2020,3,1
IDN.14.12_1,KalimantanTengah,PulangPisau,Kabupaten,2020-04,2020,4,2
IDN.14.12_1,KalimantanTengah,PulangPisau,Kabupaten,2020-05,2020,5,5
IDN.14.12_1,KalimantanTengah,PulangPisau,Kabupaten,2020-06,2020,6,6
IDN.14.12_1,KalimantanTengah,PulangPisau,Kabupaten,2020-07,2020,7,2
IDN.14.12_1,KalimantanTengah,PulangPisau,Kabupaten,2020-08,2020,8,7
IDN.14.12_1,KalimantanTengah,PulangPisau,Kabupaten,2020-09,2020,9,18
IDN.14.12_1,KalimantanTengah,PulangPisau,Kabupaten,2020-10,2020,10,1
IDN.14.12_1,KalimantanTengah,PulangPisau,Kabupaten,2020-11,2020,11,2
IDN.14.12_1,KalimantanTengah,PulangPisau,Kabupaten,2020-12,2020,12,2
IDN.14.12_1,KalimantanTengah,PulangPisau,Kabupaten,2021-01,2021,1,0
IDN.14.12_1,KalimantanTengah,PulangPisau,Kabupaten,2021-02,2021,2,2
IDN.14.12_1,KalimantanTengah,PulangPisau,Kabupaten,2021-03,2021,3,1
IDN.14.12_1,KalimantanTengah,PulangPisau,Kabupaten,2021-04,2021,4,10
IDN.14.12_1,KalimantanTengah,PulangPisau,Kabupaten,2021-05,2021,5,1
IDN.14.12_1,KalimantanTengah,PulangPisau,Kabupaten,2021-06,2021,6,3
IDN.14.12_1,KalimantanTengah,PulangPisau,Kabupaten,2021-07,2021,7,5
IDN.14.12_1,KalimantanTengah,PulangPisau,Kabupaten,2021-08,2021,8,6
IDN.14.12_1,KalimantanTengah,PulangPisau,Kabupaten,2021-09,2021,9,4
IDN.14.12_1,KalimantanTengah,PulangPisau,Kabupaten,2021-10,2021,10,5
IDN.14.12_1,KalimantanTengah,PulangPisau,Kabupaten,2021-11,2021,11,0
IDN.14.12_1,KalimantanTengah,PulangPisau,Kabupaten,2021-12,2021,12,0
IDN.14.12_1,KalimantanTengah,PulangPisau,Kabupaten,2022-01,2022,1,3
IDN.14.12_1,KalimantanTengah,PulangPisau,Kabupaten,2022-02,2022,2,2
IDN.14.12_1,KalimantanTengah,PulangPisau,Kabupaten,2022-03,2022,3,2
IDN.14.12_1,KalimantanTengah,PulangPisau,Kabupaten,2022-04,2022,4,6
IDN.14.12_1,KalimantanTengah,PulangPisau,Kabupaten,2022-05,2022,5,1
IDN.14.12_1,KalimantanTengah,PulangPisau,Kabupaten,2022-06,2022,6,3
IDN.14.12_1,KalimantanTengah,PulangPisau,Kabupaten,2022-07,2022,7,2
IDN.14.12_1,KalimantanTengah,PulangPisau,Kabupaten,2022-08,2022,8,4
IDN.14.12_1,KalimantanTengah,PulangPisau,Kabupaten,2022-09,2022,9,5
IDN.14.12_1,KalimantanTengah,PulangPisau,Kabupaten,2022-10,2022,10,0
IDN.14.12_1,KalimantanTengah,PulangPisau,Kabupaten,2022-11,2022,11,0
IDN.14.12_1,KalimantanTengah,PulangPisau,Kabupaten,2022-12,2022,12,2
IDN.14.12_1,KalimantanTengah,PulangPisau,Kabupaten,2023-01,2023,1,4
IDN.14.12_1,KalimantanTengah,PulangPisau,Kabupaten,2023-02,2023,2,0
IDN.14.12_1,KalimantanTengah,PulangPisau,Kabupaten,2023-03,2023,3,1
IDN.14.12_1,KalimantanTengah,PulangPisau,Kabupaten,2023-04,2023,4,0
IDN.14.12_1,KalimantanTengah,PulangPisau,Kabupaten,2023-05,2023,5,19
IDN.14.12_1,KalimantanTengah,PulangPisau,Kabupaten,2023-06,2023,6,30
IDN.14.12_1,KalimantanTengah,PulangPisau,Kabupaten,2023-07,2023,7,17
IDN.14.12_1,KalimantanTengah,PulangPisau,Kabupaten,2023-08,2023,8,215
IDN.14.12_1,KalimantanTengah,PulangPisau,Kabupaten,2023-09,2023,9,2461
IDN.14.12_1,KalimantanTengah,PulangPisau,Kabupaten,2023-10,2023,10,3953
IDN.14.12_1,KalimantanTengah,PulangPisau,Kabupaten,2023-11,2023,11,332
IDN.14.12_1,KalimantanTengah,PulangPisau,Kabupaten,2023-12,2023,12,8
IDN.14.12_1,KalimantanTengah,PulangPisau,Kabupaten,2024-01,2024,1,1
IDN.14.12_1,KalimantanTengah,PulangPisau,Kabupaten,2024-02,2024,2,4
IDN.14.12_1,KalimantanTengah,PulangPisau,Kabupaten,2024-03,2024,3,0
IDN.14.12_1,KalimantanTengah,PulangPisau,Kabupaten,2024-04,2024,4,1
IDN.14.12_1,KalimantanTengah,PulangPisau,Kabupaten,2024-05,2024,5,1
IDN.14.12_1,KalimantanTengah,PulangPisau,Kabupaten,2024-06,2024,6,1
IDN.14.12_1,KalimantanTengah,PulangPisau,Kabupaten,2024-07,2024,7,3
IDN.14.12_1,KalimantanTengah,PulangPisau,Kabupaten,2024-08,2024,8,102
IDN.14.12_1,KalimantanTengah,PulangPisau,Kabupaten,2024-09,2024,9,121
IDN.14.12_1,KalimantanTengah,PulangPisau,Kabupaten,2024-10,2024,10,104
IDN.14.12_1,KalimantanTengah,PulangPisau,Kabupaten,2024-11,2024,11,5
IDN.14.12_1,KalimantanTengah,PulangPisau,Kabupaten,2024-12,2024,12,0
IDN.14.12_1,KalimantanTengah,PulangPisau,Kabupaten,2025-01,2025,1,3
IDN.14.12_1,KalimantanTengah,PulangPisau,Kabupaten,2025-02,2025,2,1
IDN.14.12_1,KalimantanTengah,PulangPisau,Kabupaten,2025-03,2025,3,1
IDN.14.12_1,KalimantanTengah,PulangPisau,Kabupaten,2025-04,2025,4,2
IDN.14.12_1,KalimantanTengah,PulangPisau,Kabupaten,2025-05,2025,5,5
IDN.14.12_1,KalimantanTengah,PulangPisau,Kabupaten,2025-06,2025,6,8
IDN.14.12_1,KalimantanTengah,PulangPisau,Kabupaten,2025-07,2025,7,8
IDN.14.12_1,KalimantanTengah,PulangPisau,Kabupaten,2025-08,2025,8,4
IDN.14.12_1,KalimantanTengah,PulangPisau,Kabupaten,2025-09,2025,9,6
IDN.14.12_1,KalimantanTengah,PulangPisau,Kabupaten,2025-10,2025,10,9
IDN.14.12_1,KalimantanTengah,PulangPisau,Kabupaten,2025-11,2025,11,1
IDN.14.12_1,KalimantanTengah,PulangPisau,Kabupaten,2025-12,2025,12,1
IDN.14.13_1,KalimantanTengah,Seruyan,Kabupaten,2012-01,2012,1,4
IDN.14.13_1,KalimantanTengah,Seruyan,Kabupaten,2012-02,2012,2,6
IDN.14.13_1,KalimantanTengah,Seruyan,Kabupaten,2012-03,2012,3,6
IDN.14.13_1,KalimantanTengah,Seruyan,Kabupaten,2012-04,2012,4,25
IDN.14.13_1,KalimantanTengah,Seruyan,Kabupaten,2012-05,2012,5,44
IDN.14.13_1,KalimantanTengah,Seruyan,Kabupaten,2012-06,2012,6,53
IDN.14.13_1,KalimantanTengah,Seruyan,Kabupaten,2012-07,2012,7,40
IDN.14.13_1,KalimantanTengah,Seruyan,Kabupaten,2012-08,2012,8,193
IDN.14.13_1,KalimantanTengah,Seruyan,Kabupaten,2012-09,2012,9,822
IDN.14.13_1,KalimantanTengah,Seruyan,Kabupaten,2012-10,2012,10,573
IDN.14.13_1,KalimantanTengah,Seruyan,Kabupaten,2012-11,2012,11,9
IDN.14.13_1,KalimantanTengah,Seruyan,Kabupaten,2012-12,2012,12,9
IDN.14.13_1,KalimantanTengah,Seruyan,Kabupaten,2013-01,2013,1,5
IDN.14.13_1,KalimantanTengah,Seruyan,Kabupaten,2013-02,2013,2,5
IDN.14.13_1,KalimantanTengah,Seruyan,Kabupaten,2013-03,2013,3,14
IDN.14.13_1,KalimantanTengah,Seruyan,Kabupaten,2013-04,2013,4,7
IDN.14.13_1,KalimantanTengah,Seruyan,Kabupaten,2013-05,2013,5,3
IDN.14.13_1,KalimantanTengah,Seruyan,Kabupaten,2013-06,2013,6,23
IDN.14.13_1,KalimantanTengah,Seruyan,Kabupaten,2013-07,2013,7,13
IDN.14.13_1,KalimantanTengah,Seruyan,Kabupaten,2013-08,2013,8,90
IDN.14.13_1,KalimantanTengah,Seruyan,Kabupaten,2013-09,2013,9,511
IDN.14.13_1,KalimantanTengah,Seruyan,Kabupaten,2013-10,2013,10,448
IDN.14.13_1,KalimantanTengah,Seruyan,Kabupaten,2013-11,2013,11,21
IDN.14.13_1,KalimantanTengah,Seruyan,Kabupaten,2013-12,2013,12,4
IDN.14.13_1,KalimantanTengah,Seruyan,Kabupaten,2014-01,2014,1,39
IDN.14.13_1,KalimantanTengah,Seruyan,Kabupaten,2014-02,2014,2,42
IDN.14.13_1,KalimantanTengah,Seruyan,Kabupaten,2014-03,2014,3,10
IDN.14.13_1,KalimantanTengah,Seruyan,Kabupaten,2014-04,2014,4,7
IDN.14.13_1,KalimantanTengah,Seruyan,Kabupaten,2014-05,2014,5,7
IDN.14.13_1,KalimantanTengah,Seruyan,Kabupaten,2014-06,2014,6,18
IDN.14.13_1,KalimantanTengah,Seruyan,Kabupaten,2014-07,2014,7,52
IDN.14.13_1,KalimantanTengah,Seruyan,Kabupaten,2014-08,2014,8,345
IDN.14.13_1,KalimantanTengah,Seruyan,Kabupaten,2014-09,2014,9,1427
IDN.14.13_1,KalimantanTengah,Seruyan,Kabupaten,2014-10,2014,10,2282
IDN.14.13_1,KalimantanTengah,Seruyan,Kabupaten,2014-11,2014,11,1773
IDN.14.13_1,KalimantanTengah,Seruyan,Kabupaten,2014-12,2014,12,5
IDN.14.13_1,KalimantanTengah,Seruyan,Kabupaten,2015-01,2015,1,10
IDN.14.13_1,KalimantanTengah,Seruyan,Kabupaten,2015-02,2015,2,3
IDN.14.13_1,KalimantanTengah,Seruyan,Kabupaten,2015-03,2015,3,9
IDN.14.13_1,KalimantanTengah,Seruyan,Kabupaten,2015-04,2015,4,6
IDN.14.13_1,KalimantanTengah,Seruyan,Kabupaten,2015-05,2015,5,17
IDN.14.13_1,KalimantanTengah,Seruyan,Kabupaten,2015-06,2015,6,31
IDN.14.13_1,KalimantanTengah,Seruyan,Kabupaten,2015-07,2015,7,228
IDN.14.13_1,KalimantanTengah,Seruyan,Kabupaten,2015-08,2015,8,2431
IDN.14.13_1,KalimantanTengah,Seruyan,Kabupaten,2015-09,2015,9,8757
IDN.14.13_1,KalimantanTengah,Seruyan,Kabupaten,2015-10,2015,10,14837
IDN.14.13_1,KalimantanTengah,Seruyan,Kabupaten,2015-11,2015,11,576
IDN.14.13_1,KalimantanTengah,Seruyan,Kabupaten,2015-12,2015,12,10
IDN.14.13_1,KalimantanTengah,Seruyan,Kabupaten,2016-01,2016,1,0
IDN.14.13_1,KalimantanTengah,Seruyan,Kabupaten,2016-02,2016,2,0
IDN.14.13_1,KalimantanTengah,Seruyan,Kabupaten,2016-03,2016,3,3
IDN.14.13_1,KalimantanTengah,Seruyan,Kabupaten,2016-04,2016,4,2
IDN.14.13_1,KalimantanTengah,Seruyan,Kabupaten,2016-05,2016,5,1
IDN.14.13_1,KalimantanTengah,Seruyan,Kabupaten,2016-06,2016,6,4
IDN.14.13_1,KalimantanTengah,Seruyan,Kabupaten,2016-07,2016,7,17
IDN.14.13_1,KalimantanTengah,Seruyan,Kabupaten,2016-08,2016,8,129
IDN.14.13_1,KalimantanTengah,Seruyan,Kabupaten,2016-09,2016,9,135
IDN.14.13_1,KalimantanTengah,Seruyan,Kabupaten,2016-10,2016,10,110
IDN.14.13_1,KalimantanTengah,Seruyan,Kabupaten,2016-11,2016,11,0
IDN.14.13_1,KalimantanTengah,Seruyan,Kabupaten,2016-12,2016,12,6
IDN.14.13_1,KalimantanTengah,Seruyan,Kabupaten,2017-01,2017,1,5
IDN.14.13_1,KalimantanTengah,Seruyan,Kabupaten,2017-02,2017,2,4
IDN.14.13_1,KalimantanTengah,Seruyan,Kabupaten,2017-03,2017,3,2
IDN.14.13_1,KalimantanTengah,Seruyan,Kabupaten,2017-04,2017,4,2
IDN.14.13_1,KalimantanTengah,Seruyan,Kabupaten,2017-05,2017,5,4
IDN.14.13_1,KalimantanTengah,Seruyan,Kabupaten,2017-06,2017,6,6
IDN.14.13_1,KalimantanTengah,Seruyan,Kabupaten,2017-07,2017,7,5
IDN.14.13_1,KalimantanTengah,Seruyan,Kabupaten,2017-08,2017,8,8
IDN.14.13_1,KalimantanTengah,Seruyan,Kabupaten,2017-09,2017,9,63
IDN.14.13_1,KalimantanTengah,Seruyan,Kabupaten,2017-10,2017,10,37
IDN.14.13_1,KalimantanTengah,Seruyan,Kabupaten,2017-11,2017,11,6
IDN.14.13_1,KalimantanTengah,Seruyan,Kabupaten,2017-12,2017,12,5
IDN.14.13_1,KalimantanTengah,Seruyan,Kabupaten,2018-01,2018,1,7
IDN.14.13_1,KalimantanTengah,Seruyan,Kabupaten,2018-02,2018,2,12
IDN.14.13_1,KalimantanTengah,Seruyan,Kabupaten,2018-03,2018,3,8
IDN.14.13_1,KalimantanTengah,Seruyan,Kabupaten,2018-04,2018,4,13
IDN.14.13_1,KalimantanTengah,Seruyan,Kabupaten,2018-05,2018,5,9
IDN.14.13_1,KalimantanTengah,Seruyan,Kabupaten,2018-06,2018,6,12
IDN.14.13_1,KalimantanTengah,Seruyan,Kabupaten,2018-07,2018,7,37
IDN.14.13_1,KalimantanTengah,Seruyan,Kabupaten,2018-08,2018,8,354
IDN.14.13_1,KalimantanTengah,Seruyan,Kabupaten,2018-09,2018,9,295
IDN.14.13_1,KalimantanTengah,Seruyan,Kabupaten,2018-10,2018,10,123
IDN.14.13_1,KalimantanTengah,Seruyan,Kabupaten,2018-11,2018,11,3
IDN.14.13_1,KalimantanTengah,Seruyan,Kabupaten,2018-12,2018,12,0
IDN.14.13_1,KalimantanTengah,Seruyan,Kabupaten,2019-01,2019,1,3
IDN.14.13_1,KalimantanTengah,Seruyan,Kabupaten,2019-02,2019,2,3
IDN.14.13_1,KalimantanTengah,Seruyan,Kabupaten,2019-03,2019,3,3
IDN.14.13_1,KalimantanTengah,Seruyan,Kabupaten,2019-04,2019,4,3
IDN.14.13_1,KalimantanTengah,Seruyan,Kabupaten,2019-05,2019,5,1
IDN.14.13_1,KalimantanTengah,Seruyan,Kabupaten,2019-06,2019,6,7
IDN.14.13_1,KalimantanTengah,Seruyan,Kabupaten,2019-07,2019,7,189
IDN.14.13_1,KalimantanTengah,Seruyan,Kabupaten,2019-08,2019,8,962
IDN.14.13_1,KalimantanTengah,Seruyan,Kabupaten,2019-09,2019,9,6334
IDN.14.13_1,KalimantanTengah,Seruyan,Kabupaten,2019-10,2019,10,705
IDN.14.13_1,KalimantanTengah,Seruyan,Kabupaten,2019-11,2019,11,1483
IDN.14.13_1,KalimantanTengah,Seruyan,Kabupaten,2019-12,2019,12,16
IDN.14.13_1,KalimantanTengah,Seruyan,Kabupaten,2020-01,2020,1,4
IDN.14.13_1,KalimantanTengah,Seruyan,Kabupaten,2020-02,2020,2,0
IDN.14.13_1,KalimantanTengah,Seruyan,Kabupaten,2020-03,2020,3,0
IDN.14.13_1,KalimantanTengah,Seruyan,Kabupaten,2020-04,2020,4,1
IDN.14.13_1,KalimantanTengah,Seruyan,Kabupaten,2020-05,2020,5,1
IDN.14.13_1,KalimantanTengah,Seruyan,Kabupaten,2020-06,2020,6,4
IDN.14.13_1,KalimantanTengah,Seruyan,Kabupaten,2020-07,2020,7,3
IDN.14.13_1,KalimantanTengah,Seruyan,Kabupaten,2020-08,2020,8,30
IDN.14.13_1,KalimantanTengah,Seruyan,Kabupaten,2020-09,2020,9,52
IDN.14.13_1,KalimantanTengah,Seruyan,Kabupaten,2020-10,2020,10,129
IDN.14.13_1,KalimantanTengah,Seruyan,Kabupaten,2020-11,2020,11,12
IDN.14.13_1,KalimantanTengah,Seruyan,Kabupaten,2020-12,2020,12,6
IDN.14.13_1,KalimantanTengah,Seruyan,Kabupaten,2021-01,2021,1,2
IDN.14.13_1,KalimantanTengah,Seruyan,Kabupaten,2021-02,2021,2,0
IDN.14.13_1,KalimantanTengah,Seruyan,Kabupaten,2021-03,2021,3,3
IDN.14.13_1,KalimantanTengah,Seruyan,Kabupaten,2021-04,2021,4,5
IDN.14.13_1,KalimantanTengah,Seruyan,Kabupaten,2021-05,2021,5,2
IDN.14.13_1,KalimantanTengah,Seruyan,Kabupaten,2021-06,2021,6,12
IDN.14.13_1,KalimantanTengah,Seruyan,Kabupaten,2021-07,2021,7,14
IDN.14.13_1,KalimantanTengah,Seruyan,Kabupaten,2021-08,2021,8,7
IDN.14.13_1,KalimantanTengah,Seruyan,Kabupaten,2021-09,2021,9,48
IDN.14.13_1,KalimantanTengah,Seruyan,Kabupaten,2021-10,2021,10,77
IDN.14.13_1,KalimantanTengah,Seruyan,Kabupaten,2021-11,2021,11,2
IDN.14.13_1,KalimantanTengah,Seruyan,Kabupaten,2021-12,2021,12,9
IDN.14.13_1,KalimantanTengah,Seruyan,Kabupaten,2022-01,2022,1,2
IDN.14.13_1,KalimantanTengah,Seruyan,Kabupaten,2022-02,2022,2,5
IDN.14.13_1,KalimantanTengah,Seruyan,Kabupaten,2022-03,2022,3,14
IDN.14.13_1,KalimantanTengah,Seruyan,Kabupaten,2022-04,2022,4,3
IDN.14.13_1,KalimantanTengah,Seruyan,Kabupaten,2022-05,2022,5,8
IDN.14.13_1,KalimantanTengah,Seruyan,Kabupaten,2022-06,2022,6,6
IDN.14.13_1,KalimantanTengah,Seruyan,Kabupaten,2022-07,2022,7,2
IDN.14.13_1,KalimantanTengah,Seruyan,Kabupaten,2022-08,2022,8,26
IDN.14.13_1,KalimantanTengah,Seruyan,Kabupaten,2022-09,2022,9,28
IDN.14.13_1,KalimantanTengah,Seruyan,Kabupaten,2022-10,2022,10,13
IDN.14.13_1,KalimantanTengah,Seruyan,Kabupaten,2022-11,2022,11,4
IDN.14.13_1,KalimantanTengah,Seruyan,Kabupaten,2022-12,2022,12,27
IDN.14.13_1,KalimantanTengah,Seruyan,Kabupaten,2023-01,2023,1,7
IDN.14.13_1,KalimantanTengah,Seruyan,Kabupaten,2023-02,2023,2,21
IDN.14.13_1,KalimantanTengah,Seruyan,Kabupaten,2023-03,2023,3,6
IDN.14.13_1,KalimantanTengah,Seruyan,Kabupaten,2023-04,2023,4,7
IDN.14.13_1,KalimantanTengah,Seruyan,Kabupaten,2023-05,2023,5,25
IDN.14.13_1,KalimantanTengah,Seruyan,Kabupaten,2023-06,2023,6,27
IDN.14.13_1,KalimantanTengah,Seruyan,Kabupaten,2023-07,2023,7,74
IDN.14.13_1,KalimantanTengah,Seruyan,Kabupaten,2023-08,2023,8,696
IDN.14.13_1,KalimantanTengah,Seruyan,Kabupaten,2023-09,2023,9,2329
IDN.14.13_1,KalimantanTengah,Seruyan,Kabupaten,2023-10,2023,10,2347
IDN.14.13_1,KalimantanTengah,Seruyan,Kabupaten,2023-11,2023,11,117
IDN.14.13_1,KalimantanTengah,Seruyan,Kabupaten,2023-12,2023,12,10
IDN.14.13_1,KalimantanTengah,Seruyan,Kabupaten,2024-01,2024,1,5
IDN.14.13_1,KalimantanTengah,Seruyan,Kabupaten,2024-02,2024,2,2
IDN.14.13_1,KalimantanTengah,Seruyan,Kabupaten,2024-03,2024,3,11
IDN.14.13_1,KalimantanTengah,Seruyan,Kabupaten,2024-04,2024,4,0
IDN.14.13_1,KalimantanTengah,Seruyan,Kabupaten,2024-05,2024,5,5
IDN.14.13_1,KalimantanTengah,Seruyan,Kabupaten,2024-06,2024,6,1
IDN.14.13_1,KalimantanTengah,Seruyan,Kabupaten,2024-07,2024,7,4
IDN.14.13_1,KalimantanTengah,Seruyan,Kabupaten,2024-08,2024,8,20
IDN.14.13_1,KalimantanTengah,Seruyan,Kabupaten,2024-09,2024,9,239
IDN.14.13_1,KalimantanTengah,Seruyan,Kabupaten,2024-10,2024,10,32
IDN.14.13_1,KalimantanTengah,Seruyan,Kabupaten,2024-11,2024,11,5
IDN.14.13_1,KalimantanTengah,Seruyan,Kabupaten,2024-12,2024,12,1
IDN.14.13_1,KalimantanTengah,Seruyan,Kabupaten,2025-01,2025,1,3
IDN.14.13_1,KalimantanTengah,Seruyan,Kabupaten,2025-02,2025,2,5
IDN.14.13_1,KalimantanTengah,Seruyan,Kabupaten,2025-03,2025,3,1
IDN.14.13_1,KalimantanTengah,Seruyan,Kabupaten,2025-04,2025,4,3
IDN.14.13_1,KalimantanTengah,Seruyan,Kabupaten,2025-05,2025,5,19
IDN.14.13_1,KalimantanTengah,Seruyan,Kabupaten,2025-06,2025,6,7
IDN.14.13_1,KalimantanTengah,Seruyan,Kabupaten,2025-07,2025,7,46
IDN.14.13_1,KalimantanTengah,Seruyan,Kabupaten,2025-08,2025,8,67
IDN.14.13_1,KalimantanTengah,Seruyan,Kabupaten,2025-09,2025,9,167
IDN.14.13_1,KalimantanTengah,Seruyan,Kabupaten,2025-10,2025,10,48
IDN.14.13_1,KalimantanTengah,Seruyan,Kabupaten,2025-11,2025,11,7
IDN.14.13_1,KalimantanTengah,Seruyan,Kabupaten,2025-12,2025,12,0
IDN.14.14_1,KalimantanTengah,Sukamara,Kabupaten,2012-01,2012,1,2
IDN.14.14_1,KalimantanTengah,Sukamara,Kabupaten,2012-02,2012,2,3
IDN.14.14_1,KalimantanTengah,Sukamara,Kabupaten,2012-03,2012,3,1
IDN.14.14_1,KalimantanTengah,Sukamara,Kabupaten,2012-04,2012,4,5
IDN.14.14_1,KalimantanTengah,Sukamara,Kabupaten,2012-05,2012,5,35
IDN.14.14_1,KalimantanTengah,Sukamara,Kabupaten,2012-06,2012,6,50
IDN.14.14_1,KalimantanTengah,Sukamara,Kabupaten,2012-07,2012,7,58
IDN.14.14_1,KalimantanTengah,Sukamara,Kabupaten,2012-08,2012,8,587
IDN.14.14_1,KalimantanTengah,Sukamara,Kabupaten,2012-09,2012,9,1161
IDN.14.14_1,KalimantanTengah,Sukamara,Kabupaten,2012-10,2012,10,852
IDN.14.14_1,KalimantanTengah,Sukamara,Kabupaten,2012-11,2012,11,5
IDN.14.14_1,KalimantanTengah,Sukamara,Kabupaten,2012-12,2012,12,0
IDN.14.14_1,KalimantanTengah,Sukamara,Kabupaten,2013-01,2013,1,3
IDN.14.14_1,KalimantanTengah,Sukamara,Kabupaten,2013-02,2013,2,3
IDN.14.14_1,KalimantanTengah,Sukamara,Kabupaten,2013-03,2013,3,17
IDN.14.14_1,KalimantanTengah,Sukamara,Kabupaten,2013-04,2013,4,7
IDN.14.14_1,KalimantanTengah,Sukamara,Kabupaten,2013-05,2013,5,0
IDN.14.14_1,KalimantanTengah,Sukamara,Kabupaten,2013-06,2013,6,23
IDN.14.14_1,KalimantanTengah,Sukamara,Kabupaten,2013-07,2013,7,15
IDN.14.14_1,KalimantanTengah,Sukamara,Kabupaten,2013-08,2013,8,59
IDN.14.14_1,KalimantanTengah,Sukamara,Kabupaten,2013-09,2013,9,236
IDN.14.14_1,KalimantanTengah,Sukamara,Kabupaten,2013-10,2013,10,242
IDN.14.14_1,KalimantanTengah,Sukamara,Kabupaten,2013-11,2013,11,6
IDN.14.14_1,KalimantanTengah,Sukamara,Kabupaten,2013-12,2013,12,4
IDN.14.14_1,KalimantanTengah,Sukamara,Kabupaten,2014-01,2014,1,23
IDN.14.14_1,KalimantanTengah,Sukamara,Kabupaten,2014-02,2014,2,96
IDN.14.14_1,KalimantanTengah,Sukamara,Kabupaten,2014-03,2014,3,2
IDN.14.14_1,KalimantanTengah,Sukamara,Kabupaten,2014-04,2014,4,3
IDN.14.14_1,KalimantanTengah,Sukamara,Kabupaten,2014-05,2014,5,16
IDN.14.14_1,KalimantanTengah,Sukamara,Kabupaten,2014-06,2014,6,19
IDN.14.14_1,KalimantanTengah,Sukamara,Kabupaten,2014-07,2014,7,99
IDN.14.14_1,KalimantanTengah,Sukamara,Kabupaten,2014-08,2014,8,264
IDN.14.14_1,KalimantanTengah,Sukamara,Kabupaten,2014-09,2014,9,1428
IDN.14.14_1,KalimantanTengah,Sukamara,Kabupaten,2014-10,2014,10,1002
IDN.14.14_1,KalimantanTengah,Sukamara,Kabupaten,2014-11,2014,11,570
IDN.14.14_1,KalimantanTengah,Sukamara,Kabupaten,2014-12,2014,12,8
IDN.14.14_1,KalimantanTengah,Sukamara,Kabupaten,2015-01,2015,1,16
IDN.14.14_1,KalimantanTengah,Sukamara,Kabupaten,2015-02,2015,2,19
IDN.14.14_1,KalimantanTengah,Sukamara,Kabupaten,2015-03,2015,3,2
IDN.14.14_1,KalimantanTengah,Sukamara,Kabupaten,2015-04,2015,4,5
IDN.14.14_1,KalimantanTengah,Sukamara,Kabupaten,2015-05,2015,5,27
IDN.14.14_1,KalimantanTengah,Sukamara,Kabupaten,2015-06,2015,6,30
IDN.14.14_1,KalimantanTengah,Sukamara,Kabupaten,2015-07,2015,7,202
IDN.14.14_1,KalimantanTengah,Sukamara,Kabupaten,2015-08,2015,8,1268
IDN.14.14_1,KalimantanTengah,Sukamara,Kabupaten,2015-09,2015,9,3639
IDN.14.14_1,KalimantanTengah,Sukamara,Kabupaten,2015-10,2015,10,4782
IDN.14.14_1,KalimantanTengah,Sukamara,Kabupaten,2015-11,2015,11,1674
IDN.14.14_1,KalimantanTengah,Sukamara,Kabupaten,2015-12,2015,12,85
IDN.14.14_1,KalimantanTengah,Sukamara,Kabupaten,2016-01,2016,1,2
IDN.14.14_1,KalimantanTengah,Sukamara,Kabupaten,2016-02,2016,2,4
IDN.14.14_1,KalimantanTengah,Sukamara,Kabupaten,2016-03,2016,3,4
IDN.14.14_1,KalimantanTengah,Sukamara,Kabupaten,2016-04,2016,4,4
IDN.14.14_1,KalimantanTengah,Sukamara,Kabupaten,2016-05,2016,5,2
IDN.14.14_1,KalimantanTengah,Sukamara,Kabupaten,2016-06,2016,6,2
IDN.14.14_1,KalimantanTengah,Sukamara,Kabupaten,2016-07,2016,7,5
IDN.14.14_1,KalimantanTengah,Sukamara,Kabupaten,2016-08,2016,8,60
IDN.14.14_1,KalimantanTengah,Sukamara,Kabupaten,2016-09,2016,9,20
IDN.14.14_1,KalimantanTengah,Sukamara,Kabupaten,2016-10,2016,10,8
IDN.14.14_1,KalimantanTengah,Sukamara,Kabupaten,2016-11,2016,11,2
IDN.14.14_1,KalimantanTengah,Sukamara,Kabupaten,2016-12,2016,12,0
IDN.14.14_1,KalimantanTengah,Sukamara,Kabupaten,2017-01,2017,1,0
IDN.14.14_1,KalimantanTengah,Sukamara,Kabupaten,2017-02,2017,2,2
IDN.14.14_1,KalimantanTengah,Sukamara,Kabupaten,2017-03,2017,3,0
IDN.14.14_1,KalimantanTengah,Sukamara,Kabupaten,2017-04,2017,4,1
IDN.14.14_1,KalimantanTengah,Sukamara,Kabupaten,2017-05,2017,5,6
IDN.14.14_1,KalimantanTengah,Sukamara,Kabupaten,2017-06,2017,6,12
IDN.14.14_1,KalimantanTengah,Sukamara,Kabupaten,2017-07,2017,7,11
IDN.14.14_1,KalimantanTengah,Sukamara,Kabupaten,2017-08,2017,8,12
IDN.14.14_1,KalimantanTengah,Sukamara,Kabupaten,2017-09,2017,9,32
IDN.14.14_1,KalimantanTengah,Sukamara,Kabupaten,2017-10,2017,10,4
IDN.14.14_1,KalimantanTengah,Sukamara,Kabupaten,2017-11,2017,11,1
IDN.14.14_1,KalimantanTengah,Sukamara,Kabupaten,2017-12,2017,12,1
IDN.14.14_1,KalimantanTengah,Sukamara,Kabupaten,2018-01,2018,1,12
IDN.14.14_1,KalimantanTengah,Sukamara,Kabupaten,2018-02,2018,2,26
IDN.14.14_1,KalimantanTengah,Sukamara,Kabupaten,2018-03,2018,3,4
IDN.14.14_1,KalimantanTengah,Sukamara,Kabupaten,2018-04,2018,4,5
IDN.14.14_1,KalimantanTengah,Sukamara,Kabupaten,2018-05,2018,5,4
IDN.14.14_1,KalimantanTengah,Sukamara,Kabupaten,2018-06,2018,6,18
IDN.14.14_1,KalimantanTengah,Sukamara,Kabupaten,2018-07,2018,7,56
IDN.14.14_1,KalimantanTengah,Sukamara,Kabupaten,2018-08,2018,8,458
IDN.14.14_1,KalimantanTengah,Sukamara,Kabupaten,2018-09,2018,9,372
IDN.14.14_1,KalimantanTengah,Sukamara,Kabupaten,2018-10,2018,10,87
IDN.14.14_1,KalimantanTengah,Sukamara,Kabupaten,2018-11,2018,11,6
IDN.14.14_1,KalimantanTengah,Sukamara,Kabupaten,2018-12,2018,12,0
IDN.14.14_1,KalimantanTengah,Sukamara,Kabupaten,2019-01,2019,1,4
IDN.14.14_1,KalimantanTengah,Sukamara,Kabupaten,2019-02,2019,2,0
IDN.14.14_1,KalimantanTengah,Sukamara,Kabupaten,2019-03,2019,3,5
IDN.14.14_1,KalimantanTengah,Sukamara,Kabupaten,2019-04,2019,4,1
IDN.14.14_1,KalimantanTengah,Sukamara,Kabupaten,2019-05,2019,5,11
IDN.14.14_1,KalimantanTengah,Sukamara,Kabupaten,2019-06,2019,6,12
IDN.14.14_1,KalimantanTengah,Sukamara,Kabupaten,2019-07,2019,7,66
IDN.14.14_1,KalimantanTengah,Sukamara,Kabupaten,2019-08,2019,8,186
IDN.14.14_1,KalimantanTengah,Sukamara,Kabupaten,2019-09,2019,9,1941
IDN.14.14_1,KalimantanTengah,Sukamara,Kabupaten,2019-10,2019,10,563
IDN.14.14_1,KalimantanTengah,Sukamara,Kabupaten,2019-11,2019,11,746
IDN.14.14_1,KalimantanTengah,Sukamara,Kabupaten,2019-12,2019,12,0
IDN.14.14_1,KalimantanTengah,Sukamara,Kabupaten,2020-01,2020,1,1
IDN.14.14_1,KalimantanTengah,Sukamara,Kabupaten,2020-02,2020,2,0
IDN.14.14_1,KalimantanTengah,Sukamara,Kabupaten,2020-03,2020,3,0
IDN.14.14_1,KalimantanTengah,Sukamara,Kabupaten,2020-04,2020,4,0
IDN.14.14_1,KalimantanTengah,Sukamara,Kabupaten,2020-05,2020,5,0
IDN.14.14_1,KalimantanTengah,Sukamara,Kabupaten,2020-06,2020,6,1
IDN.14.14_1,KalimantanTengah,Sukamara,Kabupaten,2020-07,2020,7,10
IDN.14.14_1,KalimantanTengah,Sukamara,Kabupaten,2020-08,2020,8,3
IDN.14.14_1,KalimantanTengah,Sukamara,Kabupaten,2020-09,2020,9,5
IDN.14.14_1,KalimantanTengah,Sukamara,Kabupaten,2020-10,2020,10,5
IDN.14.14_1,KalimantanTengah,Sukamara,Kabupaten,2020-11,2020,11,1
IDN.14.14_1,KalimantanTengah,Sukamara,Kabupaten,2020-12,2020,12,1
IDN.14.14_1,KalimantanTengah,Sukamara,Kabupaten,2021-01,2021,1,2
IDN.14.14_1,KalimantanTengah,Sukamara,Kabupaten,2021-02,2021,2,27
IDN.14.14_1,KalimantanTengah,Sukamara,Kabupaten,2021-03,2021,3,11
IDN.14.14_1,KalimantanTengah,Sukamara,Kabupaten,2021-04,2021,4,28
IDN.14.14_1,KalimantanTengah,Sukamara,Kabupaten,2021-05,2021,5,1
IDN.14.14_1,KalimantanTengah,Sukamara,Kabupaten,2021-06,2021,6,11
IDN.14.14_1,KalimantanTengah,Sukamara,Kabupaten,2021-07,2021,7,6
IDN.14.14_1,KalimantanTengah,Sukamara,Kabupaten,2021-08,2021,8,1
IDN.14.14_1,KalimantanTengah,Sukamara,Kabupaten,2021-09,2021,9,10
IDN.14.14_1,KalimantanTengah,Sukamara,Kabupaten,2021-10,2021,10,2
IDN.14.14_1,KalimantanTengah,Sukamara,Kabupaten,2021-11,2021,11,1
IDN.14.14_1,KalimantanTengah,Sukamara,Kabupaten,2021-12,2021,12,6
IDN.14.14_1,KalimantanTengah,Sukamara,Kabupaten,2022-01,2022,1,1
IDN.14.14_1,KalimantanTengah,Sukamara,Kabupaten,2022-02,2022,2,3
IDN.14.14_1,KalimantanTengah,Sukamara,Kabupaten,2022-03,2022,3,6
IDN.14.14_1,KalimantanTengah,Sukamara,Kabupaten,2022-04,2022,4,10
IDN.14.14_1,KalimantanTengah,Sukamara,Kabupaten,2022-05,2022,5,5
IDN.14.14_1,KalimantanTengah,Sukamara,Kabupaten,2022-06,2022,6,2
IDN.14.14_1,KalimantanTengah,Sukamara,Kabupaten,2022-07,2022,7,12
IDN.14.14_1,KalimantanTengah,Sukamara,Kabupaten,2022-08,2022,8,7
IDN.14.14_1,KalimantanTengah,Sukamara,Kabupaten,2022-09,2022,9,12
IDN.14.14_1,KalimantanTengah,Sukamara,Kabupaten,2022-10,2022,10,0
IDN.14.14_1,KalimantanTengah,Sukamara,Kabupaten,2022-11,2022,11,1
IDN.14.14_1,KalimantanTengah,Sukamara,Kabupaten,2022-12,2022,12,3
IDN.14.14_1,KalimantanTengah,Sukamara,Kabupaten,2023-01,2023,1,28
IDN.14.14_1,KalimantanTengah,Sukamara,Kabupaten,2023-02,2023,2,12
IDN.14.14_1,KalimantanTengah,Sukamara,Kabupaten,2023-03,2023,3,1
IDN.14.14_1,KalimantanTengah,Sukamara,Kabupaten,2023-04,2023,4,7
IDN.14.14_1,KalimantanTengah,Sukamara,Kabupaten,2023-05,2023,5,18
IDN.14.14_1,KalimantanTengah,Sukamara,Kabupaten,2023-06,2023,6,26
IDN.14.14_1,KalimantanTengah,Sukamara,Kabupaten,2023-07,2023,7,14
IDN.14.14_1,KalimantanTengah,Sukamara,Kabupaten,2023-08,2023,8,108
IDN.14.14_1,KalimantanTengah,Sukamara,Kabupaten,2023-09,2023,9,695
IDN.14.14_1,KalimantanTengah,Sukamara,Kabupaten,2023-10,2023,10,428
IDN.14.14_1,KalimantanTengah,Sukamara,Kabupaten,2023-11,2023,11,18
IDN.14.14_1,KalimantanTengah,Sukamara,Kabupaten,2023-12,2023,12,0
IDN.14.14_1,KalimantanTengah,Sukamara,Kabupaten,2024-01,2024,1,1
IDN.14.14_1,KalimantanTengah,Sukamara,Kabupaten,2024-02,2024,2,1
IDN.14.14_1,KalimantanTengah,Sukamara,Kabupaten,2024-03,2024,3,0
IDN.14.14_1,KalimantanTengah,Sukamara,Kabupaten,2024-04,2024,4,0
IDN.14.14_1,KalimantanTengah,Sukamara,Kabupaten,2024-05,2024,5,0
IDN.14.14_1,KalimantanTengah,Sukamara,Kabupaten,2024-06,2024,6,1
IDN.14.14_1,KalimantanTengah,Sukamara,Kabupaten,2024-07,2024,7,5
IDN.14.14_1,KalimantanTengah,Sukamara,Kabupaten,2024-08,2024,8,25
IDN.14.14_1,KalimantanTengah,Sukamara,Kabupaten,2024-09,2024,9,61
IDN.14.14_1,KalimantanTengah,Sukamara,Kabupaten,2024-10,2024,10,9
IDN.14.14_1,KalimantanTengah,Sukamara,Kabupaten,2024-11,2024,11,0
IDN.14.14_1,KalimantanTengah,Sukamara,Kabupaten,2024-12,2024,12,3
IDN.14.14_1,KalimantanTengah,Sukamara,Kabupaten,2025-01,2025,1,0
IDN.14.14_1,KalimantanTengah,Sukamara,Kabupaten,2025-02,2025,2,2
IDN.14.14_1,KalimantanTengah,Sukamara,Kabupaten,2025-03,2025,3,1
IDN.14.14_1,KalimantanTengah,Sukamara,Kabupaten,2025-04,2025,4,1
IDN.14.14_1,KalimantanTengah,Sukamara,Kabupaten,2025-05,2025,5,5
IDN.14.14_1,KalimantanTengah,Sukamara,Kabupaten,2025-06,2025,6,3
IDN.14.14_1,KalimantanTengah,Sukamara,Kabupaten,2025-07,2025,7,26
IDN.14.14_1,KalimantanTengah,Sukamara,Kabupaten,2025-08,2025,8,9
IDN.14.14_1,KalimantanTengah,Sukamara,Kabupaten,2025-09,2025,9,9
IDN.14.14_1,KalimantanTengah,Sukamara,Kabupaten,2025-10,2025,10,10
IDN.14.14_1,KalimantanTengah,Sukamara,Kabupaten,2025-11,2025,11,0
IDN.14.14_1,KalimantanTengah,Sukamara,Kabupaten,2025-12,2025,12,1
IDN.34.1_1,KalimantanTimur,Balikpapan,Kota,2012-01,2012,1,1
IDN.34.1_1,KalimantanTimur,Balikpapan,Kota,2012-02,2012,2,1
IDN.34.1_1,KalimantanTimur,Balikpapan,Kota,2012-03,2012,3,0
IDN.34.1_1,KalimantanTimur,Balikpapan,Kota,2012-04,2012,4,0
IDN.34.1_1,KalimantanTimur,Balikpapan,Kota,2012-05,2012,5,2
IDN.34.1_1,KalimantanTimur,Balikpapan,Kota,2012-06,2012,6,3
IDN.34.1_1,KalimantanTimur,Balikpapan,Kota,2012-07,2012,7,2
IDN.34.1_1,KalimantanTimur,Balikpapan,Kota,2012-08,2012,8,8
IDN.34.1_1,KalimantanTimur,Balikpapan,Kota,2012-09,2012,9,9
IDN.34.1_1,KalimantanTimur,Balikpapan,Kota,2012-10,2012,10,2
IDN.34.1_1,KalimantanTimur,Balikpapan,Kota,2012-11,2012,11,5
IDN.34.1_1,KalimantanTimur,Balikpapan,Kota,2012-12,2012,12,2
IDN.34.1_1,KalimantanTimur,Balikpapan,Kota,2013-01,2013,1,5
IDN.34.1_1,KalimantanTimur,Balikpapan,Kota,2013-02,2013,2,6
IDN.34.1_1,KalimantanTimur,Balikpapan,Kota,2013-03,2013,3,1
IDN.34.1_1,KalimantanTimur,Balikpapan,Kota,2013-04,2013,4,3
IDN.34.1_1,KalimantanTimur,Balikpapan,Kota,2013-05,2013,5,0
IDN.34.1_1,KalimantanTimur,Balikpapan,Kota,2013-06,2013,6,5
IDN.34.1_1,KalimantanTimur,Balikpapan,Kota,2013-07,2013,7,7
IDN.34.1_1,KalimantanTimur,Balikpapan,Kota,2013-08,2013,8,7
IDN.34.1_1,KalimantanTimur,Balikpapan,Kota,2013-09,2013,9,12
IDN.34.1_1,KalimantanTimur,Balikpapan,Kota,2013-10,2013,10,5
IDN.34.1_1,KalimantanTimur,Balikpapan,Kota,2013-11,2013,11,3
IDN.34.1_1,KalimantanTimur,Balikpapan,Kota,2013-12,2013,12,7
IDN.34.1_1,KalimantanTimur,Balikpapan,Kota,2014-01,2014,1,0
IDN.34.1_1,KalimantanTimur,Balikpapan,Kota,2014-02,2014,2,9
IDN.34.1_1,KalimantanTimur,Balikpapan,Kota,2014-03,2014,3,4
IDN.34.1_1,KalimantanTimur,Balikpapan,Kota,2014-04,2014,4,28
IDN.34.1_1,KalimantanTimur,Balikpapan,Kota,2014-05,2014,5,5
IDN.34.1_1,KalimantanTimur,Balikpapan,Kota,2014-06,2014,6,2
IDN.34.1_1,KalimantanTimur,Balikpapan,Kota,2014-07,2014,7,3
IDN.34.1_1,KalimantanTimur,Balikpapan,Kota,2014-08,2014,8,5
IDN.34.1_1,KalimantanTimur,Balikpapan,Kota,2014-09,2014,9,13
IDN.34.1_1,KalimantanTimur,Balikpapan,Kota,2014-10,2014,10,24
IDN.34.1_1,KalimantanTimur,Balikpapan,Kota,2014-11,2014,11,5
IDN.34.1_1,KalimantanTimur,Balikpapan,Kota,2014-12,2014,12,1
IDN.34.1_1,KalimantanTimur,Balikpapan,Kota,2015-01,2015,1,1
IDN.34.1_1,KalimantanTimur,Balikpapan,Kota,2015-02,2015,2,4
IDN.34.1_1,KalimantanTimur,Balikpapan,Kota,2015-03,2015,3,1
IDN.34.1_1,KalimantanTimur,Balikpapan,Kota,2015-04,2015,4,0
IDN.34.1_1,KalimantanTimur,Balikpapan,Kota,2015-05,2015,5,1
IDN.34.1_1,KalimantanTimur,Balikpapan,Kota,2015-06,2015,6,1
IDN.34.1_1,KalimantanTimur,Balikpapan,Kota,2015-07,2015,7,3
IDN.34.1_1,KalimantanTimur,Balikpapan,Kota,2015-08,2015,8,12
IDN.34.1_1,KalimantanTimur,Balikpapan,Kota,2015-09,2015,9,27
IDN.34.1_1,KalimantanTimur,Balikpapan,Kota,2015-10,2015,10,153
IDN.34.1_1,KalimantanTimur,Balikpapan,Kota,2015-11,2015,11,16
IDN.34.1_1,KalimantanTimur,Balikpapan,Kota,2015-12,2015,12,4
IDN.34.1_1,KalimantanTimur,Balikpapan,Kota,2016-01,2016,1,17
IDN.34.1_1,KalimantanTimur,Balikpapan,Kota,2016-02,2016,2,3
IDN.34.1_1,KalimantanTimur,Balikpapan,Kota,2016-03,2016,3,3
IDN.34.1_1,KalimantanTimur,Balikpapan,Kota,2016-04,2016,4,2
IDN.34.1_1,KalimantanTimur,Balikpapan,Kota,2016-05,2016,5,0
IDN.34.1_1,KalimantanTimur,Balikpapan,Kota,2016-06,2016,6,1
IDN.34.1_1,KalimantanTimur,Balikpapan,Kota,2016-07,2016,7,0
IDN.34.1_1,KalimantanTimur,Balikpapan,Kota,2016-08,2016,8,0
IDN.34.1_1,KalimantanTimur,Balikpapan,Kota,2016-09,2016,9,2
IDN.34.1_1,KalimantanTimur,Balikpapan,Kota,2016-10,2016,10,0
IDN.34.1_1,KalimantanTimur,Balikpapan,Kota,2016-11,2016,11,1
IDN.34.1_1,KalimantanTimur,Balikpapan,Kota,2016-12,2016,12,0
IDN.34.1_1,KalimantanTimur,Balikpapan,Kota,2017-01,2017,1,0
IDN.34.1_1,KalimantanTimur,Balikpapan,Kota,2017-02,2017,2,2
IDN.34.1_1,KalimantanTimur,Balikpapan,Kota,2017-03,2017,3,0
IDN.34.1_1,KalimantanTimur,Balikpapan,Kota,2017-04,2017,4,3
IDN.34.1_1,KalimantanTimur,Balikpapan,Kota,2017-05,2017,5,3
IDN.34.1_1,KalimantanTimur,Balikpapan,Kota,2017-06,2017,6,0
IDN.34.1_1,KalimantanTimur,Balikpapan,Kota,2017-07,2017,7,0
IDN.34.1_1,KalimantanTimur,Balikpapan,Kota,2017-08,2017,8,0
IDN.34.1_1,KalimantanTimur,Balikpapan,Kota,2017-09,2017,9,0
IDN.34.1_1,KalimantanTimur,Balikpapan,Kota,2017-10,2017,10,1
IDN.34.1_1,KalimantanTimur,Balikpapan,Kota,2017-11,2017,11,1
IDN.34.1_1,KalimantanTimur,Balikpapan,Kota,2017-12,2017,12,3
IDN.34.1_1,KalimantanTimur,Balikpapan,Kota,2018-01,2018,1,0
IDN.34.1_1,KalimantanTimur,Balikpapan,Kota,2018-02,2018,2,0
IDN.34.1_1,KalimantanTimur,Balikpapan,Kota,2018-03,2018,3,1
IDN.34.1_1,KalimantanTimur,Balikpapan,Kota,2018-04,2018,4,2
IDN.34.1_1,KalimantanTimur,Balikpapan,Kota,2018-05,2018,5,0
IDN.34.1_1,KalimantanTimur,Balikpapan,Kota,2018-06,2018,6,2
IDN.34.1_1,KalimantanTimur,Balikpapan,Kota,2018-07,2018,7,0
IDN.34.1_1,KalimantanTimur,Balikpapan,Kota,2018-08,2018,8,1
IDN.34.1_1,KalimantanTimur,Balikpapan,Kota,2018-09,2018,9,8
IDN.34.1_1,KalimantanTimur,Balikpapan,Kota,2018-10,2018,10,2
IDN.34.1_1,KalimantanTimur,Balikpapan,Kota,2018-11,2018,11,0
IDN.34.1_1,KalimantanTimur,Balikpapan,Kota,2018-12,2018,12,0
IDN.34.1_1,KalimantanTimur,Balikpapan,Kota,2019-01,2019,1,0
IDN.34.1_1,KalimantanTimur,Balikpapan,Kota,2019-02,2019,2,2
IDN.34.1_1,KalimantanTimur,Balikpapan,Kota,2019-03,2019,3,1
IDN.34.1_1,KalimantanTimur,Balikpapan,Kota,2019-04,2019,4,1
IDN.34.1_1,KalimantanTimur,Balikpapan,Kota,2019-05,2019,5,10
IDN.34.1_1,KalimantanTimur,Balikpapan,Kota,2019-06,2019,6,0
IDN.34.1_1,KalimantanTimur,Balikpapan,Kota,2019-07,2019,7,1
IDN.34.1_1,KalimantanTimur,Balikpapan,Kota,2019-08,2019,8,4
IDN.34.1_1,KalimantanTimur,Balikpapan,Kota,2019-09,2019,9,8
IDN.34.1_1,KalimantanTimur,Balikpapan,Kota,2019-10,2019,10,3
IDN.34.1_1,KalimantanTimur,Balikpapan,Kota,2019-11,2019,11,1
IDN.34.1_1,KalimantanTimur,Balikpapan,Kota,2019-12,2019,12,0
IDN.34.1_1,KalimantanTimur,Balikpapan,Kota,2020-01,2020,1,3
IDN.34.1_1,KalimantanTimur,Balikpapan,Kota,2020-02,2020,2,1
IDN.34.1_1,KalimantanTimur,Balikpapan,Kota,2020-03,2020,3,0
IDN.34.1_1,KalimantanTimur,Balikpapan,Kota,2020-04,2020,4,0
IDN.34.1_1,KalimantanTimur,Balikpapan,Kota,2020-05,2020,5,4
IDN.34.1_1,KalimantanTimur,Balikpapan,Kota,2020-06,2020,6,3
IDN.34.1_1,KalimantanTimur,Balikpapan,Kota,2020-07,2020,7,0
IDN.34.1_1,KalimantanTimur,Balikpapan,Kota,2020-08,2020,8,1
IDN.34.1_1,KalimantanTimur,Balikpapan,Kota,2020-09,2020,9,0
IDN.34.1_1,KalimantanTimur,Balikpapan,Kota,2020-10,2020,10,2
IDN.34.1_1,KalimantanTimur,Balikpapan,Kota,2020-11,2020,11,0
IDN.34.1_1,KalimantanTimur,Balikpapan,Kota,2020-12,2020,12,1
IDN.34.1_1,KalimantanTimur,Balikpapan,Kota,2021-01,2021,1,0
IDN.34.1_1,KalimantanTimur,Balikpapan,Kota,2021-02,2021,2,0
IDN.34.1_1,KalimantanTimur,Balikpapan,Kota,2021-03,2021,3,1
IDN.34.1_1,KalimantanTimur,Balikpapan,Kota,2021-04,2021,4,0
IDN.34.1_1,KalimantanTimur,Balikpapan,Kota,2021-05,2021,5,0
IDN.34.1_1,KalimantanTimur,Balikpapan,Kota,2021-06,2021,6,1
IDN.34.1_1,KalimantanTimur,Balikpapan,Kota,2021-07,2021,7,2
IDN.34.1_1,KalimantanTimur,Balikpapan,Kota,2021-08,2021,8,0
IDN.34.1_1,KalimantanTimur,Balikpapan,Kota,2021-09,2021,9,0
IDN.34.1_1,KalimantanTimur,Balikpapan,Kota,2021-10,2021,10,1
IDN.34.1_1,KalimantanTimur,Balikpapan,Kota,2021-11,2021,11,0
IDN.34.1_1,KalimantanTimur,Balikpapan,Kota,2021-12,2021,12,0
IDN.34.1_1,KalimantanTimur,Balikpapan,Kota,2022-01,2022,1,1
IDN.34.1_1,KalimantanTimur,Balikpapan,Kota,2022-02,2022,2,0
IDN.34.1_1,KalimantanTimur,Balikpapan,Kota,2022-03,2022,3,0
IDN.34.1_1,KalimantanTimur,Balikpapan,Kota,2022-04,2022,4,0
IDN.34.1_1,KalimantanTimur,Balikpapan,Kota,2022-05,2022,5,0
IDN.34.1_1,KalimantanTimur,Balikpapan,Kota,2022-06,2022,6,1
IDN.34.1_1,KalimantanTimur,Balikpapan,Kota,2022-07,2022,7,2
IDN.34.1_1,KalimantanTimur,Balikpapan,Kota,2022-08,2022,8,0
IDN.34.1_1,KalimantanTimur,Balikpapan,Kota,2022-09,2022,9,0
IDN.34.1_1,KalimantanTimur,Balikpapan,Kota,2022-10,2022,10,2
IDN.34.1_1,KalimantanTimur,Balikpapan,Kota,2022-11,2022,11,2
IDN.34.1_1,KalimantanTimur,Balikpapan,Kota,2022-12,2022,12,2
IDN.34.1_1,KalimantanTimur,Balikpapan,Kota,2023-01,2023,1,0
IDN.34.1_1,KalimantanTimur,Balikpapan,Kota,2023-02,2023,2,0
IDN.34.1_1,KalimantanTimur,Balikpapan,Kota,2023-03,2023,3,1
IDN.34.1_1,KalimantanTimur,Balikpapan,Kota,2023-04,2023,4,1
IDN.34.1_1,KalimantanTimur,Balikpapan,Kota,2023-05,2023,5,1
IDN.34.1_1,KalimantanTimur,Balikpapan,Kota,2023-06,2023,6,2
IDN.34.1_1,KalimantanTimur,Balikpapan,Kota,2023-07,2023,7,3
IDN.34.1_1,KalimantanTimur,Balikpapan,Kota,2023-08,2023,8,7
IDN.34.1_1,KalimantanTimur,Balikpapan,Kota,2023-09,2023,9,4
IDN.34.1_1,KalimantanTimur,Balikpapan,Kota,2023-10,2023,10,9
IDN.34.1_1,KalimantanTimur,Balikpapan,Kota,2023-11,2023,11,3
IDN.34.1_1,KalimantanTimur,Balikpapan,Kota,2023-12,2023,12,2
IDN.34.1_1,KalimantanTimur,Balikpapan,Kota,2024-01,2024,1,1
IDN.34.1_1,KalimantanTimur,Balikpapan,Kota,2024-02,2024,2,0
IDN.34.1_1,KalimantanTimur,Balikpapan,Kota,2024-03,2024,3,0
IDN.34.1_1,KalimantanTimur,Balikpapan,Kota,2024-04,2024,4,2
IDN.34.1_1,KalimantanTimur,Balikpapan,Kota,2024-05,2024,5,0
IDN.34.1_1,KalimantanTimur,Balikpapan,Kota,2024-06,2024,6,0
IDN.34.1_1,KalimantanTimur,Balikpapan,Kota,2024-07,2024,7,0
IDN.34.1_1,KalimantanTimur,Balikpapan,Kota,2024-08,2024,8,1
IDN.34.1_1,KalimantanTimur,Balikpapan,Kota,2024-09,2024,9,3
IDN.34.1_1,KalimantanTimur,Balikpapan,Kota,2024-10,2024,10,2
IDN.34.1_1,KalimantanTimur,Balikpapan,Kota,2024-11,2024,11,1
IDN.34.1_1,KalimantanTimur,Balikpapan,Kota,2024-12,2024,12,0
IDN.34.1_1,KalimantanTimur,Balikpapan,Kota,2025-01,2025,1,0
IDN.34.1_1,KalimantanTimur,Balikpapan,Kota,2025-02,2025,2,0
IDN.34.1_1,KalimantanTimur,Balikpapan,Kota,2025-03,2025,3,0
IDN.34.1_1,KalimantanTimur,Balikpapan,Kota,2025-04,2025,4,0
IDN.34.1_1,KalimantanTimur,Balikpapan,Kota,2025-05,2025,5,0
IDN.34.1_1,KalimantanTimur,Balikpapan,Kota,2025-06,2025,6,2
IDN.34.1_1,KalimantanTimur,Balikpapan,Kota,2025-07,2025,7,4
IDN.34.1_1,KalimantanTimur,Balikpapan,Kota,2025-08,2025,8,0
IDN.34.1_1,KalimantanTimur,Balikpapan,Kota,2025-09,2025,9,2
IDN.34.1_1,KalimantanTimur,Balikpapan,Kota,2025-10,2025,10,3
IDN.34.1_1,KalimantanTimur,Balikpapan,Kota,2025-11,2025,11,3
IDN.34.1_1,KalimantanTimur,Balikpapan,Kota,2025-12,2025,12,2
IDN.34.2_1,KalimantanTimur,Berau,Kabupaten,2012-01,2012,1,7
IDN.34.2_1,KalimantanTimur,Berau,Kabupaten,2012-02,2012,2,12
IDN.34.2_1,KalimantanTimur,Berau,Kabupaten,2012-03,2012,3,1
IDN.34.2_1,KalimantanTimur,Berau,Kabupaten,2012-04,2012,4,25
IDN.34.2_1,KalimantanTimur,Berau,Kabupaten,2012-05,2012,5,19
IDN.34.2_1,KalimantanTimur,Berau,Kabupaten,2012-06,2012,6,176
IDN.34.2_1,KalimantanTimur,Berau,Kabupaten,2012-07,2012,7,208
IDN.34.2_1,KalimantanTimur,Berau,Kabupaten,2012-08,2012,8,817
IDN.34.2_1,KalimantanTimur,Berau,Kabupaten,2012-09,2012,9,508
IDN.34.2_1,KalimantanTimur,Berau,Kabupaten,2012-10,2012,10,162
IDN.34.2_1,KalimantanTimur,Berau,Kabupaten,2012-11,2012,11,23
IDN.34.2_1,KalimantanTimur,Berau,Kabupaten,2012-12,2012,12,26
IDN.34.2_1,KalimantanTimur,Berau,Kabupaten,2013-01,2013,1,4
IDN.34.2_1,KalimantanTimur,Berau,Kabupaten,2013-02,2013,2,6
IDN.34.2_1,KalimantanTimur,Berau,Kabupaten,2013-03,2013,3,79
IDN.34.2_1,KalimantanTimur,Berau,Kabupaten,2013-04,2013,4,18
IDN.34.2_1,KalimantanTimur,Berau,Kabupaten,2013-05,2013,5,11
IDN.34.2_1,KalimantanTimur,Berau,Kabupaten,2013-06,2013,6,81
IDN.34.2_1,KalimantanTimur,Berau,Kabupaten,2013-07,2013,7,32
IDN.34.2_1,KalimantanTimur,Berau,Kabupaten,2013-08,2013,8,370
IDN.34.2_1,KalimantanTimur,Berau,Kabupaten,2013-09,2013,9,555
IDN.34.2_1,KalimantanTimur,Berau,Kabupaten,2013-10,2013,10,175
IDN.34.2_1,KalimantanTimur,Berau,Kabupaten,2013-11,2013,11,23
IDN.34.2_1,KalimantanTimur,Berau,Kabupaten,2013-12,2013,12,23
IDN.34.2_1,KalimantanTimur,Berau,Kabupaten,2014-01,2014,1,30
IDN.34.2_1,KalimantanTimur,Berau,Kabupaten,2014-02,2014,2,125
IDN.34.2_1,KalimantanTimur,Berau,Kabupaten,2014-03,2014,3,196
IDN.34.2_1,KalimantanTimur,Berau,Kabupaten,2014-04,2014,4,45
IDN.34.2_1,KalimantanTimur,Berau,Kabupaten,2014-05,2014,5,101
IDN.34.2_1,KalimantanTimur,Berau,Kabupaten,2014-06,2014,6,69
IDN.34.2_1,KalimantanTimur,Berau,Kabupaten,2014-07,2014,7,65
IDN.34.2_1,KalimantanTimur,Berau,Kabupaten,2014-08,2014,8,621
IDN.34.2_1,KalimantanTimur,Berau,Kabupaten,2014-09,2014,9,867
IDN.34.2_1,KalimantanTimur,Berau,Kabupaten,2014-10,2014,10,1337
IDN.34.2_1,KalimantanTimur,Berau,Kabupaten,2014-11,2014,11,47
IDN.34.2_1,KalimantanTimur,Berau,Kabupaten,2014-12,2014,12,9
IDN.34.2_1,KalimantanTimur,Berau,Kabupaten,2015-01,2015,1,2
IDN.34.2_1,KalimantanTimur,Berau,Kabupaten,2015-02,2015,2,27
IDN.34.2_1,KalimantanTimur,Berau,Kabupaten,2015-03,2015,3,14
IDN.34.2_1,KalimantanTimur,Berau,Kabupaten,2015-04,2015,4,88
IDN.34.2_1,KalimantanTimur,Berau,Kabupaten,2015-05,2015,5,38
IDN.34.2_1,KalimantanTimur,Berau,Kabupaten,2015-06,2015,6,45
IDN.34.2_1,KalimantanTimur,Berau,Kabupaten,2015-07,2015,7,683
IDN.34.2_1,KalimantanTimur,Berau,Kabupaten,2015-08,2015,8,2481
IDN.34.2_1,KalimantanTimur,Berau,Kabupaten,2015-09,2015,9,2026
IDN.34.2_1,KalimantanTimur,Berau,Kabupaten,2015-10,2015,10,914
IDN.34.2_1,KalimantanTimur,Berau,Kabupaten,2015-11,2015,11,48
IDN.34.2_1,KalimantanTimur,Berau,Kabupaten,2015-12,2015,12,30
IDN.34.2_1,KalimantanTimur,Berau,Kabupaten,2016-01,2016,1,28
IDN.34.2_1,KalimantanTimur,Berau,Kabupaten,2016-02,2016,2,45
IDN.34.2_1,KalimantanTimur,Berau,Kabupaten,2016-03,2016,3,93
IDN.34.2_1,KalimantanTimur,Berau,Kabupaten,2016-04,2016,4,117
IDN.34.2_1,KalimantanTimur,Berau,Kabupaten,2016-05,2016,5,14
IDN.34.2_1,KalimantanTimur,Berau,Kabupaten,2016-06,2016,6,10
IDN.34.2_1,KalimantanTimur,Berau,Kabupaten,2016-07,2016,7,26
IDN.34.2_1,KalimantanTimur,Berau,Kabupaten,2016-08,2016,8,101
IDN.34.2_1,KalimantanTimur,Berau,Kabupaten,2016-09,2016,9,103
IDN.34.2_1,KalimantanTimur,Berau,Kabupaten,2016-10,2016,10,71
IDN.34.2_1,KalimantanTimur,Berau,Kabupaten,2016-11,2016,11,14
IDN.34.2_1,KalimantanTimur,Berau,Kabupaten,2016-12,2016,12,4
IDN.34.2_1,KalimantanTimur,Berau,Kabupaten,2017-01,2017,1,7
IDN.34.2_1,KalimantanTimur,Berau,Kabupaten,2017-02,2017,2,3
IDN.34.2_1,KalimantanTimur,Berau,Kabupaten,2017-03,2017,3,11
IDN.34.2_1,KalimantanTimur,Berau,Kabupaten,2017-04,2017,4,12
IDN.34.2_1,KalimantanTimur,Berau,Kabupaten,2017-05,2017,5,27
IDN.34.2_1,KalimantanTimur,Berau,Kabupaten,2017-06,2017,6,22
IDN.34.2_1,KalimantanTimur,Berau,Kabupaten,2017-07,2017,7,47
IDN.34.2_1,KalimantanTimur,Berau,Kabupaten,2017-08,2017,8,143
IDN.34.2_1,KalimantanTimur,Berau,Kabupaten,2017-09,2017,9,243
IDN.34.2_1,KalimantanTimur,Berau,Kabupaten,2017-10,2017,10,75
IDN.34.2_1,KalimantanTimur,Berau,Kabupaten,2017-11,2017,11,6
IDN.34.2_1,KalimantanTimur,Berau,Kabupaten,2017-12,2017,12,15
IDN.34.2_1,KalimantanTimur,Berau,Kabupaten,2018-01,2018,1,0
IDN.34.2_1,KalimantanTimur,Berau,Kabupaten,2018-02,2018,2,1
IDN.34.2_1,KalimantanTimur,Berau,Kabupaten,2018-03,2018,3,22
IDN.34.2_1,KalimantanTimur,Berau,Kabupaten,2018-04,2018,4,10
IDN.34.2_1,KalimantanTimur,Berau,Kabupaten,2018-05,2018,5,25
IDN.34.2_1,KalimantanTimur,Berau,Kabupaten,2018-06,2018,6,36
IDN.34.2_1,KalimantanTimur,Berau,Kabupaten,2018-07,2018,7,30
IDN.34.2_1,KalimantanTimur,Berau,Kabupaten,2018-08,2018,8,321
IDN.34.2_1,KalimantanTimur,Berau,Kabupaten,2018-09,2018,9,651
IDN.34.2_1,KalimantanTimur,Berau,Kabupaten,2018-10,2018,10,209
IDN.34.2_1,KalimantanTimur,Berau,Kabupaten,2018-11,2018,11,25
IDN.34.2_1,KalimantanTimur,Berau,Kabupaten,2018-12,2018,12,31
IDN.34.2_1,KalimantanTimur,Berau,Kabupaten,2019-01,2019,1,3
IDN.34.2_1,KalimantanTimur,Berau,Kabupaten,2019-02,2019,2,52
IDN.34.2_1,KalimantanTimur,Berau,Kabupaten,2019-03,2019,3,73
IDN.34.2_1,KalimantanTimur,Berau,Kabupaten,2019-04,2019,4,32
IDN.34.2_1,KalimantanTimur,Berau,Kabupaten,2019-05,2019,5,21
IDN.34.2_1,KalimantanTimur,Berau,Kabupaten,2019-06,2019,6,25
IDN.34.2_1,KalimantanTimur,Berau,Kabupaten,2019-07,2019,7,75
IDN.34.2_1,KalimantanTimur,Berau,Kabupaten,2019-08,2019,8,598
IDN.34.2_1,KalimantanTimur,Berau,Kabupaten,2019-09,2019,9,2072
IDN.34.2_1,KalimantanTimur,Berau,Kabupaten,2019-10,2019,10,338
IDN.34.2_1,KalimantanTimur,Berau,Kabupaten,2019-11,2019,11,66
IDN.34.2_1,KalimantanTimur,Berau,Kabupaten,2019-12,2019,12,10
IDN.34.2_1,KalimantanTimur,Berau,Kabupaten,2020-01,2020,1,28
IDN.34.2_1,KalimantanTimur,Berau,Kabupaten,2020-02,2020,2,17
IDN.34.2_1,KalimantanTimur,Berau,Kabupaten,2020-03,2020,3,38
IDN.34.2_1,KalimantanTimur,Berau,Kabupaten,2020-04,2020,4,45
IDN.34.2_1,KalimantanTimur,Berau,Kabupaten,2020-05,2020,5,51
IDN.34.2_1,KalimantanTimur,Berau,Kabupaten,2020-06,2020,6,42
IDN.34.2_1,KalimantanTimur,Berau,Kabupaten,2020-07,2020,7,25
IDN.34.2_1,KalimantanTimur,Berau,Kabupaten,2020-08,2020,8,236
IDN.34.2_1,KalimantanTimur,Berau,Kabupaten,2020-09,2020,9,203
IDN.34.2_1,KalimantanTimur,Berau,Kabupaten,2020-10,2020,10,70
IDN.34.2_1,KalimantanTimur,Berau,Kabupaten,2020-11,2020,11,69
IDN.34.2_1,KalimantanTimur,Berau,Kabupaten,2020-12,2020,12,5
IDN.34.2_1,KalimantanTimur,Berau,Kabupaten,2021-01,2021,1,1
IDN.34.2_1,KalimantanTimur,Berau,Kabupaten,2021-02,2021,2,0
IDN.34.2_1,KalimantanTimur,Berau,Kabupaten,2021-03,2021,3,5
IDN.34.2_1,KalimantanTimur,Berau,Kabupaten,2021-04,2021,4,6
IDN.34.2_1,KalimantanTimur,Berau,Kabupaten,2021-05,2021,5,7
IDN.34.2_1,KalimantanTimur,Berau,Kabupaten,2021-06,2021,6,27
IDN.34.2_1,KalimantanTimur,Berau,Kabupaten,2021-07,2021,7,60
IDN.34.2_1,KalimantanTimur,Berau,Kabupaten,2021-08,2021,8,63
IDN.34.2_1,KalimantanTimur,Berau,Kabupaten,2021-09,2021,9,101
IDN.34.2_1,KalimantanTimur,Berau,Kabupaten,2021-10,2021,10,109
IDN.34.2_1,KalimantanTimur,Berau,Kabupaten,2021-11,2021,11,13
IDN.34.2_1,KalimantanTimur,Berau,Kabupaten,2021-12,2021,12,2
IDN.34.2_1,KalimantanTimur,Berau,Kabupaten,2022-01,2022,1,9
IDN.34.2_1,KalimantanTimur,Berau,Kabupaten,2022-02,2022,2,2
IDN.34.2_1,KalimantanTimur,Berau,Kabupaten,2022-03,2022,3,14
IDN.34.2_1,KalimantanTimur,Berau,Kabupaten,2022-04,2022,4,8
IDN.34.2_1,KalimantanTimur,Berau,Kabupaten,2022-05,2022,5,9
IDN.34.2_1,KalimantanTimur,Berau,Kabupaten,2022-06,2022,6,46
IDN.34.2_1,KalimantanTimur,Berau,Kabupaten,2022-07,2022,7,36
IDN.34.2_1,KalimantanTimur,Berau,Kabupaten,2022-08,2022,8,83
IDN.34.2_1,KalimantanTimur,Berau,Kabupaten,2022-09,2022,9,194
IDN.34.2_1,KalimantanTimur,Berau,Kabupaten,2022-10,2022,10,48
IDN.34.2_1,KalimantanTimur,Berau,Kabupaten,2022-11,2022,11,26
IDN.34.2_1,KalimantanTimur,Berau,Kabupaten,2022-12,2022,12,13
IDN.34.2_1,KalimantanTimur,Berau,Kabupaten,2023-01,2023,1,11
IDN.34.2_1,KalimantanTimur,Berau,Kabupaten,2023-02,2023,2,1
IDN.34.2_1,KalimantanTimur,Berau,Kabupaten,2023-03,2023,3,17
IDN.34.2_1,KalimantanTimur,Berau,Kabupaten,2023-04,2023,4,44
IDN.34.2_1,KalimantanTimur,Berau,Kabupaten,2023-05,2023,5,35
IDN.34.2_1,KalimantanTimur,Berau,Kabupaten,2023-06,2023,6,36
IDN.34.2_1,KalimantanTimur,Berau,Kabupaten,2023-07,2023,7,155
IDN.34.2_1,KalimantanTimur,Berau,Kabupaten,2023-08,2023,8,653
IDN.34.2_1,KalimantanTimur,Berau,Kabupaten,2023-09,2023,9,805
IDN.34.2_1,KalimantanTimur,Berau,Kabupaten,2023-10,2023,10,568
IDN.34.2_1,KalimantanTimur,Berau,Kabupaten,2023-11,2023,11,97
IDN.34.2_1,KalimantanTimur,Berau,Kabupaten,2023-12,2023,12,58
IDN.34.2_1,KalimantanTimur,Berau,Kabupaten,2024-01,2024,1,20
IDN.34.2_1,KalimantanTimur,Berau,Kabupaten,2024-02,2024,2,33
IDN.34.2_1,KalimantanTimur,Berau,Kabupaten,2024-03,2024,3,16
IDN.34.2_1,KalimantanTimur,Berau,Kabupaten,2024-04,2024,4,125
IDN.34.2_1,KalimantanTimur,Berau,Kabupaten,2024-05,2024,5,30
IDN.34.2_1,KalimantanTimur,Berau,Kabupaten,2024-06,2024,6,32
IDN.34.2_1,KalimantanTimur,Berau,Kabupaten,2024-07,2024,7,26
IDN.34.2_1,KalimantanTimur,Berau,Kabupaten,2024-08,2024,8,89
IDN.34.2_1,KalimantanTimur,Berau,Kabupaten,2024-09,2024,9,913
IDN.34.2_1,KalimantanTimur,Berau,Kabupaten,2024-10,2024,10,311
IDN.34.2_1,KalimantanTimur,Berau,Kabupaten,2024-11,2024,11,33
IDN.34.2_1,KalimantanTimur,Berau,Kabupaten,2024-12,2024,12,0
IDN.34.2_1,KalimantanTimur,Berau,Kabupaten,2025-01,2025,1,3
IDN.34.2_1,KalimantanTimur,Berau,Kabupaten,2025-02,2025,2,3
IDN.34.2_1,KalimantanTimur,Berau,Kabupaten,2025-03,2025,3,2
IDN.34.2_1,KalimantanTimur,Berau,Kabupaten,2025-04,2025,4,22
IDN.34.2_1,KalimantanTimur,Berau,Kabupaten,2025-05,2025,5,21
IDN.34.2_1,KalimantanTimur,Berau,Kabupaten,2025-06,2025,6,26
IDN.34.2_1,KalimantanTimur,Berau,Kabupaten,2025-07,2025,7,307
IDN.34.2_1,KalimantanTimur,Berau,Kabupaten,2025-08,2025,8,79
IDN.34.2_1,KalimantanTimur,Berau,Kabupaten,2025-09,2025,9,222
IDN.34.2_1,KalimantanTimur,Berau,Kabupaten,2025-10,2025,10,148
IDN.34.2_1,KalimantanTimur,Berau,Kabupaten,2025-11,2025,11,63
IDN.34.2_1,KalimantanTimur,Berau,Kabupaten,2025-12,2025,12,10
IDN.34.3_1,KalimantanTimur,Bontang,Kota,2012-01,2012,1,1
IDN.34.3_1,KalimantanTimur,Bontang,Kota,2012-02,2012,2,3
IDN.34.3_1,KalimantanTimur,Bontang,Kota,2012-03,2012,3,2
IDN.34.3_1,KalimantanTimur,Bontang,Kota,2012-04,2012,4,5
IDN.34.3_1,KalimantanTimur,Bontang,Kota,2012-05,2012,5,2
IDN.34.3_1,KalimantanTimur,Bontang,Kota,2012-06,2012,6,2
IDN.34.3_1,KalimantanTimur,Bontang,Kota,2012-07,2012,7,2
IDN.34.3_1,KalimantanTimur,Bontang,Kota,2012-08,2012,8,6
IDN.34.3_1,KalimantanTimur,Bontang,Kota,2012-09,2012,9,9
IDN.34.3_1,KalimantanTimur,Bontang,Kota,2012-10,2012,10,6
IDN.34.3_1,KalimantanTimur,Bontang,Kota,2012-11,2012,11,8
IDN.34.3_1,KalimantanTimur,Bontang,Kota,2012-12,2012,12,4
IDN.34.3_1,KalimantanTimur,Bontang,Kota,2013-01,2013,1,7
IDN.34.3_1,KalimantanTimur,Bontang,Kota,2013-02,2013,2,3
IDN.34.3_1,KalimantanTimur,Bontang,Kota,2013-03,2013,3,4
IDN.34.3_1,KalimantanTimur,Bontang,Kota,2013-04,2013,4,3
IDN.34.3_1,KalimantanTimur,Bontang,Kota,2013-05,2013,5,11
IDN.34.3_1,KalimantanTimur,Bontang,Kota,2013-06,2013,6,3
IDN.34.3_1,KalimantanTimur,Bontang,Kota,2013-07,2013,7,1
IDN.34.3_1,KalimantanTimur,Bontang,Kota,2013-08,2013,8,2
IDN.34.3_1,KalimantanTimur,Bontang,Kota,2013-09,2013,9,1
IDN.34.3_1,KalimantanTimur,Bontang,Kota,2013-10,2013,10,3
IDN.34.3_1,KalimantanTimur,Bontang,Kota,2013-11,2013,11,1
IDN.34.3_1,KalimantanTimur,Bontang,Kota,2013-12,2013,12,1
IDN.34.3_1,KalimantanTimur,Bontang,Kota,2014-01,2014,1,2
IDN.34.3_1,KalimantanTimur,Bontang,Kota,2014-02,2014,2,14
IDN.34.3_1,KalimantanTimur,Bontang,Kota,2014-03,2014,3,16
IDN.34.3_1,KalimantanTimur,Bontang,Kota,2014-04,2014,4,1
IDN.34.3_1,KalimantanTimur,Bontang,Kota,2014-05,2014,5,9
IDN.34.3_1,KalimantanTimur,Bontang,Kota,2014-06,2014,6,0
IDN.34.3_1,KalimantanTimur,Bontang,Kota,2014-07,2014,7,3
IDN.34.3_1,KalimantanTimur,Bontang,Kota,2014-08,2014,8,7
IDN.34.3_1,KalimantanTimur,Bontang,Kota,2014-09,2014,9,15
IDN.34.3_1,KalimantanTimur,Bontang,Kota,2014-10,2014,10,34
IDN.34.3_1,KalimantanTimur,Bontang,Kota,2014-11,2014,11,2
IDN.34.3_1,KalimantanTimur,Bontang,Kota,2014-12,2014,12,14
IDN.34.3_1,KalimantanTimur,Bontang,Kota,2015-01,2015,1,17
IDN.34.3_1,KalimantanTimur,Bontang,Kota,2015-02,2015,2,14
IDN.34.3_1,KalimantanTimur,Bontang,Kota,2015-03,2015,3,14
IDN.34.3_1,KalimantanTimur,Bontang,Kota,2015-04,2015,4,6
IDN.34.3_1,KalimantanTimur,Bontang,Kota,2015-05,2015,5,10
IDN.34.3_1,KalimantanTimur,Bontang,Kota,2015-06,2015,6,3
IDN.34.3_1,KalimantanTimur,Bontang,Kota,2015-07,2015,7,9
IDN.34.3_1,KalimantanTimur,Bontang,Kota,2015-08,2015,8,31
IDN.34.3_1,KalimantanTimur,Bontang,Kota,2015-09,2015,9,29
IDN.34.3_1,KalimantanTimur,Bontang,Kota,2015-10,2015,10,80
IDN.34.3_1,KalimantanTimur,Bontang,Kota,2015-11,2015,11,50
IDN.34.3_1,KalimantanTimur,Bontang,Kota,2015-12,2015,12,14
IDN.34.3_1,KalimantanTimur,Bontang,Kota,2016-01,2016,1,35
IDN.34.3_1,KalimantanTimur,Bontang,Kota,2016-02,2016,2,60
IDN.34.3_1,KalimantanTimur,Bontang,Kota,2016-03,2016,3,45
IDN.34.3_1,KalimantanTimur,Bontang,Kota,2016-04,2016,4,14
IDN.34.3_1,KalimantanTimur,Bontang,Kota,2016-05,2016,5,5
IDN.34.3_1,KalimantanTimur,Bontang,Kota,2016-06,2016,6,3
IDN.34.3_1,KalimantanTimur,Bontang,Kota,2016-07,2016,7,1
IDN.34.3_1,KalimantanTimur,Bontang,Kota,2016-08,2016,8,1
IDN.34.3_1,KalimantanTimur,Bontang,Kota,2016-09,2016,9,2
IDN.34.3_1,KalimantanTimur,Bontang,Kota,2016-10,2016,10,2
IDN.34.3_1,KalimantanTimur,Bontang,Kota,2016-11,2016,11,1
IDN.34.3_1,KalimantanTimur,Bontang,Kota,2016-12,2016,12,0
IDN.34.3_1,KalimantanTimur,Bontang,Kota,2017-01,2017,1,6
IDN.34.3_1,KalimantanTimur,Bontang,Kota,2017-02,2017,2,1
IDN.34.3_1,KalimantanTimur,Bontang,Kota,2017-03,2017,3,3
IDN.34.3_1,KalimantanTimur,Bontang,Kota,2017-04,2017,4,1
IDN.34.3_1,KalimantanTimur,Bontang,Kota,2017-05,2017,5,4
IDN.34.3_1,KalimantanTimur,Bontang,Kota,2017-06,2017,6,1
IDN.34.3_1,KalimantanTimur,Bontang,Kota,2017-07,2017,7,3
IDN.34.3_1,KalimantanTimur,Bontang,Kota,2017-08,2017,8,5
IDN.34.3_1,KalimantanTimur,Bontang,Kota,2017-09,2017,9,8
IDN.34.3_1,KalimantanTimur,Bontang,Kota,2017-10,2017,10,4
IDN.34.3_1,KalimantanTimur,Bontang,Kota,2017-11,2017,11,6
IDN.34.3_1,KalimantanTimur,Bontang,Kota,2017-12,2017,12,7
IDN.34.3_1,KalimantanTimur,Bontang,Kota,2018-01,2018,1,1
IDN.34.3_1,KalimantanTimur,Bontang,Kota,2018-02,2018,2,2
IDN.34.3_1,KalimantanTimur,Bontang,Kota,2018-03,2018,3,2
IDN.34.3_1,KalimantanTimur,Bontang,Kota,2018-04,2018,4,0
IDN.34.3_1,KalimantanTimur,Bontang,Kota,2018-05,2018,5,5
IDN.34.3_1,KalimantanTimur,Bontang,Kota,2018-06,2018,6,2
IDN.34.3_1,KalimantanTimur,Bontang,Kota,2018-07,2018,7,2
IDN.34.3_1,KalimantanTimur,Bontang,Kota,2018-08,2018,8,3
IDN.34.3_1,KalimantanTimur,Bontang,Kota,2018-09,2018,9,7
IDN.34.3_1,KalimantanTimur,Bontang,Kota,2018-10,2018,10,3
IDN.34.3_1,KalimantanTimur,Bontang,Kota,2018-11,2018,11,2
IDN.34.3_1,KalimantanTimur,Bontang,Kota,2018-12,2018,12,3
IDN.34.3_1,KalimantanTimur,Bontang,Kota,2019-01,2019,1,0
IDN.34.3_1,KalimantanTimur,Bontang,Kota,2019-02,2019,2,6
IDN.34.3_1,KalimantanTimur,Bontang,Kota,2019-03,2019,3,12
IDN.34.3_1,KalimantanTimur,Bontang,Kota,2019-04,2019,4,4
IDN.34.3_1,KalimantanTimur,Bontang,Kota,2019-05,2019,5,5
IDN.34.3_1,KalimantanTimur,Bontang,Kota,2019-06,2019,6,6
IDN.34.3_1,KalimantanTimur,Bontang,Kota,2019-07,2019,7,2
IDN.34.3_1,KalimantanTimur,Bontang,Kota,2019-08,2019,8,4
IDN.34.3_1,KalimantanTimur,Bontang,Kota,2019-09,2019,9,15
IDN.34.3_1,KalimantanTimur,Bontang,Kota,2019-10,2019,10,2
IDN.34.3_1,KalimantanTimur,Bontang,Kota,2019-11,2019,11,5
IDN.34.3_1,KalimantanTimur,Bontang,Kota,2019-12,2019,12,2
IDN.34.3_1,KalimantanTimur,Bontang,Kota,2020-01,2020,1,7
IDN.34.3_1,KalimantanTimur,Bontang,Kota,2020-02,2020,2,7
IDN.34.3_1,KalimantanTimur,Bontang,Kota,2020-03,2020,3,16
IDN.34.3_1,KalimantanTimur,Bontang,Kota,2020-04,2020,4,18
IDN.34.3_1,KalimantanTimur,Bontang,Kota,2020-05,2020,5,6
IDN.34.3_1,KalimantanTimur,Bontang,Kota,2020-06,2020,6,3
IDN.34.3_1,KalimantanTimur,Bontang,Kota,2020-07,2020,7,0
IDN.34.3_1,KalimantanTimur,Bontang,Kota,2020-08,2020,8,1
IDN.34.3_1,KalimantanTimur,Bontang,Kota,2020-09,2020,9,3
IDN.34.3_1,KalimantanTimur,Bontang,Kota,2020-10,2020,10,3
IDN.34.3_1,KalimantanTimur,Bontang,Kota,2020-11,2020,11,0
IDN.34.3_1,KalimantanTimur,Bontang,Kota,2020-12,2020,12,0
IDN.34.3_1,KalimantanTimur,Bontang,Kota,2021-01,2021,1,1
IDN.34.3_1,KalimantanTimur,Bontang,Kota,2021-02,2021,2,0
IDN.34.3_1,KalimantanTimur,Bontang,Kota,2021-03,2021,3,0
IDN.34.3_1,KalimantanTimur,Bontang,Kota,2021-04,2021,4,1
IDN.34.3_1,KalimantanTimur,Bontang,Kota,2021-05,2021,5,1
IDN.34.3_1,KalimantanTimur,Bontang,Kota,2021-06,2021,6,7
IDN.34.3_1,KalimantanTimur,Bontang,Kota,2021-07,2021,7,5
IDN.34.3_1,KalimantanTimur,Bontang,Kota,2021-08,2021,8,2
IDN.34.3_1,KalimantanTimur,Bontang,Kota,2021-09,2021,9,0
IDN.34.3_1,KalimantanTimur,Bontang,Kota,2021-10,2021,10,0
IDN.34.3_1,KalimantanTimur,Bontang,Kota,2021-11,2021,11,2
IDN.34.3_1,KalimantanTimur,Bontang,Kota,2021-12,2021,12,1
IDN.34.3_1,KalimantanTimur,Bontang,Kota,2022-01,2022,1,0
IDN.34.3_1,KalimantanTimur,Bontang,Kota,2022-02,2022,2,0
IDN.34.3_1,KalimantanTimur,Bontang,Kota,2022-03,2022,3,5
IDN.34.3_1,KalimantanTimur,Bontang,Kota,2022-04,2022,4,0
IDN.34.3_1,KalimantanTimur,Bontang,Kota,2022-05,2022,5,1
IDN.34.3_1,KalimantanTimur,Bontang,Kota,2022-06,2022,6,0
IDN.34.3_1,KalimantanTimur,Bontang,Kota,2022-07,2022,7,1
IDN.34.3_1,KalimantanTimur,Bontang,Kota,2022-08,2022,8,0
IDN.34.3_1,KalimantanTimur,Bontang,Kota,2022-09,2022,9,1
IDN.34.3_1,KalimantanTimur,Bontang,Kota,2022-10,2022,10,2
IDN.34.3_1,KalimantanTimur,Bontang,Kota,2022-11,2022,11,0
IDN.34.3_1,KalimantanTimur,Bontang,Kota,2022-12,2022,12,4
IDN.34.3_1,KalimantanTimur,Bontang,Kota,2023-01,2023,1,1
IDN.34.3_1,KalimantanTimur,Bontang,Kota,2023-02,2023,2,0
IDN.34.3_1,KalimantanTimur,Bontang,Kota,2023-03,2023,3,3
IDN.34.3_1,KalimantanTimur,Bontang,Kota,2023-04,2023,4,15
IDN.34.3_1,KalimantanTimur,Bontang,Kota,2023-05,2023,5,2
IDN.34.3_1,KalimantanTimur,Bontang,Kota,2023-06,2023,6,3
IDN.34.3_1,KalimantanTimur,Bontang,Kota,2023-07,2023,7,3
IDN.34.3_1,KalimantanTimur,Bontang,Kota,2023-08,2023,8,6
IDN.34.3_1,KalimantanTimur,Bontang,Kota,2023-09,2023,9,5
IDN.34.3_1,KalimantanTimur,Bontang,Kota,2023-10,2023,10,6
IDN.34.3_1,KalimantanTimur,Bontang,Kota,2023-11,2023,11,3
IDN.34.3_1,KalimantanTimur,Bontang,Kota,2023-12,2023,12,5
IDN.34.3_1,KalimantanTimur,Bontang,Kota,2024-01,2024,1,0
IDN.34.3_1,KalimantanTimur,Bontang,Kota,2024-02,2024,2,10
IDN.34.3_1,KalimantanTimur,Bontang,Kota,2024-03,2024,3,10
IDN.34.3_1,KalimantanTimur,Bontang,Kota,2024-04,2024,4,20
IDN.34.3_1,KalimantanTimur,Bontang,Kota,2024-05,2024,5,0
IDN.34.3_1,KalimantanTimur,Bontang,Kota,2024-06,2024,6,2
IDN.34.3_1,KalimantanTimur,Bontang,Kota,2024-07,2024,7,6
IDN.34.3_1,KalimantanTimur,Bontang,Kota,2024-08,2024,8,13
IDN.34.3_1,KalimantanTimur,Bontang,Kota,2024-09,2024,9,1
IDN.34.3_1,KalimantanTimur,Bontang,Kota,2024-10,2024,10,3
IDN.34.3_1,KalimantanTimur,Bontang,Kota,2024-11,2024,11,4
IDN.34.3_1,KalimantanTimur,Bontang,Kota,2024-12,2024,12,0
IDN.34.3_1,KalimantanTimur,Bontang,Kota,2025-01,2025,1,2
IDN.34.3_1,KalimantanTimur,Bontang,Kota,2025-02,2025,2,2
IDN.34.3_1,KalimantanTimur,Bontang,Kota,2025-03,2025,3,2
IDN.34.3_1,KalimantanTimur,Bontang,Kota,2025-04,2025,4,1
IDN.34.3_1,KalimantanTimur,Bontang,Kota,2025-05,2025,5,5
IDN.34.3_1,KalimantanTimur,Bontang,Kota,2025-06,2025,6,0
IDN.34.3_1,KalimantanTimur,Bontang,Kota,2025-07,2025,7,3
IDN.34.3_1,KalimantanTimur,Bontang,Kota,2025-08,2025,8,3
IDN.34.3_1,KalimantanTimur,Bontang,Kota,2025-09,2025,9,3
IDN.34.3_1,KalimantanTimur,Bontang,Kota,2025-10,2025,10,4
IDN.34.3_1,KalimantanTimur,Bontang,Kota,2025-11,2025,11,0
IDN.34.3_1,KalimantanTimur,Bontang,Kota,2025-12,2025,12,0
IDN.34.5_1,KalimantanTimur,KutaiBarat,Kabupaten,2012-01,2012,1,3
IDN.34.5_1,KalimantanTimur,KutaiBarat,Kabupaten,2012-02,2012,2,21
IDN.34.5_1,KalimantanTimur,KutaiBarat,Kabupaten,2012-03,2012,3,7
IDN.34.5_1,KalimantanTimur,KutaiBarat,Kabupaten,2012-04,2012,4,5
IDN.34.5_1,KalimantanTimur,KutaiBarat,Kabupaten,2012-05,2012,5,18
IDN.34.5_1,KalimantanTimur,KutaiBarat,Kabupaten,2012-06,2012,6,65
IDN.34.5_1,KalimantanTimur,KutaiBarat,Kabupaten,2012-07,2012,7,87
IDN.34.5_1,KalimantanTimur,KutaiBarat,Kabupaten,2012-08,2012,8,328
IDN.34.5_1,KalimantanTimur,KutaiBarat,Kabupaten,2012-09,2012,9,1235
IDN.34.5_1,KalimantanTimur,KutaiBarat,Kabupaten,2012-10,2012,10,423
IDN.34.5_1,KalimantanTimur,KutaiBarat,Kabupaten,2012-11,2012,11,72
IDN.34.5_1,KalimantanTimur,KutaiBarat,Kabupaten,2012-12,2012,12,42
IDN.34.5_1,KalimantanTimur,KutaiBarat,Kabupaten,2013-01,2013,1,47
IDN.34.5_1,KalimantanTimur,KutaiBarat,Kabupaten,2013-02,2013,2,11
IDN.34.5_1,KalimantanTimur,KutaiBarat,Kabupaten,2013-03,2013,3,4
IDN.34.5_1,KalimantanTimur,KutaiBarat,Kabupaten,2013-04,2013,4,5
IDN.34.5_1,KalimantanTimur,KutaiBarat,Kabupaten,2013-05,2013,5,21
IDN.34.5_1,KalimantanTimur,KutaiBarat,Kabupaten,2013-06,2013,6,90
IDN.34.5_1,KalimantanTimur,KutaiBarat,Kabupaten,2013-07,2013,7,33
IDN.34.5_1,KalimantanTimur,KutaiBarat,Kabupaten,2013-08,2013,8,177
IDN.34.5_1,KalimantanTimur,KutaiBarat,Kabupaten,2013-09,2013,9,704
IDN.34.5_1,KalimantanTimur,KutaiBarat,Kabupaten,2013-10,2013,10,614
IDN.34.5_1,KalimantanTimur,KutaiBarat,Kabupaten,2013-11,2013,11,47
IDN.34.5_1,KalimantanTimur,KutaiBarat,Kabupaten,2013-12,2013,12,5
IDN.34.5_1,KalimantanTimur,KutaiBarat,Kabupaten,2014-01,2014,1,7
IDN.34.5_1,KalimantanTimur,KutaiBarat,Kabupaten,2014-02,2014,2,39
IDN.34.5_1,KalimantanTimur,KutaiBarat,Kabupaten,2014-03,2014,3,40
IDN.34.5_1,KalimantanTimur,KutaiBarat,Kabupaten,2014-04,2014,4,12
IDN.34.5_1,KalimantanTimur,KutaiBarat,Kabupaten,2014-05,2014,5,47
IDN.34.5_1,KalimantanTimur,KutaiBarat,Kabupaten,2014-06,2014,6,45
IDN.34.5_1,KalimantanTimur,KutaiBarat,Kabupaten,2014-07,2014,7,158
IDN.34.5_1,KalimantanTimur,KutaiBarat,Kabupaten,2014-08,2014,8,366
IDN.34.5_1,KalimantanTimur,KutaiBarat,Kabupaten,2014-09,2014,9,1728
IDN.34.5_1,KalimantanTimur,KutaiBarat,Kabupaten,2014-10,2014,10,1769
IDN.34.5_1,KalimantanTimur,KutaiBarat,Kabupaten,2014-11,2014,11,107
IDN.34.5_1,KalimantanTimur,KutaiBarat,Kabupaten,2014-12,2014,12,12
IDN.34.5_1,KalimantanTimur,KutaiBarat,Kabupaten,2015-01,2015,1,8
IDN.34.5_1,KalimantanTimur,KutaiBarat,Kabupaten,2015-02,2015,2,16
IDN.34.5_1,KalimantanTimur,KutaiBarat,Kabupaten,2015-03,2015,3,22
IDN.34.5_1,KalimantanTimur,KutaiBarat,Kabupaten,2015-04,2015,4,49
IDN.34.5_1,KalimantanTimur,KutaiBarat,Kabupaten,2015-05,2015,5,19
IDN.34.5_1,KalimantanTimur,KutaiBarat,Kabupaten,2015-06,2015,6,24
IDN.34.5_1,KalimantanTimur,KutaiBarat,Kabupaten,2015-07,2015,7,271
IDN.34.5_1,KalimantanTimur,KutaiBarat,Kabupaten,2015-08,2015,8,1549
IDN.34.5_1,KalimantanTimur,KutaiBarat,Kabupaten,2015-09,2015,9,3037
IDN.34.5_1,KalimantanTimur,KutaiBarat,Kabupaten,2015-10,2015,10,4897
IDN.34.5_1,KalimantanTimur,KutaiBarat,Kabupaten,2015-11,2015,11,454
IDN.34.5_1,KalimantanTimur,KutaiBarat,Kabupaten,2015-12,2015,12,68
IDN.34.5_1,KalimantanTimur,KutaiBarat,Kabupaten,2016-01,2016,1,87
IDN.34.5_1,KalimantanTimur,KutaiBarat,Kabupaten,2016-02,2016,2,29
IDN.34.5_1,KalimantanTimur,KutaiBarat,Kabupaten,2016-03,2016,3,3
IDN.34.5_1,KalimantanTimur,KutaiBarat,Kabupaten,2016-04,2016,4,7
IDN.34.5_1,KalimantanTimur,KutaiBarat,Kabupaten,2016-05,2016,5,13
IDN.34.5_1,KalimantanTimur,KutaiBarat,Kabupaten,2016-06,2016,6,12
IDN.34.5_1,KalimantanTimur,KutaiBarat,Kabupaten,2016-07,2016,7,17
IDN.34.5_1,KalimantanTimur,KutaiBarat,Kabupaten,2016-08,2016,8,191
IDN.34.5_1,KalimantanTimur,KutaiBarat,Kabupaten,2016-09,2016,9,142
IDN.34.5_1,KalimantanTimur,KutaiBarat,Kabupaten,2016-10,2016,10,124
IDN.34.5_1,KalimantanTimur,KutaiBarat,Kabupaten,2016-11,2016,11,83
IDN.34.5_1,KalimantanTimur,KutaiBarat,Kabupaten,2016-12,2016,12,6
IDN.34.5_1,KalimantanTimur,KutaiBarat,Kabupaten,2017-01,2017,1,2
IDN.34.5_1,KalimantanTimur,KutaiBarat,Kabupaten,2017-02,2017,2,11
IDN.34.5_1,KalimantanTimur,KutaiBarat,Kabupaten,2017-03,2017,3,2
IDN.34.5_1,KalimantanTimur,KutaiBarat,Kabupaten,2017-04,2017,4,2
IDN.34.5_1,KalimantanTimur,KutaiBarat,Kabupaten,2017-05,2017,5,1
IDN.34.5_1,KalimantanTimur,KutaiBarat,Kabupaten,2017-06,2017,6,5
IDN.34.5_1,KalimantanTimur,KutaiBarat,Kabupaten,2017-07,2017,7,5
IDN.34.5_1,KalimantanTimur,KutaiBarat,Kabupaten,2017-08,2017,8,105
IDN.34.5_1,KalimantanTimur,KutaiBarat,Kabupaten,2017-09,2017,9,226
IDN.34.5_1,KalimantanTimur,KutaiBarat,Kabupaten,2017-10,2017,10,159
IDN.34.5_1,KalimantanTimur,KutaiBarat,Kabupaten,2017-11,2017,11,0
IDN.34.5_1,KalimantanTimur,KutaiBarat,Kabupaten,2017-12,2017,12,6
IDN.34.5_1,KalimantanTimur,KutaiBarat,Kabupaten,2018-01,2018,1,2
IDN.34.5_1,KalimantanTimur,KutaiBarat,Kabupaten,2018-02,2018,2,0
IDN.34.5_1,KalimantanTimur,KutaiBarat,Kabupaten,2018-03,2018,3,2
IDN.34.5_1,KalimantanTimur,KutaiBarat,Kabupaten,2018-04,2018,4,6
IDN.34.5_1,KalimantanTimur,KutaiBarat,Kabupaten,2018-05,2018,5,7
IDN.34.5_1,KalimantanTimur,KutaiBarat,Kabupaten,2018-06,2018,6,5
IDN.34.5_1,KalimantanTimur,KutaiBarat,Kabupaten,2018-07,2018,7,50
IDN.34.5_1,KalimantanTimur,KutaiBarat,Kabupaten,2018-08,2018,8,438
IDN.34.5_1,KalimantanTimur,KutaiBarat,Kabupaten,2018-09,2018,9,518
IDN.34.5_1,KalimantanTimur,KutaiBarat,Kabupaten,2018-10,2018,10,257
IDN.34.5_1,KalimantanTimur,KutaiBarat,Kabupaten,2018-11,2018,11,27
IDN.34.5_1,KalimantanTimur,KutaiBarat,Kabupaten,2018-12,2018,12,6
IDN.34.5_1,KalimantanTimur,KutaiBarat,Kabupaten,2019-01,2019,1,7
IDN.34.5_1,KalimantanTimur,KutaiBarat,Kabupaten,2019-02,2019,2,42
IDN.34.5_1,KalimantanTimur,KutaiBarat,Kabupaten,2019-03,2019,3,39
IDN.34.5_1,KalimantanTimur,KutaiBarat,Kabupaten,2019-04,2019,4,4
IDN.34.5_1,KalimantanTimur,KutaiBarat,Kabupaten,2019-05,2019,5,6
IDN.34.5_1,KalimantanTimur,KutaiBarat,Kabupaten,2019-06,2019,6,7
IDN.34.5_1,KalimantanTimur,KutaiBarat,Kabupaten,2019-07,2019,7,36
IDN.34.5_1,KalimantanTimur,KutaiBarat,Kabupaten,2019-08,2019,8,303
IDN.34.5_1,KalimantanTimur,KutaiBarat,Kabupaten,2019-09,2019,9,1521
IDN.34.5_1,KalimantanTimur,KutaiBarat,Kabupaten,2019-10,2019,10,566
IDN.34.5_1,KalimantanTimur,KutaiBarat,Kabupaten,2019-11,2019,11,54
IDN.34.5_1,KalimantanTimur,KutaiBarat,Kabupaten,2019-12,2019,12,1
IDN.34.5_1,KalimantanTimur,KutaiBarat,Kabupaten,2020-01,2020,1,12
IDN.34.5_1,KalimantanTimur,KutaiBarat,Kabupaten,2020-02,2020,2,7
IDN.34.5_1,KalimantanTimur,KutaiBarat,Kabupaten,2020-03,2020,3,5
IDN.34.5_1,KalimantanTimur,KutaiBarat,Kabupaten,2020-04,2020,4,10
IDN.34.5_1,KalimantanTimur,KutaiBarat,Kabupaten,2020-05,2020,5,5
IDN.34.5_1,KalimantanTimur,KutaiBarat,Kabupaten,2020-06,2020,6,3
IDN.34.5_1,KalimantanTimur,KutaiBarat,Kabupaten,2020-07,2020,7,18
IDN.34.5_1,KalimantanTimur,KutaiBarat,Kabupaten,2020-08,2020,8,234
IDN.34.5_1,KalimantanTimur,KutaiBarat,Kabupaten,2020-09,2020,9,320
IDN.34.5_1,KalimantanTimur,KutaiBarat,Kabupaten,2020-10,2020,10,176
IDN.34.5_1,KalimantanTimur,KutaiBarat,Kabupaten,2020-11,2020,11,73
IDN.34.5_1,KalimantanTimur,KutaiBarat,Kabupaten,2020-12,2020,12,3
IDN.34.5_1,KalimantanTimur,KutaiBarat,Kabupaten,2021-01,2021,1,2
IDN.34.5_1,KalimantanTimur,KutaiBarat,Kabupaten,2021-02,2021,2,3
IDN.34.5_1,KalimantanTimur,KutaiBarat,Kabupaten,2021-03,2021,3,8
IDN.34.5_1,KalimantanTimur,KutaiBarat,Kabupaten,2021-04,2021,4,6
IDN.34.5_1,KalimantanTimur,KutaiBarat,Kabupaten,2021-05,2021,5,6
IDN.34.5_1,KalimantanTimur,KutaiBarat,Kabupaten,2021-06,2021,6,9
IDN.34.5_1,KalimantanTimur,KutaiBarat,Kabupaten,2021-07,2021,7,12
IDN.34.5_1,KalimantanTimur,KutaiBarat,Kabupaten,2021-08,2021,8,23
IDN.34.5_1,KalimantanTimur,KutaiBarat,Kabupaten,2021-09,2021,9,152
IDN.34.5_1,KalimantanTimur,KutaiBarat,Kabupaten,2021-10,2021,10,140
IDN.34.5_1,KalimantanTimur,KutaiBarat,Kabupaten,2021-11,2021,11,26
IDN.34.5_1,KalimantanTimur,KutaiBarat,Kabupaten,2021-12,2021,12,3
IDN.34.5_1,KalimantanTimur,KutaiBarat,Kabupaten,2022-01,2022,1,1
IDN.34.5_1,KalimantanTimur,KutaiBarat,Kabupaten,2022-02,2022,2,0
IDN.34.5_1,KalimantanTimur,KutaiBarat,Kabupaten,2022-03,2022,3,2
IDN.34.5_1,KalimantanTimur,KutaiBarat,Kabupaten,2022-04,2022,4,4
IDN.34.5_1,KalimantanTimur,KutaiBarat,Kabupaten,2022-05,2022,5,12
IDN.34.5_1,KalimantanTimur,KutaiBarat,Kabupaten,2022-06,2022,6,5
IDN.34.5_1,KalimantanTimur,KutaiBarat,Kabupaten,2022-07,2022,7,29
IDN.34.5_1,KalimantanTimur,KutaiBarat,Kabupaten,2022-08,2022,8,76
IDN.34.5_1,KalimantanTimur,KutaiBarat,Kabupaten,2022-09,2022,9,140
IDN.34.5_1,KalimantanTimur,KutaiBarat,Kabupaten,2022-10,2022,10,58
IDN.34.5_1,KalimantanTimur,KutaiBarat,Kabupaten,2022-11,2022,11,17
IDN.34.5_1,KalimantanTimur,KutaiBarat,Kabupaten,2022-12,2022,12,8
IDN.34.5_1,KalimantanTimur,KutaiBarat,Kabupaten,2023-01,2023,1,14
IDN.34.5_1,KalimantanTimur,KutaiBarat,Kabupaten,2023-02,2023,2,2
IDN.34.5_1,KalimantanTimur,KutaiBarat,Kabupaten,2023-03,2023,3,4
IDN.34.5_1,KalimantanTimur,KutaiBarat,Kabupaten,2023-04,2023,4,10
IDN.34.5_1,KalimantanTimur,KutaiBarat,Kabupaten,2023-05,2023,5,12
IDN.34.5_1,KalimantanTimur,KutaiBarat,Kabupaten,2023-06,2023,6,8
IDN.34.5_1,KalimantanTimur,KutaiBarat,Kabupaten,2023-07,2023,7,59
IDN.34.5_1,KalimantanTimur,KutaiBarat,Kabupaten,2023-08,2023,8,332
IDN.34.5_1,KalimantanTimur,KutaiBarat,Kabupaten,2023-09,2023,9,460
IDN.34.5_1,KalimantanTimur,KutaiBarat,Kabupaten,2023-10,2023,10,260
IDN.34.5_1,KalimantanTimur,KutaiBarat,Kabupaten,2023-11,2023,11,113
IDN.34.5_1,KalimantanTimur,KutaiBarat,Kabupaten,2023-12,2023,12,15
IDN.34.5_1,KalimantanTimur,KutaiBarat,Kabupaten,2024-01,2024,1,3
IDN.34.5_1,KalimantanTimur,KutaiBarat,Kabupaten,2024-02,2024,2,40
IDN.34.5_1,KalimantanTimur,KutaiBarat,Kabupaten,2024-03,2024,3,19
IDN.34.5_1,KalimantanTimur,KutaiBarat,Kabupaten,2024-04,2024,4,132
IDN.34.5_1,KalimantanTimur,KutaiBarat,Kabupaten,2024-05,2024,5,11
IDN.34.5_1,KalimantanTimur,KutaiBarat,Kabupaten,2024-06,2024,6,7
IDN.34.5_1,KalimantanTimur,KutaiBarat,Kabupaten,2024-07,2024,7,7
IDN.34.5_1,KalimantanTimur,KutaiBarat,Kabupaten,2024-08,2024,8,95
IDN.34.5_1,KalimantanTimur,KutaiBarat,Kabupaten,2024-09,2024,9,510
IDN.34.5_1,KalimantanTimur,KutaiBarat,Kabupaten,2024-10,2024,10,259
IDN.34.5_1,KalimantanTimur,KutaiBarat,Kabupaten,2024-11,2024,11,21
IDN.34.5_1,KalimantanTimur,KutaiBarat,Kabupaten,2024-12,2024,12,1
IDN.34.5_1,KalimantanTimur,KutaiBarat,Kabupaten,2025-01,2025,1,1
IDN.34.5_1,KalimantanTimur,KutaiBarat,Kabupaten,2025-02,2025,2,9
IDN.34.5_1,KalimantanTimur,KutaiBarat,Kabupaten,2025-03,2025,3,5
IDN.34.5_1,KalimantanTimur,KutaiBarat,Kabupaten,2025-04,2025,4,1
IDN.34.5_1,KalimantanTimur,KutaiBarat,Kabupaten,2025-05,2025,5,9
IDN.34.5_1,KalimantanTimur,KutaiBarat,Kabupaten,2025-06,2025,6,10
IDN.34.5_1,KalimantanTimur,KutaiBarat,Kabupaten,2025-07,2025,7,44
IDN.34.5_1,KalimantanTimur,KutaiBarat,Kabupaten,2025-08,2025,8,77
IDN.34.5_1,KalimantanTimur,KutaiBarat,Kabupaten,2025-09,2025,9,235
IDN.34.5_1,KalimantanTimur,KutaiBarat,Kabupaten,2025-10,2025,10,259
IDN.34.5_1,KalimantanTimur,KutaiBarat,Kabupaten,2025-11,2025,11,25
IDN.34.5_1,KalimantanTimur,KutaiBarat,Kabupaten,2025-12,2025,12,3
IDN.34.6_1,KalimantanTimur,KutaiKartanegara,Kabupaten,2012-01,2012,1,21
IDN.34.6_1,KalimantanTimur,KutaiKartanegara,Kabupaten,2012-02,2012,2,85
IDN.34.6_1,KalimantanTimur,KutaiKartanegara,Kabupaten,2012-03,2012,3,40
IDN.34.6_1,KalimantanTimur,KutaiKartanegara,Kabupaten,2012-04,2012,4,66
IDN.34.6_1,KalimantanTimur,KutaiKartanegara,Kabupaten,2012-05,2012,5,97
IDN.34.6_1,KalimantanTimur,KutaiKartanegara,Kabupaten,2012-06,2012,6,202
IDN.34.6_1,KalimantanTimur,KutaiKartanegara,Kabupaten,2012-07,2012,7,170
IDN.34.6_1,KalimantanTimur,KutaiKartanegara,Kabupaten,2012-08,2012,8,492
IDN.34.6_1,KalimantanTimur,KutaiKartanegara,Kabupaten,2012-09,2012,9,994
IDN.34.6_1,KalimantanTimur,KutaiKartanegara,Kabupaten,2012-10,2012,10,487
IDN.34.6_1,KalimantanTimur,KutaiKartanegara,Kabupaten,2012-11,2012,11,208
IDN.34.6_1,KalimantanTimur,KutaiKartanegara,Kabupaten,2012-12,2012,12,99
IDN.34.6_1,KalimantanTimur,KutaiKartanegara,Kabupaten,2013-01,2013,1,92
IDN.34.6_1,KalimantanTimur,KutaiKartanegara,Kabupaten,2013-02,2013,2,34
IDN.34.6_1,KalimantanTimur,KutaiKartanegara,Kabupaten,2013-03,2013,3,55
IDN.34.6_1,KalimantanTimur,KutaiKartanegara,Kabupaten,2013-04,2013,4,49
IDN.34.6_1,KalimantanTimur,KutaiKartanegara,Kabupaten,2013-05,2013,5,39
IDN.34.6_1,KalimantanTimur,KutaiKartanegara,Kabupaten,2013-06,2013,6,79
IDN.34.6_1,KalimantanTimur,KutaiKartanegara,Kabupaten,2013-07,2013,7,104
IDN.34.6_1,KalimantanTimur,KutaiKartanegara,Kabupaten,2013-08,2013,8,190
IDN.34.6_1,KalimantanTimur,KutaiKartanegara,Kabupaten,2013-09,2013,9,593
IDN.34.6_1,KalimantanTimur,KutaiKartanegara,Kabupaten,2013-10,2013,10,647
IDN.34.6_1,KalimantanTimur,KutaiKartanegara,Kabupaten,2013-11,2013,11,117
IDN.34.6_1,KalimantanTimur,KutaiKartanegara,Kabupaten,2013-12,2013,12,30
IDN.34.6_1,KalimantanTimur,KutaiKartanegara,Kabupaten,2014-01,2014,1,26
IDN.34.6_1,KalimantanTimur,KutaiKartanegara,Kabupaten,2014-02,2014,2,192
IDN.34.6_1,KalimantanTimur,KutaiKartanegara,Kabupaten,2014-03,2014,3,248
IDN.34.6_1,KalimantanTimur,KutaiKartanegara,Kabupaten,2014-04,2014,4,89
IDN.34.6_1,KalimantanTimur,KutaiKartanegara,Kabupaten,2014-05,2014,5,110
IDN.34.6_1,KalimantanTimur,KutaiKartanegara,Kabupaten,2014-06,2014,6,61
IDN.34.6_1,KalimantanTimur,KutaiKartanegara,Kabupaten,2014-07,2014,7,158
IDN.34.6_1,KalimantanTimur,KutaiKartanegara,Kabupaten,2014-08,2014,8,266
IDN.34.6_1,KalimantanTimur,KutaiKartanegara,Kabupaten,2014-09,2014,9,1253
IDN.34.6_1,KalimantanTimur,KutaiKartanegara,Kabupaten,2014-10,2014,10,2729
IDN.34.6_1,KalimantanTimur,KutaiKartanegara,Kabupaten,2014-11,2014,11,233
IDN.34.6_1,KalimantanTimur,KutaiKartanegara,Kabupaten,2014-12,2014,12,39
IDN.34.6_1,KalimantanTimur,KutaiKartanegara,Kabupaten,2015-01,2015,1,17
IDN.34.6_1,KalimantanTimur,KutaiKartanegara,Kabupaten,2015-02,2015,2,66
IDN.34.6_1,KalimantanTimur,KutaiKartanegara,Kabupaten,2015-03,2015,3,106
IDN.34.6_1,KalimantanTimur,KutaiKartanegara,Kabupaten,2015-04,2015,4,146
IDN.34.6_1,KalimantanTimur,KutaiKartanegara,Kabupaten,2015-05,2015,5,108
IDN.34.6_1,KalimantanTimur,KutaiKartanegara,Kabupaten,2015-06,2015,6,40
IDN.34.6_1,KalimantanTimur,KutaiKartanegara,Kabupaten,2015-07,2015,7,388
IDN.34.6_1,KalimantanTimur,KutaiKartanegara,Kabupaten,2015-08,2015,8,1548
IDN.34.6_1,KalimantanTimur,KutaiKartanegara,Kabupaten,2015-09,2015,9,3124
IDN.34.6_1,KalimantanTimur,KutaiKartanegara,Kabupaten,2015-10,2015,10,5729
IDN.34.6_1,KalimantanTimur,KutaiKartanegara,Kabupaten,2015-11,2015,11,731
IDN.34.6_1,KalimantanTimur,KutaiKartanegara,Kabupaten,2015-12,2015,12,377
IDN.34.6_1,KalimantanTimur,KutaiKartanegara,Kabupaten,2016-01,2016,1,1214
IDN.34.6_1,KalimantanTimur,KutaiKartanegara,Kabupaten,2016-02,2016,2,826
IDN.34.6_1,KalimantanTimur,KutaiKartanegara,Kabupaten,2016-03,2016,3,352
IDN.34.6_1,KalimantanTimur,KutaiKartanegara,Kabupaten,2016-04,2016,4,250
IDN.34.6_1,KalimantanTimur,KutaiKartanegara,Kabupaten,2016-05,2016,5,90
IDN.34.6_1,KalimantanTimur,KutaiKartanegara,Kabupaten,2016-06,2016,6,66
IDN.34.6_1,KalimantanTimur,KutaiKartanegara,Kabupaten,2016-07,2016,7,131
IDN.34.6_1,KalimantanTimur,KutaiKartanegara,Kabupaten,2016-08,2016,8,125
IDN.34.6_1,KalimantanTimur,KutaiKartanegara,Kabupaten,2016-09,2016,9,107
IDN.34.6_1,KalimantanTimur,KutaiKartanegara,Kabupaten,2016-10,2016,10,60
IDN.34.6_1,KalimantanTimur,KutaiKartanegara,Kabupaten,2016-11,2016,11,81
IDN.34.6_1,KalimantanTimur,KutaiKartanegara,Kabupaten,2016-12,2016,12,24
IDN.34.6_1,KalimantanTimur,KutaiKartanegara,Kabupaten,2017-01,2017,1,23
IDN.34.6_1,KalimantanTimur,KutaiKartanegara,Kabupaten,2017-02,2017,2,38
IDN.34.6_1,KalimantanTimur,KutaiKartanegara,Kabupaten,2017-03,2017,3,25
IDN.34.6_1,KalimantanTimur,KutaiKartanegara,Kabupaten,2017-04,2017,4,38
IDN.34.6_1,KalimantanTimur,KutaiKartanegara,Kabupaten,2017-05,2017,5,25
IDN.34.6_1,KalimantanTimur,KutaiKartanegara,Kabupaten,2017-06,2017,6,13
IDN.34.6_1,KalimantanTimur,KutaiKartanegara,Kabupaten,2017-07,2017,7,35
IDN.34.6_1,KalimantanTimur,KutaiKartanegara,Kabupaten,2017-08,2017,8,102
IDN.34.6_1,KalimantanTimur,KutaiKartanegara,Kabupaten,2017-09,2017,9,157
IDN.34.6_1,KalimantanTimur,KutaiKartanegara,Kabupaten,2017-10,2017,10,156
IDN.34.6_1,KalimantanTimur,KutaiKartanegara,Kabupaten,2017-11,2017,11,10
IDN.34.6_1,KalimantanTimur,KutaiKartanegara,Kabupaten,2017-12,2017,12,11
IDN.34.6_1,KalimantanTimur,KutaiKartanegara,Kabupaten,2018-01,2018,1,8
IDN.34.6_1,KalimantanTimur,KutaiKartanegara,Kabupaten,2018-02,2018,2,18
IDN.34.6_1,KalimantanTimur,KutaiKartanegara,Kabupaten,2018-03,2018,3,41
IDN.34.6_1,KalimantanTimur,KutaiKartanegara,Kabupaten,2018-04,2018,4,29
IDN.34.6_1,KalimantanTimur,KutaiKartanegara,Kabupaten,2018-05,2018,5,25
IDN.34.6_1,KalimantanTimur,KutaiKartanegara,Kabupaten,2018-06,2018,6,32
IDN.34.6_1,KalimantanTimur,KutaiKartanegara,Kabupaten,2018-07,2018,7,64
IDN.34.6_1,KalimantanTimur,KutaiKartanegara,Kabupaten,2018-08,2018,8,189
IDN.34.6_1,KalimantanTimur,KutaiKartanegara,Kabupaten,2018-09,2018,9,805
IDN.34.6_1,KalimantanTimur,KutaiKartanegara,Kabupaten,2018-10,2018,10,293
IDN.34.6_1,KalimantanTimur,KutaiKartanegara,Kabupaten,2018-11,2018,11,56
IDN.34.6_1,KalimantanTimur,KutaiKartanegara,Kabupaten,2018-12,2018,12,77
IDN.34.6_1,KalimantanTimur,KutaiKartanegara,Kabupaten,2019-01,2019,1,35
IDN.34.6_1,KalimantanTimur,KutaiKartanegara,Kabupaten,2019-02,2019,2,244
IDN.34.6_1,KalimantanTimur,KutaiKartanegara,Kabupaten,2019-03,2019,3,149
IDN.34.6_1,KalimantanTimur,KutaiKartanegara,Kabupaten,2019-04,2019,4,65
IDN.34.6_1,KalimantanTimur,KutaiKartanegara,Kabupaten,2019-05,2019,5,52
IDN.34.6_1,KalimantanTimur,KutaiKartanegara,Kabupaten,2019-06,2019,6,43
IDN.34.6_1,KalimantanTimur,KutaiKartanegara,Kabupaten,2019-07,2019,7,147
IDN.34.6_1,KalimantanTimur,KutaiKartanegara,Kabupaten,2019-08,2019,8,485
IDN.34.6_1,KalimantanTimur,KutaiKartanegara,Kabupaten,2019-09,2019,9,2719
IDN.34.6_1,KalimantanTimur,KutaiKartanegara,Kabupaten,2019-10,2019,10,500
IDN.34.6_1,KalimantanTimur,KutaiKartanegara,Kabupaten,2019-11,2019,11,217
IDN.34.6_1,KalimantanTimur,KutaiKartanegara,Kabupaten,2019-12,2019,12,42
IDN.34.6_1,KalimantanTimur,KutaiKartanegara,Kabupaten,2020-01,2020,1,61
IDN.34.6_1,KalimantanTimur,KutaiKartanegara,Kabupaten,2020-02,2020,2,64
IDN.34.6_1,KalimantanTimur,KutaiKartanegara,Kabupaten,2020-03,2020,3,153
IDN.34.6_1,KalimantanTimur,KutaiKartanegara,Kabupaten,2020-04,2020,4,105
IDN.34.6_1,KalimantanTimur,KutaiKartanegara,Kabupaten,2020-05,2020,5,34
IDN.34.6_1,KalimantanTimur,KutaiKartanegara,Kabupaten,2020-06,2020,6,27
IDN.34.6_1,KalimantanTimur,KutaiKartanegara,Kabupaten,2020-07,2020,7,46
IDN.34.6_1,KalimantanTimur,KutaiKartanegara,Kabupaten,2020-08,2020,8,122
IDN.34.6_1,KalimantanTimur,KutaiKartanegara,Kabupaten,2020-09,2020,9,123
IDN.34.6_1,KalimantanTimur,KutaiKartanegara,Kabupaten,2020-10,2020,10,77
IDN.34.6_1,KalimantanTimur,KutaiKartanegara,Kabupaten,2020-11,2020,11,40
IDN.34.6_1,KalimantanTimur,KutaiKartanegara,Kabupaten,2020-12,2020,12,8
IDN.34.6_1,KalimantanTimur,KutaiKartanegara,Kabupaten,2021-01,2021,1,5
IDN.34.6_1,KalimantanTimur,KutaiKartanegara,Kabupaten,2021-02,2021,2,11
IDN.34.6_1,KalimantanTimur,KutaiKartanegara,Kabupaten,2021-03,2021,3,33
IDN.34.6_1,KalimantanTimur,KutaiKartanegara,Kabupaten,2021-04,2021,4,16
IDN.34.6_1,KalimantanTimur,KutaiKartanegara,Kabupaten,2021-05,2021,5,16
IDN.34.6_1,KalimantanTimur,KutaiKartanegara,Kabupaten,2021-06,2021,6,35
IDN.34.6_1,KalimantanTimur,KutaiKartanegara,Kabupaten,2021-07,2021,7,63
IDN.34.6_1,KalimantanTimur,KutaiKartanegara,Kabupaten,2021-08,2021,8,21
IDN.34.6_1,KalimantanTimur,KutaiKartanegara,Kabupaten,2021-09,2021,9,90
IDN.34.6_1,KalimantanTimur,KutaiKartanegara,Kabupaten,2021-10,2021,10,61
IDN.34.6_1,KalimantanTimur,KutaiKartanegara,Kabupaten,2021-11,2021,11,31
IDN.34.6_1,KalimantanTimur,KutaiKartanegara,Kabupaten,2021-12,2021,12,7
IDN.34.6_1,KalimantanTimur,KutaiKartanegara,Kabupaten,2022-01,2022,1,16
IDN.34.6_1,KalimantanTimur,KutaiKartanegara,Kabupaten,2022-02,2022,2,10
IDN.34.6_1,KalimantanTimur,KutaiKartanegara,Kabupaten,2022-03,2022,3,15
IDN.34.6_1,KalimantanTimur,KutaiKartanegara,Kabupaten,2022-04,2022,4,24
IDN.34.6_1,KalimantanTimur,KutaiKartanegara,Kabupaten,2022-05,2022,5,34
IDN.34.6_1,KalimantanTimur,KutaiKartanegara,Kabupaten,2022-06,2022,6,30
IDN.34.6_1,KalimantanTimur,KutaiKartanegara,Kabupaten,2022-07,2022,7,30
IDN.34.6_1,KalimantanTimur,KutaiKartanegara,Kabupaten,2022-08,2022,8,31
IDN.34.6_1,KalimantanTimur,KutaiKartanegara,Kabupaten,2022-09,2022,9,76
IDN.34.6_1,KalimantanTimur,KutaiKartanegara,Kabupaten,2022-10,2022,10,35
IDN.34.6_1,KalimantanTimur,KutaiKartanegara,Kabupaten,2022-11,2022,11,30
IDN.34.6_1,KalimantanTimur,KutaiKartanegara,Kabupaten,2022-12,2022,12,20
IDN.34.6_1,KalimantanTimur,KutaiKartanegara,Kabupaten,2023-01,2023,1,28
IDN.34.6_1,KalimantanTimur,KutaiKartanegara,Kabupaten,2023-02,2023,2,14
IDN.34.6_1,KalimantanTimur,KutaiKartanegara,Kabupaten,2023-03,2023,3,44
IDN.34.6_1,KalimantanTimur,KutaiKartanegara,Kabupaten,2023-04,2023,4,46
IDN.34.6_1,KalimantanTimur,KutaiKartanegara,Kabupaten,2023-05,2023,5,77
IDN.34.6_1,KalimantanTimur,KutaiKartanegara,Kabupaten,2023-06,2023,6,40
IDN.34.6_1,KalimantanTimur,KutaiKartanegara,Kabupaten,2023-07,2023,7,95
IDN.34.6_1,KalimantanTimur,KutaiKartanegara,Kabupaten,2023-08,2023,8,444
IDN.34.6_1,KalimantanTimur,KutaiKartanegara,Kabupaten,2023-09,2023,9,542
IDN.34.6_1,KalimantanTimur,KutaiKartanegara,Kabupaten,2023-10,2023,10,469
IDN.34.6_1,KalimantanTimur,KutaiKartanegara,Kabupaten,2023-11,2023,11,109
IDN.34.6_1,KalimantanTimur,KutaiKartanegara,Kabupaten,2023-12,2023,12,63
IDN.34.6_1,KalimantanTimur,KutaiKartanegara,Kabupaten,2024-01,2024,1,44
IDN.34.6_1,KalimantanTimur,KutaiKartanegara,Kabupaten,2024-02,2024,2,356
IDN.34.6_1,KalimantanTimur,KutaiKartanegara,Kabupaten,2024-03,2024,3,239
IDN.34.6_1,KalimantanTimur,KutaiKartanegara,Kabupaten,2024-04,2024,4,349
IDN.34.6_1,KalimantanTimur,KutaiKartanegara,Kabupaten,2024-05,2024,5,54
IDN.34.6_1,KalimantanTimur,KutaiKartanegara,Kabupaten,2024-06,2024,6,33
IDN.34.6_1,KalimantanTimur,KutaiKartanegara,Kabupaten,2024-07,2024,7,49
IDN.34.6_1,KalimantanTimur,KutaiKartanegara,Kabupaten,2024-08,2024,8,56
IDN.34.6_1,KalimantanTimur,KutaiKartanegara,Kabupaten,2024-09,2024,9,482
IDN.34.6_1,KalimantanTimur,KutaiKartanegara,Kabupaten,2024-10,2024,10,160
IDN.34.6_1,KalimantanTimur,KutaiKartanegara,Kabupaten,2024-11,2024,11,73
IDN.34.6_1,KalimantanTimur,KutaiKartanegara,Kabupaten,2024-12,2024,12,7
IDN.34.6_1,KalimantanTimur,KutaiKartanegara,Kabupaten,2025-01,2025,1,11
IDN.34.6_1,KalimantanTimur,KutaiKartanegara,Kabupaten,2025-02,2025,2,12
IDN.34.6_1,KalimantanTimur,KutaiKartanegara,Kabupaten,2025-03,2025,3,19
IDN.34.6_1,KalimantanTimur,KutaiKartanegara,Kabupaten,2025-04,2025,4,24
IDN.34.6_1,KalimantanTimur,KutaiKartanegara,Kabupaten,2025-05,2025,5,24
IDN.34.6_1,KalimantanTimur,KutaiKartanegara,Kabupaten,2025-06,2025,6,33
IDN.34.6_1,KalimantanTimur,KutaiKartanegara,Kabupaten,2025-07,2025,7,120
IDN.34.6_1,KalimantanTimur,KutaiKartanegara,Kabupaten,2025-08,2025,8,45
IDN.34.6_1,KalimantanTimur,KutaiKartanegara,Kabupaten,2025-09,2025,9,210
IDN.34.6_1,KalimantanTimur,KutaiKartanegara,Kabupaten,2025-10,2025,10,138
IDN.34.6_1,KalimantanTimur,KutaiKartanegara,Kabupaten,2025-11,2025,11,42
IDN.34.6_1,KalimantanTimur,KutaiKartanegara,Kabupaten,2025-12,2025,12,9
IDN.34.7_1,KalimantanTimur,KutaiTimur,Kabupaten,2012-01,2012,1,22
IDN.34.7_1,KalimantanTimur,KutaiTimur,Kabupaten,2012-02,2012,2,42
IDN.34.7_1,KalimantanTimur,KutaiTimur,Kabupaten,2012-03,2012,3,15
IDN.34.7_1,KalimantanTimur,KutaiTimur,Kabupaten,2012-04,2012,4,57
IDN.34.7_1,KalimantanTimur,KutaiTimur,Kabupaten,2012-05,2012,5,39
IDN.34.7_1,KalimantanTimur,KutaiTimur,Kabupaten,2012-06,2012,6,132
IDN.34.7_1,KalimantanTimur,KutaiTimur,Kabupaten,2012-07,2012,7,78
IDN.34.7_1,KalimantanTimur,KutaiTimur,Kabupaten,2012-08,2012,8,511
IDN.34.7_1,KalimantanTimur,KutaiTimur,Kabupaten,2012-09,2012,9,752
IDN.34.7_1,KalimantanTimur,KutaiTimur,Kabupaten,2012-10,2012,10,378
IDN.34.7_1,KalimantanTimur,KutaiTimur,Kabupaten,2012-11,2012,11,115
IDN.34.7_1,KalimantanTimur,KutaiTimur,Kabupaten,2012-12,2012,12,153
IDN.34.7_1,KalimantanTimur,KutaiTimur,Kabupaten,2013-01,2013,1,51
IDN.34.7_1,KalimantanTimur,KutaiTimur,Kabupaten,2013-02,2013,2,56
IDN.34.7_1,KalimantanTimur,KutaiTimur,Kabupaten,2013-03,2013,3,83
IDN.34.7_1,KalimantanTimur,KutaiTimur,Kabupaten,2013-04,2013,4,55
IDN.34.7_1,KalimantanTimur,KutaiTimur,Kabupaten,2013-05,2013,5,53
IDN.34.7_1,KalimantanTimur,KutaiTimur,Kabupaten,2013-06,2013,6,93
IDN.34.7_1,KalimantanTimur,KutaiTimur,Kabupaten,2013-07,2013,7,78
IDN.34.7_1,KalimantanTimur,KutaiTimur,Kabupaten,2013-08,2013,8,312
IDN.34.7_1,KalimantanTimur,KutaiTimur,Kabupaten,2013-09,2013,9,486
IDN.34.7_1,KalimantanTimur,KutaiTimur,Kabupaten,2013-10,2013,10,451
IDN.34.7_1,KalimantanTimur,KutaiTimur,Kabupaten,2013-11,2013,11,69
IDN.34.7_1,KalimantanTimur,KutaiTimur,Kabupaten,2013-12,2013,12,38
IDN.34.7_1,KalimantanTimur,KutaiTimur,Kabupaten,2014-01,2014,1,60
IDN.34.7_1,KalimantanTimur,KutaiTimur,Kabupaten,2014-02,2014,2,187
IDN.34.7_1,KalimantanTimur,KutaiTimur,Kabupaten,2014-03,2014,3,267
IDN.34.7_1,KalimantanTimur,KutaiTimur,Kabupaten,2014-04,2014,4,75
IDN.34.7_1,KalimantanTimur,KutaiTimur,Kabupaten,2014-05,2014,5,119
IDN.34.7_1,KalimantanTimur,KutaiTimur,Kabupaten,2014-06,2014,6,65
IDN.34.7_1,KalimantanTimur,KutaiTimur,Kabupaten,2014-07,2014,7,91
IDN.34.7_1,KalimantanTimur,KutaiTimur,Kabupaten,2014-08,2014,8,498
IDN.34.7_1,KalimantanTimur,KutaiTimur,Kabupaten,2014-09,2014,9,934
IDN.34.7_1,KalimantanTimur,KutaiTimur,Kabupaten,2014-10,2014,10,1723
IDN.34.7_1,KalimantanTimur,KutaiTimur,Kabupaten,2014-11,2014,11,148
IDN.34.7_1,KalimantanTimur,KutaiTimur,Kabupaten,2014-12,2014,12,44
IDN.34.7_1,KalimantanTimur,KutaiTimur,Kabupaten,2015-01,2015,1,29
IDN.34.7_1,KalimantanTimur,KutaiTimur,Kabupaten,2015-02,2015,2,87
IDN.34.7_1,KalimantanTimur,KutaiTimur,Kabupaten,2015-03,2015,3,139
IDN.34.7_1,KalimantanTimur,KutaiTimur,Kabupaten,2015-04,2015,4,161
IDN.34.7_1,KalimantanTimur,KutaiTimur,Kabupaten,2015-05,2015,5,91
IDN.34.7_1,KalimantanTimur,KutaiTimur,Kabupaten,2015-06,2015,6,71
IDN.34.7_1,KalimantanTimur,KutaiTimur,Kabupaten,2015-07,2015,7,421
IDN.34.7_1,KalimantanTimur,KutaiTimur,Kabupaten,2015-08,2015,8,1639
IDN.34.7_1,KalimantanTimur,KutaiTimur,Kabupaten,2015-09,2015,9,2318
IDN.34.7_1,KalimantanTimur,KutaiTimur,Kabupaten,2015-10,2015,10,4360
IDN.34.7_1,KalimantanTimur,KutaiTimur,Kabupaten,2015-11,2015,11,1060
IDN.34.7_1,KalimantanTimur,KutaiTimur,Kabupaten,2015-12,2015,12,607
IDN.34.7_1,KalimantanTimur,KutaiTimur,Kabupaten,2016-01,2016,1,1102
IDN.34.7_1,KalimantanTimur,KutaiTimur,Kabupaten,2016-02,2016,2,1297
IDN.34.7_1,KalimantanTimur,KutaiTimur,Kabupaten,2016-03,2016,3,1405
IDN.34.7_1,KalimantanTimur,KutaiTimur,Kabupaten,2016-04,2016,4,461
IDN.34.7_1,KalimantanTimur,KutaiTimur,Kabupaten,2016-05,2016,5,196
IDN.34.7_1,KalimantanTimur,KutaiTimur,Kabupaten,2016-06,2016,6,73
IDN.34.7_1,KalimantanTimur,KutaiTimur,Kabupaten,2016-07,2016,7,110
IDN.34.7_1,KalimantanTimur,KutaiTimur,Kabupaten,2016-08,2016,8,131
IDN.34.7_1,KalimantanTimur,KutaiTimur,Kabupaten,2016-09,2016,9,54
IDN.34.7_1,KalimantanTimur,KutaiTimur,Kabupaten,2016-10,2016,10,6
IDN.34.7_1,KalimantanTimur,KutaiTimur,Kabupaten,2016-11,2016,11,39
IDN.34.7_1,KalimantanTimur,KutaiTimur,Kabupaten,2016-12,2016,12,11
IDN.34.7_1,KalimantanTimur,KutaiTimur,Kabupaten,2017-01,2017,1,7
IDN.34.7_1,KalimantanTimur,KutaiTimur,Kabupaten,2017-02,2017,2,32
IDN.34.7_1,KalimantanTimur,KutaiTimur,Kabupaten,2017-03,2017,3,56
IDN.34.7_1,KalimantanTimur,KutaiTimur,Kabupaten,2017-04,2017,4,61
IDN.34.7_1,KalimantanTimur,KutaiTimur,Kabupaten,2017-05,2017,5,100
IDN.34.7_1,KalimantanTimur,KutaiTimur,Kabupaten,2017-06,2017,6,49
IDN.34.7_1,KalimantanTimur,KutaiTimur,Kabupaten,2017-07,2017,7,71
IDN.34.7_1,KalimantanTimur,KutaiTimur,Kabupaten,2017-08,2017,8,143
IDN.34.7_1,KalimantanTimur,KutaiTimur,Kabupaten,2017-09,2017,9,216
IDN.34.7_1,KalimantanTimur,KutaiTimur,Kabupaten,2017-10,2017,10,130
IDN.34.7_1,KalimantanTimur,KutaiTimur,Kabupaten,2017-11,2017,11,35
IDN.34.7_1,KalimantanTimur,KutaiTimur,Kabupaten,2017-12,2017,12,38
IDN.34.7_1,KalimantanTimur,KutaiTimur,Kabupaten,2018-01,2018,1,11
IDN.34.7_1,KalimantanTimur,KutaiTimur,Kabupaten,2018-02,2018,2,39
IDN.34.7_1,KalimantanTimur,KutaiTimur,Kabupaten,2018-03,2018,3,50
IDN.34.7_1,KalimantanTimur,KutaiTimur,Kabupaten,2018-04,2018,4,26
IDN.34.7_1,KalimantanTimur,KutaiTimur,Kabupaten,2018-05,2018,5,40
IDN.34.7_1,KalimantanTimur,KutaiTimur,Kabupaten,2018-06,2018,6,61
IDN.34.7_1,KalimantanTimur,KutaiTimur,Kabupaten,2018-07,2018,7,66
IDN.34.7_1,KalimantanTimur,KutaiTimur,Kabupaten,2018-08,2018,8,438
IDN.34.7_1,KalimantanTimur,KutaiTimur,Kabupaten,2018-09,2018,9,1087
IDN.34.7_1,KalimantanTimur,KutaiTimur,Kabupaten,2018-10,2018,10,359
IDN.34.7_1,KalimantanTimur,KutaiTimur,Kabupaten,2018-11,2018,11,156
IDN.34.7_1,KalimantanTimur,KutaiTimur,Kabupaten,2018-12,2018,12,140
IDN.34.7_1,KalimantanTimur,KutaiTimur,Kabupaten,2019-01,2019,1,88
IDN.34.7_1,KalimantanTimur,KutaiTimur,Kabupaten,2019-02,2019,2,188
IDN.34.7_1,KalimantanTimur,KutaiTimur,Kabupaten,2019-03,2019,3,205
IDN.34.7_1,KalimantanTimur,KutaiTimur,Kabupaten,2019-04,2019,4,82
IDN.34.7_1,KalimantanTimur,KutaiTimur,Kabupaten,2019-05,2019,5,77
IDN.34.7_1,KalimantanTimur,KutaiTimur,Kabupaten,2019-06,2019,6,49
IDN.34.7_1,KalimantanTimur,KutaiTimur,Kabupaten,2019-07,2019,7,111
IDN.34.7_1,KalimantanTimur,KutaiTimur,Kabupaten,2019-08,2019,8,456
IDN.34.7_1,KalimantanTimur,KutaiTimur,Kabupaten,2019-09,2019,9,2317
IDN.34.7_1,KalimantanTimur,KutaiTimur,Kabupaten,2019-10,2019,10,514
IDN.34.7_1,KalimantanTimur,KutaiTimur,Kabupaten,2019-11,2019,11,274
IDN.34.7_1,KalimantanTimur,KutaiTimur,Kabupaten,2019-12,2019,12,75
IDN.34.7_1,KalimantanTimur,KutaiTimur,Kabupaten,2020-01,2020,1,131
IDN.34.7_1,KalimantanTimur,KutaiTimur,Kabupaten,2020-02,2020,2,115
IDN.34.7_1,KalimantanTimur,KutaiTimur,Kabupaten,2020-03,2020,3,152
IDN.34.7_1,KalimantanTimur,KutaiTimur,Kabupaten,2020-04,2020,4,98
IDN.34.7_1,KalimantanTimur,KutaiTimur,Kabupaten,2020-05,2020,5,112
IDN.34.7_1,KalimantanTimur,KutaiTimur,Kabupaten,2020-06,2020,6,77
IDN.34.7_1,KalimantanTimur,KutaiTimur,Kabupaten,2020-07,2020,7,74
IDN.34.7_1,KalimantanTimur,KutaiTimur,Kabupaten,2020-08,2020,8,355
IDN.34.7_1,KalimantanTimur,KutaiTimur,Kabupaten,2020-09,2020,9,139
IDN.34.7_1,KalimantanTimur,KutaiTimur,Kabupaten,2020-10,2020,10,92
IDN.34.7_1,KalimantanTimur,KutaiTimur,Kabupaten,2020-11,2020,11,93
IDN.34.7_1,KalimantanTimur,KutaiTimur,Kabupaten,2020-12,2020,12,18
IDN.34.7_1,KalimantanTimur,KutaiTimur,Kabupaten,2021-01,2021,1,5
IDN.34.7_1,KalimantanTimur,KutaiTimur,Kabupaten,2021-02,2021,2,15
IDN.34.7_1,KalimantanTimur,KutaiTimur,Kabupaten,2021-03,2021,3,45
IDN.34.7_1,KalimantanTimur,KutaiTimur,Kabupaten,2021-04,2021,4,18
IDN.34.7_1,KalimantanTimur,KutaiTimur,Kabupaten,2021-05,2021,5,28
IDN.34.7_1,KalimantanTimur,KutaiTimur,Kabupaten,2021-06,2021,6,41
IDN.34.7_1,KalimantanTimur,KutaiTimur,Kabupaten,2021-07,2021,7,71
IDN.34.7_1,KalimantanTimur,KutaiTimur,Kabupaten,2021-08,2021,8,71
IDN.34.7_1,KalimantanTimur,KutaiTimur,Kabupaten,2021-09,2021,9,188
IDN.34.7_1,KalimantanTimur,KutaiTimur,Kabupaten,2021-10,2021,10,44
IDN.34.7_1,KalimantanTimur,KutaiTimur,Kabupaten,2021-11,2021,11,41
IDN.34.7_1,KalimantanTimur,KutaiTimur,Kabupaten,2021-12,2021,12,4
IDN.34.7_1,KalimantanTimur,KutaiTimur,Kabupaten,2022-01,2022,1,20
IDN.34.7_1,KalimantanTimur,KutaiTimur,Kabupaten,2022-02,2022,2,29
IDN.34.7_1,KalimantanTimur,KutaiTimur,Kabupaten,2022-03,2022,3,26
IDN.34.7_1,KalimantanTimur,KutaiTimur,Kabupaten,2022-04,2022,4,18
IDN.34.7_1,KalimantanTimur,KutaiTimur,Kabupaten,2022-05,2022,5,39
IDN.34.7_1,KalimantanTimur,KutaiTimur,Kabupaten,2022-06,2022,6,60
IDN.34.7_1,KalimantanTimur,KutaiTimur,Kabupaten,2022-07,2022,7,45
IDN.34.7_1,KalimantanTimur,KutaiTimur,Kabupaten,2022-08,2022,8,107
IDN.34.7_1,KalimantanTimur,KutaiTimur,Kabupaten,2022-09,2022,9,187
IDN.34.7_1,KalimantanTimur,KutaiTimur,Kabupaten,2022-10,2022,10,50
IDN.34.7_1,KalimantanTimur,KutaiTimur,Kabupaten,2022-11,2022,11,40
IDN.34.7_1,KalimantanTimur,KutaiTimur,Kabupaten,2022-12,2022,12,19
IDN.34.7_1,KalimantanTimur,KutaiTimur,Kabupaten,2023-01,2023,1,19
IDN.34.7_1,KalimantanTimur,KutaiTimur,Kabupaten,2023-02,2023,2,43
IDN.34.7_1,KalimantanTimur,KutaiTimur,Kabupaten,2023-03,2023,3,138
IDN.34.7_1,KalimantanTimur,KutaiTimur,Kabupaten,2023-04,2023,4,181
IDN.34.7_1,KalimantanTimur,KutaiTimur,Kabupaten,2023-05,2023,5,158
IDN.34.7_1,KalimantanTimur,KutaiTimur,Kabupaten,2023-06,2023,6,128
IDN.34.7_1,KalimantanTimur,KutaiTimur,Kabupaten,2023-07,2023,7,243
IDN.34.7_1,KalimantanTimur,KutaiTimur,Kabupaten,2023-08,2023,8,481
IDN.34.7_1,KalimantanTimur,KutaiTimur,Kabupaten,2023-09,2023,9,565
IDN.34.7_1,KalimantanTimur,KutaiTimur,Kabupaten,2023-10,2023,10,758
IDN.34.7_1,KalimantanTimur,KutaiTimur,Kabupaten,2023-11,2023,11,335
IDN.34.7_1,KalimantanTimur,KutaiTimur,Kabupaten,2023-12,2023,12,198
IDN.34.7_1,KalimantanTimur,KutaiTimur,Kabupaten,2024-01,2024,1,186
IDN.34.7_1,KalimantanTimur,KutaiTimur,Kabupaten,2024-02,2024,2,269
IDN.34.7_1,KalimantanTimur,KutaiTimur,Kabupaten,2024-03,2024,3,215
IDN.34.7_1,KalimantanTimur,KutaiTimur,Kabupaten,2024-04,2024,4,523
IDN.34.7_1,KalimantanTimur,KutaiTimur,Kabupaten,2024-05,2024,5,124
IDN.34.7_1,KalimantanTimur,KutaiTimur,Kabupaten,2024-06,2024,6,55
IDN.34.7_1,KalimantanTimur,KutaiTimur,Kabupaten,2024-07,2024,7,51
IDN.34.7_1,KalimantanTimur,KutaiTimur,Kabupaten,2024-08,2024,8,110
IDN.34.7_1,KalimantanTimur,KutaiTimur,Kabupaten,2024-09,2024,9,580
IDN.34.7_1,KalimantanTimur,KutaiTimur,Kabupaten,2024-10,2024,10,206
IDN.34.7_1,KalimantanTimur,KutaiTimur,Kabupaten,2024-11,2024,11,71
IDN.34.7_1,KalimantanTimur,KutaiTimur,Kabupaten,2024-12,2024,12,14
IDN.34.7_1,KalimantanTimur,KutaiTimur,Kabupaten,2025-01,2025,1,29
IDN.34.7_1,KalimantanTimur,KutaiTimur,Kabupaten,2025-02,2025,2,35
IDN.34.7_1,KalimantanTimur,KutaiTimur,Kabupaten,2025-03,2025,3,53
IDN.34.7_1,KalimantanTimur,KutaiTimur,Kabupaten,2025-04,2025,4,47
IDN.34.7_1,KalimantanTimur,KutaiTimur,Kabupaten,2025-05,2025,5,130
IDN.34.7_1,KalimantanTimur,KutaiTimur,Kabupaten,2025-06,2025,6,51
IDN.34.7_1,KalimantanTimur,KutaiTimur,Kabupaten,2025-07,2025,7,246
IDN.34.7_1,KalimantanTimur,KutaiTimur,Kabupaten,2025-08,2025,8,121
IDN.34.7_1,KalimantanTimur,KutaiTimur,Kabupaten,2025-09,2025,9,327
IDN.34.7_1,KalimantanTimur,KutaiTimur,Kabupaten,2025-10,2025,10,261
IDN.34.7_1,KalimantanTimur,KutaiTimur,Kabupaten,2025-11,2025,11,135
IDN.34.7_1,KalimantanTimur,KutaiTimur,Kabupaten,2025-12,2025,12,12
IDN.34.10_1,KalimantanTimur,Paser,Kabupaten,2012-01,2012,1,11
IDN.34.10_1,KalimantanTimur,Paser,Kabupaten,2012-02,2012,2,17
IDN.34.10_1,KalimantanTimur,Paser,Kabupaten,2012-03,2012,3,23
IDN.34.10_1,KalimantanTimur,Paser,Kabupaten,2012-04,2012,4,25
IDN.34.10_1,KalimantanTimur,Paser,Kabupaten,2012-05,2012,5,38
IDN.34.10_1,KalimantanTimur,Paser,Kabupaten,2012-06,2012,6,39
IDN.34.10_1,KalimantanTimur,Paser,Kabupaten,2012-07,2012,7,62
IDN.34.10_1,KalimantanTimur,Paser,Kabupaten,2012-08,2012,8,155
IDN.34.10_1,KalimantanTimur,Paser,Kabupaten,2012-09,2012,9,530
IDN.34.10_1,KalimantanTimur,Paser,Kabupaten,2012-10,2012,10,558
IDN.34.10_1,KalimantanTimur,Paser,Kabupaten,2012-11,2012,11,144
IDN.34.10_1,KalimantanTimur,Paser,Kabupaten,2012-12,2012,12,33
IDN.34.10_1,KalimantanTimur,Paser,Kabupaten,2013-01,2013,1,15
IDN.34.10_1,KalimantanTimur,Paser,Kabupaten,2013-02,2013,2,7
IDN.34.10_1,KalimantanTimur,Paser,Kabupaten,2013-03,2013,3,2
IDN.34.10_1,KalimantanTimur,Paser,Kabupaten,2013-04,2013,4,9
IDN.34.10_1,KalimantanTimur,Paser,Kabupaten,2013-05,2013,5,4
IDN.34.10_1,KalimantanTimur,Paser,Kabupaten,2013-06,2013,6,14
IDN.34.10_1,KalimantanTimur,Paser,Kabupaten,2013-07,2013,7,15
IDN.34.10_1,KalimantanTimur,Paser,Kabupaten,2013-08,2013,8,52
IDN.34.10_1,KalimantanTimur,Paser,Kabupaten,2013-09,2013,9,238
IDN.34.10_1,KalimantanTimur,Paser,Kabupaten,2013-10,2013,10,367
IDN.34.10_1,KalimantanTimur,Paser,Kabupaten,2013-11,2013,11,81
IDN.34.10_1,KalimantanTimur,Paser,Kabupaten,2013-12,2013,12,5
IDN.34.10_1,KalimantanTimur,Paser,Kabupaten,2014-01,2014,1,15
IDN.34.10_1,KalimantanTimur,Paser,Kabupaten,2014-02,2014,2,12
IDN.34.10_1,KalimantanTimur,Paser,Kabupaten,2014-03,2014,3,4
IDN.34.10_1,KalimantanTimur,Paser,Kabupaten,2014-04,2014,4,10
IDN.34.10_1,KalimantanTimur,Paser,Kabupaten,2014-05,2014,5,13
IDN.34.10_1,KalimantanTimur,Paser,Kabupaten,2014-06,2014,6,20
IDN.34.10_1,KalimantanTimur,Paser,Kabupaten,2014-07,2014,7,51
IDN.34.10_1,KalimantanTimur,Paser,Kabupaten,2014-08,2014,8,110
IDN.34.10_1,KalimantanTimur,Paser,Kabupaten,2014-09,2014,9,1133
IDN.34.10_1,KalimantanTimur,Paser,Kabupaten,2014-10,2014,10,3154
IDN.34.10_1,KalimantanTimur,Paser,Kabupaten,2014-11,2014,11,334
IDN.34.10_1,KalimantanTimur,Paser,Kabupaten,2014-12,2014,12,19
IDN.34.10_1,KalimantanTimur,Paser,Kabupaten,2015-01,2015,1,36
IDN.34.10_1,KalimantanTimur,Paser,Kabupaten,2015-02,2015,2,6
IDN.34.10_1,KalimantanTimur,Paser,Kabupaten,2015-03,2015,3,6
IDN.34.10_1,KalimantanTimur,Paser,Kabupaten,2015-04,2015,4,19
IDN.34.10_1,KalimantanTimur,Paser,Kabupaten,2015-05,2015,5,91
IDN.34.10_1,KalimantanTimur,Paser,Kabupaten,2015-06,2015,6,56
IDN.34.10_1,KalimantanTimur,Paser,Kabupaten,2015-07,2015,7,108
IDN.34.10_1,KalimantanTimur,Paser,Kabupaten,2015-08,2015,8,526
IDN.34.10_1,KalimantanTimur,Paser,Kabupaten,2015-09,2015,9,2929
IDN.34.10_1,KalimantanTimur,Paser,Kabupaten,2015-10,2015,10,6606
IDN.34.10_1,KalimantanTimur,Paser,Kabupaten,2015-11,2015,11,186
IDN.34.10_1,KalimantanTimur,Paser,Kabupaten,2015-12,2015,12,66
IDN.34.10_1,KalimantanTimur,Paser,Kabupaten,2016-01,2016,1,79
IDN.34.10_1,KalimantanTimur,Paser,Kabupaten,2016-02,2016,2,42
IDN.34.10_1,KalimantanTimur,Paser,Kabupaten,2016-03,2016,3,27
IDN.34.10_1,KalimantanTimur,Paser,Kabupaten,2016-04,2016,4,7
IDN.34.10_1,KalimantanTimur,Paser,Kabupaten,2016-05,2016,5,6
IDN.34.10_1,KalimantanTimur,Paser,Kabupaten,2016-06,2016,6,7
IDN.34.10_1,KalimantanTimur,Paser,Kabupaten,2016-07,2016,7,17
IDN.34.10_1,KalimantanTimur,Paser,Kabupaten,2016-08,2016,8,26
IDN.34.10_1,KalimantanTimur,Paser,Kabupaten,2016-09,2016,9,23
IDN.34.10_1,KalimantanTimur,Paser,Kabupaten,2016-10,2016,10,37
IDN.34.10_1,KalimantanTimur,Paser,Kabupaten,2016-11,2016,11,13
IDN.34.10_1,KalimantanTimur,Paser,Kabupaten,2016-12,2016,12,5
IDN.34.10_1,KalimantanTimur,Paser,Kabupaten,2017-01,2017,1,1
IDN.34.10_1,KalimantanTimur,Paser,Kabupaten,2017-02,2017,2,5
IDN.34.10_1,KalimantanTimur,Paser,Kabupaten,2017-03,2017,3,9
IDN.34.10_1,KalimantanTimur,Paser,Kabupaten,2017-04,2017,4,5
IDN.34.10_1,KalimantanTimur,Paser,Kabupaten,2017-05,2017,5,5
IDN.34.10_1,KalimantanTimur,Paser,Kabupaten,2017-06,2017,6,9
IDN.34.10_1,KalimantanTimur,Paser,Kabupaten,2017-07,2017,7,45
IDN.34.10_1,KalimantanTimur,Paser,Kabupaten,2017-08,2017,8,23
IDN.34.10_1,KalimantanTimur,Paser,Kabupaten,2017-09,2017,9,80
IDN.34.10_1,KalimantanTimur,Paser,Kabupaten,2017-10,2017,10,40
IDN.34.10_1,KalimantanTimur,Paser,Kabupaten,2017-11,2017,11,28
IDN.34.10_1,KalimantanTimur,Paser,Kabupaten,2017-12,2017,12,5
IDN.34.10_1,KalimantanTimur,Paser,Kabupaten,2018-01,2018,1,3
IDN.34.10_1,KalimantanTimur,Paser,Kabupaten,2018-02,2018,2,8
IDN.34.10_1,KalimantanTimur,Paser,Kabupaten,2018-03,2018,3,6
IDN.34.10_1,KalimantanTimur,Paser,Kabupaten,2018-04,2018,4,3
IDN.34.10_1,KalimantanTimur,Paser,Kabupaten,2018-05,2018,5,5
IDN.34.10_1,KalimantanTimur,Paser,Kabupaten,2018-06,2018,6,19
IDN.34.10_1,KalimantanTimur,Paser,Kabupaten,2018-07,2018,7,40
IDN.34.10_1,KalimantanTimur,Paser,Kabupaten,2018-08,2018,8,72
IDN.34.10_1,KalimantanTimur,Paser,Kabupaten,2018-09,2018,9,379
IDN.34.10_1,KalimantanTimur,Paser,Kabupaten,2018-10,2018,10,247
IDN.34.10_1,KalimantanTimur,Paser,Kabupaten,2018-11,2018,11,47
IDN.34.10_1,KalimantanTimur,Paser,Kabupaten,2018-12,2018,12,9
IDN.34.10_1,KalimantanTimur,Paser,Kabupaten,2019-01,2019,1,11
IDN.34.10_1,KalimantanTimur,Paser,Kabupaten,2019-02,2019,2,33
IDN.34.10_1,KalimantanTimur,Paser,Kabupaten,2019-03,2019,3,20
IDN.34.10_1,KalimantanTimur,Paser,Kabupaten,2019-04,2019,4,11
IDN.34.10_1,KalimantanTimur,Paser,Kabupaten,2019-05,2019,5,41
IDN.34.10_1,KalimantanTimur,Paser,Kabupaten,2019-06,2019,6,31
IDN.34.10_1,KalimantanTimur,Paser,Kabupaten,2019-07,2019,7,78
IDN.34.10_1,KalimantanTimur,Paser,Kabupaten,2019-08,2019,8,231
IDN.34.10_1,KalimantanTimur,Paser,Kabupaten,2019-09,2019,9,1541
IDN.34.10_1,KalimantanTimur,Paser,Kabupaten,2019-10,2019,10,477
IDN.34.10_1,KalimantanTimur,Paser,Kabupaten,2019-11,2019,11,309
IDN.34.10_1,KalimantanTimur,Paser,Kabupaten,2019-12,2019,12,92
IDN.34.10_1,KalimantanTimur,Paser,Kabupaten,2020-01,2020,1,30
IDN.34.10_1,KalimantanTimur,Paser,Kabupaten,2020-02,2020,2,30
IDN.34.10_1,KalimantanTimur,Paser,Kabupaten,2020-03,2020,3,8
IDN.34.10_1,KalimantanTimur,Paser,Kabupaten,2020-04,2020,4,11
IDN.34.10_1,KalimantanTimur,Paser,Kabupaten,2020-05,2020,5,18
IDN.34.10_1,KalimantanTimur,Paser,Kabupaten,2020-06,2020,6,26
IDN.34.10_1,KalimantanTimur,Paser,Kabupaten,2020-07,2020,7,22
IDN.34.10_1,KalimantanTimur,Paser,Kabupaten,2020-08,2020,8,27
IDN.34.10_1,KalimantanTimur,Paser,Kabupaten,2020-09,2020,9,47
IDN.34.10_1,KalimantanTimur,Paser,Kabupaten,2020-10,2020,10,72
IDN.34.10_1,KalimantanTimur,Paser,Kabupaten,2020-11,2020,11,25
IDN.34.10_1,KalimantanTimur,Paser,Kabupaten,2020-12,2020,12,7
IDN.34.10_1,KalimantanTimur,Paser,Kabupaten,2021-01,2021,1,0
IDN.34.10_1,KalimantanTimur,Paser,Kabupaten,2021-02,2021,2,4
IDN.34.10_1,KalimantanTimur,Paser,Kabupaten,2021-03,2021,3,5
IDN.34.10_1,KalimantanTimur,Paser,Kabupaten,2021-04,2021,4,4
IDN.34.10_1,KalimantanTimur,Paser,Kabupaten,2021-05,2021,5,6
IDN.34.10_1,KalimantanTimur,Paser,Kabupaten,2021-06,2021,6,15
IDN.34.10_1,KalimantanTimur,Paser,Kabupaten,2021-07,2021,7,22
IDN.34.10_1,KalimantanTimur,Paser,Kabupaten,2021-08,2021,8,8
IDN.34.10_1,KalimantanTimur,Paser,Kabupaten,2021-09,2021,9,18
IDN.34.10_1,KalimantanTimur,Paser,Kabupaten,2021-10,2021,10,31
IDN.34.10_1,KalimantanTimur,Paser,Kabupaten,2021-11,2021,11,6
IDN.34.10_1,KalimantanTimur,Paser,Kabupaten,2021-12,2021,12,3
IDN.34.10_1,KalimantanTimur,Paser,Kabupaten,2022-01,2022,1,3
IDN.34.10_1,KalimantanTimur,Paser,Kabupaten,2022-02,2022,2,3
IDN.34.10_1,KalimantanTimur,Paser,Kabupaten,2022-03,2022,3,5
IDN.34.10_1,KalimantanTimur,Paser,Kabupaten,2022-04,2022,4,7
IDN.34.10_1,KalimantanTimur,Paser,Kabupaten,2022-05,2022,5,16
IDN.34.10_1,KalimantanTimur,Paser,Kabupaten,2022-06,2022,6,10
IDN.34.10_1,KalimantanTimur,Paser,Kabupaten,2022-07,2022,7,7
IDN.34.10_1,KalimantanTimur,Paser,Kabupaten,2022-08,2022,8,4
IDN.34.10_1,KalimantanTimur,Paser,Kabupaten,2022-09,2022,9,40
IDN.34.10_1,KalimantanTimur,Paser,Kabupaten,2022-10,2022,10,11
IDN.34.10_1,KalimantanTimur,Paser,Kabupaten,2022-11,2022,11,5
IDN.34.10_1,KalimantanTimur,Paser,Kabupaten,2022-12,2022,12,11
IDN.34.10_1,KalimantanTimur,Paser,Kabupaten,2023-01,2023,1,15
IDN.34.10_1,KalimantanTimur,Paser,Kabupaten,2023-02,2023,2,0
IDN.34.10_1,KalimantanTimur,Paser,Kabupaten,2023-03,2023,3,1
IDN.34.10_1,KalimantanTimur,Paser,Kabupaten,2023-04,2023,4,9
IDN.34.10_1,KalimantanTimur,Paser,Kabupaten,2023-05,2023,5,8
IDN.34.10_1,KalimantanTimur,Paser,Kabupaten,2023-06,2023,6,8
IDN.34.10_1,KalimantanTimur,Paser,Kabupaten,2023-07,2023,7,28
IDN.34.10_1,KalimantanTimur,Paser,Kabupaten,2023-08,2023,8,191
IDN.34.10_1,KalimantanTimur,Paser,Kabupaten,2023-09,2023,9,529
IDN.34.10_1,KalimantanTimur,Paser,Kabupaten,2023-10,2023,10,795
IDN.34.10_1,KalimantanTimur,Paser,Kabupaten,2023-11,2023,11,102
IDN.34.10_1,KalimantanTimur,Paser,Kabupaten,2023-12,2023,12,20
IDN.34.10_1,KalimantanTimur,Paser,Kabupaten,2024-01,2024,1,6
IDN.34.10_1,KalimantanTimur,Paser,Kabupaten,2024-02,2024,2,20
IDN.34.10_1,KalimantanTimur,Paser,Kabupaten,2024-03,2024,3,3
IDN.34.10_1,KalimantanTimur,Paser,Kabupaten,2024-04,2024,4,11
IDN.34.10_1,KalimantanTimur,Paser,Kabupaten,2024-05,2024,5,10
IDN.34.10_1,KalimantanTimur,Paser,Kabupaten,2024-06,2024,6,5
IDN.34.10_1,KalimantanTimur,Paser,Kabupaten,2024-07,2024,7,7
IDN.34.10_1,KalimantanTimur,Paser,Kabupaten,2024-08,2024,8,26
IDN.34.10_1,KalimantanTimur,Paser,Kabupaten,2024-09,2024,9,153
IDN.34.10_1,KalimantanTimur,Paser,Kabupaten,2024-10,2024,10,115
IDN.34.10_1,KalimantanTimur,Paser,Kabupaten,2024-11,2024,11,10
IDN.34.10_1,KalimantanTimur,Paser,Kabupaten,2024-12,2024,12,3
IDN.34.10_1,KalimantanTimur,Paser,Kabupaten,2025-01,2025,1,7
IDN.34.10_1,KalimantanTimur,Paser,Kabupaten,2025-02,2025,2,1
IDN.34.10_1,KalimantanTimur,Paser,Kabupaten,2025-03,2025,3,1
IDN.34.10_1,KalimantanTimur,Paser,Kabupaten,2025-04,2025,4,6
IDN.34.10_1,KalimantanTimur,Paser,Kabupaten,2025-05,2025,5,3
IDN.34.10_1,KalimantanTimur,Paser,Kabupaten,2025-06,2025,6,18
IDN.34.10_1,KalimantanTimur,Paser,Kabupaten,2025-07,2025,7,68
IDN.34.10_1,KalimantanTimur,Paser,Kabupaten,2025-08,2025,8,27
IDN.34.10_1,KalimantanTimur,Paser,Kabupaten,2025-09,2025,9,131
IDN.34.10_1,KalimantanTimur,Paser,Kabupaten,2025-10,2025,10,88
IDN.34.10_1,KalimantanTimur,Paser,Kabupaten,2025-11,2025,11,18
IDN.34.10_1,KalimantanTimur,Paser,Kabupaten,2025-12,2025,12,9
IDN.34.11_1,KalimantanTimur,PenajamPaserUtara,Kabupaten,2012-01,2012,1,2
IDN.34.11_1,KalimantanTimur,PenajamPaserUtara,Kabupaten,2012-02,2012,2,2
IDN.34.11_1,KalimantanTimur,PenajamPaserUtara,Kabupaten,2012-03,2012,3,2
IDN.34.11_1,KalimantanTimur,PenajamPaserUtara,Kabupaten,2012-04,2012,4,9
IDN.34.11_1,KalimantanTimur,PenajamPaserUtara,Kabupaten,2012-05,2012,5,7
IDN.34.11_1,KalimantanTimur,PenajamPaserUtara,Kabupaten,2012-06,2012,6,10
IDN.34.11_1,KalimantanTimur,PenajamPaserUtara,Kabupaten,2012-07,2012,7,11
IDN.34.11_1,KalimantanTimur,PenajamPaserUtara,Kabupaten,2012-08,2012,8,25
IDN.34.11_1,KalimantanTimur,PenajamPaserUtara,Kabupaten,2012-09,2012,9,97
IDN.34.11_1,KalimantanTimur,PenajamPaserUtara,Kabupaten,2012-10,2012,10,85
IDN.34.11_1,KalimantanTimur,PenajamPaserUtara,Kabupaten,2012-11,2012,11,34
IDN.34.11_1,KalimantanTimur,PenajamPaserUtara,Kabupaten,2012-12,2012,12,7
IDN.34.11_1,KalimantanTimur,PenajamPaserUtara,Kabupaten,2013-01,2013,1,10
IDN.34.11_1,KalimantanTimur,PenajamPaserUtara,Kabupaten,2013-02,2013,2,0
IDN.34.11_1,KalimantanTimur,PenajamPaserUtara,Kabupaten,2013-03,2013,3,2
IDN.34.11_1,KalimantanTimur,PenajamPaserUtara,Kabupaten,2013-04,2013,4,7
IDN.34.11_1,KalimantanTimur,PenajamPaserUtara,Kabupaten,2013-05,2013,5,1
IDN.34.11_1,KalimantanTimur,PenajamPaserUtara,Kabupaten,2013-06,2013,6,6
IDN.34.11_1,KalimantanTimur,PenajamPaserUtara,Kabupaten,2013-07,2013,7,3
IDN.34.11_1,KalimantanTimur,PenajamPaserUtara,Kabupaten,2013-08,2013,8,9
IDN.34.11_1,KalimantanTimur,PenajamPaserUtara,Kabupaten,2013-09,2013,9,51
IDN.34.11_1,KalimantanTimur,PenajamPaserUtara,Kabupaten,2013-10,2013,10,60
IDN.34.11_1,KalimantanTimur,PenajamPaserUtara,Kabupaten,2013-11,2013,11,7
IDN.34.11_1,KalimantanTimur,PenajamPaserUtara,Kabupaten,2013-12,2013,12,4
IDN.34.11_1,KalimantanTimur,PenajamPaserUtara,Kabupaten,2014-01,2014,1,1
IDN.34.11_1,KalimantanTimur,PenajamPaserUtara,Kabupaten,2014-02,2014,2,3
IDN.34.11_1,KalimantanTimur,PenajamPaserUtara,Kabupaten,2014-03,2014,3,3
IDN.34.11_1,KalimantanTimur,PenajamPaserUtara,Kabupaten,2014-04,2014,4,3
IDN.34.11_1,KalimantanTimur,PenajamPaserUtara,Kabupaten,2014-05,2014,5,1
IDN.34.11_1,KalimantanTimur,PenajamPaserUtara,Kabupaten,2014-06,2014,6,4
IDN.34.11_1,KalimantanTimur,PenajamPaserUtara,Kabupaten,2014-07,2014,7,11
IDN.34.11_1,KalimantanTimur,PenajamPaserUtara,Kabupaten,2014-08,2014,8,20
IDN.34.11_1,KalimantanTimur,PenajamPaserUtara,Kabupaten,2014-09,2014,9,217
IDN.34.11_1,KalimantanTimur,PenajamPaserUtara,Kabupaten,2014-10,2014,10,252
IDN.34.11_1,KalimantanTimur,PenajamPaserUtara,Kabupaten,2014-11,2014,11,72
IDN.34.11_1,KalimantanTimur,PenajamPaserUtara,Kabupaten,2014-12,2014,12,0
IDN.34.11_1,KalimantanTimur,PenajamPaserUtara,Kabupaten,2015-01,2015,1,2
IDN.34.11_1,KalimantanTimur,PenajamPaserUtara,Kabupaten,2015-02,2015,2,12
IDN.34.11_1,KalimantanTimur,PenajamPaserUtara,Kabupaten,2015-03,2015,3,3
IDN.34.11_1,KalimantanTimur,PenajamPaserUtara,Kabupaten,2015-04,2015,4,0
IDN.34.11_1,KalimantanTimur,PenajamPaserUtara,Kabupaten,2015-05,2015,5,10
IDN.34.11_1,KalimantanTimur,PenajamPaserUtara,Kabupaten,2015-06,2015,6,0
IDN.34.11_1,KalimantanTimur,PenajamPaserUtara,Kabupaten,2015-07,2015,7,12
IDN.34.11_1,KalimantanTimur,PenajamPaserUtara,Kabupaten,2015-08,2015,8,57
IDN.34.11_1,KalimantanTimur,PenajamPaserUtara,Kabupaten,2015-09,2015,9,273
IDN.34.11_1,KalimantanTimur,PenajamPaserUtara,Kabupaten,2015-10,2015,10,2339
IDN.34.11_1,KalimantanTimur,PenajamPaserUtara,Kabupaten,2015-11,2015,11,90
IDN.34.11_1,KalimantanTimur,PenajamPaserUtara,Kabupaten,2015-12,2015,12,26
IDN.34.11_1,KalimantanTimur,PenajamPaserUtara,Kabupaten,2016-01,2016,1,66
IDN.34.11_1,KalimantanTimur,PenajamPaserUtara,Kabupaten,2016-02,2016,2,17
IDN.34.11_1,KalimantanTimur,PenajamPaserUtara,Kabupaten,2016-03,2016,3,21
IDN.34.11_1,KalimantanTimur,PenajamPaserUtara,Kabupaten,2016-04,2016,4,14
IDN.34.11_1,KalimantanTimur,PenajamPaserUtara,Kabupaten,2016-05,2016,5,4
IDN.34.11_1,KalimantanTimur,PenajamPaserUtara,Kabupaten,2016-06,2016,6,2
IDN.34.11_1,KalimantanTimur,PenajamPaserUtara,Kabupaten,2016-07,2016,7,3
IDN.34.11_1,KalimantanTimur,PenajamPaserUtara,Kabupaten,2016-08,2016,8,4
IDN.34.11_1,KalimantanTimur,PenajamPaserUtara,Kabupaten,2016-09,2016,9,5
IDN.34.11_1,KalimantanTimur,PenajamPaserUtara,Kabupaten,2016-10,2016,10,1
IDN.34.11_1,KalimantanTimur,PenajamPaserUtara,Kabupaten,2016-11,2016,11,4
IDN.34.11_1,KalimantanTimur,PenajamPaserUtara,Kabupaten,2016-12,2016,12,1
IDN.34.11_1,KalimantanTimur,PenajamPaserUtara,Kabupaten,2017-01,2017,1,1
IDN.34.11_1,KalimantanTimur,PenajamPaserUtara,Kabupaten,2017-02,2017,2,1
IDN.34.11_1,KalimantanTimur,PenajamPaserUtara,Kabupaten,2017-03,2017,3,0
IDN.34.11_1,KalimantanTimur,PenajamPaserUtara,Kabupaten,2017-04,2017,4,3
IDN.34.11_1,KalimantanTimur,PenajamPaserUtara,Kabupaten,2017-05,2017,5,2
IDN.34.11_1,KalimantanTimur,PenajamPaserUtara,Kabupaten,2017-06,2017,6,1
IDN.34.11_1,KalimantanTimur,PenajamPaserUtara,Kabupaten,2017-07,2017,7,4
IDN.34.11_1,KalimantanTimur,PenajamPaserUtara,Kabupaten,2017-08,2017,8,2
IDN.34.11_1,KalimantanTimur,PenajamPaserUtara,Kabupaten,2017-09,2017,9,8
IDN.34.11_1,KalimantanTimur,PenajamPaserUtara,Kabupaten,2017-10,2017,10,12
IDN.34.11_1,KalimantanTimur,PenajamPaserUtara,Kabupaten,2017-11,2017,11,2
IDN.34.11_1,KalimantanTimur,PenajamPaserUtara,Kabupaten,2017-12,2017,12,1
IDN.34.11_1,KalimantanTimur,PenajamPaserUtara,Kabupaten,2018-01,2018,1,0
IDN.34.11_1,KalimantanTimur,PenajamPaserUtara,Kabupaten,2018-02,2018,2,2
IDN.34.11_1,KalimantanTimur,PenajamPaserUtara,Kabupaten,2018-03,2018,3,1
IDN.34.11_1,KalimantanTimur,PenajamPaserUtara,Kabupaten,2018-04,2018,4,3
IDN.34.11_1,KalimantanTimur,PenajamPaserUtara,Kabupaten,2018-05,2018,5,1
IDN.34.11_1,KalimantanTimur,PenajamPaserUtara,Kabupaten,2018-06,2018,6,0
IDN.34.11_1,KalimantanTimur,PenajamPaserUtara,Kabupaten,2018-07,2018,7,3
IDN.34.11_1,KalimantanTimur,PenajamPaserUtara,Kabupaten,2018-08,2018,8,9
IDN.34.11_1,KalimantanTimur,PenajamPaserUtara,Kabupaten,2018-09,2018,9,23
IDN.34.11_1,KalimantanTimur,PenajamPaserUtara,Kabupaten,2018-10,2018,10,27
IDN.34.11_1,KalimantanTimur,PenajamPaserUtara,Kabupaten,2018-11,2018,11,5
IDN.34.11_1,KalimantanTimur,PenajamPaserUtara,Kabupaten,2018-12,2018,12,1
IDN.34.11_1,KalimantanTimur,PenajamPaserUtara,Kabupaten,2019-01,2019,1,0
IDN.34.11_1,KalimantanTimur,PenajamPaserUtara,Kabupaten,2019-02,2019,2,2
IDN.34.11_1,KalimantanTimur,PenajamPaserUtara,Kabupaten,2019-03,2019,3,1
IDN.34.11_1,KalimantanTimur,PenajamPaserUtara,Kabupaten,2019-04,2019,4,1
IDN.34.11_1,KalimantanTimur,PenajamPaserUtara,Kabupaten,2019-05,2019,5,0
IDN.34.11_1,KalimantanTimur,PenajamPaserUtara,Kabupaten,2019-06,2019,6,0
IDN.34.11_1,KalimantanTimur,PenajamPaserUtara,Kabupaten,2019-07,2019,7,3
IDN.34.11_1,KalimantanTimur,PenajamPaserUtara,Kabupaten,2019-08,2019,8,8
IDN.34.11_1,KalimantanTimur,PenajamPaserUtara,Kabupaten,2019-09,2019,9,47
IDN.34.11_1,KalimantanTimur,PenajamPaserUtara,Kabupaten,2019-10,2019,10,19
IDN.34.11_1,KalimantanTimur,PenajamPaserUtara,Kabupaten,2019-11,2019,11,25
IDN.34.11_1,KalimantanTimur,PenajamPaserUtara,Kabupaten,2019-12,2019,12,9
IDN.34.11_1,KalimantanTimur,PenajamPaserUtara,Kabupaten,2020-01,2020,1,11
IDN.34.11_1,KalimantanTimur,PenajamPaserUtara,Kabupaten,2020-02,2020,2,0
IDN.34.11_1,KalimantanTimur,PenajamPaserUtara,Kabupaten,2020-03,2020,3,6
IDN.34.11_1,KalimantanTimur,PenajamPaserUtara,Kabupaten,2020-04,2020,4,4
IDN.34.11_1,KalimantanTimur,PenajamPaserUtara,Kabupaten,2020-05,2020,5,6
IDN.34.11_1,KalimantanTimur,PenajamPaserUtara,Kabupaten,2020-06,2020,6,2
IDN.34.11_1,KalimantanTimur,PenajamPaserUtara,Kabupaten,2020-07,2020,7,1
IDN.34.11_1,KalimantanTimur,PenajamPaserUtara,Kabupaten,2020-08,2020,8,2
IDN.34.11_1,KalimantanTimur,PenajamPaserUtara,Kabupaten,2020-09,2020,9,2
IDN.34.11_1,KalimantanTimur,PenajamPaserUtara,Kabupaten,2020-10,2020,10,2
IDN.34.11_1,KalimantanTimur,PenajamPaserUtara,Kabupaten,2020-11,2020,11,2
IDN.34.11_1,KalimantanTimur,PenajamPaserUtara,Kabupaten,2020-12,2020,12,1
IDN.34.11_1,KalimantanTimur,PenajamPaserUtara,Kabupaten,2021-01,2021,1,0
IDN.34.11_1,KalimantanTimur,PenajamPaserUtara,Kabupaten,2021-02,2021,2,0
IDN.34.11_1,KalimantanTimur,PenajamPaserUtara,Kabupaten,2021-03,2021,3,1
IDN.34.11_1,KalimantanTimur,PenajamPaserUtara,Kabupaten,2021-04,2021,4,1
IDN.34.11_1,KalimantanTimur,PenajamPaserUtara,Kabupaten,2021-05,2021,5,0
IDN.34.11_1,KalimantanTimur,PenajamPaserUtara,Kabupaten,2021-06,2021,6,2
IDN.34.11_1,KalimantanTimur,PenajamPaserUtara,Kabupaten,2021-07,2021,7,1
IDN.34.11_1,KalimantanTimur,PenajamPaserUtara,Kabupaten,2021-08,2021,8,0
IDN.34.11_1,KalimantanTimur,PenajamPaserUtara,Kabupaten,2021-09,2021,9,0
IDN.34.11_1,KalimantanTimur,PenajamPaserUtara,Kabupaten,2021-10,2021,10,2
IDN.34.11_1,KalimantanTimur,PenajamPaserUtara,Kabupaten,2021-11,2021,11,1
IDN.34.11_1,KalimantanTimur,PenajamPaserUtara,Kabupaten,2021-12,2021,12,0
IDN.34.11_1,KalimantanTimur,PenajamPaserUtara,Kabupaten,2022-01,2022,1,0
IDN.34.11_1,KalimantanTimur,PenajamPaserUtara,Kabupaten,2022-02,2022,2,0
IDN.34.11_1,KalimantanTimur,PenajamPaserUtara,Kabupaten,2022-03,2022,3,0
IDN.34.11_1,KalimantanTimur,PenajamPaserUtara,Kabupaten,2022-04,2022,4,0
IDN.34.11_1,KalimantanTimur,PenajamPaserUtara,Kabupaten,2022-05,2022,5,1
IDN.34.11_1,KalimantanTimur,PenajamPaserUtara,Kabupaten,2022-06,2022,6,2
IDN.34.11_1,KalimantanTimur,PenajamPaserUtara,Kabupaten,2022-07,2022,7,0
IDN.34.11_1,KalimantanTimur,PenajamPaserUtara,Kabupaten,2022-08,2022,8,1
IDN.34.11_1,KalimantanTimur,PenajamPaserUtara,Kabupaten,2022-09,2022,9,3
IDN.34.11_1,KalimantanTimur,PenajamPaserUtara,Kabupaten,2022-10,2022,10,2
IDN.34.11_1,KalimantanTimur,PenajamPaserUtara,Kabupaten,2022-11,2022,11,0
IDN.34.11_1,KalimantanTimur,PenajamPaserUtara,Kabupaten,2022-12,2022,12,0
IDN.34.11_1,KalimantanTimur,PenajamPaserUtara,Kabupaten,2023-01,2023,1,0
IDN.34.11_1,KalimantanTimur,PenajamPaserUtara,Kabupaten,2023-02,2023,2,0
IDN.34.11_1,KalimantanTimur,PenajamPaserUtara,Kabupaten,2023-03,2023,3,0
IDN.34.11_1,KalimantanTimur,PenajamPaserUtara,Kabupaten,2023-04,2023,4,0
IDN.34.11_1,KalimantanTimur,PenajamPaserUtara,Kabupaten,2023-05,2023,5,0
IDN.34.11_1,KalimantanTimur,PenajamPaserUtara,Kabupaten,2023-06,2023,6,2
IDN.34.11_1,KalimantanTimur,PenajamPaserUtara,Kabupaten,2023-07,2023,7,2
IDN.34.11_1,KalimantanTimur,PenajamPaserUtara,Kabupaten,2023-08,2023,8,9
IDN.34.11_1,KalimantanTimur,PenajamPaserUtara,Kabupaten,2023-09,2023,9,15
IDN.34.11_1,KalimantanTimur,PenajamPaserUtara,Kabupaten,2023-10,2023,10,39
IDN.34.11_1,KalimantanTimur,PenajamPaserUtara,Kabupaten,2023-11,2023,11,25
IDN.34.11_1,KalimantanTimur,PenajamPaserUtara,Kabupaten,2023-12,2023,12,2
IDN.34.11_1,KalimantanTimur,PenajamPaserUtara,Kabupaten,2024-01,2024,1,0
IDN.34.11_1,KalimantanTimur,PenajamPaserUtara,Kabupaten,2024-02,2024,2,6
IDN.34.11_1,KalimantanTimur,PenajamPaserUtara,Kabupaten,2024-03,2024,3,1
IDN.34.11_1,KalimantanTimur,PenajamPaserUtara,Kabupaten,2024-04,2024,4,5
IDN.34.11_1,KalimantanTimur,PenajamPaserUtara,Kabupaten,2024-05,2024,5,0
IDN.34.11_1,KalimantanTimur,PenajamPaserUtara,Kabupaten,2024-06,2024,6,0
IDN.34.11_1,KalimantanTimur,PenajamPaserUtara,Kabupaten,2024-07,2024,7,0
IDN.34.11_1,KalimantanTimur,PenajamPaserUtara,Kabupaten,2024-08,2024,8,0
IDN.34.11_1,KalimantanTimur,PenajamPaserUtara,Kabupaten,2024-09,2024,9,6
IDN.34.11_1,KalimantanTimur,PenajamPaserUtara,Kabupaten,2024-10,2024,10,8
IDN.34.11_1,KalimantanTimur,PenajamPaserUtara,Kabupaten,2024-11,2024,11,0
IDN.34.11_1,KalimantanTimur,PenajamPaserUtara,Kabupaten,2024-12,2024,12,0
IDN.34.11_1,KalimantanTimur,PenajamPaserUtara,Kabupaten,2025-01,2025,1,0
IDN.34.11_1,KalimantanTimur,PenajamPaserUtara,Kabupaten,2025-02,2025,2,0
IDN.34.11_1,KalimantanTimur,PenajamPaserUtara,Kabupaten,2025-03,2025,3,0
IDN.34.11_1,KalimantanTimur,PenajamPaserUtara,Kabupaten,2025-04,2025,4,0
IDN.34.11_1,KalimantanTimur,PenajamPaserUtara,Kabupaten,2025-05,2025,5,0
IDN.34.11_1,KalimantanTimur,PenajamPaserUtara,Kabupaten,2025-06,2025,6,0
IDN.34.11_1,KalimantanTimur,PenajamPaserUtara,Kabupaten,2025-07,2025,7,1
IDN.34.11_1,KalimantanTimur,PenajamPaserUtara,Kabupaten,2025-08,2025,8,3
IDN.34.11_1,KalimantanTimur,PenajamPaserUtara,Kabupaten,2025-09,2025,9,5
IDN.34.11_1,KalimantanTimur,PenajamPaserUtara,Kabupaten,2025-10,2025,10,7
IDN.34.11_1,KalimantanTimur,PenajamPaserUtara,Kabupaten,2025-11,2025,11,0
IDN.34.11_1,KalimantanTimur,PenajamPaserUtara,Kabupaten,2025-12,2025,12,0
IDN.34.12_1,KalimantanTimur,Samarinda,Kota,2012-01,2012,1,0
IDN.34.12_1,KalimantanTimur,Samarinda,Kota,2012-02,2012,2,0
IDN.34.12_1,KalimantanTimur,Samarinda,Kota,2012-03,2012,3,0
IDN.34.12_1,KalimantanTimur,Samarinda,Kota,2012-04,2012,4,0
IDN.34.12_1,KalimantanTimur,Samarinda,Kota,2012-05,2012,5,3
IDN.34.12_1,KalimantanTimur,Samarinda,Kota,2012-06,2012,6,3
IDN.34.12_1,KalimantanTimur,Samarinda,Kota,2012-07,2012,7,7
IDN.34.12_1,KalimantanTimur,Samarinda,Kota,2012-08,2012,8,3
IDN.34.12_1,KalimantanTimur,Samarinda,Kota,2012-09,2012,9,5
IDN.34.12_1,KalimantanTimur,Samarinda,Kota,2012-10,2012,10,15
IDN.34.12_1,KalimantanTimur,Samarinda,Kota,2012-11,2012,11,9
IDN.34.12_1,KalimantanTimur,Samarinda,Kota,2012-12,2012,12,1
IDN.34.12_1,KalimantanTimur,Samarinda,Kota,2013-01,2013,1,5
IDN.34.12_1,KalimantanTimur,Samarinda,Kota,2013-02,2013,2,1
IDN.34.12_1,KalimantanTimur,Samarinda,Kota,2013-03,2013,3,0
IDN.34.12_1,KalimantanTimur,Samarinda,Kota,2013-04,2013,4,2
IDN.34.12_1,KalimantanTimur,Samarinda,Kota,2013-05,2013,5,0
IDN.34.12_1,KalimantanTimur,Samarinda,Kota,2013-06,2013,6,1
IDN.34.12_1,KalimantanTimur,Samarinda,Kota,2013-07,2013,7,1
IDN.34.12_1,KalimantanTimur,Samarinda,Kota,2013-08,2013,8,2
IDN.34.12_1,KalimantanTimur,Samarinda,Kota,2013-09,2013,9,6
IDN.34.12_1,KalimantanTimur,Samarinda,Kota,2013-10,2013,10,4
IDN.34.12_1,KalimantanTimur,Samarinda,Kota,2013-11,2013,11,1
IDN.34.12_1,KalimantanTimur,Samarinda,Kota,2013-12,2013,12,1
IDN.34.12_1,KalimantanTimur,Samarinda,Kota,2014-01,2014,1,4
IDN.34.12_1,KalimantanTimur,Samarinda,Kota,2014-02,2014,2,3
IDN.34.12_1,KalimantanTimur,Samarinda,Kota,2014-03,2014,3,0
IDN.34.12_1,KalimantanTimur,Samarinda,Kota,2014-04,2014,4,2
IDN.34.12_1,KalimantanTimur,Samarinda,Kota,2014-05,2014,5,5
IDN.34.12_1,KalimantanTimur,Samarinda,Kota,2014-06,2014,6,0
IDN.34.12_1,KalimantanTimur,Samarinda,Kota,2014-07,2014,7,1
IDN.34.12_1,KalimantanTimur,Samarinda,Kota,2014-08,2014,8,6
IDN.34.12_1,KalimantanTimur,Samarinda,Kota,2014-09,2014,9,16
IDN.34.12_1,KalimantanTimur,Samarinda,Kota,2014-10,2014,10,49
IDN.34.12_1,KalimantanTimur,Samarinda,Kota,2014-11,2014,11,22
IDN.34.12_1,KalimantanTimur,Samarinda,Kota,2014-12,2014,12,8
IDN.34.12_1,KalimantanTimur,Samarinda,Kota,2015-01,2015,1,10
IDN.34.12_1,KalimantanTimur,Samarinda,Kota,2015-02,2015,2,5
IDN.34.12_1,KalimantanTimur,Samarinda,Kota,2015-03,2015,3,3
IDN.34.12_1,KalimantanTimur,Samarinda,Kota,2015-04,2015,4,2
IDN.34.12_1,KalimantanTimur,Samarinda,Kota,2015-05,2015,5,10
IDN.34.12_1,KalimantanTimur,Samarinda,Kota,2015-06,2015,6,13
IDN.34.12_1,KalimantanTimur,Samarinda,Kota,2015-07,2015,7,14
IDN.34.12_1,KalimantanTimur,Samarinda,Kota,2015-08,2015,8,12
IDN.34.12_1,KalimantanTimur,Samarinda,Kota,2015-09,2015,9,28
IDN.34.12_1,KalimantanTimur,Samarinda,Kota,2015-10,2015,10,79
IDN.34.12_1,KalimantanTimur,Samarinda,Kota,2015-11,2015,11,18
IDN.34.12_1,KalimantanTimur,Samarinda,Kota,2015-12,2015,12,5
IDN.34.12_1,KalimantanTimur,Samarinda,Kota,2016-01,2016,1,48
IDN.34.12_1,KalimantanTimur,Samarinda,Kota,2016-02,2016,2,36
IDN.34.12_1,KalimantanTimur,Samarinda,Kota,2016-03,2016,3,7
IDN.34.12_1,KalimantanTimur,Samarinda,Kota,2016-04,2016,4,4
IDN.34.12_1,KalimantanTimur,Samarinda,Kota,2016-05,2016,5,0
IDN.34.12_1,KalimantanTimur,Samarinda,Kota,2016-06,2016,6,0
IDN.34.12_1,KalimantanTimur,Samarinda,Kota,2016-07,2016,7,3
IDN.34.12_1,KalimantanTimur,Samarinda,Kota,2016-08,2016,8,5
IDN.34.12_1,KalimantanTimur,Samarinda,Kota,2016-09,2016,9,2
IDN.34.12_1,KalimantanTimur,Samarinda,Kota,2016-10,2016,10,0
IDN.34.12_1,KalimantanTimur,Samarinda,Kota,2016-11,2016,11,1
IDN.34.12_1,KalimantanTimur,Samarinda,Kota,2016-12,2016,12,0
IDN.34.12_1,KalimantanTimur,Samarinda,Kota,2017-01,2017,1,1
IDN.34.12_1,KalimantanTimur,Samarinda,Kota,2017-02,2017,2,2
IDN.34.12_1,KalimantanTimur,Samarinda,Kota,2017-03,2017,3,2
IDN.34.12_1,KalimantanTimur,Samarinda,Kota,2017-04,2017,4,1
IDN.34.12_1,KalimantanTimur,Samarinda,Kota,2017-05,2017,5,0
IDN.34.12_1,KalimantanTimur,Samarinda,Kota,2017-06,2017,6,1
IDN.34.12_1,KalimantanTimur,Samarinda,Kota,2017-07,2017,7,0
IDN.34.12_1,KalimantanTimur,Samarinda,Kota,2017-08,2017,8,0
IDN.34.12_1,KalimantanTimur,Samarinda,Kota,2017-09,2017,9,7
IDN.34.12_1,KalimantanTimur,Samarinda,Kota,2017-10,2017,10,0
IDN.34.12_1,KalimantanTimur,Samarinda,Kota,2017-11,2017,11,6
IDN.34.12_1,KalimantanTimur,Samarinda,Kota,2017-12,2017,12,1
IDN.34.12_1,KalimantanTimur,Samarinda,Kota,2018-01,2018,1,1
IDN.34.12_1,KalimantanTimur,Samarinda,Kota,2018-02,2018,2,0
IDN.34.12_1,KalimantanTimur,Samarinda,Kota,2018-03,2018,3,4
IDN.34.12_1,KalimantanTimur,Samarinda,Kota,2018-04,2018,4,0
IDN.34.12_1,KalimantanTimur,Samarinda,Kota,2018-05,2018,5,0
IDN.34.12_1,KalimantanTimur,Samarinda,Kota,2018-06,2018,6,1
IDN.34.12_1,KalimantanTimur,Samarinda,Kota,2018-07,2018,7,3
IDN.34.12_1,KalimantanTimur,Samarinda,Kota,2018-08,2018,8,6
IDN.34.12_1,KalimantanTimur,Samarinda,Kota,2018-09,2018,9,22
IDN.34.12_1,KalimantanTimur,Samarinda,Kota,2018-10,2018,10,15
IDN.34.12_1,KalimantanTimur,Samarinda,Kota,2018-11,2018,11,4
IDN.34.12_1,KalimantanTimur,Samarinda,Kota,2018-12,2018,12,2
IDN.34.12_1,KalimantanTimur,Samarinda,Kota,2019-01,2019,1,0
IDN.34.12_1,KalimantanTimur,Samarinda,Kota,2019-02,2019,2,7
IDN.34.12_1,KalimantanTimur,Samarinda,Kota,2019-03,2019,3,22
IDN.34.12_1,KalimantanTimur,Samarinda,Kota,2019-04,2019,4,3
IDN.34.12_1,KalimantanTimur,Samarinda,Kota,2019-05,2019,5,2
IDN.34.12_1,KalimantanTimur,Samarinda,Kota,2019-06,2019,6,2
IDN.34.12_1,KalimantanTimur,Samarinda,Kota,2019-07,2019,7,8
IDN.34.12_1,KalimantanTimur,Samarinda,Kota,2019-08,2019,8,18
IDN.34.12_1,KalimantanTimur,Samarinda,Kota,2019-09,2019,9,25
IDN.34.12_1,KalimantanTimur,Samarinda,Kota,2019-10,2019,10,16
IDN.34.12_1,KalimantanTimur,Samarinda,Kota,2019-11,2019,11,7
IDN.34.12_1,KalimantanTimur,Samarinda,Kota,2019-12,2019,12,9
IDN.34.12_1,KalimantanTimur,Samarinda,Kota,2020-01,2020,1,20
IDN.34.12_1,KalimantanTimur,Samarinda,Kota,2020-02,2020,2,2
IDN.34.12_1,KalimantanTimur,Samarinda,Kota,2020-03,2020,3,7
IDN.34.12_1,KalimantanTimur,Samarinda,Kota,2020-04,2020,4,3
IDN.34.12_1,KalimantanTimur,Samarinda,Kota,2020-05,2020,5,1
IDN.34.12_1,KalimantanTimur,Samarinda,Kota,2020-06,2020,6,1
IDN.34.12_1,KalimantanTimur,Samarinda,Kota,2020-07,2020,7,0
IDN.34.12_1,KalimantanTimur,Samarinda,Kota,2020-08,2020,8,1
IDN.34.12_1,KalimantanTimur,Samarinda,Kota,2020-09,2020,9,2
IDN.34.12_1,KalimantanTimur,Samarinda,Kota,2020-10,2020,10,0
IDN.34.12_1,KalimantanTimur,Samarinda,Kota,2020-11,2020,11,2
IDN.34.12_1,KalimantanTimur,Samarinda,Kota,2020-12,2020,12,1
IDN.34.12_1,KalimantanTimur,Samarinda,Kota,2021-01,2021,1,0
IDN.34.12_1,KalimantanTimur,Samarinda,Kota,2021-02,2021,2,1
IDN.34.12_1,KalimantanTimur,Samarinda,Kota,2021-03,2021,3,0
IDN.34.12_1,KalimantanTimur,Samarinda,Kota,2021-04,2021,4,2
IDN.34.12_1,KalimantanTimur,Samarinda,Kota,2021-05,2021,5,0
IDN.34.12_1,KalimantanTimur,Samarinda,Kota,2021-06,2021,6,1
IDN.34.12_1,KalimantanTimur,Samarinda,Kota,2021-07,2021,7,1
IDN.34.12_1,KalimantanTimur,Samarinda,Kota,2021-08,2021,8,1
IDN.34.12_1,KalimantanTimur,Samarinda,Kota,2021-09,2021,9,2
IDN.34.12_1,KalimantanTimur,Samarinda,Kota,2021-10,2021,10,0
IDN.34.12_1,KalimantanTimur,Samarinda,Kota,2021-11,2021,11,0
IDN.34.12_1,KalimantanTimur,Samarinda,Kota,2021-12,2021,12,0
IDN.34.12_1,KalimantanTimur,Samarinda,Kota,2022-01,2022,1,0
IDN.34.12_1,KalimantanTimur,Samarinda,Kota,2022-02,2022,2,1
IDN.34.12_1,KalimantanTimur,Samarinda,Kota,2022-03,2022,3,1
IDN.34.12_1,KalimantanTimur,Samarinda,Kota,2022-04,2022,4,0
IDN.34.12_1,KalimantanTimur,Samarinda,Kota,2022-05,2022,5,3
IDN.34.12_1,KalimantanTimur,Samarinda,Kota,2022-06,2022,6,3
IDN.34.12_1,KalimantanTimur,Samarinda,Kota,2022-07,2022,7,0
IDN.34.12_1,KalimantanTimur,Samarinda,Kota,2022-08,2022,8,0
IDN.34.12_1,KalimantanTimur,Samarinda,Kota,2022-09,2022,9,1
IDN.34.12_1,KalimantanTimur,Samarinda,Kota,2022-10,2022,10,0
IDN.34.12_1,KalimantanTimur,Samarinda,Kota,2022-11,2022,11,0
IDN.34.12_1,KalimantanTimur,Samarinda,Kota,2022-12,2022,12,1
IDN.34.12_1,KalimantanTimur,Samarinda,Kota,2023-01,2023,1,0
IDN.34.12_1,KalimantanTimur,Samarinda,Kota,2023-02,2023,2,1
IDN.34.12_1,KalimantanTimur,Samarinda,Kota,2023-03,2023,3,1
IDN.34.12_1,KalimantanTimur,Samarinda,Kota,2023-04,2023,4,0
IDN.34.12_1,KalimantanTimur,Samarinda,Kota,2023-05,2023,5,0
IDN.34.12_1,KalimantanTimur,Samarinda,Kota,2023-06,2023,6,4
IDN.34.12_1,KalimantanTimur,Samarinda,Kota,2023-07,2023,7,0
IDN.34.12_1,KalimantanTimur,Samarinda,Kota,2023-08,2023,8,7
IDN.34.12_1,KalimantanTimur,Samarinda,Kota,2023-09,2023,9,4
IDN.34.12_1,KalimantanTimur,Samarinda,Kota,2023-10,2023,10,2
IDN.34.12_1,KalimantanTimur,Samarinda,Kota,2023-11,2023,11,1
IDN.34.12_1,KalimantanTimur,Samarinda,Kota,2023-12,2023,12,0
IDN.34.12_1,KalimantanTimur,Samarinda,Kota,2024-01,2024,1,2
IDN.34.12_1,KalimantanTimur,Samarinda,Kota,2024-02,2024,2,3
IDN.34.12_1,KalimantanTimur,Samarinda,Kota,2024-03,2024,3,2
IDN.34.12_1,KalimantanTimur,Samarinda,Kota,2024-04,2024,4,4
IDN.34.12_1,KalimantanTimur,Samarinda,Kota,2024-05,2024,5,1
IDN.34.12_1,KalimantanTimur,Samarinda,Kota,2024-06,2024,6,2
IDN.34.12_1,KalimantanTimur,Samarinda,Kota,2024-07,2024,7,1
IDN.34.12_1,KalimantanTimur,Samarinda,Kota,2024-08,2024,8,0
IDN.34.12_1,KalimantanTimur,Samarinda,Kota,2024-09,2024,9,1
IDN.34.12_1,KalimantanTimur,Samarinda,Kota,2024-10,2024,10,1
IDN.34.12_1,KalimantanTimur,Samarinda,Kota,2024-11,2024,11,0
IDN.34.12_1,KalimantanTimur,Samarinda,Kota,2024-12,2024,12,0
IDN.34.12_1,KalimantanTimur,Samarinda,Kota,2025-01,2025,1,0
IDN.34.12_1,KalimantanTimur,Samarinda,Kota,2025-02,2025,2,0
IDN.34.12_1,KalimantanTimur,Samarinda,Kota,2025-03,2025,3,0
IDN.34.12_1,KalimantanTimur,Samarinda,Kota,2025-04,2025,4,0
IDN.34.12_1,KalimantanTimur,Samarinda,Kota,2025-05,2025,5,0
IDN.34.12_1,KalimantanTimur,Samarinda,Kota,2025-06,2025,6,0
IDN.34.12_1,KalimantanTimur,Samarinda,Kota,2025-07,2025,7,0
IDN.34.12_1,KalimantanTimur,Samarinda,Kota,2025-08,2025,8,0
IDN.34.12_1,KalimantanTimur,Samarinda,Kota,2025-09,2025,9,1
IDN.34.12_1,KalimantanTimur,Samarinda,Kota,2025-10,2025,10,1
IDN.34.12_1,KalimantanTimur,Samarinda,Kota,2025-11,2025,11,0
IDN.34.12_1,KalimantanTimur,Samarinda,Kota,2025-12,2025,12,1
IDN.35.4,KalimantanUtara,Bulungan,,2012-01,2012,1,5
IDN.35.4,KalimantanUtara,Bulungan,,2012-02,2012,2,20
IDN.35.4,KalimantanUtara,Bulungan,,2012-03,2012,3,8
IDN.35.4,KalimantanUtara,Bulungan,,2012-04,2012,4,37
IDN.35.4,KalimantanUtara,Bulungan,,2012-05,2012,5,55
IDN.35.4,KalimantanUtara,Bulungan,,2012-06,2012,6,38
IDN.35.4,KalimantanUtara,Bulungan,,2012-07,2012,7,63
IDN.35.4,KalimantanUtara,Bulungan,,2012-08,2012,8,296
IDN.35.4,KalimantanUtara,Bulungan,,2012-09,2012,9,430
IDN.35.4,KalimantanUtara,Bulungan,,2012-10,2012,10,90
IDN.35.4,KalimantanUtara,Bulungan,,2012-11,2012,11,52
IDN.35.4,KalimantanUtara,Bulungan,,2012-12,2012,12,16
IDN.35.4,KalimantanUtara,Bulungan,,2013-01,2013,1,1
IDN.35.4,KalimantanUtara,Bulungan,,2013-02,2013,2,0
IDN.35.4,KalimantanUtara,Bulungan,,2013-03,2013,3,23
IDN.35.4,KalimantanUtara,Bulungan,,2013-04,2013,4,12
IDN.35.4,KalimantanUtara,Bulungan,,2013-05,2013,5,18
IDN.35.4,KalimantanUtara,Bulungan,,2013-06,2013,6,20
IDN.35.4,KalimantanUtara,Bulungan,,2013-07,2013,7,3
IDN.35.4,KalimantanUtara,Bulungan,,2013-08,2013,8,91
IDN.35.4,KalimantanUtara,Bulungan,,2013-09,2013,9,276
IDN.35.4,KalimantanUtara,Bulungan,,2013-10,2013,10,46
IDN.35.4,KalimantanUtara,Bulungan,,2013-11,2013,11,21
IDN.35.4,KalimantanUtara,Bulungan,,2013-12,2013,12,23
IDN.35.4,KalimantanUtara,Bulungan,,2014-01,2014,1,14
IDN.35.4,KalimantanUtara,Bulungan,,2014-02,2014,2,77
IDN.35.4,KalimantanUtara,Bulungan,,2014-03,2014,3,197
IDN.35.4,KalimantanUtara,Bulungan,,2014-04,2014,4,25
IDN.35.4,KalimantanUtara,Bulungan,,2014-05,2014,5,101
IDN.35.4,KalimantanUtara,Bulungan,,2014-06,2014,6,15
IDN.35.4,KalimantanUtara,Bulungan,,2014-07,2014,7,46
IDN.35.4,KalimantanUtara,Bulungan,,2014-08,2014,8,389
IDN.35.4,KalimantanUtara,Bulungan,,2014-09,2014,9,465
IDN.35.4,KalimantanUtara,Bulungan,,2014-10,2014,10,237
IDN.35.4,KalimantanUtara,Bulungan,,2014-11,2014,11,34
IDN.35.4,KalimantanUtara,Bulungan,,2014-12,2014,12,6
IDN.35.4,KalimantanUtara,Bulungan,,2015-01,2015,1,4
IDN.35.4,KalimantanUtara,Bulungan,,2015-02,2015,2,24
IDN.35.4,KalimantanUtara,Bulungan,,2015-03,2015,3,75
IDN.35.4,KalimantanUtara,Bulungan,,2015-04,2015,4,67
IDN.35.4,KalimantanUtara,Bulungan,,2015-05,2015,5,26
IDN.35.4,KalimantanUtara,Bulungan,,2015-06,2015,6,33
IDN.35.4,KalimantanUtara,Bulungan,,2015-07,2015,7,646
IDN.35.4,KalimantanUtara,Bulungan,,2015-08,2015,8,2219
IDN.35.4,KalimantanUtara,Bulungan,,2015-09,2015,9,784
IDN.35.4,KalimantanUtara,Bulungan,,2015-10,2015,10,117
IDN.35.4,KalimantanUtara,Bulungan,,2015-11,2015,11,5
IDN.35.4,KalimantanUtara,Bulungan,,2015-12,2015,12,15
IDN.35.4,KalimantanUtara,Bulungan,,2016-01,2016,1,14
IDN.35.4,KalimantanUtara,Bulungan,,2016-02,2016,2,11
IDN.35.4,KalimantanUtara,Bulungan,,2016-03,2016,3,15
IDN.35.4,KalimantanUtara,Bulungan,,2016-04,2016,4,231
IDN.35.4,KalimantanUtara,Bulungan,,2016-05,2016,5,34
IDN.35.4,KalimantanUtara,Bulungan,,2016-06,2016,6,5
IDN.35.4,KalimantanUtara,Bulungan,,2016-07,2016,7,5
IDN.35.4,KalimantanUtara,Bulungan,,2016-08,2016,8,73
IDN.35.4,KalimantanUtara,Bulungan,,2016-09,2016,9,164
IDN.35.4,KalimantanUtara,Bulungan,,2016-10,2016,10,32
IDN.35.4,KalimantanUtara,Bulungan,,2016-11,2016,11,6
IDN.35.4,KalimantanUtara,Bulungan,,2016-12,2016,12,1
IDN.35.4,KalimantanUtara,Bulungan,,2017-01,2017,1,6
IDN.35.4,KalimantanUtara,Bulungan,,2017-02,2017,2,1
IDN.35.4,KalimantanUtara,Bulungan,,2017-03,2017,3,1
IDN.35.4,KalimantanUtara,Bulungan,,2017-04,2017,4,12
IDN.35.4,KalimantanUtara,Bulungan,,2017-05,2017,5,4
IDN.35.4,KalimantanUtara,Bulungan,,2017-06,2017,6,1
IDN.35.4,KalimantanUtara,Bulungan,,2017-07,2017,7,9
IDN.35.4,KalimantanUtara,Bulungan,,2017-08,2017,8,190
IDN.35.4,KalimantanUtara,Bulungan,,2017-09,2017,9,75
IDN.35.4,KalimantanUtara,Bulungan,,2017-10,2017,10,19
IDN.35.4,KalimantanUtara,Bulungan,,2017-11,2017,11,1
IDN.35.4,KalimantanUtara,Bulungan,,2017-12,2017,12,2
IDN.35.4,KalimantanUtara,Bulungan,,2018-01,2018,1,5
IDN.35.4,KalimantanUtara,Bulungan,,2018-02,2018,2,2
IDN.35.4,KalimantanUtara,Bulungan,,2018-03,2018,3,6
IDN.35.4,KalimantanUtara,Bulungan,,2018-04,2018,4,0
IDN.35.4,KalimantanUtara,Bulungan,,2018-05,2018,5,6
IDN.35.4,KalimantanUtara,Bulungan,,2018-06,2018,6,7
IDN.35.4,KalimantanUtara,Bulungan,,2018-07,2018,7,3
IDN.35.4,KalimantanUtara,Bulungan,,2018-08,2018,8,164
IDN.35.4,KalimantanUtara,Bulungan,,2018-09,2018,9,296
IDN.35.4,KalimantanUtara,Bulungan,,2018-10,2018,10,38
IDN.35.4,KalimantanUtara,Bulungan,,2018-11,2018,11,15
IDN.35.4,KalimantanUtara,Bulungan,,2018-12,2018,12,9
IDN.35.4,KalimantanUtara,Bulungan,,2019-01,2019,1,5
IDN.35.4,KalimantanUtara,Bulungan,,2019-02,2019,2,38
IDN.35.4,KalimantanUtara,Bulungan,,2019-03,2019,3,31
IDN.35.4,KalimantanUtara,Bulungan,,2019-04,2019,4,21
IDN.35.4,KalimantanUtara,Bulungan,,2019-05,2019,5,6
IDN.35.4,KalimantanUtara,Bulungan,,2019-06,2019,6,7
IDN.35.4,KalimantanUtara,Bulungan,,2019-07,2019,7,38
IDN.35.4,KalimantanUtara,Bulungan,,2019-08,2019,8,386
IDN.35.4,KalimantanUtara,Bulungan,,2019-09,2019,9,986
IDN.35.4,KalimantanUtara,Bulungan,,2019-10,2019,10,90
IDN.35.4,KalimantanUtara,Bulungan,,2019-11,2019,11,14
IDN.35.4,KalimantanUtara,Bulungan,,2019-12,2019,12,4
IDN.35.4,KalimantanUtara,Bulungan,,2020-01,2020,1,4
IDN.35.4,KalimantanUtara,Bulungan,,2020-02,2020,2,5
IDN.35.4,KalimantanUtara,Bulungan,,2020-03,2020,3,9
IDN.35.4,KalimantanUtara,Bulungan,,2020-04,2020,4,9
IDN.35.4,KalimantanUtara,Bulungan,,2020-05,2020,5,10
IDN.35.4,KalimantanUtara,Bulungan,,2020-06,2020,6,4
IDN.35.4,KalimantanUtara,Bulungan,,2020-07,2020,7,3
IDN.35.4,KalimantanUtara,Bulungan,,2020-08,2020,8,312
IDN.35.4,KalimantanUtara,Bulungan,,2020-09,2020,9,30
IDN.35.4,KalimantanUtara,Bulungan,,2020-10,2020,10,7
IDN.35.4,KalimantanUtara,Bulungan,,2020-11,2020,11,12
IDN.35.4,KalimantanUtara,Bulungan,,2020-12,2020,12,0
IDN.35.4,KalimantanUtara,Bulungan,,2021-01,2021,1,0
IDN.35.4,KalimantanUtara,Bulungan,,2021-02,2021,2,1
IDN.35.4,KalimantanUtara,Bulungan,,2021-03,2021,3,2
IDN.35.4,KalimantanUtara,Bulungan,,2021-04,2021,4,2
IDN.35.4,KalimantanUtara,Bulungan,,2021-05,2021,5,3
IDN.35.4,KalimantanUtara,Bulungan,,2021-06,2021,6,7
IDN.35.4,KalimantanUtara,Bulungan,,2021-07,2021,7,15
IDN.35.4,KalimantanUtara,Bulungan,,2021-08,2021,8,27
IDN.35.4,KalimantanUtara,Bulungan,,2021-09,2021,9,79
IDN.35.4,KalimantanUtara,Bulungan,,2021-10,2021,10,18
IDN.35.4,KalimantanUtara,Bulungan,,2021-11,2021,11,4
IDN.35.4,KalimantanUtara,Bulungan,,2021-12,2021,12,0
IDN.35.4,KalimantanUtara,Bulungan,,2022-01,2022,1,5
IDN.35.4,KalimantanUtara,Bulungan,,2022-02,2022,2,4
IDN.35.4,KalimantanUtara,Bulungan,,2022-03,2022,3,6
IDN.35.4,KalimantanUtara,Bulungan,,2022-04,2022,4,2
IDN.35.4,KalimantanUtara,Bulungan,,2022-05,2022,5,2
IDN.35.4,KalimantanUtara,Bulungan,,2022-06,2022,6,10
IDN.35.4,KalimantanUtara,Bulungan,,2022-07,2022,7,3
IDN.35.4,KalimantanUtara,Bulungan,,2022-08,2022,8,56
IDN.35.4,KalimantanUtara,Bulungan,,2022-09,2022,9,100
IDN.35.4,KalimantanUtara,Bulungan,,2022-10,2022,10,15
IDN.35.4,KalimantanUtara,Bulungan,,2022-11,2022,11,7
IDN.35.4,KalimantanUtara,Bulungan,,2022-12,2022,12,3
IDN.35.4,KalimantanUtara,Bulungan,,2023-01,2023,1,2
IDN.35.4,KalimantanUtara,Bulungan,,2023-02,2023,2,4
IDN.35.4,KalimantanUtara,Bulungan,,2023-03,2023,3,10
IDN.35.4,KalimantanUtara,Bulungan,,2023-04,2023,4,3
IDN.35.4,KalimantanUtara,Bulungan,,2023-05,2023,5,10
IDN.35.4,KalimantanUtara,Bulungan,,2023-06,2023,6,10
IDN.35.4,KalimantanUtara,Bulungan,,2023-07,2023,7,17
IDN.35.4,KalimantanUtara,Bulungan,,2023-08,2023,8,129
IDN.35.4,KalimantanUtara,Bulungan,,2023-09,2023,9,150
IDN.35.4,KalimantanUtara,Bulungan,,2023-10,2023,10,131
IDN.35.4,KalimantanUtara,Bulungan,,2023-11,2023,11,23
IDN.35.4,KalimantanUtara,Bulungan,,2023-12,2023,12,7
IDN.35.4,KalimantanUtara,Bulungan,,2024-01,2024,1,6
IDN.35.4,KalimantanUtara,Bulungan,,2024-02,2024,2,12
IDN.35.4,KalimantanUtara,Bulungan,,2024-03,2024,3,9
IDN.35.4,KalimantanUtara,Bulungan,,2024-04,2024,4,26
IDN.35.4,KalimantanUtara,Bulungan,,2024-05,2024,5,12
IDN.35.4,KalimantanUtara,Bulungan,,2024-06,2024,6,2
IDN.35.4,KalimantanUtara,Bulungan,,2024-07,2024,7,0
IDN.35.4,KalimantanUtara,Bulungan,,2024-08,2024,8,31
IDN.35.4,KalimantanUtara,Bulungan,,2024-09,2024,9,295
IDN.35.4,KalimantanUtara,Bulungan,,2024-10,2024,10,55
IDN.35.4,KalimantanUtara,Bulungan,,2024-11,2024,11,8
IDN.35.4,KalimantanUtara,Bulungan,,2024-12,2024,12,1
IDN.35.4,KalimantanUtara,Bulungan,,2025-01,2025,1,1
IDN.35.4,KalimantanUtara,Bulungan,,2025-02,2025,2,0
IDN.35.4,KalimantanUtara,Bulungan,,2025-03,2025,3,0
IDN.35.4,KalimantanUtara,Bulungan,,2025-04,2025,4,10
IDN.35.4,KalimantanUtara,Bulungan,,2025-05,2025,5,5
IDN.35.4,KalimantanUtara,Bulungan,,2025-06,2025,6,1
IDN.35.4,KalimantanUtara,Bulungan,,2025-07,2025,7,26
IDN.35.4,KalimantanUtara,Bulungan,,2025-08,2025,8,70
IDN.35.4,KalimantanUtara,Bulungan,,2025-09,2025,9,146
IDN.35.4,KalimantanUtara,Bulungan,,2025-10,2025,10,46
IDN.35.4,KalimantanUtara,Bulungan,,2025-11,2025,11,14
IDN.35.4,KalimantanUtara,Bulungan,,2025-12,2025,12,5
IDN.35.8,KalimantanUtara,Malinau,,2012-01,2012,1,0
IDN.35.8,KalimantanUtara,Malinau,,2012-02,2012,2,0
IDN.35.8,KalimantanUtara,Malinau,,2012-03,2012,3,0
IDN.35.8,KalimantanUtara,Malinau,,2012-04,2012,4,5
IDN.35.8,KalimantanUtara,Malinau,,2012-05,2012,5,3
IDN.35.8,KalimantanUtara,Malinau,,2012-06,2012,6,8
IDN.35.8,KalimantanUtara,Malinau,,2012-07,2012,7,12
IDN.35.8,KalimantanUtara,Malinau,,2012-08,2012,8,496
IDN.35.8,KalimantanUtara,Malinau,,2012-09,2012,9,78
IDN.35.8,KalimantanUtara,Malinau,,2012-10,2012,10,0
IDN.35.8,KalimantanUtara,Malinau,,2012-11,2012,11,1
IDN.35.8,KalimantanUtara,Malinau,,2012-12,2012,12,2
IDN.35.8,KalimantanUtara,Malinau,,2013-01,2013,1,0
IDN.35.8,KalimantanUtara,Malinau,,2013-02,2013,2,1
IDN.35.8,KalimantanUtara,Malinau,,2013-03,2013,3,3
IDN.35.8,KalimantanUtara,Malinau,,2013-04,2013,4,0
IDN.35.8,KalimantanUtara,Malinau,,2013-05,2013,5,1
IDN.35.8,KalimantanUtara,Malinau,,2013-06,2013,6,3
IDN.35.8,KalimantanUtara,Malinau,,2013-07,2013,7,75
IDN.35.8,KalimantanUtara,Malinau,,2013-08,2013,8,151
IDN.35.8,KalimantanUtara,Malinau,,2013-09,2013,9,86
IDN.35.8,KalimantanUtara,Malinau,,2013-10,2013,10,3
IDN.35.8,KalimantanUtara,Malinau,,2013-11,2013,11,2
IDN.35.8,KalimantanUtara,Malinau,,2013-12,2013,12,1
IDN.35.8,KalimantanUtara,Malinau,,2014-01,2014,1,1
IDN.35.8,KalimantanUtara,Malinau,,2014-02,2014,2,4
IDN.35.8,KalimantanUtara,Malinau,,2014-03,2014,3,6
IDN.35.8,KalimantanUtara,Malinau,,2014-04,2014,4,3
IDN.35.8,KalimantanUtara,Malinau,,2014-05,2014,5,1
IDN.35.8,KalimantanUtara,Malinau,,2014-06,2014,6,19
IDN.35.8,KalimantanUtara,Malinau,,2014-07,2014,7,177
IDN.35.8,KalimantanUtara,Malinau,,2014-08,2014,8,346
IDN.35.8,KalimantanUtara,Malinau,,2014-09,2014,9,121
IDN.35.8,KalimantanUtara,Malinau,,2014-10,2014,10,8
IDN.35.8,KalimantanUtara,Malinau,,2014-11,2014,11,3
IDN.35.8,KalimantanUtara,Malinau,,2014-12,2014,12,0
IDN.35.8,KalimantanUtara,Malinau,,2015-01,2015,1,1
IDN.35.8,KalimantanUtara,Malinau,,2015-02,2015,2,0
IDN.35.8,KalimantanUtara,Malinau,,2015-03,2015,3,1
IDN.35.8,KalimantanUtara,Malinau,,2015-04,2015,4,10
IDN.35.8,KalimantanUtara,Malinau,,2015-05,2015,5,6
IDN.35.8,KalimantanUtara,Malinau,,2015-06,2015,6,4
IDN.35.8,KalimantanUtara,Malinau,,2015-07,2015,7,261
IDN.35.8,KalimantanUtara,Malinau,,2015-08,2015,8,529
IDN.35.8,KalimantanUtara,Malinau,,2015-09,2015,9,124
IDN.35.8,KalimantanUtara,Malinau,,2015-10,2015,10,5
IDN.35.8,KalimantanUtara,Malinau,,2015-11,2015,11,8
IDN.35.8,KalimantanUtara,Malinau,,2015-12,2015,12,8
IDN.35.8,KalimantanUtara,Malinau,,2016-01,2016,1,3
IDN.35.8,KalimantanUtara,Malinau,,2016-02,2016,2,3
IDN.35.8,KalimantanUtara,Malinau,,2016-03,2016,3,10
IDN.35.8,KalimantanUtara,Malinau,,2016-04,2016,4,4
IDN.35.8,KalimantanUtara,Malinau,,2016-05,2016,5,3
IDN.35.8,KalimantanUtara,Malinau,,2016-06,2016,6,2
IDN.35.8,KalimantanUtara,Malinau,,2016-07,2016,7,28
IDN.35.8,KalimantanUtara,Malinau,,2016-08,2016,8,210
IDN.35.8,KalimantanUtara,Malinau,,2016-09,2016,9,193
IDN.35.8,KalimantanUtara,Malinau,,2016-10,2016,10,2
IDN.35.8,KalimantanUtara,Malinau,,2016-11,2016,11,1
IDN.35.8,KalimantanUtara,Malinau,,2016-12,2016,12,0
IDN.35.8,KalimantanUtara,Malinau,,2017-01,2017,1,1
IDN.35.8,KalimantanUtara,Malinau,,2017-02,2017,2,3
IDN.35.8,KalimantanUtara,Malinau,,2017-03,2017,3,0
IDN.35.8,KalimantanUtara,Malinau,,2017-04,2017,4,4
IDN.35.8,KalimantanUtara,Malinau,,2017-05,2017,5,2
IDN.35.8,KalimantanUtara,Malinau,,2017-06,2017,6,0
IDN.35.8,KalimantanUtara,Malinau,,2017-07,2017,7,102
IDN.35.8,KalimantanUtara,Malinau,,2017-08,2017,8,348
IDN.35.8,KalimantanUtara,Malinau,,2017-09,2017,9,46
IDN.35.8,KalimantanUtara,Malinau,,2017-10,2017,10,7
IDN.35.8,KalimantanUtara,Malinau,,2017-11,2017,11,2
IDN.35.8,KalimantanUtara,Malinau,,2017-12,2017,12,0
IDN.35.8,KalimantanUtara,Malinau,,2018-01,2018,1,5
IDN.35.8,KalimantanUtara,Malinau,,2018-02,2018,2,0
IDN.35.8,KalimantanUtara,Malinau,,2018-03,2018,3,0
IDN.35.8,KalimantanUtara,Malinau,,2018-04,2018,4,1
IDN.35.8,KalimantanUtara,Malinau,,2018-05,2018,5,8
IDN.35.8,KalimantanUtara,Malinau,,2018-06,2018,6,2
IDN.35.8,KalimantanUtara,Malinau,,2018-07,2018,7,92
IDN.35.8,KalimantanUtara,Malinau,,2018-08,2018,8,326
IDN.35.8,KalimantanUtara,Malinau,,2018-09,2018,9,201
IDN.35.8,KalimantanUtara,Malinau,,2018-10,2018,10,6
IDN.35.8,KalimantanUtara,Malinau,,2018-11,2018,11,0
IDN.35.8,KalimantanUtara,Malinau,,2018-12,2018,12,0
IDN.35.8,KalimantanUtara,Malinau,,2019-01,2019,1,1
IDN.35.8,KalimantanUtara,Malinau,,2019-02,2019,2,1
IDN.35.8,KalimantanUtara,Malinau,,2019-03,2019,3,2
IDN.35.8,KalimantanUtara,Malinau,,2019-04,2019,4,1
IDN.35.8,KalimantanUtara,Malinau,,2019-05,2019,5,7
IDN.35.8,KalimantanUtara,Malinau,,2019-06,2019,6,0
IDN.35.8,KalimantanUtara,Malinau,,2019-07,2019,7,22
IDN.35.8,KalimantanUtara,Malinau,,2019-08,2019,8,227
IDN.35.8,KalimantanUtara,Malinau,,2019-09,2019,9,205
IDN.35.8,KalimantanUtara,Malinau,,2019-10,2019,10,7
IDN.35.8,KalimantanUtara,Malinau,,2019-11,2019,11,9
IDN.35.8,KalimantanUtara,Malinau,,2019-12,2019,12,0
IDN.35.8,KalimantanUtara,Malinau,,2020-01,2020,1,1
IDN.35.8,KalimantanUtara,Malinau,,2020-02,2020,2,1
IDN.35.8,KalimantanUtara,Malinau,,2020-03,2020,3,0
IDN.35.8,KalimantanUtara,Malinau,,2020-04,2020,4,9
IDN.35.8,KalimantanUtara,Malinau,,2020-05,2020,5,9
IDN.35.8,KalimantanUtara,Malinau,,2020-06,2020,6,1
IDN.35.8,KalimantanUtara,Malinau,,2020-07,2020,7,61
IDN.35.8,KalimantanUtara,Malinau,,2020-08,2020,8,525
IDN.35.8,KalimantanUtara,Malinau,,2020-09,2020,9,66
IDN.35.8,KalimantanUtara,Malinau,,2020-10,2020,10,2
IDN.35.8,KalimantanUtara,Malinau,,2020-11,2020,11,1
IDN.35.8,KalimantanUtara,Malinau,,2020-12,2020,12,0
IDN.35.8,KalimantanUtara,Malinau,,2021-01,2021,1,0
IDN.35.8,KalimantanUtara,Malinau,,2021-02,2021,2,1
IDN.35.8,KalimantanUtara,Malinau,,2021-03,2021,3,2
IDN.35.8,KalimantanUtara,Malinau,,2021-04,2021,4,1
IDN.35.8,KalimantanUtara,Malinau,,2021-05,2021,5,3
IDN.35.8,KalimantanUtara,Malinau,,2021-06,2021,6,2
IDN.35.8,KalimantanUtara,Malinau,,2021-07,2021,7,188
IDN.35.8,KalimantanUtara,Malinau,,2021-08,2021,8,109
IDN.35.8,KalimantanUtara,Malinau,,2021-09,2021,9,50
IDN.35.8,KalimantanUtara,Malinau,,2021-10,2021,10,13
IDN.35.8,KalimantanUtara,Malinau,,2021-11,2021,11,5
IDN.35.8,KalimantanUtara,Malinau,,2021-12,2021,12,1
IDN.35.8,KalimantanUtara,Malinau,,2022-01,2022,1,0
IDN.35.8,KalimantanUtara,Malinau,,2022-02,2022,2,2
IDN.35.8,KalimantanUtara,Malinau,,2022-03,2022,3,0
IDN.35.8,KalimantanUtara,Malinau,,2022-04,2022,4,2
IDN.35.8,KalimantanUtara,Malinau,,2022-05,2022,5,0
IDN.35.8,KalimantanUtara,Malinau,,2022-06,2022,6,6
IDN.35.8,KalimantanUtara,Malinau,,2022-07,2022,7,64
IDN.35.8,KalimantanUtara,Malinau,,2022-08,2022,8,228
IDN.35.8,KalimantanUtara,Malinau,,2022-09,2022,9,58
IDN.35.8,KalimantanUtara,Malinau,,2022-10,2022,10,0
IDN.35.8,KalimantanUtara,Malinau,,2022-11,2022,11,2
IDN.35.8,KalimantanUtara,Malinau,,2022-12,2022,12,3
IDN.35.8,KalimantanUtara,Malinau,,2023-01,2023,1,4
IDN.35.8,KalimantanUtara,Malinau,,2023-02,2023,2,3
IDN.35.8,KalimantanUtara,Malinau,,2023-03,2023,3,4
IDN.35.8,KalimantanUtara,Malinau,,2023-04,2023,4,7
IDN.35.8,KalimantanUtara,Malinau,,2023-05,2023,5,1
IDN.35.8,KalimantanUtara,Malinau,,2023-06,2023,6,0
IDN.35.8,KalimantanUtara,Malinau,,2023-07,2023,7,95
IDN.35.8,KalimantanUtara,Malinau,,2023-08,2023,8,270
IDN.35.8,KalimantanUtara,Malinau,,2023-09,2023,9,58
IDN.35.8,KalimantanUtara,Malinau,,2023-10,2023,10,15
IDN.35.8,KalimantanUtara,Malinau,,2023-11,2023,11,3
IDN.35.8,KalimantanUtara,Malinau,,2023-12,2023,12,0
IDN.35.8,KalimantanUtara,Malinau,,2024-01,2024,1,1
IDN.35.8,KalimantanUtara,Malinau,,2024-02,2024,2,8
IDN.35.8,KalimantanUtara,Malinau,,2024-03,2024,3,9
IDN.35.8,KalimantanUtara,Malinau,,2024-04,2024,4,8
IDN.35.8,KalimantanUtara,Malinau,,2024-05,2024,5,18
IDN.35.8,KalimantanUtara,Malinau,,2024-06,2024,6,1
IDN.35.8,KalimantanUtara,Malinau,,2024-07,2024,7,67
IDN.35.8,KalimantanUtara,Malinau,,2024-08,2024,8,264
IDN.35.8,KalimantanUtara,Malinau,,2024-09,2024,9,107
IDN.35.8,KalimantanUtara,Malinau,,2024-10,2024,10,14
IDN.35.8,KalimantanUtara,Malinau,,2024-11,2024,11,1
IDN.35.8,KalimantanUtara,Malinau,,2024-12,2024,12,0
IDN.35.8,KalimantanUtara,Malinau,,2025-01,2025,1,0
IDN.35.8,KalimantanUtara,Malinau,,2025-02,2025,2,0
IDN.35.8,KalimantanUtara,Malinau,,2025-03,2025,3,2
IDN.35.8,KalimantanUtara,Malinau,,2025-04,2025,4,6
IDN.35.8,KalimantanUtara,Malinau,,2025-05,2025,5,0
IDN.35.8,KalimantanUtara,Malinau,,2025-06,2025,6,6
IDN.35.8,KalimantanUtara,Malinau,,2025-07,2025,7,287
IDN.35.8,KalimantanUtara,Malinau,,2025-08,2025,8,108
IDN.35.8,KalimantanUtara,Malinau,,2025-09,2025,9,74
IDN.35.8,KalimantanUtara,Malinau,,2025-10,2025,10,6
IDN.35.8,KalimantanUtara,Malinau,,2025-11,2025,11,3
IDN.35.8,KalimantanUtara,Malinau,,2025-12,2025,12,2
IDN.35.9,KalimantanUtara,Nunukan,,2012-01,2012,1,0
IDN.35.9,KalimantanUtara,Nunukan,,2012-02,2012,2,8
IDN.35.9,KalimantanUtara,Nunukan,,2012-03,2012,3,10
IDN.35.9,KalimantanUtara,Nunukan,,2012-04,2012,4,18
IDN.35.9,KalimantanUtara,Nunukan,,2012-05,2012,5,16
IDN.35.9,KalimantanUtara,Nunukan,,2012-06,2012,6,36
IDN.35.9,KalimantanUtara,Nunukan,,2012-07,2012,7,4
IDN.35.9,KalimantanUtara,Nunukan,,2012-08,2012,8,49
IDN.35.9,KalimantanUtara,Nunukan,,2012-09,2012,9,35
IDN.35.9,KalimantanUtara,Nunukan,,2012-10,2012,10,14
IDN.35.9,KalimantanUtara,Nunukan,,2012-11,2012,11,5
IDN.35.9,KalimantanUtara,Nunukan,,2012-12,2012,12,12
IDN.35.9,KalimantanUtara,Nunukan,,2013-01,2013,1,13
IDN.35.9,KalimantanUtara,Nunukan,,2013-02,2013,2,8
IDN.35.9,KalimantanUtara,Nunukan,,2013-03,2013,3,47
IDN.35.9,KalimantanUtara,Nunukan,,2013-04,2013,4,10
IDN.35.9,KalimantanUtara,Nunukan,,2013-05,2013,5,32
IDN.35.9,KalimantanUtara,Nunukan,,2013-06,2013,6,23
IDN.35.9,KalimantanUtara,Nunukan,,2013-07,2013,7,8
IDN.35.9,KalimantanUtara,Nunukan,,2013-08,2013,8,8
IDN.35.9,KalimantanUtara,Nunukan,,2013-09,2013,9,45
IDN.35.9,KalimantanUtara,Nunukan,,2013-10,2013,10,10
IDN.35.9,KalimantanUtara,Nunukan,,2013-11,2013,11,7
IDN.35.9,KalimantanUtara,Nunukan,,2013-12,2013,12,8
IDN.35.9,KalimantanUtara,Nunukan,,2014-01,2014,1,18
IDN.35.9,KalimantanUtara,Nunukan,,2014-02,2014,2,78
IDN.35.9,KalimantanUtara,Nunukan,,2014-03,2014,3,276
IDN.35.9,KalimantanUtara,Nunukan,,2014-04,2014,4,9
IDN.35.9,KalimantanUtara,Nunukan,,2014-05,2014,5,32
IDN.35.9,KalimantanUtara,Nunukan,,2014-06,2014,6,2
IDN.35.9,KalimantanUtara,Nunukan,,2014-07,2014,7,8
IDN.35.9,KalimantanUtara,Nunukan,,2014-08,2014,8,27
IDN.35.9,KalimantanUtara,Nunukan,,2014-09,2014,9,62
IDN.35.9,KalimantanUtara,Nunukan,,2014-10,2014,10,59
IDN.35.9,KalimantanUtara,Nunukan,,2014-11,2014,11,26
IDN.35.9,KalimantanUtara,Nunukan,,2014-12,2014,12,8
IDN.35.9,KalimantanUtara,Nunukan,,2015-01,2015,1,1
IDN.35.9,KalimantanUtara,Nunukan,,2015-02,2015,2,45
IDN.35.9,KalimantanUtara,Nunukan,,2015-03,2015,3,31
IDN.35.9,KalimantanUtara,Nunukan,,2015-04,2015,4,31
IDN.35.9,KalimantanUtara,Nunukan,,2015-05,2015,5,32
IDN.35.9,KalimantanUtara,Nunukan,,2015-06,2015,6,18
IDN.35.9,KalimantanUtara,Nunukan,,2015-07,2015,7,107
IDN.35.9,KalimantanUtara,Nunukan,,2015-08,2015,8,84
IDN.35.9,KalimantanUtara,Nunukan,,2015-09,2015,9,55
IDN.35.9,KalimantanUtara,Nunukan,,2015-10,2015,10,36
IDN.35.9,KalimantanUtara,Nunukan,,2015-11,2015,11,16
IDN.35.9,KalimantanUtara,Nunukan,,2015-12,2015,12,78
IDN.35.9,KalimantanUtara,Nunukan,,2016-01,2016,1,41
IDN.35.9,KalimantanUtara,Nunukan,,2016-02,2016,2,83
IDN.35.9,KalimantanUtara,Nunukan,,2016-03,2016,3,318
IDN.35.9,KalimantanUtara,Nunukan,,2016-04,2016,4,41
IDN.35.9,KalimantanUtara,Nunukan,,2016-05,2016,5,9
IDN.35.9,KalimantanUtara,Nunukan,,2016-06,2016,6,17
IDN.35.9,KalimantanUtara,Nunukan,,2016-07,2016,7,25
IDN.35.9,KalimantanUtara,Nunukan,,2016-08,2016,8,32
IDN.35.9,KalimantanUtara,Nunukan,,2016-09,2016,9,27
IDN.35.9,KalimantanUtara,Nunukan,,2016-10,2016,10,11
IDN.35.9,KalimantanUtara,Nunukan,,2016-11,2016,11,11
IDN.35.9,KalimantanUtara,Nunukan,,2016-12,2016,12,3
IDN.35.9,KalimantanUtara,Nunukan,,2017-01,2017,1,4
IDN.35.9,KalimantanUtara,Nunukan,,2017-02,2017,2,12
IDN.35.9,KalimantanUtara,Nunukan,,2017-03,2017,3,3
IDN.35.9,KalimantanUtara,Nunukan,,2017-04,2017,4,24
IDN.35.9,KalimantanUtara,Nunukan,,2017-05,2017,5,14
IDN.35.9,KalimantanUtara,Nunukan,,2017-06,2017,6,0
IDN.35.9,KalimantanUtara,Nunukan,,2017-07,2017,7,8
IDN.35.9,KalimantanUtara,Nunukan,,2017-08,2017,8,16
IDN.35.9,KalimantanUtara,Nunukan,,2017-09,2017,9,19
IDN.35.9,KalimantanUtara,Nunukan,,2017-10,2017,10,12
IDN.35.9,KalimantanUtara,Nunukan,,2017-11,2017,11,3
IDN.35.9,KalimantanUtara,Nunukan,,2017-12,2017,12,2
IDN.35.9,KalimantanUtara,Nunukan,,2018-01,2018,1,3
IDN.35.9,KalimantanUtara,Nunukan,,2018-02,2018,2,8
IDN.35.9,KalimantanUtara,Nunukan,,2018-03,2018,3,6
IDN.35.9,KalimantanUtara,Nunukan,,2018-04,2018,4,9
IDN.35.9,KalimantanUtara,Nunukan,,2018-05,2018,5,7
IDN.35.9,KalimantanUtara,Nunukan,,2018-06,2018,6,6
IDN.35.9,KalimantanUtara,Nunukan,,2018-07,2018,7,11
IDN.35.9,KalimantanUtara,Nunukan,,2018-08,2018,8,50
IDN.35.9,KalimantanUtara,Nunukan,,2018-09,2018,9,36
IDN.35.9,KalimantanUtara,Nunukan,,2018-10,2018,10,25
IDN.35.9,KalimantanUtara,Nunukan,,2018-11,2018,11,12
IDN.35.9,KalimantanUtara,Nunukan,,2018-12,2018,12,12
IDN.35.9,KalimantanUtara,Nunukan,,2019-01,2019,1,16
IDN.35.9,KalimantanUtara,Nunukan,,2019-02,2019,2,49
IDN.35.9,KalimantanUtara,Nunukan,,2019-03,2019,3,165
IDN.35.9,KalimantanUtara,Nunukan,,2019-04,2019,4,8
IDN.35.9,KalimantanUtara,Nunukan,,2019-05,2019,5,3
IDN.35.9,KalimantanUtara,Nunukan,,2019-06,2019,6,1
IDN.35.9,KalimantanUtara,Nunukan,,2019-07,2019,7,7
IDN.35.9,KalimantanUtara,Nunukan,,2019-08,2019,8,13
IDN.35.9,KalimantanUtara,Nunukan,,2019-09,2019,9,71
IDN.35.9,KalimantanUtara,Nunukan,,2019-10,2019,10,21
IDN.35.9,KalimantanUtara,Nunukan,,2019-11,2019,11,15
IDN.35.9,KalimantanUtara,Nunukan,,2019-12,2019,12,4
IDN.35.9,KalimantanUtara,Nunukan,,2020-01,2020,1,13
IDN.35.9,KalimantanUtara,Nunukan,,2020-02,2020,2,9
IDN.35.9,KalimantanUtara,Nunukan,,2020-03,2020,3,14
IDN.35.9,KalimantanUtara,Nunukan,,2020-04,2020,4,16
IDN.35.9,KalimantanUtara,Nunukan,,2020-05,2020,5,5
IDN.35.9,KalimantanUtara,Nunukan,,2020-06,2020,6,3
IDN.35.9,KalimantanUtara,Nunukan,,2020-07,2020,7,12
IDN.35.9,KalimantanUtara,Nunukan,,2020-08,2020,8,65
IDN.35.9,KalimantanUtara,Nunukan,,2020-09,2020,9,27
IDN.35.9,KalimantanUtara,Nunukan,,2020-10,2020,10,2
IDN.35.9,KalimantanUtara,Nunukan,,2020-11,2020,11,11
IDN.35.9,KalimantanUtara,Nunukan,,2020-12,2020,12,2
IDN.35.9,KalimantanUtara,Nunukan,,2021-01,2021,1,1
IDN.35.9,KalimantanUtara,Nunukan,,2021-02,2021,2,7
IDN.35.9,KalimantanUtara,Nunukan,,2021-03,2021,3,5
IDN.35.9,KalimantanUtara,Nunukan,,2021-04,2021,4,11
IDN.35.9,KalimantanUtara,Nunukan,,2021-05,2021,5,3
IDN.35.9,KalimantanUtara,Nunukan,,2021-06,2021,6,8
IDN.35.9,KalimantanUtara,Nunukan,,2021-07,2021,7,18
IDN.35.9,KalimantanUtara,Nunukan,,2021-08,2021,8,15
IDN.35.9,KalimantanUtara,Nunukan,,2021-09,2021,9,19
IDN.35.9,KalimantanUtara,Nunukan,,2021-10,2021,10,20
IDN.35.9,KalimantanUtara,Nunukan,,2021-11,2021,11,19
IDN.35.9,KalimantanUtara,Nunukan,,2021-12,2021,12,4
IDN.35.9,KalimantanUtara,Nunukan,,2022-01,2022,1,2
IDN.35.9,KalimantanUtara,Nunukan,,2022-02,2022,2,5
IDN.35.9,KalimantanUtara,Nunukan,,2022-03,2022,3,7
IDN.35.9,KalimantanUtara,Nunukan,,2022-04,2022,4,4
IDN.35.9,KalimantanUtara,Nunukan,,2022-05,2022,5,2
IDN.35.9,KalimantanUtara,Nunukan,,2022-06,2022,6,15
IDN.35.9,KalimantanUtara,Nunukan,,2022-07,2022,7,3
IDN.35.9,KalimantanUtara,Nunukan,,2022-08,2022,8,10
IDN.35.9,KalimantanUtara,Nunukan,,2022-09,2022,9,27
IDN.35.9,KalimantanUtara,Nunukan,,2022-10,2022,10,9
IDN.35.9,KalimantanUtara,Nunukan,,2022-11,2022,11,2
IDN.35.9,KalimantanUtara,Nunukan,,2022-12,2022,12,6
IDN.35.9,KalimantanUtara,Nunukan,,2023-01,2023,1,5
IDN.35.9,KalimantanUtara,Nunukan,,2023-02,2023,2,5
IDN.35.9,KalimantanUtara,Nunukan,,2023-03,2023,3,15
IDN.35.9,KalimantanUtara,Nunukan,,2023-04,2023,4,11
IDN.35.9,KalimantanUtara,Nunukan,,2023-05,2023,5,4
IDN.35.9,KalimantanUtara,Nunukan,,2023-06,2023,6,4
IDN.35.9,KalimantanUtara,Nunukan,,2023-07,2023,7,25
IDN.35.9,KalimantanUtara,Nunukan,,2023-08,2023,8,17
IDN.35.9,KalimantanUtara,Nunukan,,2023-09,2023,9,18
IDN.35.9,KalimantanUtara,Nunukan,,2023-10,2023,10,60
IDN.35.9,KalimantanUtara,Nunukan,,2023-11,2023,11,20
IDN.35.9,KalimantanUtara,Nunukan,,2023-12,2023,12,15
IDN.35.9,KalimantanUtara,Nunukan,,2024-01,2024,1,13
IDN.35.9,KalimantanUtara,Nunukan,,2024-02,2024,2,37
IDN.35.9,KalimantanUtara,Nunukan,,2024-03,2024,3,15
IDN.35.9,KalimantanUtara,Nunukan,,2024-04,2024,4,8
IDN.35.9,KalimantanUtara,Nunukan,,2024-05,2024,5,22
IDN.35.9,KalimantanUtara,Nunukan,,2024-06,2024,6,3
IDN.35.9,KalimantanUtara,Nunukan,,2024-07,2024,7,7
IDN.35.9,KalimantanUtara,Nunukan,,2024-08,2024,8,11
IDN.35.9,KalimantanUtara,Nunukan,,2024-09,2024,9,44
IDN.35.9,KalimantanUtara,Nunukan,,2024-10,2024,10,58
IDN.35.9,KalimantanUtara,Nunukan,,2024-11,2024,11,22
IDN.35.9,KalimantanUtara,Nunukan,,2024-12,2024,12,3
IDN.35.9,KalimantanUtara,Nunukan,,2025-01,2025,1,5
IDN.35.9,KalimantanUtara,Nunukan,,2025-02,2025,2,0
IDN.35.9,KalimantanUtara,Nunukan,,2025-03,2025,3,1
IDN.35.9,KalimantanUtara,Nunukan,,2025-04,2025,4,14
IDN.35.9,KalimantanUtara,Nunukan,,2025-05,2025,5,7
IDN.35.9,KalimantanUtara,Nunukan,,2025-06,2025,6,8
IDN.35.9,KalimantanUtara,Nunukan,,2025-07,2025,7,17
IDN.35.9,KalimantanUtara,Nunukan,,2025-08,2025,8,10
IDN.35.9,KalimantanUtara,Nunukan,,2025-09,2025,9,33
IDN.35.9,KalimantanUtara,Nunukan,,2025-10,2025,10,22
IDN.35.9,KalimantanUtara,Nunukan,,2025-11,2025,11,3
IDN.35.9,KalimantanUtara,Nunukan,,2025-12,2025,12,4
IDN.35.13,KalimantanUtara,TanaTidung,,2012-01,2012,1,1
IDN.35.13,KalimantanUtara,TanaTidung,,2012-02,2012,2,1
IDN.35.13,KalimantanUtara,TanaTidung,,2012-03,2012,3,1
IDN.35.13,KalimantanUtara,TanaTidung,,2012-04,2012,4,2
IDN.35.13,KalimantanUtara,TanaTidung,,2012-05,2012,5,8
IDN.35.13,KalimantanUtara,TanaTidung,,2012-06,2012,6,7
IDN.35.13,KalimantanUtara,TanaTidung,,2012-07,2012,7,1
IDN.35.13,KalimantanUtara,TanaTidung,,2012-08,2012,8,4
IDN.35.13,KalimantanUtara,TanaTidung,,2012-09,2012,9,50
IDN.35.13,KalimantanUtara,TanaTidung,,2012-10,2012,10,7
IDN.35.13,KalimantanUtara,TanaTidung,,2012-11,2012,11,11
IDN.35.13,KalimantanUtara,TanaTidung,,2012-12,2012,12,0
IDN.35.13,KalimantanUtara,TanaTidung,,2013-01,2013,1,11
IDN.35.13,KalimantanUtara,TanaTidung,,2013-02,2013,2,0
IDN.35.13,KalimantanUtara,TanaTidung,,2013-03,2013,3,15
IDN.35.13,KalimantanUtara,TanaTidung,,2013-04,2013,4,5
IDN.35.13,KalimantanUtara,TanaTidung,,2013-05,2013,5,9
IDN.35.13,KalimantanUtara,TanaTidung,,2013-06,2013,6,11
IDN.35.13,KalimantanUtara,TanaTidung,,2013-07,2013,7,5
IDN.35.13,KalimantanUtara,TanaTidung,,2013-08,2013,8,6
IDN.35.13,KalimantanUtara,TanaTidung,,2013-09,2013,9,30
IDN.35.13,KalimantanUtara,TanaTidung,,2013-10,2013,10,4
IDN.35.13,KalimantanUtara,TanaTidung,,2013-11,2013,11,2
IDN.35.13,KalimantanUtara,TanaTidung,,2013-12,2013,12,3
IDN.35.13,KalimantanUtara,TanaTidung,,2014-01,2014,1,11
IDN.35.13,KalimantanUtara,TanaTidung,,2014-02,2014,2,36
IDN.35.13,KalimantanUtara,TanaTidung,,2014-03,2014,3,35
IDN.35.13,KalimantanUtara,TanaTidung,,2014-04,2014,4,3
IDN.35.13,KalimantanUtara,TanaTidung,,2014-05,2014,5,17
IDN.35.13,KalimantanUtara,TanaTidung,,2014-06,2014,6,3
IDN.35.13,KalimantanUtara,TanaTidung,,2014-07,2014,7,0
IDN.35.13,KalimantanUtara,TanaTidung,,2014-08,2014,8,7
IDN.35.13,KalimantanUtara,TanaTidung,,2014-09,2014,9,23
IDN.35.13,KalimantanUtara,TanaTidung,,2014-10,2014,10,15
IDN.35.13,KalimantanUtara,TanaTidung,,2014-11,2014,11,3
IDN.35.13,KalimantanUtara,TanaTidung,,2014-12,2014,12,8
IDN.35.13,KalimantanUtara,TanaTidung,,2015-01,2015,1,4
IDN.35.13,KalimantanUtara,TanaTidung,,2015-02,2015,2,7
IDN.35.13,KalimantanUtara,TanaTidung,,2015-03,2015,3,7
IDN.35.13,KalimantanUtara,TanaTidung,,2015-04,2015,4,3
IDN.35.13,KalimantanUtara,TanaTidung,,2015-05,2015,5,6
IDN.35.13,KalimantanUtara,TanaTidung,,2015-06,2015,6,5
IDN.35.13,KalimantanUtara,TanaTidung,,2015-07,2015,7,17
IDN.35.13,KalimantanUtara,TanaTidung,,2015-08,2015,8,29
IDN.35.13,KalimantanUtara,TanaTidung,,2015-09,2015,9,75
IDN.35.13,KalimantanUtara,TanaTidung,,2015-10,2015,10,31
IDN.35.13,KalimantanUtara,TanaTidung,,2015-11,2015,11,7
IDN.35.13,KalimantanUtara,TanaTidung,,2015-12,2015,12,18
IDN.35.13,KalimantanUtara,TanaTidung,,2016-01,2016,1,7
IDN.35.13,KalimantanUtara,TanaTidung,,2016-02,2016,2,24
IDN.35.13,KalimantanUtara,TanaTidung,,2016-03,2016,3,12
IDN.35.13,KalimantanUtara,TanaTidung,,2016-04,2016,4,11
IDN.35.13,KalimantanUtara,TanaTidung,,2016-05,2016,5,0
IDN.35.13,KalimantanUtara,TanaTidung,,2016-06,2016,6,3
IDN.35.13,KalimantanUtara,TanaTidung,,2016-07,2016,7,3
IDN.35.13,KalimantanUtara,TanaTidung,,2016-08,2016,8,1
IDN.35.13,KalimantanUtara,TanaTidung,,2016-09,2016,9,23
IDN.35.13,KalimantanUtara,TanaTidung,,2016-10,2016,10,2
IDN.35.13,KalimantanUtara,TanaTidung,,2016-11,2016,11,6
IDN.35.13,KalimantanUtara,TanaTidung,,2016-12,2016,12,0
IDN.35.13,KalimantanUtara,TanaTidung,,2017-01,2017,1,3
IDN.35.13,KalimantanUtara,TanaTidung,,2017-02,2017,2,2
IDN.35.13,KalimantanUtara,TanaTidung,,2017-03,2017,3,0
IDN.35.13,KalimantanUtara,TanaTidung,,2017-04,2017,4,11
IDN.35.13,KalimantanUtara,TanaTidung,,2017-05,2017,5,5
IDN.35.13,KalimantanUtara,TanaTidung,,2017-06,2017,6,3
IDN.35.13,KalimantanUtara,TanaTidung,,2017-07,2017,7,3
IDN.35.13,KalimantanUtara,TanaTidung,,2017-08,2017,8,13
IDN.35.13,KalimantanUtara,TanaTidung,,2017-09,2017,9,13
IDN.35.13,KalimantanUtara,TanaTidung,,2017-10,2017,10,15
IDN.35.13,KalimantanUtara,TanaTidung,,2017-11,2017,11,5
IDN.35.13,KalimantanUtara,TanaTidung,,2017-12,2017,12,2
IDN.35.13,KalimantanUtara,TanaTidung,,2018-01,2018,1,0
IDN.35.13,KalimantanUtara,TanaTidung,,2018-02,2018,2,1
IDN.35.13,KalimantanUtara,TanaTidung,,2018-03,2018,3,1
IDN.35.13,KalimantanUtara,TanaTidung,,2018-04,2018,4,0
IDN.35.13,KalimantanUtara,TanaTidung,,2018-05,2018,5,3
IDN.35.13,KalimantanUtara,TanaTidung,,2018-06,2018,6,2
IDN.35.13,KalimantanUtara,TanaTidung,,2018-07,2018,7,0
IDN.35.13,KalimantanUtara,TanaTidung,,2018-08,2018,8,3
IDN.35.13,KalimantanUtara,TanaTidung,,2018-09,2018,9,50
IDN.35.13,KalimantanUtara,TanaTidung,,2018-10,2018,10,21
IDN.35.13,KalimantanUtara,TanaTidung,,2018-11,2018,11,2
IDN.35.13,KalimantanUtara,TanaTidung,,2018-12,2018,12,3
IDN.35.13,KalimantanUtara,TanaTidung,,2019-01,2019,1,1
IDN.35.13,KalimantanUtara,TanaTidung,,2019-02,2019,2,8
IDN.35.13,KalimantanUtara,TanaTidung,,2019-03,2019,3,10
IDN.35.13,KalimantanUtara,TanaTidung,,2019-04,2019,4,3
IDN.35.13,KalimantanUtara,TanaTidung,,2019-05,2019,5,1
IDN.35.13,KalimantanUtara,TanaTidung,,2019-06,2019,6,1
IDN.35.13,KalimantanUtara,TanaTidung,,2019-07,2019,7,6
IDN.35.13,KalimantanUtara,TanaTidung,,2019-08,2019,8,7
IDN.35.13,KalimantanUtara,TanaTidung,,2019-09,2019,9,58
IDN.35.13,KalimantanUtara,TanaTidung,,2019-10,2019,10,9
IDN.35.13,KalimantanUtara,TanaTidung,,2019-11,2019,11,4
IDN.35.13,KalimantanUtara,TanaTidung,,2019-12,2019,12,1
IDN.35.13,KalimantanUtara,TanaTidung,,2020-01,2020,1,9
IDN.35.13,KalimantanUtara,TanaTidung,,2020-02,2020,2,5
IDN.35.13,KalimantanUtara,TanaTidung,,2020-03,2020,3,3
IDN.35.13,KalimantanUtara,TanaTidung,,2020-04,2020,4,3
IDN.35.13,KalimantanUtara,TanaTidung,,2020-05,2020,5,1
IDN.35.13,KalimantanUtara,TanaTidung,,2020-06,2020,6,1
IDN.35.13,KalimantanUtara,TanaTidung,,2020-07,2020,7,0
IDN.35.13,KalimantanUtara,TanaTidung,,2020-08,2020,8,26
IDN.35.13,KalimantanUtara,TanaTidung,,2020-09,2020,9,37
IDN.35.13,KalimantanUtara,TanaTidung,,2020-10,2020,10,2
IDN.35.13,KalimantanUtara,TanaTidung,,2020-11,2020,11,6
IDN.35.13,KalimantanUtara,TanaTidung,,2020-12,2020,12,2
IDN.35.13,KalimantanUtara,TanaTidung,,2021-01,2021,1,0
IDN.35.13,KalimantanUtara,TanaTidung,,2021-02,2021,2,2
IDN.35.13,KalimantanUtara,TanaTidung,,2021-03,2021,3,2
IDN.35.13,KalimantanUtara,TanaTidung,,2021-04,2021,4,0
IDN.35.13,KalimantanUtara,TanaTidung,,2021-05,2021,5,1
IDN.35.13,KalimantanUtara,TanaTidung,,2021-06,2021,6,3
IDN.35.13,KalimantanUtara,TanaTidung,,2021-07,2021,7,0
IDN.35.13,KalimantanUtara,TanaTidung,,2021-08,2021,8,4
IDN.35.13,KalimantanUtara,TanaTidung,,2021-09,2021,9,10
IDN.35.13,KalimantanUtara,TanaTidung,,2021-10,2021,10,8
IDN.35.13,KalimantanUtara,TanaTidung,,2021-11,2021,11,1
IDN.35.13,KalimantanUtara,TanaTidung,,2021-12,2021,12,0
IDN.35.13,KalimantanUtara,TanaTidung,,2022-01,2022,1,2
IDN.35.13,KalimantanUtara,TanaTidung,,2022-02,2022,2,2
IDN.35.13,KalimantanUtara,TanaTidung,,2022-03,2022,3,1
IDN.35.13,KalimantanUtara,TanaTidung,,2022-04,2022,4,0
IDN.35.13,KalimantanUtara,TanaTidung,,2022-05,2022,5,2
IDN.35.13,KalimantanUtara,TanaTidung,,2022-06,2022,6,7
IDN.35.13,KalimantanUtara,TanaTidung,,2022-07,2022,7,0
IDN.35.13,KalimantanUtara,TanaTidung,,2022-08,2022,8,8
IDN.35.13,KalimantanUtara,TanaTidung,,2022-09,2022,9,21
IDN.35.13,KalimantanUtara,TanaTidung,,2022-10,2022,10,19
IDN.35.13,KalimantanUtara,TanaTidung,,2022-11,2022,11,0
IDN.35.13,KalimantanUtara,TanaTidung,,2022-12,2022,12,1
IDN.35.13,KalimantanUtara,TanaTidung,,2023-01,2023,1,4
IDN.35.13,KalimantanUtara,TanaTidung,,2023-02,2023,2,0
IDN.35.13,KalimantanUtara,TanaTidung,,2023-03,2023,3,3
IDN.35.13,KalimantanUtara,TanaTidung,,2023-04,2023,4,2
IDN.35.13,KalimantanUtara,TanaTidung,,2023-05,2023,5,3
IDN.35.13,KalimantanUtara,TanaTidung,,2023-06,2023,6,1
IDN.35.13,KalimantanUtara,TanaTidung,,2023-07,2023,7,15
IDN.35.13,KalimantanUtara,TanaTidung,,2023-08,2023,8,8
IDN.35.13,KalimantanUtara,TanaTidung,,2023-09,2023,9,9
IDN.35.13,KalimantanUtara,TanaTidung,,2023-10,2023,10,33
IDN.35.13,KalimantanUtara,TanaTidung,,2023-11,2023,11,11
IDN.35.13,KalimantanUtara,TanaTidung,,2023-12,2023,12,11
IDN.35.13,KalimantanUtara,TanaTidung,,2024-01,2024,1,3
IDN.35.13,KalimantanUtara,TanaTidung,,2024-02,2024,2,7
IDN.35.13,KalimantanUtara,TanaTidung,,2024-03,2024,3,11
IDN.35.13,KalimantanUtara,TanaTidung,,2024-04,2024,4,4
IDN.35.13,KalimantanUtara,TanaTidung,,2024-05,2024,5,5
IDN.35.13,KalimantanUtara,TanaTidung,,2024-06,2024,6,1
IDN.35.13,KalimantanUtara,TanaTidung,,2024-07,2024,7,1
IDN.35.13,KalimantanUtara,TanaTidung,,2024-08,2024,8,0
IDN.35.13,KalimantanUtara,TanaTidung,,2024-09,2024,9,24
IDN.35.13,KalimantanUtara,TanaTidung,,2024-10,2024,10,37
IDN.35.13,KalimantanUtara,TanaTidung,,2024-11,2024,11,5
IDN.35.13,KalimantanUtara,TanaTidung,,2024-12,2024,12,0
IDN.35.13,KalimantanUtara,TanaTidung,,2025-01,2025,1,0
IDN.35.13,KalimantanUtara,TanaTidung,,2025-02,2025,2,3
IDN.35.13,KalimantanUtara,TanaTidung,,2025-03,2025,3,1
IDN.35.13,KalimantanUtara,TanaTidung,,2025-04,2025,4,2
IDN.35.13,KalimantanUtara,TanaTidung,,2025-05,2025,5,5
IDN.35.13,KalimantanUtara,TanaTidung,,2025-06,2025,6,2
IDN.35.13,KalimantanUtara,TanaTidung,,2025-07,2025,7,2
IDN.35.13,KalimantanUtara,TanaTidung,,2025-08,2025,8,5
IDN.35.13,KalimantanUtara,TanaTidung,,2025-09,2025,9,11
IDN.35.13,KalimantanUtara,TanaTidung,,2025-10,2025,10,9
IDN.35.13,KalimantanUtara,TanaTidung,,2025-11,2025,11,2
IDN.35.13,KalimantanUtara,TanaTidung,,2025-12,2025,12,1
IDN.35.14,KalimantanUtara,Tarakan,,2012-01,2012,1,0
IDN.35.14,KalimantanUtara,Tarakan,,2012-02,2012,2,0
IDN.35.14,KalimantanUtara,Tarakan,,2012-03,2012,3,0
IDN.35.14,KalimantanUtara,Tarakan,,2012-04,2012,4,0
IDN.35.14,KalimantanUtara,Tarakan,,2012-05,2012,5,0
IDN.35.14,KalimantanUtara,Tarakan,,2012-06,2012,6,1
IDN.35.14,KalimantanUtara,Tarakan,,2012-07,2012,7,4
IDN.35.14,KalimantanUtara,Tarakan,,2012-08,2012,8,4
IDN.35.14,KalimantanUtara,Tarakan,,2012-09,2012,9,1
IDN.35.14,KalimantanUtara,Tarakan,,2012-10,2012,10,0
IDN.35.14,KalimantanUtara,Tarakan,,2012-11,2012,11,1
IDN.35.14,KalimantanUtara,Tarakan,,2012-12,2012,12,0
IDN.35.14,KalimantanUtara,Tarakan,,2013-01,2013,1,0
IDN.35.14,KalimantanUtara,Tarakan,,2013-02,2013,2,1
IDN.35.14,KalimantanUtara,Tarakan,,2013-03,2013,3,8
IDN.35.14,KalimantanUtara,Tarakan,,2013-04,2013,4,1
IDN.35.14,KalimantanUtara,Tarakan,,2013-05,2013,5,0
IDN.35.14,KalimantanUtara,Tarakan,,2013-06,2013,6,0
IDN.35.14,KalimantanUtara,Tarakan,,2013-07,2013,7,1
IDN.35.14,KalimantanUtara,Tarakan,,2013-08,2013,8,1
IDN.35.14,KalimantanUtara,Tarakan,,2013-09,2013,9,4
IDN.35.14,KalimantanUtara,Tarakan,,2013-10,2013,10,1
IDN.35.14,KalimantanUtara,Tarakan,,2013-11,2013,11,1
IDN.35.14,KalimantanUtara,Tarakan,,2013-12,2013,12,2
IDN.35.14,KalimantanUtara,Tarakan,,2014-01,2014,1,5
IDN.35.14,KalimantanUtara,Tarakan,,2014-02,2014,2,19
IDN.35.14,KalimantanUtara,Tarakan,,2014-03,2014,3,103
IDN.35.14,KalimantanUtara,Tarakan,,2014-04,2014,4,0
IDN.35.14,KalimantanUtara,Tarakan,,2014-05,2014,5,3
IDN.35.14,KalimantanUtara,Tarakan,,2014-06,2014,6,0
IDN.35.14,KalimantanUtara,Tarakan,,2014-07,2014,7,1
IDN.35.14,KalimantanUtara,Tarakan,,2014-08,2014,8,0
IDN.35.14,KalimantanUtara,Tarakan,,2014-09,2014,9,4
IDN.35.14,KalimantanUtara,Tarakan,,2014-10,2014,10,2
IDN.35.14,KalimantanUtara,Tarakan,,2014-11,2014,11,0
IDN.35.14,KalimantanUtara,Tarakan,,2014-12,2014,12,2
IDN.35.14,KalimantanUtara,Tarakan,,2015-01,2015,1,2
IDN.35.14,KalimantanUtara,Tarakan,,2015-02,2015,2,11
IDN.35.14,KalimantanUtara,Tarakan,,2015-03,2015,3,1
IDN.35.14,KalimantanUtara,Tarakan,,2015-04,2015,4,3
IDN.35.14,KalimantanUtara,Tarakan,,2015-05,2015,5,1
IDN.35.14,KalimantanUtara,Tarakan,,2015-06,2015,6,0
IDN.35.14,KalimantanUtara,Tarakan,,2015-07,2015,7,11
IDN.35.14,KalimantanUtara,Tarakan,,2015-08,2015,8,43
IDN.35.14,KalimantanUtara,Tarakan,,2015-09,2015,9,15
IDN.35.14,KalimantanUtara,Tarakan,,2015-10,2015,10,6
IDN.35.14,KalimantanUtara,Tarakan,,2015-11,2015,11,3
IDN.35.14,KalimantanUtara,Tarakan,,2015-12,2015,12,5
IDN.35.14,KalimantanUtara,Tarakan,,2016-01,2016,1,8
IDN.35.14,KalimantanUtara,Tarakan,,2016-02,2016,2,42
IDN.35.14,KalimantanUtara,Tarakan,,2016-03,2016,3,34
IDN.35.14,KalimantanUtara,Tarakan,,2016-04,2016,4,33
IDN.35.14,KalimantanUtara,Tarakan,,2016-05,2016,5,0
IDN.35.14,KalimantanUtara,Tarakan,,2016-06,2016,6,0
IDN.35.14,KalimantanUtara,Tarakan,,2016-07,2016,7,0
IDN.35.14,KalimantanUtara,Tarakan,,2016-08,2016,8,4
IDN.35.14,KalimantanUtara,Tarakan,,2016-09,2016,9,6
IDN.35.14,KalimantanUtara,Tarakan,,2016-10,2016,10,0
IDN.35.14,KalimantanUtara,Tarakan,,2016-11,2016,11,0
IDN.35.14,KalimantanUtara,Tarakan,,2016-12,2016,12,0
IDN.35.14,KalimantanUtara,Tarakan,,2017-01,2017,1,0
IDN.35.14,KalimantanUtara,Tarakan,,2017-02,2017,2,1
IDN.35.14,KalimantanUtara,Tarakan,,2017-03,2017,3,3
IDN.35.14,KalimantanUtara,Tarakan,,2017-04,2017,4,2
IDN.35.14,KalimantanUtara,Tarakan,,2017-05,2017,5,0
IDN.35.14,KalimantanUtara,Tarakan,,2017-06,2017,6,0
IDN.35.14,KalimantanUtara,Tarakan,,2017-07,2017,7,2
IDN.35.14,KalimantanUtara,Tarakan,,2017-08,2017,8,1
IDN.35.14,KalimantanUtara,Tarakan,,2017-09,2017,9,2
IDN.35.14,KalimantanUtara,Tarakan,,2017-10,2017,10,2
IDN.35.14,KalimantanUtara,Tarakan,,2017-11,2017,11,1
IDN.35.14,KalimantanUtara,Tarakan,,2017-12,2017,12,2
IDN.35.14,KalimantanUtara,Tarakan,,2018-01,2018,1,0
IDN.35.14,KalimantanUtara,Tarakan,,2018-02,2018,2,1
IDN.35.14,KalimantanUtara,Tarakan,,2018-03,2018,3,2
IDN.35.14,KalimantanUtara,Tarakan,,2018-04,2018,4,0
IDN.35.14,KalimantanUtara,Tarakan,,2018-05,2018,5,0
IDN.35.14,KalimantanUtara,Tarakan,,2018-06,2018,6,0
IDN.35.14,KalimantanUtara,Tarakan,,2018-07,2018,7,0
IDN.35.14,KalimantanUtara,Tarakan,,2018-08,2018,8,4
IDN.35.14,KalimantanUtara,Tarakan,,2018-09,2018,9,2
IDN.35.14,KalimantanUtara,Tarakan,,2018-10,2018,10,3
IDN.35.14,KalimantanUtara,Tarakan,,2018-11,2018,11,0
IDN.35.14,KalimantanUtara,Tarakan,,2018-12,2018,12,0
IDN.35.14,KalimantanUtara,Tarakan,,2019-01,2019,1,1
IDN.35.14,KalimantanUtara,Tarakan,,2019-02,2019,2,40
IDN.35.14,KalimantanUtara,Tarakan,,2019-03,2019,3,59
IDN.35.14,KalimantanUtara,Tarakan,,2019-04,2019,4,0
IDN.35.14,KalimantanUtara,Tarakan,,2019-05,2019,5,2
IDN.35.14,KalimantanUtara,Tarakan,,2019-06,2019,6,0
IDN.35.14,KalimantanUtara,Tarakan,,2019-07,2019,7,4
IDN.35.14,KalimantanUtara,Tarakan,,2019-08,2019,8,4
IDN.35.14,KalimantanUtara,Tarakan,,2019-09,2019,9,7
IDN.35.14,KalimantanUtara,Tarakan,,2019-10,2019,10,0
IDN.35.14,KalimantanUtara,Tarakan,,2019-11,2019,11,1
IDN.35.14,KalimantanUtara,Tarakan,,2019-12,2019,12,0
IDN.35.14,KalimantanUtara,Tarakan,,2020-01,2020,1,1
IDN.35.14,KalimantanUtara,Tarakan,,2020-02,2020,2,9
IDN.35.14,KalimantanUtara,Tarakan,,2020-03,2020,3,2
IDN.35.14,KalimantanUtara,Tarakan,,2020-04,2020,4,6
IDN.35.14,KalimantanUtara,Tarakan,,2020-05,2020,5,0
IDN.35.14,KalimantanUtara,Tarakan,,2020-06,2020,6,2
IDN.35.14,KalimantanUtara,Tarakan,,2020-07,2020,7,5
IDN.35.14,KalimantanUtara,Tarakan,,2020-08,2020,8,1
IDN.35.14,KalimantanUtara,Tarakan,,2020-09,2020,9,1
IDN.35.14,KalimantanUtara,Tarakan,,2020-10,2020,10,0
IDN.35.14,KalimantanUtara,Tarakan,,2020-11,2020,11,0
IDN.35.14,KalimantanUtara,Tarakan,,2020-12,2020,12,1
IDN.35.14,KalimantanUtara,Tarakan,,2021-01,2021,1,0
IDN.35.14,KalimantanUtara,Tarakan,,2021-02,2021,2,1
IDN.35.14,KalimantanUtara,Tarakan,,2021-03,2021,3,0
IDN.35.14,KalimantanUtara,Tarakan,,2021-04,2021,4,1
IDN.35.14,KalimantanUtara,Tarakan,,2021-05,2021,5,0
IDN.35.14,KalimantanUtara,Tarakan,,2021-06,2021,6,0
IDN.35.14,KalimantanUtara,Tarakan,,2021-07,2021,7,0
IDN.35.14,KalimantanUtara,Tarakan,,2021-08,2021,8,0
IDN.35.14,KalimantanUtara,Tarakan,,2021-09,2021,9,0
IDN.35.14,KalimantanUtara,Tarakan,,2021-10,2021,10,3
IDN.35.14,KalimantanUtara,Tarakan,,2021-11,2021,11,2
IDN.35.14,KalimantanUtara,Tarakan,,2021-12,2021,12,2
IDN.35.14,KalimantanUtara,Tarakan,,2022-01,2022,1,1
IDN.35.14,KalimantanUtara,Tarakan,,2022-02,2022,2,0
IDN.35.14,KalimantanUtara,Tarakan,,2022-03,2022,3,0
IDN.35.14,KalimantanUtara,Tarakan,,2022-04,2022,4,0
IDN.35.14,KalimantanUtara,Tarakan,,2022-05,2022,5,1
IDN.35.14,KalimantanUtara,Tarakan,,2022-06,2022,6,0
IDN.35.14,KalimantanUtara,Tarakan,,2022-07,2022,7,0
IDN.35.14,KalimantanUtara,Tarakan,,2022-08,2022,8,0
IDN.35.14,KalimantanUtara,Tarakan,,2022-09,2022,9,0
IDN.35.14,KalimantanUtara,Tarakan,,2022-10,2022,10,1
IDN.35.14,KalimantanUtara,Tarakan,,2022-11,2022,11,0
IDN.35.14,KalimantanUtara,Tarakan,,2022-12,2022,12,0
IDN.35.14,KalimantanUtara,Tarakan,,2023-01,2023,1,0
IDN.35.14,KalimantanUtara,Tarakan,,2023-02,2023,2,1
IDN.35.14,KalimantanUtara,Tarakan,,2023-03,2023,3,7
IDN.35.14,KalimantanUtara,Tarakan,,2023-04,2023,4,0
IDN.35.14,KalimantanUtara,Tarakan,,2023-05,2023,5,0
IDN.35.14,KalimantanUtara,Tarakan,,2023-06,2023,6,0
IDN.35.14,KalimantanUtara,Tarakan,,2023-07,2023,7,2
IDN.35.14,KalimantanUtara,Tarakan,,2023-08,2023,8,0
IDN.35.14,KalimantanUtara,Tarakan,,2023-09,2023,9,0
IDN.35.14,KalimantanUtara,Tarakan,,2023-10,2023,10,0
IDN.35.14,KalimantanUtara,Tarakan,,2023-11,2023,11,1
IDN.35.14,KalimantanUtara,Tarakan,,2023-12,2023,12,0
IDN.35.14,KalimantanUtara,Tarakan,,2024-01,2024,1,6
IDN.35.14,KalimantanUtara,Tarakan,,2024-02,2024,2,6
IDN.35.14,KalimantanUtara,Tarakan,,2024-03,2024,3,3
IDN.35.14,KalimantanUtara,Tarakan,,2024-04,2024,4,1
IDN.35.14,KalimantanUtara,Tarakan,,2024-05,2024,5,1
IDN.35.14,KalimantanUtara,Tarakan,,2024-06,2024,6,0
IDN.35.14,KalimantanUtara,Tarakan,,2024-07,2024,7,0
IDN.35.14,KalimantanUtara,Tarakan,,2024-08,2024,8,1
IDN.35.14,KalimantanUtara,Tarakan,,2024-09,2024,9,7
IDN.35.14,KalimantanUtara,Tarakan,,2024-10,2024,10,14
IDN.35.14,KalimantanUtara,Tarakan,,2024-11,2024,11,5
IDN.35.14,KalimantanUtara,Tarakan,,2024-12,2024,12,0
IDN.35.14,KalimantanUtara,Tarakan,,2025-01,2025,1,0
IDN.35.14,KalimantanUtara,Tarakan,,2025-02,2025,2,0
IDN.35.14,KalimantanUtara,Tarakan,,2025-03,2025,3,0
IDN.35.14,KalimantanUtara,Tarakan,,2025-04,2025,4,0
IDN.35.14,KalimantanUtara,Tarakan,,2025-05,2025,5,0
IDN.35.14,KalimantanUtara,Tarakan,,2025-06,2025,6,0
IDN.35.14,KalimantanUtara,Tarakan,,2025-07,2025,7,1
IDN.35.14,KalimantanUtara,Tarakan,,2025-08,2025,8,0
IDN.35.14,KalimantanUtara,Tarakan,,2025-09,2025,9,0
IDN.35.14,KalimantanUtara,Tarakan,,2025-10,2025,10,0
IDN.35.14,KalimantanUtara,Tarakan,,2025-11,2025,11,0
IDN.35.14,KalimantanUtara,Tarakan,,2025-12,2025,12,1
